№ п/п;Номер в реестре;Кадастровый номер;Вид объекта;Наименование;Адрес;Площадь (текущая);Вид права
1;2;3;4;5;6;7;8
1;П1300000014513;;Нежилое здание;Нежилое здание ТП-306Б;Самарская область, Автозаводский район, г. Тольятти, ул. Фрунзе, д. 2Г;;Казна
2;П1300000014437;;Нежилое здание;РП МЖК кв .18 (РП-23);Самарская область, Автозаводский район, г. Тольятти, кв.18;;Казна
3;П1300000009775;;Нежилое здание;Нежилое здание;Самарская область, Центральный район, г. Тольятти, ул. Жилина, д. 50;55,2;Казна
4;П1300000006541;;Нежилое здание;Административно-бытовое здание;Самарская область, Центральный район, г. Тольятти, ул. Советская, д. 38, стр. А;119,2;Оперативное управление
5;П1300000007000;;Нежилое здание;Закрытая стоянка для спецавтомобилей;Самарская область, Комсомольский район, г. Тольятти, ул. Громовой, д. 55;432;Хозяйственное ведение
6;П1300000006300;63:02:0101002:524;Нежилое здание;Домик ГДР;Самарская область, муниципальный район Ставропольский, с.п. Жигули, Жигулевское лесничество, квартал № 14;26,9;Казна
7;П1300000006298;63:02:0101002:525;Нежилое здание;Домик деревянный;Самарская область, муниципальный район Ставропольский, с.п. Жигули, Жигулевское лесничество, квартал № 14;27,1;Казна
8;П1300000006303;63:02:0101002:526;Нежилое здание;Домик зимний с верандой;Самарская область, муниципальный район Ставропольский, с.п. Жигули, Жигулевское лесничество, квартал № 14;33,6;Казна
9;П1300000009368;63:02:0101002:527;Нежилое здание;Туалет;Самарская область, муниципальный район Ставропольский, с.п. Жигули, Жигулевское лесничество, квартал № 14;8,8;Казна
10;П1300000007423;63:02:0101002:528;Нежилое здание;Домик ГДР;Самарская область, муниципальный район Ставропольский, с.п. Жигули, Жигулевское лесничество, квартал № 14;26,7;Казна
11;П1300000006299;63:02:0101002:529;Нежилое здание;Домик деревянный;Самарская область, муниципальный район Ставропольский, с.п. Жигули, Жигулевское лесничество, квартал № 14;51,8;Казна
12;П1300000006016;63:09:0000000:10080;Нежилое здание;Склад;Самарская область, Центральный район, г. Тольятти, ул. Ушакова, д. 34;76,8;Казна
13;П1300000009761;63:09:0000000:10209;Нежилое здание;Нежилое здание;Самарская область, Комсомольский район, г. Тольятти, ул. Шлюзовая, д. 3;42,4;Оперативное управление
14;П1300000005874;63:09:0000000:8648;Нежилое здание;Здание насосной станции 2 подъема;Самарская область, Комсомольский район, г. Тольятти, в/з Жиг море;139,9;Казна
15;П1300000007862;63:09:0000000:8673;Нежилое здание;Насосная станция 2 подъема;"Самарская область, Центральный район, г. Тольятти, Лесной массив, водозабор ""Портовый""";111,7;Казна
16;П1300000008977;63:09:0101150:10694;Нежилое здание;Детский сад № 185;Самарская область, Автозаводский район, г. Тольятти, б-р Гая, д. 13;2614,5;Оперативное управление
17;П1300000008978;63:09:0101150:10695;Нежилое здание;Овощехранилище;Самарская область, Автозаводский район, г. Тольятти, б-р Гая, д. 13;52,6;Оперативное управление
18;П1300000012462;63:09:0101150:10700;Нежилое здание;Детский сад  № 179;Самарская область, Автозаводский район, г. Тольятти, б-р Гая, д. 20;3917,2;Казна
19;П1300000006968;63:09:0101150:10701;Нежилое здание;Детский сад № 209 Гармония;Самарская область, Автозаводский район, г. Тольятти, ул. Автостроителей, д. 19;4110,1;Оперативное управление
20;П1300000006266;63:09:0101150:10702;Нежилое здание;Хозблок;Самарская область, Автозаводский район, г. Тольятти, ул. Автостроителей, д. 19, стр.;96;Оперативное управление
21;П1300000012477;63:09:0101150:10703;Нежилое здание;Овощехранилище;Самарская область, Автозаводский район, г. Тольятти, ул. Автостроителей, д. 29, стр.;104,4;Казна
22;П1300000012478;63:09:0101150:10704;Нежилое здание;Детский сад  № 204;Самарская область, Автозаводский район, г. Тольятти, ул. Автостроителей, д. 29;4128,6;Казна
23;П1300000012474;63:09:0101150:10705;Нежилое здание;Детский сад  № 206;Самарская область, Автозаводский район, г. Тольятти, ул. Автостроителей, д. 30;2752,9;Казна
24;П1300000012473;63:09:0101150:10708;Нежилое здание;Овощехранилище детского сада № 206;Самарская область, Автозаводский район, г. Тольятти, ул. Автостроителей, д. 30, стр.;96,4;Казна
25;П1300000012471;63:09:0101150:10712;Нежилое здание;Склад;Самарская область, Автозаводский район, г. Тольятти, б-р Гая, д. 4, стр.;66;Казна
26;П1300000006935;63:09:0101150:10713;Нежилое здание;Детский сад;Самарская область, Автозаводский район, г. Тольятти, б-р Гая, д. 8;2558,3;Оперативное управление
27;П1300000006693;63:09:0101150:10714;Нежилое здание;Овощехранилище;Самарская область, Автозаводский район, г. Тольятти, б-р Гая, д. 8;52,1;Оперативное управление
28;П1300000012470;63:09:0101150:10715;Нежилое здание;Детский сад  № 176;Самарская область, Автозаводский район, г. Тольятти, б-р Гая, д. 4;3950,2;Казна
29;П1300000012448;63:09:0101150:10717;Нежилое здание;Детский сад  № 188;Самарская область, Автозаводский район, г. Тольятти, ул. Автостроителей, д. 51;3838,5;Казна
30;П1300000012444;63:09:0101150:10718;Нежилое здание;Детский сад  № 187;Самарская область, Автозаводский район, г. Тольятти, ул. Автостроителей, д. 45;3840,8;Казна
31;П1300000006937;63:09:0101150:10719;Нежилое здание;Детский сад;Самарская область, Автозаводский район, г. Тольятти, б-р Гая, д. 29;2533,4;Оперативное управление
32;П1300000006499;63:09:0101150:10720;Нежилое здание;Овощехранилище;Самарская область, Автозаводский район, г. Тольятти, б-р Гая, д. 29;53,4;Оперативное управление
33;П1300000009356;63:09:0101150:10722;Нежилое здание;Овощехранилище;Самарская область, Автозаводский район, г. Тольятти, ул. Автостроителей, д. 51, стр. 1;52,3;Казна
34;П1300000008796;63:09:0101150:10723;Нежилое здание;Овощехранилище;Самарская область, Автозаводский район, г. Тольятти, ул. Автостроителей, д. 76, стр. 1;51,7;Казна
35;П1300000012461;63:09:0101150:10724;Нежилое здание;Детский сад  № 182;Самарская область, Автозаводский район, г. Тольятти, ул. Автостроителей, д. 76;3878,3;Казна
36;П1300000008616;63:09:0101150:10725;Нежилое здание;Школа;Самарская область, Автозаводский район, г. Тольятти, ул. Свердлова, д. 23;7706,6;Оперативное управление
37;П1300000012455;63:09:0101150:10726;Нежилое здание;Детский сад  № 115;Самарская область, Автозаводский район, г. Тольятти, ул. Свердлова, д. 27;2429,3;Казна
38;П1300000009376;63:09:0101150:10727;Нежилое здание;Овощехранилище;Самарская область, Автозаводский район, г. Тольятти, ул. Свердлова, д. 27, стр. 1;44,9;Казна
39;П1300000012487;63:09:0101150:10728;Нежилое здание;Детский сад  № 140;Самарская область, Автозаводский район, г. Тольятти, ул. Свердлова, д. 36;3865,7;Казна
40;П1300000009004;63:09:0101150:10730;Нежилое здание;Овощехранилище;Самарская область, Автозаводский район, г. Тольятти, ул. Свердлова, д. 36, стр. 1;50,2;Казна
41;П1300000007134;63:09:0101150:10731;Нежилое здание;Детский сад;Самарская область, Автозаводский район, г. Тольятти, ул. Свердлова, д. 7;2709,4;Оперативное управление
42;П1300000012440;63:09:0101150:10732;Нежилое здание;Детский сад  № 66;Самарская область, Автозаводский район, г. Тольятти, ул. Свердлова, д. 76;2202,9;Казна
43;П1300000009366;63:09:0101150:10733;Нежилое здание;Овощехранилище;Самарская область, Автозаводский район, г. Тольятти, ул. Свердлова, д. 76, стр. 1;35,2;Казна
44;П1300000008551;63:09:0101150:10736;Нежилое здание;Детский сад;Самарская область, Автозаводский район, г. Тольятти, ул. Свердлова, д. 70;2216,9;Оперативное управление
45;П1300000006688;63:09:0101150:10737;Нежилое здание;Овощехранилище;Самарская область, Автозаводский район, г. Тольятти, ул. Свердлова, д. 70;39,5;Оперативное управление
46;П1300000008826;63:09:0101150:10739;Нежилое здание;ЦТП № 91;Самарская область, Автозаводский район, г. Тольятти, ул. Свердлова, д. 7, стр. Б;133,6;Казна
47;П1300000007108;63:09:0101150:10740;Нежилое здание;Овощехранилище;Самарская область, Автозаводский район, г. Тольятти, ул. Свердлова, д. 12;48,9;Оперативное управление
48;П1300000006936;63:09:0101150:10741;Нежилое здание;Детский сад;Самарская область, Автозаводский район, г. Тольятти, ул. Свердлова, д. 12;2555,5;Оперативное управление
49;П1300000008612;63:09:0101150:10742;Нежилое здание;Школа № 56;Самарская область, Автозаводский район, г. Тольятти, ул. Ворошилова, д. 28;10817,1;Оперативное управление
50;П1300000007800;63:09:0101150:10743;Нежилое здание;Школа;Самарская область, Автозаводский район, г. Тольятти, ул. Ворошилова, д. 32;10841,2;Оперативное управление
51;П1300000007807;63:09:0101150:10745;Нежилое здание;Школа;Самарская область, Автозаводский район, г. Тольятти, ул. Ворошилова, д. 37;10930,5;Оперативное управление
52;П1300000009001;63:09:0101150:10749;Нежилое здание;Овощехранилище;Самарская область, Автозаводский район, г. Тольятти, ул. Ворошилова, д. 51, стр. 1;53,1;Казна
53;П1300000012436;63:09:0101150:10750;Нежилое здание;Детский сад  № 189;Самарская область, Автозаводский район, г. Тольятти, ул. Ворошилова, д. 51;4221,3;Казна
54;П1300000012449;63:09:0101150:10751;Нежилое здание;Детский сад  № 184;Самарская область, Автозаводский район, г. Тольятти, ул. Ворошилова, д. 61;3208,1;Казна
55;П1300000008794;63:09:0101150:10752;Нежилое здание;Овощехранилище;Самарская область, Автозаводский район, г. Тольятти, ул. Ворошилова, д. 61, стр. 1;54,1;Казна
56;П1300000008627;63:09:0101150:10753;Нежилое здание;Школа;Самарская область, Автозаводский район, г. Тольятти, ул. Автостроителей, д. 92;10958,5;Оперативное управление
57;П1300000007097;63:09:0101150:10754;Нежилое здание;Хозблок;Самарская область, Автозаводский район, г. Тольятти, ул. Автостроителей, д. 92;55,2;Оперативное управление
58;П1300000008615;63:09:0101150:12026;Нежилое здание;Школа;Самарская область, Автозаводский район, г. Тольятти, ул. Автостроителей, д. 84;10837,8;Оперативное управление
59;П1300000007107;63:09:0101150:12027;Нежилое здание;Хозблок;Самарская область, Автозаводский район, г. Тольятти, ул. Автостроителей, д. 84;106,1;Оперативное управление
60;П1300000010685;63:09:0101150:12787;Нежилое здание;Овощехранилище;Самарская область, Автозаводский район, г. Тольятти, б-р Гая, д. 3, стр.;50,2;Оперативное управление
61;П1300000013116;63:09:0101150:12934;Нежилое здание;Сарай;Самарская область, Автозаводский район, г. Тольятти, ул. Ворошилова, д. 37;161,4;Оперативное управление
62;П1300000006960;63:09:0101150:764;Нежилое здание;"Детский сад № 181 ""Россияночка""";Самарская область, Автозаводский район, г. Тольятти, б-р Гая, д. 3;3923,8;Казна
63;П1300000005683;63:09:0101150:801;Нежилое здание;Тяговая подстанция № 17;Самарская область, г. Тольятти, ул. Автостроителей, д. 104-А;537,2;Хозяйственное ведение
64;П1300000007805;63:09:0101151:588;Нежилое здание;Школа;Самарская область, Автозаводский район, г. Тольятти, ул. 40 лет Победы, д. 74;10857,4;Оперативное управление
65;П1300000008831;63:09:0101151:5881;Нежилое здание;ЦТП № 141;Самарская область, Автозаводский район, г. Тольятти, ул. 40 лет Победы, д. 62, стр. А;101,4;Казна
66;П1300000007975;63:09:0101151:5882;Нежилое здание;Школа;Самарская область, Автозаводский район, г. Тольятти, ул. 40 лет Победы, д. 86;9228,1;Оперативное управление
67;П1300000007110;63:09:0101151:5883;Нежилое здание;Хозблок;Самарская область, Автозаводский район, г. Тольятти, ул. 40 лет Победы, д. 86;113,2;Оперативное управление
68;П1300000008832;63:09:0101151:5884;Нежилое здание;ЦТП № 142;Самарская область, Автозаводский район, г. Тольятти, ул. 40 лет Победы, д. 78, стр. А;136,3;Казна
69;П1300000009354;63:09:0101151:5886;Нежилое здание;Овощехранилище детского сада № 193;Самарская область, Автозаводский район, г. Тольятти, ул. Дзержинского, д. 11, стр. А;53,6;Казна
70;П1300000012465;63:09:0101151:5887;Нежилое здание;Детский сад  № 193;Самарская область, Автозаводский район, г. Тольятти, ул. Дзержинского, д. 11, стр. А;2547,6;Казна
71;П1300000009288;63:09:0101151:5888;Нежилое здание;Склад;Самарская область, Центральный район, г. Тольятти, ул. Победы, д. 64;72;Оперативное управление
72;П1300000008993;63:09:0101151:5890;Нежилое здание;Склад, гараж;Самарская область, Центральный район, г. Тольятти, ул. Победы, д. 76;113,8;Оперативное управление
73;П1300000008549;63:09:0101151:5891;Нежилое здание;Начальная школа-детский сад № 51;Самарская область, Центральный район, г. Тольятти, ул. Победы, д. 64;2019;Оперативное управление
74;П1300000008360;63:09:0101151:5895;Нежилое здание;Детский сад;Самарская область, Центральный район, г. Тольятти, ул. Победы, д. 76;3044,1;Оперативное управление
75;П1300000006730;63:09:0101151:6285;Нежилое здание;Хозблок;Самарская область, Автозаводский район, г. Тольятти, ул. 40 лет Победы, д. 74;119,8;Оперативное управление
76;П1300000009083;63:09:0101152:11060;Нежилое здание;Склад-гараж;Самарская область, Автозаводский район, г. Тольятти, ул. Ворошилова, д. 3, стр.;46,4;Оперативное управление
77;П1300000012450;63:09:0101152:11348;Нежилое здание;Детский сад  № 201;Самарская область, Автозаводский район, г. Тольятти, б-р Космонавтов, д. 10;5453,9;Казна
78;П1300000008839;63:09:0101152:11349;Нежилое здание;ЦТП № 153;Самарская область, Автозаводский район, г. Тольятти, б-р Космонавтов, д. 24, стр. А;103;Казна
79;П1300000008827;63:09:0101152:11350;Нежилое здание;ЦТП № 152;Самарская область, Автозаводский район, г. Тольятти, б-р Космонавтов, д. 5, стр. А;98;Казна
80;П1300000012451;63:09:0101152:11352;Нежилое здание;Овощехранилище;Самарская область, Автозаводский район, г. Тольятти, б-р Космонавтов, д. 10, стр.;168,9;Казна
81;П1300000008836;63:09:0101152:11353;Нежилое здание;ЦТП № 151;Самарская область, Автозаводский район, г. Тольятти, б-р Космонавтов, д. 12, стр. А;100,7;Казна
82;П1300000012463;63:09:0101152:11354;Нежилое здание;Детский сад  № 194;Самарская область, Автозаводский район, г. Тольятти, б-р Космонавтов, д. 20;3854,5;Казна
83;П1300000012464;63:09:0101152:11355;Нежилое здание;Овощехранилище;Самарская область, Автозаводский район, г. Тольятти, б-р Космонавтов, д. 20, стр.;84,6;Казна
84;П1300000012468;63:09:0101152:11357;Нежилое здание;Овощехранилище детского сада № 203;Самарская область, Автозаводский район, г. Тольятти, ул. Дзержинского, д. 40, стр.;166,4;Казна
85;П1300000008976;63:09:0101152:11358;Нежилое здание;Овощехранилище;Самарская область, Автозаводский район, г. Тольятти, ул. Ворошилова, д. 13;92,1;Оперативное управление
86;П1300000008975;63:09:0101152:11359;Нежилое здание;Детский сад № 195;Самарская область, Автозаводский район, г. Тольятти, ул. Ворошилова, д. 13;2585,2;Оперативное управление
87;П1300000009005;63:09:0101152:11360;Нежилое здание;Овощехранилище;Самарская область, Автозаводский район, г. Тольятти, ул. Ворошилова, д. 14, стр. 1;50,4;Казна
88;П1300000008962;63:09:0101152:11361;Нежилое здание;Хозблок;Самарская область, Автозаводский район, г. Тольятти, ул. Ворошилова, д. 21, стр.;117,6;Оперативное управление
89;П1300000007973;63:09:0101152:11362;Нежилое здание;Школа;Самарская область, Автозаводский район, г. Тольятти, ул. Ворошилова, д. 21;10915,6;Оперативное управление
90;П1300000012496;63:09:0101152:11363;Нежилое здание;Детский сад  № 157;Самарская область, Автозаводский район, г. Тольятти, ул. Ворошилова, д. 14;3916,5;Казна
91;П1300000012469;63:09:0101152:11364;Нежилое здание;Детский сад  № 203;Самарская область, Автозаводский район, г. Тольятти, ул. Дзержинского, д. 40;4967,8;Казна
92;П1300000007809;63:09:0101152:11856;Нежилое здание;Школа;Самарская область, Автозаводский район, г. Тольятти, ул. Ворошилова, д. 3;12705,1;Оперативное управление
93;П1300000008712;63:09:0101152:11857;Нежилое здание;Хозблок;Самарская область, Автозаводский район, г. Тольятти, б-р Космонавтов, д. 17;130,1;Оперативное управление
94;П1300000005840;63:09:0101152:672;Нежилое здание;Нежилое здание;Самарская область, Автозаводский район, г. Тольятти, б-р Космонавтов, д. 23;768,6;Оперативное управление
95;П1300000006223;63:09:0101152:675;Нежилое здание;Хозблок;Самарская область, Автозаводский район, г. Тольятти, ул. Ворошилова, д. 3;122,5;Оперативное управление
96;П1300000007970;63:09:0101152:690;Нежилое здание;Школа;Самарская область, Автозаводский район, г. Тольятти, б-р Космонавтов, д. 17;10782,5;Оперативное управление
97;П1300000005482;63:09:0101152:697;Нежилое здание;Школа искусств;Самарская область, Автозаводский район, г. Тольятти, ул. Автостроителей, д. 26;1212;Оперативное управление
98;П1300000009779;63:09:0101153:12503;Нежилое здание;Хозблок;Самарская область, Автозаводский район, г. Тольятти, б-р Цветной, д. 13, стр.;115,2;Оперативное управление
99;П1300000007937;63:09:0101153:12703;Нежилое здание;Хозблок;Самарская область, Автозаводский район, г. Тольятти, б-р Цветной, д. 18;114,1;Оперативное управление
100;П1300000007777;63:09:0101153:12930;Нежилое здание;Здание (лит. А) - детский сад-школа;Самарская область, Автозаводский район, г. Тольятти, ул. 70 лет Октября, д. 44;3340,2;Оперативное управление
101;П1300000008834;63:09:0101153:12933;Нежилое здание;ЦТП № 162;Самарская область, Автозаводский район, г. Тольятти, б-р Цветной, д. 20, стр. А;103,5;Казна
102;П1300000012475;63:09:0101153:12934;Нежилое здание;Овощехранилище;Самарская область, Автозаводский район, г. Тольятти, б-р Цветной, д. 24, стр.;95,7;Казна
103;П1300000012476;63:09:0101153:12936;Нежилое здание;Детский сад  № 207;Самарская область, Автозаводский район, г. Тольятти, б-р Цветной, д. 24;3383;Казна
104;П1300000009038;63:09:0101153:12937;Нежилое здание;Хозблок;Самарская область, Автозаводский район, г. Тольятти, ул. Тополиная, д. 5, стр.;288,7;Оперативное управление
105;П1300000007408;63:09:0101153:12938;Нежилое здание;Школа;Самарская область, Автозаводский район, г. Тольятти, ул. Тополиная, д. 5;12237,4;Оперативное управление
106;П1300000008835;63:09:0101153:12940;Нежилое здание;ЦТП № 161;Самарская область, Автозаводский район, г. Тольятти, б-р Цветной, д. 4, стр. А;130,1;Казна
107;П1300000008830;63:09:0101153:12942;Нежилое здание;ЦТП № 171;Самарская область, Автозаводский район, г. Тольятти, ул. Тополиная, д. 25, стр. Б;129,3;Казна
108;П1300000007798;63:09:0101153:12948;Нежилое здание;Школа;Самарская область, Автозаводский район, г. Тольятти, ул. Дзержинского, д. 39;7706,4;Оперативное управление
109;П1300000006966;63:09:0101153:12949;Нежилое здание;Детский сад;Самарская область, Автозаводский район, г. Тольятти, ул. Дзержинского, д. 1;3857,1;Оперативное управление
110;П1300000006504;63:09:0101153:12950;Нежилое здание;Овощехранилище;Самарская область, Автозаводский район, г. Тольятти, ул. Дзержинского, д. 1;96,3;Оперативное управление
111;П1300000008619;63:09:0101153:13800;Нежилое здание;Школа;Самарская область, Автозаводский район, г. Тольятти, б-р Цветной, д. 13;13118,6;Оперативное управление
112;П1300000008613;63:09:0101154:6373;Нежилое здание;Нежилое здание Школа № 86;Самарская область, Автозаводский район, г. Тольятти, ул. 40 лет Победы, д. 44;9818,9;Оперативное управление
113;П1300000008841;63:09:0101154:6431;Нежилое здание;ЦТП № 173;Самарская область, Автозаводский район, г. Тольятти, ул. 70 лет Октября, д. 9, стр. Б;128,7;Казна
114;П1300000008785;63:09:0101154:6435;Нежилое здание;Детский сад;Самарская область, Автозаводский район, г. Тольятти, ул. 40 лет Победы, д. 32;4757,6;Оперативное управление
115;П1300000008786;63:09:0101154:6438;Нежилое здание;Хозпостройка (овощехранилище);Самарская область, Автозаводский район, г. Тольятти, ул. 40 лет Победы, д. 32, стр.;93,2;Оперативное управление
116;П1300000007535;63:09:0101154:6440;Нежилое здание;Детский сад;Самарская область, Центральный район, г. Тольятти, б-р 50 лет Октября, д. 12;1626,3;Оперативное управление
117;П1300000007133;63:09:0101154:6442;Нежилое здание;Детский сад;Самарская область, Центральный район, г. Тольятти, б-р 50 лет Октября, д. 17;2246,1;Оперативное управление
118;П1300000009302;63:09:0101154:6443;Нежилое здание;Склад;Самарская область, Центральный район, г. Тольятти, б-р 50 лет Октября, д. 17;128,5;Оперативное управление
119;П1300000007135;63:09:0101154:6447;Нежилое здание;ясли-сад;Самарская область, Центральный район, г. Тольятти, б-р 50 лет Октября, д. 21;2363,3;Оперативное управление
120;П1300000008108;63:09:0101154:6448;Нежилое здание;Овощехранилище;Самарская область, Центральный район, г. Тольятти, б-р 50 лет Октября, д. 21;115,6;Оперативное управление
121;П1300000009124;63:09:0101154:6450;Нежилое здание;Склад;Самарская область, Центральный район, г. Тольятти, б-р 50 лет Октября, д. 40, стр.;98,6;Оперативное управление
122;П1300000008390;63:09:0101154:6452;Нежилое здание;Детский сад;Самарская область, Центральный район, г. Тольятти, б-р 50 лет Октября, д. 40;3015,5;Оперативное управление
123;П1300000009298;63:09:0101154:6457;Нежилое здание;Склад;Самарская область, Центральный район, г. Тольятти, б-р 50 лет Октября, д. 61;31,8;Оперативное управление
124;П1300000007781;63:09:0101154:6461;Нежилое здание;Школа;Самарская область, Центральный район, г. Тольятти, б-р 50 лет Октября, д. 61;6352,9;Оперативное управление
125;П1300000009300;63:09:0101154:6462;Нежилое здание;Теплица;Самарская область, Центральный район, г. Тольятти, б-р 50 лет Октября, д. 61;85,8;Оперативное управление
126;П1300000008988;63:09:0101154:6470;Нежилое здание;Хозблок;Самарская область, Центральный район, г. Тольятти, б-р 50 лет Октября, д. 12;90,3;Оперативное управление
127;П1300000009289;63:09:0101154:7435;Нежилое здание;Нежилое здание;Самарская область, Автозаводский район, г. Тольятти, ул. 40 лет Победы, д. 44, стр. А;329;Оперативное управление
128;П1300000014014;63:09:0101154:7450;Нежилое здание;Хозблок;Самарская область, Автозаводский район, г. Тольятти, ул. 40 лет Победы, д. 42;285,8;Оперативное управление
129;П1300000012874;63:09:0101155:6634;Нежилое здание;Нежилое здание;Самарская область, Автозаводский район, г. Тольятти, б-р Солнечный, д. 3;5881,8;Оперативное управление
130;П1300000014301;63:09:0101155:9428;Нежилое здание;Нежилое здание ТП-1803 (трансформаторная подстанция);Самарская область, Автозаводский район, г. Тольятти, ул. 70 лет Октября, здание 78А;53,9;Казна
131;П1300000014300;63:09:0101155:9429;Нежилое здание;Нежилое здание ТП-1802 (трансформаторная подстанция);Самарская область, Автозаводский район, г. Тольятти, ул. Автостроителей, здание 16А;53,9;Казна
132;П1300000014431;63:09:0101155:9737;Нежилое здание;Нежилое здание ТП-1801;Самарская область, Автозаводский район, г. Тольятти, ул. Автостроителей, д. 4Б;53,9;Казна
133;П1300000008648;63:09:0101156:10043;Нежилое здание;Школа;Самарская область, Автозаводский район, г. Тольятти, б-р Татищева, д. 19;16165,2;Оперативное управление
134;П1300000009265;63:09:0101156:10047;Нежилое здание;ЦТП-191;Самарская область, Автозаводский район, г. Тольятти, ул. Тополиная, д. 16, стр. А;116,8;Казна
135;П1300000013765;63:09:0101156:11314;Нежилое здание;Нежилое здание: подвал (лит.А1) поз. №№1-6, 1 этаж (лит.А) поз. №№ 1-18;Самарская область, Автозаводский район, г. Тольятти, б-р Татищева, д. 19;383,5;Оперативное управление
136;П1300000014318;63:09:0101156:11443;Нежилое здание;Нежилое здание ТП-1901 (трансформаторная подстанция);Самарская область, Автозаводский район, г. Тольятти, ул. 70 лет Октября, здание 60Б;58,5;Казна
137;П1300000014319;63:09:0101156:11446;Нежилое здание;Нежилое здание ТП-1904 (трансформаторная подстанция);Самарская область, Автозаводский район, г. Тольятти, ул. 70 лет Октября, здание 58В;43,9;Казна
138;П1300000014320;63:09:0101156:11447;Нежилое здание;Нежилое здание ТП-1905 (трансформаторная подстанция);Самарская область, Автозаводский район, г. Тольятти, б-р Татищева, здание 7Б;54,3;Казна
139;П1300000014308;63:09:0101156:11449;Нежилое здание;Нежилое здание ТП-1916 (трансформаторная подстанция);Самарская область, Автозаводский район, г. Тольятти, ул. 70 лет Октября, здание 64А;50,1;Казна
140;П1300000014303;63:09:0101156:11450;Нежилое здание;Нежилое здание ТП-1909 (трансформаторная подстанция);Самарская область, Автозаводский район, г. Тольятти, ул. 70 лет Октября, здание 36А;55;Казна
141;П1300000014306;63:09:0101156:11451;Нежилое здание;Нежилое здание ТП-1914 (трансформаторная подстанция);Самарская область, Автозаводский район, г. Тольятти, ш. Южное, здание 59А;54,1;Казна
142;П1300000014305;63:09:0101156:11452;Нежилое здание;Нежилое здание ТП-1912 (трансформаторная подстанция);Самарская область, Автозаводский район, г. Тольятти, б-р Татищева, здание 6Б;54,1;Казна
143;П1300000014307;63:09:0101156:11453;Нежилое здание;Нежилое здание ТП-1915 (трансформаторная подстанция);Самарская область, Автозаводский район, г. Тольятти, ш. Южное, зданием 51Б;54,1;Казна
144;П1300000014296;63:09:0101156:11456;Нежилое здание;Нежилое здание РП-19;Самарская область, Автозаводский район, г. Тольятти, ул. Автостроителей, здание 9Б;140,3;Казна
145;П1300000014302;63:09:0101156:11457;Нежилое здание;Нежилое здание ТП-1903 (трансформаторная подстанция);Самарская область, Автозаводский район, г. Тольятти, б-р Татищева, здание 21А;50,9;Казна
146;П1300000014304;63:09:0101156:11458;Нежилое здание;Нежилое здание ТП-1911 (трансформаторная подстанция);Самарская область, Автозаводский район, г. Тольятти, б-р Татищева, здание 1Б;55,5;Казна
147;П1300000014512;63:09:0101156:11462;Нежилое здание;Нежилое здание ТП-1913 (трансформаторная подстанция);Самарская область, Автозаводский район, г. Тольятти, ш. Южное, здание 67Б;55,5;Казна
148;П1300000014427;63:09:0101156:11734;Нежилое здание;Нежилое здание ТП-1902 (трансформаторная подстанция);Самарская область, Автозаводский район, г. Тольятти, б-р Татищева, здание 17А;52,9;Казна
149;П1300000014424;63:09:0101156:11735;Нежилое здание;Нежилое здание ТП-1906 (трансформаторная подстанция);Самарская область, Автозаводский район, г. Тольятти, ул. 70 лет Октября, здание 46А;54,6;Казна
150;П1300000014428;63:09:0101156:11736;Нежилое здание;Нежилое здание ТП-1907;Самарская область, Автозаводский район, г. Тольятти, ул. 70 лет Октября, д. 42А;54,5;Казна
151;П1300000014432;63:09:0101156:11737;Нежилое здание;Нежилое здание ТП-1908;Самарская область, Автозаводский район, г. Тольятти, ул. Тополиная, д. 18А;56,3;Казна
152;П1300000014429;63:09:0101156:11738;Нежилое здание;Нежилое здание ТП-1910;Самарская область, Автозаводский район, г. Тольятти, ул. Тополиная, д. 6А;53,5;Казна
153;П1300000014619;63:09:0101156:11755;Нежилое здание;Нежилое здание ЦТП-192;Самарская область, Автозаводский район, г. Тольятти, ул. 70 лет Октября, д. 50-а;102,1;
154;П1300000007350;63:09:0101156:698;Нежилое здание;Тяговая подстанция № 6;Самарская область, Автозаводский район, г. Тольятти, б-р Татищева, д. 10-А;195;Хозяйственное ведение
155;П1300000013212;63:09:0101157:10765;Нежилое здание;ТП-2020 (трансформаторная подстанция);Самарская область, Автозаводский район, г. Тольятти, б-р Рябиновый, д. 2, стр. Б;45,5;Казна
156;П1300000008844;63:09:0101157:11147;Нежилое здание;Склад;Самарская область, Автозаводский район, г. Тольятти, ул. Тополиная, д. 18, стр.;101,6;Оперативное управление
157;П1300000008843;63:09:0101157:11148;Нежилое здание;Теплица;Самарская область, Автозаводский район, г. Тольятти, ул. Тополиная, д. 18, стр.;251;Оперативное управление
158;П1300000008643;63:09:0101157:11149;Нежилое здание;Школа;Самарская область, Автозаводский район, г. Тольятти, ул. Тополиная, д. 18;13949,6;Оперативное управление
159;П1300000014268;63:09:0101157:12878;Нежилое здание;Детский сад;Самарская область, Автозаводский район, г. Тольятти, ш. Южное, д. 41;8952,1;Оперативное управление
160;П1300000014396;63:09:0101157:13175;Нежилое здание;Общеобразовательная школа на 1600 мест;Самарская область, Автозаводский район, г. Тольятти, ул. Льва Яшина, д. 18;32143,3;Оперативное управление
161;П1300000014402;63:09:0101157:13176;Нежилое здание;Трансформаторная подстанция комплектная блочная в железобетонной оболочке;Самарская область, Автозаводский район, г. Тольятти, ул. Льва Яшина, д. 18;34,7;Казна
162;П1300000006738;63:09:0101158:4521;Нежилое здание;Хозблок;Самарская область, Автозаводский район, г. Тольятти, ул. 40 лет Победы, д. 10;287,8;Оперативное управление
163;П1300000014270;63:09:0101158:5205;Нежилое здание;Нежилое здание;Самарская область, Автозаводский район, г. Тольятти, ул. 40 лет Победы, д. 8;1432,8;Оперативное управление
164;П1300000014399;63:09:0101158:5212;Нежилое здание;Нежилое здание ЦТП-212;Самарская область, Автозаводский район, г. Тольятти, восточнее жилого дома, имеющего адрес: ул. Льва Яшина, д. 3;134,6;Казна
165;П1300000010946;63:09:0101158:549;Нежилое здание;Средняя общеобразовательная школа (ПОЗ. 37-Ш-I);Самарская область, Автозаводский район, г. Тольятти, ул. 40 лет Победы, д. 10;13617;Оперативное управление
166;П1300000011371;63:09:0101159:10330;Нежилое здание;Овощехранилище;Самарская область, Автозаводский район, г. Тольятти, ул. Дзержинского, д. 67, стр.;50,1;Казна
167;П1300000013815;63:09:0101159:10334;Нежилое здание;Нежилое здание - склад;Самарская область, Автозаводский район, г. Тольятти, б-р Кулибина, д. 1;98,3;Оперативное управление
168;П1300000013840;63:09:0101159:10335;Нежилое здание;Холодильник;Самарская область, Автозаводский район, г. Тольятти, б-р Кулибина, д. 1;31,7;Оперативное управление
169;П1300000013839;63:09:0101159:10339;Нежилое здание;Склад;Самарская область, Автозаводский район, г. Тольятти, б-р Кулибина, д. 1;28,9;Оперативное управление
170;П1300000014202;63:09:0101159:10364;Нежилое здание;Нежилое здание, физкультурно-спортивный комплекс;Автозаводский район, Самарская область, городской округ Тольятти, б-р Кулибина;1473,7;Оперативное управление
171;П1300000013550;63:09:0101159:686;Нежилое здание;Столовая солдатская на 150 мест и обедов;Самарская область, Автозаводский район, г. Тольятти, пр-кт Московский, д. б/н, в/г 11;715,5;Казна
172;П1300000013522;63:09:0101159:687;Нежилое здание;Склад материальный на 14 вагонов ;Самарская область, Автозаводский район, г. Тольятти, пр-кт Московский, д. б/н, в/г 11;547,1;Казна
173;П1300000013560;63:09:0101159:688;Нежилое здание;Штаб в/ч на 20 рабочих мест с узлом связи на 12 рабочих мест;Самарская область, Автозаводский район, г. Тольятти, пр-кт Московский, д. б/н, в/г 11;461,5;Казна
174;П1300000013548;63:09:0101159:689;Нежилое здание;Контрольно-технический пункт;Самарская область, Автозаводский район, г. Тольятти, пр-кт Московский, д. б/н, в/г 11;61,3;Казна
175;П1300000013566;63:09:0101159:690;Нежилое здание;Хранилище для автотранспортной техники на 1 единицу;Самарская область, Автозаводский район, г. Тольятти, пр-кт Московский, д. б/н, в/г 11;70,2;Казна
176;П1300000013558;63:09:0101159:692;Нежилое здание;Овощехранилище на 35 тонн;Самарская область, Автозаводский район, г. Тольятти, пр-кт Московский, д. б/н, в/г 11;221,7;Казна
177;П1300000007799;63:09:0101159:699;Нежилое здание;Школа;Самарская область, Автозаводский район, г. Тольятти, б-р Кулибина, д. 13;5636,2;Оперативное управление
178;П1300000006950;63:09:0101159:702;Нежилое здание;Нежилое здание, здание детского сада;Самарская область, Автозаводский район, г. Тольятти, ул. Дзержинского, д. 67;2200,5;Казна
179;П1300000013552;63:09:0101159:705;Нежилое здание;Хранилище для автотранспортной техники на 3 единицы;Самарская область, Автозаводский район, г. Тольятти, пр-кт Московский, д. б/н, в/г 11;87,8;Казна
180;П1300000013564;63:09:0101159:706;Нежилое здание;Склад материальный на 2 вагона с баней на 40 мест;Самарская область, Автозаводский район, г. Тольятти, пр-кт Московский, д. б/н, в/г 11;303,6;Казна
181;П1300000013562;63:09:0101159:707;Нежилое здание;Контрольно-пропускной пункт на 3 поста;Самарская область, Автозаводский район, г. Тольятти, пр-кт Московский, д. б/н, в/г 11;37,8;Казна
182;П1300000013556;63:09:0101159:708;Нежилое здание;Казарма солдатская на 190 человек;Самарская область, Автозаводский район, г. Тольятти, пр-кт Московский, д. б/н, в/г 11;1392,3;Казна
183;П1300000007406;63:09:0101159:9495;Нежилое здание;гимназия;Самарская область, Автозаводский район, г. Тольятти, б-р Кулибина, д. 17;5766,1;Оперативное управление
184;П1300000009349;63:09:0101159:9502;Нежилое здание;Овощехранилище;Самарская область, Автозаводский район, г. Тольятти, пр-кт Московский, д. 25, стр. 1;50,9;Казна
185;П1300000012447;63:09:0101159:9503;Нежилое здание;Детский сад  № 72;Самарская область, Автозаводский район, г. Тольятти, пр-кт Московский, д. 25;3336,2;Казна
186;П1300000009372;63:09:0101159:9516;Нежилое здание;Овощехранилище;Самарская область, Автозаводский район, г. Тольятти, пр-кт Московский, д. 53, стр. 1;52,6;Казна
187;П1300000009837;63:09:0101159:9539;Нежилое здание;Холодный склад ВЭМ стройдвора;Самарская область, Автозаводский район, г. Тольятти, пр-кт Московский, д. 6, стр. Г;423,7;Казна
188;П1300000012438;63:09:0101159:9540;Нежилое здание;Детский сад  № 82;Самарская область, Автозаводский район, г. Тольятти, пр-кт Московский, д. 5;2205,3;Казна
189;П1300000009353;63:09:0101159:9541;Нежилое здание;Овощехранилище;Самарская область, Автозаводский район, г. Тольятти, пр-кт Московский, д. 5, стр. 1;45,9;Казна
190;П1300000012442;63:09:0101159:9542;Нежилое здание;Детский сад  № 106;Самарская область, Автозаводский район, г. Тольятти, пр-кт Московский, д. 53;2464,2;Казна
191;П1300000012439;63:09:0101159:9544;Нежилое здание;Детский сад  № 67;Самарская область, Автозаводский район, г. Тольятти, б-р Кулибина, д. 7;2213,5;Казна
192;П1300000009363;63:09:0101159:9546;Нежилое здание;Овощехранилище;Самарская область, Автозаводский район, г. Тольятти, б-р Кулибина, д. 7, стр. 1;50,4;Казна
193;П1300000005522;63:09:0101159:9547;Нежилое здание;Школа;Самарская область, Автозаводский район, г. Тольятти, б-р Кулибина, д. 8;5742,7;Оперативное управление
194;П1300000008621;63:09:0101159:9551;Нежилое здание;Здание (Лит. А) - Школа №45;Самарская область, Автозаводский район, г. Тольятти, б-р Кулибина, д. 4;7301,9;Оперативное управление
195;П1300000006269;63:09:0101159:9552;Нежилое здание;Детский сад;Самарская область, Автозаводский район, г. Тольятти, б-р Кулибина, д. 1;3312,2;Оперативное управление
196;П1300000009498;63:09:0101159:9553;Нежилое здание;"Административный корпус, большая арена, малая арена  стадиона ""Торпедо""";Самарская область, Автозаводский район, г. Тольятти, ул. Революционная, д. 80;8008,1;Оперативное управление
197;П1300000009497;63:09:0101159:9556;Нежилое здание;"Касса стадиона ""Торпедо""";Самарская область, Автозаводский район, г. Тольятти, ул. Революционная, д. 80, стр.;19,1;Оперативное управление
198;П1300000009635;63:09:0101159:9557;Нежилое здание;"Гараж стадиона ""Торпедо""";Самарская область, Автозаводский район, г. Тольятти, ул. Революционная, д. 80, стр.;882,2;Оперативное управление
199;П1300000009667;63:09:0101159:9558;Нежилое здание;"Касса стадиона ""Торпедо""";Самарская область, Автозаводский район, г. Тольятти, ул. Революционная, д. 80, стр.;11,4;Оперативное управление
200;П1300000009666;63:09:0101159:9559;Нежилое здание;"Касса стадиона ""Торпедо""";Самарская область, Автозаводский район, г. Тольятти, ул. Революционная, д. 80, стр.;11,4;Оперативное управление
201;П1300000009636;63:09:0101159:9560;Нежилое здание;Нежилое здание;Самарская область, Автозаводский район, г. Тольятти, ул. Революционная, д. 80, стр. 5;1540;Казна
202;П1300000009668;63:09:0101159:9561;Нежилое здание;"Бак рассола стадиона ""Торпедо""";Самарская область, Автозаводский район, г. Тольятти, ул. Революционная, д. 80, стр.;100,1;Оперативное управление
203;П1300000009639;63:09:0101159:9562;Нежилое здание;"Кассовый павильон стадиона ""Торпедо""";Самарская область, Автозаводский район, г. Тольятти, ул. Революционная, д. 80, стр.;54,2;Оперативное управление
204;П1300000012446;63:09:0101159:9570;Нежилое здание;Детский сад  № 63;Самарская область, Автозаводский район, г. Тольятти, ул. Революционная, д. 36;3341,2;Казна
205;П1300000008553;63:09:0101159:9575;Нежилое здание;Детский сад;Самарская область, Автозаводский район, г. Тольятти, ул. Революционная, д. 46;2226,1;Оперативное управление
206;П1300000006692;63:09:0101159:9576;Нежилое здание;Овощехранилище;Самарская область, Автозаводский район, г. Тольятти, ул. Революционная, д. 46;49,1;Оперативное управление
207;П1300000012459;63:09:0101159:9582;Нежилое здание;Детский сад  № 99;Самарская область, Автозаводский район, г. Тольятти, ул. Революционная, д. 68;3702,7;Казна
208;П1300000009384;63:09:0101159:9584;Нежилое здание;Овощехранилище;Самарская область, Автозаводский район, г. Тольятти, ул. Революционная, д. 68, стр. 1;51,8;Казна
209;П1300000009367;63:09:0101159:9585;Нежилое здание;Овощехранилище;Самарская область, Автозаводский район, г. Тольятти, ул. Революционная, д. 36, стр. 1;38,3;Казна
210;П1300000009085;63:09:0101160:3458;Нежилое здание;Диспетчерская;Самарская область, Автозаводский район, г. Тольятти, ул. Юбилейная, д. 24;24,9;Оперативное управление
211;П1300000005647;63:09:0101160:3460;Нежилое здание;Общественный туалет № 1;Самарская область, Автозаводский район, г. Тольятти, ул. Юбилейная, д. 24, стр.;50;Оперативное управление
212;П1300000009084;63:09:0101160:3461;Нежилое здание;Общественный туалет № 2;Самарская область, Автозаводский район, г. Тольятти, ул. Юбилейная, д. 24, стр.;50;Оперативное управление
213;П1300000008137;63:09:0101161:682;Нежилое здание;Тяговая подстанция № 16;Самарская область, Автозаводский район, г. Тольятти, пр-кт Степана Разина, д. 6-Б;195,7;Хозяйственное ведение
214;П1300000008620;63:09:0101161:687;Нежилое здание;Школа № 43;Самарская область, Автозаводский район, г. Тольятти, б-р Курчатова, д. 15;6080,4;Оперативное управление
215;П1300000007779;63:09:0101161:688;Нежилое здание;Школа № 46;Самарская область, Автозаводский район, г. Тольятти, б-р Курчатова, д. 16;7584,8;Оперативное управление
216;П1300000012454;63:09:0101161:709;Нежилое здание;Детский сад  № 127;Самарская область, Автозаводский район, г. Тольятти, ул. Юбилейная, д. 15;2543,8;Казна
217;П1300000009652;63:09:0101161:8405;Нежилое здание;Склад;Самарская область, Автозаводский район, г. Тольятти, пр-кт Степана Разина, д. 6, стр. А;160,3;Казна
218;П1300000013876;63:09:0101161:8674;Нежилое здание;Гараж;Самарская область, Автозаводский район, г. Тольятти, б-р Курчатова, д. 2;117,2;Оперативное управление
219;П1300000012495;63:09:0101161:8726;Нежилое здание;Объект дополнительного образования;Самарская область, Автозаводский район, г. Тольятти, пр-кт Степана Разина, д. 61;3954,1;Оперативное управление
220;П1300000008798;63:09:0101161:8727;Нежилое здание;Овощехранилище;Самарская область, Автозаводский район, г. Тольятти, пр-кт Степана Разина, д. 61, стр. 1;50,4;Оперативное управление
221;П1300000009039;63:09:0101161:8728;Нежилое здание;Манеж;Самарская область, Автозаводский район, г. Тольятти, пр-кт Степана Разина, д. 73;246,1;Оперативное управление
222;П1300000007972;63:09:0101161:8729;Нежилое здание;Школа;Самарская область, Автозаводский район, г. Тольятти, пр-кт Степана Разина, д. 78;12836;Оперативное управление
223;П1300000005525;63:09:0101161:8730;Нежилое здание;Лицей 67;Самарская область, Автозаводский район, г. Тольятти, пр-кт Степана Разина, д. 73;10923,4;Оперативное управление
224;П1300000006483;63:09:0101161:8731;Нежилое здание;Овощехранилище;Самарская область, Автозаводский район, г. Тольятти, пр-кт Степана Разина, д. 77;57,5;Оперативное управление
225;П1300000007507;63:09:0101161:8732;Нежилое здание;Детский сад;Самарская область, Автозаводский район, г. Тольятти, пр-кт Степана Разина, д. 77;2558;Оперативное управление
226;П1300000006509;63:09:0101161:8735;Нежилое здание;Овощехранилище;Самарская область, Автозаводский район, г. Тольятти, б-р Курчатова, д. 17;50,6;Оперативное управление
227;П1300000006931;63:09:0101161:8736;Нежилое здание;"Здание-детский сад № 112 ""Цветные огоньки""";Самарская область, Автозаводский район, г. Тольятти, б-р Курчатова, д. 17;3717,6;Оперативное управление
228;П1300000009377;63:09:0101161:8738;Нежилое здание;Овощехранилище;Самарская область, Автозаводский район, г. Тольятти, б-р Курчатова, д. 18, стр.;43,7;Казна
229;П1300000006941;63:09:0101161:8740;Нежилое здание;Детский сад;Самарская область, Автозаводский район, г. Тольятти, б-р Курчатова, д. 9;2448,1;Оперативное управление
230;П1300000006505;63:09:0101161:8741;Нежилое здание;Овощехранилище;Самарская область, Автозаводский район, г. Тольятти, б-р Курчатова, д. 9;70;Оперативное управление
231;П1300000012453;63:09:0101161:8742;Нежилое здание;Детский сад  № 124;Самарская область, Автозаводский район, г. Тольятти, б-р Курчатова, д. 18;2455,8;Казна
232;П1300000007801;63:09:0101161:8743;Нежилое здание;Школа № 73;Самарская область, Автозаводский район, г. Тольятти, ул. Юбилейная, д. 81;10889,8;Оперативное управление
233;П1300000012452;63:09:0101161:8747;Нежилое здание;Детский сад  № 130;Самарская область, Автозаводский район, г. Тольятти, ул. Юбилейная, д. 3;2438,7;Казна
234;П1300000009382;63:09:0101161:8749;Нежилое здание;Овощехранилище;Самарская область, Автозаводский район, г. Тольятти, ул. Юбилейная, д. 3, стр. 1;44,3;Казна
235;П1300000007804;63:09:0101161:8751;Нежилое здание;Школа-гимназия;Самарская область, Автозаводский район, г. Тольятти, ул. Дзержинского, д. 51;6535,6;Оперативное управление
236;П1300000012460;63:09:0101161:8752;Нежилое здание;Детский сад  № 122;Самарская область, Автозаводский район, г. Тольятти, ул. Дзержинского, д. 47;3685,4;Казна
237;П1300000009002;63:09:0101161:8753;Нежилое здание;Овощехранилище;Самарская область, Автозаводский район, г. Тольятти, ул. Дзержинского, д. 47, стр. 1;48,9;Казна
238;П1300000006765;63:09:0101161:8923;Нежилое здание;Школа (36-Ш-2) - I-й пусковой комплекс;Самарская область, Автозаводский район, г. Тольятти, ул. 40 лет Победы, д. 42;9903,4;Оперативное управление
239;П1300000009350;63:09:0101161:8949;Нежилое здание;Овощехранилище;Самарская область, Автозаводский район, г. Тольятти, ул. Юбилейная, д. 15;98,3;Казна
240;П1300000012535;63:09:0101161:9090;Нежилое здание;Склад;Самарская область, Автозаводский район, г. Тольятти, пр-кт Степана Разина, д. 6, стр. В;80,7;Казна
241;П1300000006955;63:09:0101162:10029;Нежилое здание;Школа № 89;Самарская область, Автозаводский район, г. Тольятти, пр-кт Степана Разина, д. 13;3266,4;Оперативное управление
242;П1300000009047;63:09:0101162:10030;Нежилое здание;Овощехранилище;Самарская область, Автозаводский район, г. Тольятти, пр-кт Степана Разина, д. 13, стр. 1;49,4;Оперативное управление
243;П1300000006297;63:09:0101162:10032;Нежилое здание;"Здание (лит. А) - Кинотеатр ""Юность""";Самарская область, Автозаводский район, г. Тольятти, пр-кт Степана Разина, д. 93;1649,5;Оперативное управление
244;П1300000006942;63:09:0101162:10033;Нежилое здание;" Здание-детский сад № 143 ""Бусинка""";Самарская область, Автозаводский район, г. Тольятти, б-р Луначарского, д. 12;2573;Оперативное управление
245;П1300000006502;63:09:0101162:10034;Нежилое здание;Овощехранилище;Самарская область, Автозаводский район, г. Тольятти, б-р Луначарского, д. 12;50;Оперативное управление
246;П1300000007416;63:09:0101162:10036;Нежилое здание;Музыкальная академическая гимназия;Самарская область, Автозаводский район, г. Тольятти, пр-кт Степана Разина, д. 95;3683,4;Оперативное управление
247;П1300000007367;63:09:0101162:10037;Нежилое здание;Гараж;Самарская область, Автозаводский район, г. Тольятти, пр-кт Степана Разина, д. 99;579;Оперативное управление
248;П1300000008842;63:09:0101162:10539;Нежилое здание;Хозблок;Самарская область, Автозаводский район, г. Тольятти, б-р Луначарского, д. 11, стр. 1;58,7;Оперативное управление
249;П1300000007978;63:09:0101162:10541;Нежилое здание;Школа;Самарская область, Автозаводский район, г. Тольятти, б-р Луначарского, д. 11;8038,3;Оперативное управление
250;П1300000012954;63:09:0101162:11071;Нежилое здание;Водонапорная насосная станция НС 101;Самарская область, Автозаводский район, г. Тольятти, ул. Ворошилова, д. 16, стр. 1;75,8;Казна
251;П1300000012522;63:09:0101163:794;Нежилое здание;Административное здание;Самарская область, Автозаводский район, г. Тольятти, б-р Баумана, д. 12;2610,3;Оперативное управление
252;П1300000007353;63:09:0101163:801;Нежилое здание;Тяговая подстанция № 9;Самарская область, Автозаводский район, г. Тольятти, пр-кт Московский, д. 17-Б;194,4;Хозяйственное ведение
253;П1300000005858;63:09:0101163:8456;Нежилое здание;Овощехранилище;Самарская область, Автозаводский район, г. Тольятти, пр-кт Ленинский, д. 35;53,4;Оперативное управление
254;П1300000006952;63:09:0101163:8473;Нежилое здание;Детский сад;Самарская область, Автозаводский район, г. Тольятти, пр-кт Ленинский, д. 35;3676,6;Оперативное управление
255;П1300000008629;63:09:0101163:8554;Нежилое здание;Нежилое здание, Школа №28;Самарская область, Автозаводский район, г. Тольятти, б-р Баумана, д. 3;12185,3;Оперативное управление
256;П1300000006940;63:09:0101163:8557;Нежилое здание;технический лицей - школа № 51;Самарская область, Автозаводский район, г. Тольятти, пр-кт Ленинский, д. 25;3673,6;Оперативное управление
257;П1300000008850;63:09:0101163:8558;Нежилое здание;Овощехранилище;Самарская область, Автозаводский район, г. Тольятти, пр-кт Ленинский, д. 25;51,4;Оперативное управление
258;П1300000006939;63:09:0101163:8918;Нежилое здание; детский сад № 79;Самарская область, Автозаводский район, г. Тольятти, б-р Баумана, д. 20;2215;Оперативное управление
259;П1300000006716;63:09:0101163:8922;Нежилое здание;Овощехранилище;Самарская область, Автозаводский район, г. Тольятти, б-р Баумана, д. 20;51,9;Оперативное управление
260;П1300000012875;63:09:0101164:1767;Нежилое здание;Склад;Самарская область, Автозаводский район, г. Тольятти, ул. Юбилейная, д. 8;302,4;Оперативное управление
261;П1300000013804;63:09:0101164:534;Нежилое здание;Нежилое здание;Самарская область, Автозаводский район, г. Тольятти, ул. Революционная, д. 11В;5391;Оперативное управление
262;П1300000009952;63:09:0101164:536;Нежилое здание;"Спортивный комплекс ""Спутник""";Самарская область, Автозаводский район, г. Тольятти, ул. Юбилейная, д. 6, стр. Б;709,8;Оперативное управление
263;П1300000009766;63:09:0101165:708;Нежилое здание;Нежилое здание;Самарская область, Автозаводский район, г. Тольятти, пр-кт Ленинский, д. 22;2523,4;Казна
264;П1300000009172;63:09:0101165:709;Нежилое здание;Овощехранилище;Самарская область, Автозаводский район, г. Тольятти, б-р Орджоникидзе, д. 17, стр.;57,3;Оперативное управление
265;П1300000006943;63:09:0101165:710;Нежилое здание;"Детский сад № 116 ""Солнечный""";Самарская область, Автозаводский район, г. Тольятти, б-р Орджоникидзе, д. 17;2516,9;Оперативное управление
266;П1300000012437;63:09:0101165:8843;Нежилое здание;Детский сад  № 119;Самарская область, Автозаводский район, г. Тольятти, б-р Орджоникидзе, д. 1;3699,4;Казна
267;П1300000009383;63:09:0101165:8844;Нежилое здание;Овощехранилище;Самарская область, Автозаводский район, г. Тольятти, б-р Орджоникидзе, д. 1, стр. 1;46,9;Казна
268;П1300000008626;63:09:0101165:8846;Нежилое здание;Школа;Самарская область, Автозаводский район, г. Тольятти, б-р Орджоникидзе, д. 3;6359;Оперативное управление
269;П1300000006830;63:09:0101165:8847;Нежилое здание;Овощехранилище;Самарская область, Автозаводский район, г. Тольятти, б-р Орджоникидзе, д. 4;85,6;Оперативное управление
270;П1300000006842;63:09:0101165:8848;Нежилое здание;Детский сад;Самарская область, Автозаводский район, г. Тольятти, б-р Орджоникидзе, д. 4;2429,2;Оперативное управление
271;П1300000008611;63:09:0101165:8849;Нежилое здание;Школа;Самарская область, Автозаводский район, г. Тольятти, б-р Орджоникидзе, д. 14;8253,1;Оперативное управление
272;П1300000007806;63:09:0101165:9069;Нежилое здание;Школа;Самарская область, Автозаводский район, г. Тольятти, пр-кт Ленинский, д. 20;10727,9;Оперативное управление
273;П1300000009767;63:09:0101165:9070;Нежилое здание;Овощехранилище;Самарская область, Автозаводский район, г. Тольятти, пр-кт Ленинский, д. 22;50,3;Казна
274;П1300000012526;63:09:0101166:10041;Нежилое здание;Овощехранилище;Самарская область, Автозаводский район, г. Тольятти, б-р Туполева, д. 6;50,7;Казна
275;П1300000013908;63:09:0101166:10426;Нежилое здание;Нежилое здание;Самарская область, Автозаводский район, г. Тольятти, ул. Ворошилова, д. 32;110,9;Оперативное управление
276;П1300000012524;63:09:0101166:659;Нежилое здание;Административное здание;Самарская область, Автозаводский район, г. Тольятти, б-р Туполева, здание 6;2555,2;Казна
277;П1300000012506;63:09:0101166:665;Нежилое здание;Административное здание;Самарская область, Автозаводский район, г. Тольятти, б-р Туполева, д. 18;3233,9;Оперативное управление
278;П1300000006731;63:09:0101166:9682;Нежилое здание;Овощехранилище;Самарская область, Автозаводский район, г. Тольятти, пр-кт Степана Разина, д. 31;51,6;Оперативное управление
279;П1300000006932;63:09:0101166:9683;Нежилое здание;Детский сад;Самарская область, Автозаводский район, г. Тольятти, пр-кт Степана Разина, д. 31;2451,9;Оперативное управление
280;П1300000006961;63:09:0101166:9684;Нежилое здание;" детский сад № 128 ""Гвоздичка""";Самарская область, Автозаводский район, г. Тольятти, пр-кт Степана Разина, д. 37;2455,9;Оперативное управление
281;П1300000006507;63:09:0101166:9685;Нежилое здание;Овощехранилище;Самарская область, Автозаводский район, г. Тольятти, пр-кт Степана Разина, д. 37;86,6;Оперативное управление
282;П1300000006954;63:09:0101166:9686;Нежилое здание; детский сад;Самарская область, Автозаводский район, г. Тольятти, б-р Туполева, д. 19;3682,3;Казна
283;П1300000009064;63:09:0101166:9687;Нежилое здание;Овощехранилище;Самарская область, Автозаводский район, г. Тольятти, б-р Туполева, д. 19, стр.;51,6;Казна
284;П1300000008623;63:09:0101166:9688;Нежилое здание;Школа № 47;Самарская область, Автозаводский район, г. Тольятти, б-р Туполева, д. 12;10638,6;Оперативное управление
285;П1300000008650;63:09:0101166:9689;Нежилое здание;Школа № 40;Самарская область, Автозаводский район, г. Тольятти, пр-кт Ленинский, д. 42;10849,7;Оперативное управление
286;П1300000010511;63:09:0101166:9690;Нежилое здание;Овощехранилище;Самарская область, Автозаводский район, г. Тольятти, пр-кт Ленинский, д. 7, стр.;51,5;Казна
287;П1300000012484;63:09:0101166:9691;Нежилое здание;Детский сад  № 146;Самарская область, Автозаводский район, г. Тольятти, пр-кт Ленинский, д. 7;2544,3;Казна
288;П1300000009010;63:09:0101166:9694;Нежилое здание;Овощехранилище;Самарская область, Автозаводский район, г. Тольятти, б-р Туполева, д. 3, стр. 1;52,2;Казна
289;П1300000012491;63:09:0101166:9695;Нежилое здание;Детский сад  № 134;Самарская область, Автозаводский район, г. Тольятти, б-р Туполева, д. 3;3852;Казна
290;П1300000012456;63:09:0101166:9697;Нежилое здание;Детский сад  № 192;Самарская область, Автозаводский район, г. Тольятти, ул. Свердлова, д. 5, стр. А;4187,9;Казна
291;П1300000009381;63:09:0101166:9698;Нежилое здание;Овощехранилище;Самарская область, Автозаводский район, г. Тольятти, ул. Свердлова, д. 5A, стр. 1;54,4;Казна
292;П1300000008828;63:09:0101166:9701;Нежилое здание;ЦТП № 92;Самарская область, Автозаводский район, г. Тольятти, ул. Свердлова, д. 9, стр. Д;127,9;Казна
293;П1300000008838;63:09:0101166:9702;Нежилое здание;ЦТП № 93;Самарская область, Автозаводский район, г. Тольятти, ул. Свердлова, д. 11, стр. В;130,1;Казна
294;П1300000009072;63:09:0101167:4755;Нежилое здание;Хоз. блок;Самарская область, Автозаводский район, г. Тольятти, ул. 40 лет Победы, д. 106, стр.;181,3;Оперативное управление
295;П1300000008614;63:09:0101167:4756;Нежилое здание;Школа;Самарская область, Автозаводский район, г. Тольятти, ул. 40 лет Победы, д. 106;8816,6;Оперативное управление
296;П1300000007808;63:09:0101167:4757;Нежилое здание;Школа;Самарская область, Автозаводский район, г. Тольятти, ул. 40 лет Победы, д. 120;10848,7;Оперативное управление
297;П1300000012466;63:09:0101167:4758;Нежилое здание;Детский сад  № 198;Самарская область, Автозаводский район, г. Тольятти, ул. Свердлова, д. 1, стр. А;2565,4;Казна
298;П1300000012467;63:09:0101167:4760;Нежилое здание;Овощехранилище детского сада № 198;Самарская область, Автозаводский район, г. Тольятти, ул. Свердлова, д. 1, стр. А;83,7;Казна
299;П1300000008840;63:09:0101167:4761;Нежилое здание;ЦТП № 131;Самарская область, Автозаводский район, г. Тольятти, ул. Свердлова, д. 3, стр. А;136,7;Казна
300;П1300000012441;63:09:0101167:4762;Нежилое здание;Детский сад  № 186;Самарская область, Автозаводский район, г. Тольятти, ул. Ворошилова, д. 65, стр. А;2636,8;Казна
301;П1300000009357;63:09:0101167:4763;Нежилое здание;Овощехранилище;Самарская область, Автозаводский район, г. Тольятти, ул. Ворошилова, д. 65A, стр. 1;50,7;Казна
302;П1300000008974;63:09:0101167:4764;Нежилое здание;Овощехранилище;Самарская область, Автозаводский район, г. Тольятти, ул. Ворошилова, д. 8;57,9;Оперативное управление
303;П1300000008973;63:09:0101167:4765;Нежилое здание;Детский сад № 165;Самарская область, Автозаводский район, г. Тольятти, ул. Ворошилова, д. 8;2565,1;Оперативное управление
304;П1300000008651;63:09:0101168:4144;Нежилое здание;Школа;Самарская область, Автозаводский район, г. Тольятти, ул. Фрунзе, д. 12;7229,5;Оперативное управление
305;П1300000007974;63:09:0101168:4146;Нежилое здание;Школа;Самарская область, Автозаводский район, г. Тольятти, ул. Фрунзе, д. 2;8066,2;Оперативное управление
306;П1300000012458;63:09:0101168:4148;Нежилое здание;Детский сад  № 97;Самарская область, Автозаводский район, г. Тольятти, ул. Фрунзе, д. 19;2413,3;Казна
307;П1300000009003;63:09:0101168:4150;Нежилое здание;Овощехранилище;Самарская область, Автозаводский район, г. Тольятти, ул. Маршала Жукова, д. 15, стр. 1;94,6;Казна
308;П1300000010528;63:09:0101168:4154;Нежилое здание;Лыжная база;Самарская область, Автозаводский район, г. Тольятти, ул. Маршала Жукова, д. 13, стр. Б;567,3;Оперативное управление
309;П1300000012479;63:09:0101168:4155;Нежилое здание;Детский сад  № 173;Самарская область, Автозаводский район, г. Тольятти, ул. Маршала Жукова, д. 17;7812,3;Казна
310;П1300000012480;63:09:0101168:4156;Нежилое здание;Склад;Самарская область, Автозаводский район, г. Тольятти, ул. Маршала Жукова, д. 17, стр.;33,1;Казна
311;П1300000009008;63:09:0101168:4157;Нежилое здание;Овощехранилище;Самарская область, Автозаводский район, г. Тольятти, ул. Маршала Жукова, д. 17, стр. 1;89,8;Казна
312;П1300000010527;63:09:0101168:4165;Нежилое здание;"ФОК ""Слон""";Самарская область, Автозаводский район, г. Тольятти, ул. Маршала Жукова, д. 13, стр. Б;2049,8;Оперативное управление
313;П1300000012472;63:09:0101168:4166;Нежилое здание;Детский сад  № 171;Самарская область, Автозаводский район, г. Тольятти, ул. Маршала Жукова, д. 15;7789,6;Казна
314;П1300000012486;63:09:0101168:4167;Нежилое здание;Склад;Самарская область, Автозаводский район, г. Тольятти, ул. Маршала Жукова, д. 25, стр.;18;Казна
315;П1300000009007;63:09:0101168:4168;Нежилое здание;Овощехранилище;Самарская область, Автозаводский район, г. Тольятти, ул. Маршала Жукова, д. 25, стр. 1;50,1;Казна
316;П1300000012485;63:09:0101168:4169;Нежилое здание;Детский сад  № 149;Самарская область, Автозаводский район, г. Тольятти, ул. Маршала Жукова, д. 25;2584,8;Казна
317;П1300000012490;63:09:0101168:4173;Нежилое здание;Детский сад  № 137;Самарская область, Автозаводский район, г. Тольятти, ул. Маршала Жукова, д. 31;2578,4;Казна
318;П1300000009011;63:09:0101168:4174;Нежилое здание;Овощехранилище;Самарская область, Автозаводский район, г. Тольятти, ул. Маршала Жукова, д. 31, стр. 1;51,7;Казна
319;П1300000009040;63:09:0101168:4175;Нежилое здание;Овощехранилище;Самарская область, Автозаводский район, г. Тольятти, ул. Маршала Жукова, д. 36;51,3;Оперативное управление
320;П1300000006946;63:09:0101168:4176;Нежилое здание;Детский сад 172;Самарская область, Автозаводский район, г. Тольятти, ул. Маршала Жукова, д. 36;3859;Оперативное управление
321;П1300000009012;63:09:0101168:4177;Нежилое здание;Овощехранилище;Самарская область, Автозаводский район, г. Тольятти, ул. Маршала Жукова, д. 5, стр. 1;55,1;Казна
322;П1300000012481;63:09:0101168:4179;Нежилое здание;Детский сад  № 169;Самарская область, Автозаводский район, г. Тольятти, ул. Маршала Жукова, д. 5;3644,1;Казна
323;П1300000009097;63:09:0101168:4180;Нежилое здание;Спортивная база, IV очередь;Самарская область, Автозаводский район, г. Тольятти, ул. Маршала Жукова, д. 49;985,8;Оперативное управление
324;П1300000012483;63:09:0101168:4181;Нежилое здание;Овощехранилище;Самарская область, Автозаводский район, г. Тольятти, ул. Маршала Жукова, д. 50, стр.;54,7;Казна
325;П1300000012482;63:09:0101168:4182;Нежилое здание;Детский сад  № 175;Самарская область, Автозаводский район, г. Тольятти, ул. Маршала Жукова, д. 50;2761,2;Казна
326;П1300000012492;63:09:0101168:4183;Нежилое здание;Овощехранилище;Самарская область, Автозаводский район, г. Тольятти, ул. Маршала Жукова, д. 7, стр.;108,2;Казна
327;П1300000012493;63:09:0101168:4186;Нежилое здание;Детский сад  № 159;Самарская область, Автозаводский район, г. Тольятти, ул. Маршала Жукова, д. 7;3897,6;Казна
328;П1300000009009;63:09:0101168:5168;Нежилое здание;Овощехранилище детского сада № 144;Самарская область, Автозаводский район, г. Тольятти, пр-кт Степана Разина, д. 53, стр. 1;50,4;Казна
329;П1300000014430;63:09:0101168:6106;Нежилое здание;Нежилое здание ТП-307Б;Самарская область, Автозаводский район, г. Тольятти, пр-кт Ленинский, д. 1К;56,6;Казна
330;П1300000007356;63:09:0101169:640;Нежилое здание;"Диспетчерский пункт ""7 квартал""";Самарская область, Автозаводский район, г. Тольятти, б-р Приморский, д. 8-А;195,3;Хозяйственное ведение
331;П1300000007347;63:09:0101169:645;Нежилое здание;Тяговая подстанция № 15;Самарская область, Автозаводский район, г. Тольятти, б-р Приморский, д. 8-Б;216,5;Хозяйственное ведение
332;П1300000008625;63:09:0101169:6560;Нежилое здание;Школа;Самарская область, Автозаводский район, г. Тольятти, пр-кт Степана Разина, д. 65;10929,9;Оперативное управление
333;П1300000012457;63:09:0101169:6637;Нежилое здание;Детский сад  № 190;Самарская область, Автозаводский район, г. Тольятти, б-р Приморский, д. 7;3835,6;Казна
334;П1300000009355;63:09:0101169:6638;Нежилое здание;Овощехранилище;Самарская область, Автозаводский район, г. Тольятти, б-р Приморский, д. 7, стр. 1;52,6;Казна
335;П1300000007976;63:09:0101170:10084;Нежилое здание;Здание (лит. А) - школа;Самарская область, Автозаводский район, г. Тольятти, б-р Буденного, д. 12;6922,7;Оперативное управление
336;П1300000007977;63:09:0101170:10085;Нежилое здание;Школа;Самарская область, Автозаводский район, г. Тольятти, б-р Буденного, д. 4;7442,4;Оперативное управление
337;П1300000005524;63:09:0101170:10090;Нежилое здание;Экономический лицей № 37;Самарская область, Автозаводский район, г. Тольятти, б-р Буденного, д. 1;8307,8;Оперативное управление
338;П1300000006501;63:09:0101170:10092;Нежилое здание;Склад;Самарская область, Автозаводский район, г. Тольятти, б-р Приморский, д. 16;48;Оперативное управление
339;П1300000008552;63:09:0101170:10093;Нежилое здание;Детский сад;Самарская область, Автозаводский район, г. Тольятти, б-р Приморский, д. 16;2221,8;Оперативное управление
340;П1300000009373;63:09:0101170:10096;Нежилое здание;Овощехранилище детского сада № 68;Самарская область, Автозаводский район, г. Тольятти, ул. Юбилейная, д. 47, стр. 1;49,7;Казна
341;П1300000012443;63:09:0101170:10098;Нежилое здание;Детский сад  № 68;Самарская область, Автозаводский район, г. Тольятти, ул. Юбилейная, д. 47;2213;Казна
342;П1300000006930;63:09:0101170:10289;Нежилое здание;" детский сад № 92 ""Лебедушка""";Самарская область, Автозаводский район, г. Тольятти, пр-кт Степана Разина, д. 54;2251,3;Оперативное управление
343;П1300000008610;63:09:0101170:697;Нежилое здание;Здание (лит. А) - школа № 33;Самарская область, Автозаводский район, г. Тольятти, б-р Буденного, д. 9;8309,2;Оперативное управление
344;П1300000012445;63:09:0101171:3877;Нежилое здание;Детский сад  № 102;Самарская область, Автозаводский район, г. Тольятти, пр-кт Степана Разина, д. 36;2406,9;Казна
345;П1300000009378;63:09:0101171:3878;Нежилое здание;Овощехранилище;Самарская область, Автозаводский район, г. Тольятти, пр-кт Степана Разина, д. 36, стр. 1;51,4;Казна
346;П1300000013554;63:09:0101173:517;Нежилое здание;Склад материальный на 5 вагонов;Самарская область, Автозаводский район, г. Тольятти, пр-кт Московский, д. б/н, в/г 11;311,1;Казна
347;П1300000013925;63:09:0101175:3257;Нежилое здание;Нежилое здание;Самарская область, Автозаводский район, г. Тольятти, пр-кт Московский, рядом со зданием 39;7,2;Казна
348;П1300000008617;63:09:0101175:534;Нежилое здание;Школа;Самарская область, Автозаводский район, г. Тольятти, пр-кт Московский, д. 37;7718,5;Оперативное управление
349;П1300000012955;63:09:0101176:10623;Нежилое здание;Водонапорная насосная станция  НС-61;Самарская область, Автозаводский район, г. Тольятти, ул. Фрунзе, в районе жилого дома по ул. Фрунзе, 35/54;55;Казна
350;П1300000008741;63:09:0101176:662;Нежилое здание;Хозблок;Самарская область, Автозаводский район, г. Тольятти, б-р Королева, д. 3, стр.;50,6;Оперативное управление
351;П1300000008628;63:09:0101176:664;Нежилое здание;Школа;Самарская область, Автозаводский район, г. Тольятти, б-р Королева, д. 3;8222,2;Оперативное управление
352;П1300000008829;63:09:0101176:9812;Нежилое здание;ЦТП № 62;Самарская область, Автозаводский район, г. Тольятти, б-р Приморский, д. 36, стр. А;176,9;Казна
353;П1300000008554;63:09:0101176:9813;Нежилое здание;Детский сад;Самарская область, Автозаводский район, г. Тольятти, б-р Приморский, д. 44;2565,8;Оперативное управление
354;П1300000009296;63:09:0101176:9814;Нежилое здание;Детский сад № 121;Самарская область, Автозаводский район, г. Тольятти, б-р Королева, д. 1;2424,8;Оперативное управление
355;П1300000009297;63:09:0101176:9815;Нежилое здание;Овощехранилище;Самарская область, Автозаводский район, г. Тольятти, б-р Королева, д. 1;44,4;Оперативное управление
356;П1300000008618;63:09:0101176:9816;Нежилое здание;Школа;Самарская область, Автозаводский район, г. Тольятти, б-р Королева, д. 12;5851,4;Оперативное управление
357;П1300000007106;63:09:0101176:9817;Нежилое здание;Теплица;Самарская область, Автозаводский район, г. Тольятти, б-р Королева, д. 12;121,5;Оперативное управление
358;П1300000006949;63:09:0101176:9818;Нежилое здание; детский сад;Самарская область, Автозаводский район, г. Тольятти, б-р Королева, д. 22;2407,5;Казна
359;П1300000008622;63:09:0101176:9819;Нежилое здание;Школа;Самарская область, Автозаводский район, г. Тольятти, б-р Королева, д. 6;7578,5;Оперативное управление
360;П1300000014267;63:09:0101177:727;Нежилое здание;Выставочный зал в честь 50-летия АВТОВАЗа и выпуска первого легкового автомобиля;Самарская область, Автозаводский район, г. Тольятти, ул. Революционная, д. 33;674,7;Оперативное управление
361;П1300000007354;63:09:0101178:549;Нежилое здание;Тяговая подстанция № 10;Самарская область, Автозаводский район, г. Тольятти, б-р Приморский, д. 43-Б;193,8;Хозяйственное ведение
362;П1300000009665;63:09:0101178:551;Нежилое здание;"УСК ""Олимп""";Самарская область, Автозаводский район, г. Тольятти, б-р Приморский, д. 49;30252,8;Оперативное управление
363;П1300000010526;63:09:0101179:511;Нежилое здание;"Дворец спорта ""Волгарь""";Самарская область, Автозаводский район, г. Тольятти, б-р Приморский, д. 37;25753,2;Оперативное управление
364;П1300000014290;63:09:0101180:10965;Нежилое здание;Хозблок;Самарская область, Автозаводский район, г. Тольятти, ул. Юбилейная, д. 81, строение 1;119,4;Оперативное управление
365;П1300000014332;63:09:0101180:10971;Нежилое здание;ЦТП-114;Самарская область, Автозаводский район, г. Тольятти, б-р Приморский, д. 1;222,1;Казна
366;П1300000010388;63:09:0101180:617;Нежилое здание;Хозблок;Самарская область, Автозаводский район, г. Тольятти, б-р Приморский, д. 17;51,1;Оперативное управление
367;П1300000006945;63:09:0101180:8850;Нежилое здание;Детский сад;Самарская область, Автозаводский район, г. Тольятти, б-р Приморский, д. 35;3967,3;Оперативное управление
368;П1300000006498;63:09:0101180:8851;Нежилое здание;Хозблок;Самарская область, Автозаводский район, г. Тольятти, б-р Приморский, д. 35;52,1;Оперативное управление
369;П1300000006750;63:09:0101180:8867;Нежилое здание;Хозблок;Самарская область, Автозаводский район, г. Тольятти, ул. Юбилейная, д. 71;51,2;Оперативное управление
370;П1300000006938;63:09:0101180:8868;Нежилое здание;Детский сад;Самарская область, Автозаводский район, г. Тольятти, ул. Юбилейная, д. 71;2573,1;Оперативное управление
371;П1300000006933;63:09:0101180:9814;Нежилое здание;Детский сад;Самарская область, Автозаводский район, г. Тольятти, б-р Приморский, д. 17;3856,7;Оперативное управление
372;П1300000007104;63:09:0101181:998;Нежилое здание;Трансформаторная подстанция 10/0,4 КВ;Самарская область, Автозаводский район, г. Тольятти, ул. Маршала Жукова, д. 56, стр.;46;Казна
373;П1300000012497;63:09:0101182:1155;Нежилое здание;Детский сад  № 160;Самарская область, Автозаводский район, г. Тольятти, ул. Маршала Жукова, д. 1;2623,7;Казна
374;П1300000012488;63:09:0101182:1156;Нежилое здание;Детский сад  № 161;Самарская область, Автозаводский район, г. Тольятти, ул. Маршала Жукова, д. 11;2599,3;Казна
375;П1300000009006;63:09:0101182:1157;Нежилое здание;Овощехранилище;Самарская область, Автозаводский район, г. Тольятти, ул. Маршала Жукова, д. 11, стр. 1;50,8;Казна
376;П1300000010510;63:09:0101182:1158;Нежилое здание;Овощехранилище;Самарская область, Автозаводский район, г. Тольятти, ул. Маршала Жукова, д. 1, стр. 1;49,9;Казна
377;П1300000012489;63:09:0101182:1159;Нежилое здание;Склад детского сада № 161;Самарская область, Автозаводский район, г. Тольятти, ул. Маршала Жукова, д. 11, стр.;22,1;Казна
378;П1300000010731;63:09:0101182:1322;Нежилое здание;Овощехранилище детского сада № 150;Самарская область, Автозаводский район, г. Тольятти, ул. Маршала Жукова, д. 21, стр. 1;49,4;Казна
379;П1300000010593;63:09:0101182:582;Нежилое здание;Здание детского сада № 150;Самарская область, Автозаводский район, г. Тольятти, ул. Маршала Жукова, д. 21;3897;Казна
380;П1300000014324;63:09:0101183:11655;Нежилое здание;Детский сад Л ДС -2 в составе 2 этапа строительства комплекса зданий и сооружений жилищного и социального назначения;Самарская область, Автозаводский район, г. Тольятти, ул. 40 лет Победы, д. 47;2677,7;Оперативное управление
381;П1300000014184;63:09:0102151:6381;Нежилое здание;Нежилое здание, детский сад;Самарская область, Автозаводский район, г. Тольятти, б-р Итальянский, д. 26;2589,3;Оперативное управление
382;П1300000007351;63:09:0102153:756;Нежилое здание;Тяговая подстанция № 7;Самарская область, Автозаводский район, г. Тольятти, ш. Южное, д. 121-А;197;Хозяйственное ведение
383;П1300000007355;63:09:0102155:723;Нежилое здание;Тяговая подстанция № 11;Самарская область, Автозаводский район, г. Тольятти, ш. Южное, д. 28, стр. 8;198,1;Хозяйственное ведение
384;П1300000007352;63:09:0102155:751;Нежилое здание;Тяговая подстанция № 8;Самарская область, Автозаводский район, г. Тольятти, ш. Южное, д. 145-А;192,6;Хозяйственное ведение
385;П1300000012890;63:09:0102158:1325;Нежилое здание;Насосная станция на ул. Вокзальная (ЛНС-2 ливневая (дождевая) насосная станция);Самарская область, Автозаводский район, г. Тольятти, ул. Вокзальная, д. 48, стр. А;21,9;Казна
386;П1300000014316;63:09:0102158:1442;Нежилое здание;Канализационная насосная станция (КНС);Самарская область, Автозаводский район, г. Тольятти, ул. Северная, д. 35;100,5;Казна
387;П1300000012891;63:09:0102159:799;Нежилое здание;Насосная станция на ул. Борковская (ЛНС-1 ливневая (дождевая) насосная станция);Самарская область, Автозаводский район, г. Тольятти, ул. Борковская, д. 56, стр. А;20;Казна
388;П1300000013190;63:09:0102161:576;Нежилое здание;Центральный вход № 2;Самарская область, Автозаводский район, г. Тольятти, ш. Южное, д. 137;906,1;Оперативное управление
389;П1300000013087;63:09:0102161:577;Нежилое здание;Паровозное депо;Самарская область, Автозаводский район, г. Тольятти, ш. Южное, д. 131;831,4;Оперативное управление
390;П1300000013926;63:09:0102161:698;Нежилое здание;"Территория технического музея-устройство трибун для зрителей; - обустройство подтрибунного пространства; - трибуны для зрителей";"Самарская область, Автозаводский район, г. Тольятти, шоссе Южное, санитарно-защитная зона ОАО ""АВТОВАЗ"" (на земельном участке с кадастровым номером 63:09:0102161:570)";361,4;Оперативное управление
391;П1300000005624;63:09:0104013:531;Нежилое здание;Нежилое здание, административно-бытовой корпус;Самарская область, Автозаводский район, г. Тольятти, ул. Спортивная, д. 7, стр. А;120,7;Оперативное управление
392;П1300000014012;63:09:0105019:972;Нежилое здание;КНС-2;Самарская область, Автозаводский район, г. Тольятти, ул. Спортивная, д. 23, стр. строен. 5;58,3;Казна
393;П1300000014010;63:09:0105020:1091;Нежилое здание;КНС-1;Самарская область, Автозаводский район, г. Тольятти, ул. Спортивная, д. 23, стр. строен. 4;135,9;Казна
394;П1300000009335;63:09:0201055:1124;Нежилое здание;Склад;Самарская область, Комсомольский район, г. Тольятти, ул. Олимпийская, д. 60, стр.;33,6;Казна
395;П1300000009334;63:09:0201055:1125;Нежилое здание;Склад;Самарская область, Комсомольский район, г. Тольятти, ул. Олимпийская, д. 60, стр.;31,5;Казна
396;П1300000009197;63:09:0201055:1166;Нежилое здание;Гараж;Самарская область, Комсомольский район, г. Тольятти, ул. Олимпийская, д. 60, стр.;79,7;Казна
397;П1300000009196;63:09:0201055:1175;Нежилое здание;Гараж;Самарская область, Комсомольский район, г. Тольятти, ул. Олимпийская, д. 60, стр.;306,3;Казна
398;П1300000009657;63:09:0201055:1212;Нежилое здание;Овощехранилище;Самарская область, Комсомольский район, г. Тольятти, ул. Академика Вавилова, д. 64;100;Казна
399;П1300000009080;63:09:0201055:4543;Нежилое здание;ТП № 39 с оборудованием (трансформаторная подстанция);Самарская область, Комсомольский район, г. Тольятти, ул. Новосадовая, д. 9, стр. А;42,8;Казна
400;П1300000006415;63:09:0201055:4546;Нежилое здание;Детский сад;Самарская область, Комсомольский район, г. Тольятти, ул. Олимпийская, д. 33;2163,1;Оперативное управление
401;П1300000007554;63:09:0201055:4551;Нежилое здание;Овощехранилище;Самарская область, Комсомольский район, г. Тольятти, ул. Олимпийская, д. 33;76,1;Оперативное управление
402;П1300000006733;63:09:0201055:4605;Нежилое здание;Овощехранилище;Самарская область, Комсомольский район, г. Тольятти, ул. Полевая, д. 20;110,6;Оперативное управление
403;П1300000006732;63:09:0201055:4606;Нежилое здание;Детский сад;Самарская область, Комсомольский район, г. Тольятти, ул. Полевая, д. 20;2233,7;Оперативное управление
404;П1300000005648;63:09:0201055:4637;Нежилое здание;КНС-9 с оборудованием;Самарская область, Комсомольский район, г. Тольятти, ул. Кожевенная, д. 12, стр. А;129,4;Казна
405;П1300000006376;63:09:0201055:4652;Нежилое здание;Дворец культуры;Самарская область, Комсомольский район, г. Тольятти, ул. 60 лет СССР, д. 17;9245;Оперативное управление
406;П1300000005837;63:09:0201055:4653;Нежилое здание;ТП № 35 с оборудованием  (трансформаторная подстанция);Самарская область, Комсомольский район, г. Тольятти, ул. 60 лет СССР, д. 19, стр. А;41,4;Казна
407;П1300000008635;63:09:0201055:4657;Нежилое здание;Школа;Самарская область, Комсомольский район, г. Тольятти, ул. 60 лет СССР, д. 19;7837,8;Оперативное управление
408;П1300000006399;63:09:0201055:4658;Нежилое здание;Лыжная база;Самарская область, Комсомольский район, г. Тольятти, ул. 60 лет СССР, д. 23;497,3;Оперативное управление
409;П1300000009079;63:09:0201055:4663;Нежилое здание;ТП № 54 с оборудованием  (трансформаторная подстанция);Самарская область, Комсомольский район, г. Тольятти, ул. Академика Вавилова, д. 23, стр. А;25,5;Казна
410;П1300000005608;63:09:0201055:4684;Нежилое здание;ВНС-2 с оборудованием (водонапорная насосная станция);Самарская область, Комсомольский район, г. Тольятти, ул. Академика Скрябина, д. 15, стр. А;68,6;Казна
411;П1300000008639;63:09:0201055:4911;Нежилое здание;Школа;Самарская область, Комсомольский район, г. Тольятти, ул. Сиреневая, д. 24;11304,2;Оперативное управление
412;П1300000006254;63:09:0201055:4912;Нежилое здание;гараж;Самарская область, Комсомольский район, г. Тольятти, ул. Сиреневая, д. 24;126,2;Оперативное управление
413;П1300000009142;63:09:0201055:5146;Нежилое здание;Административно-производственное;Самарская область, Комсомольский район, г. Тольятти, ул. Олимпийская, д. 60;637,8;Казна
414;П1300000014441;63:09:0201055:5861;Нежилое здание;"Гаражный бокс № 138 в ГЭПК ""Центральный""";Самарская область, Комсомольский район, г. Тольятти, ул. Олимпийская, стр. 62/138;20,3;Оперативное управление
415;П1300000014520;63:09:0201056:1259;Нежилое здание;Нежилое здание КНС-1;Самарская область, Комсомольский район, г. Тольятти, ул. Раздольная, здание 79;140,3;Казна
416;П1300000008641;63:09:0201057:1172;Нежилое здание;Школа;Самарская область, Комсомольский район, г. Тольятти, ул. Матросова, д. 5;2268,3;Казна
417;П1300000008630;63:09:0201057:1176;Нежилое здание;Нежилое здание, Школа № 80;Самарская область, Комсомольский район, г. Тольятти, ул. Мурысева, д. 49;10896,2;Оперативное управление
418;П1300000009379;63:09:0201057:1179;Нежилое здание;Стрелковый тир;Самарская область, Комсомольский район, г. Тольятти, ул. Есенина, д. 18, стр. А;366;Оперативное управление
419;П1300000007280;63:09:0201057:1220;Нежилое здание;ЦТП № 11 (11/30);Самарская область, Комсомольский район, г. Тольятти, ул. Механизаторов, д. 17, стр. А;192,9;Казна
420;П1300000007278;63:09:0201057:1222;Нежилое здание;ЦТП № 12 (12/29);Самарская область, Комсомольский район, г. Тольятти, ул. Механизаторов, д. 5, стр. А;193,2;Казна
421;П1300000006378;63:09:0201057:1231;Нежилое здание;Гараж;Самарская область, Комсомольский район, г. Тольятти, ул. Шевцовой, д. 6, стр.;339,6;Казна
422;П1300000008202;63:09:0201057:1238;Нежилое здание;Овощехранилище;Самарская область, Комсомольский район, г. Тольятти, ул. Мурысева, д. 60, стр. строен. 1;103,9;Оперативное управление
423;П1300000007915;63:09:0201057:14254;Нежилое здание;Спортивный комплекс;Самарская область, Комсомольский район, г. Тольятти, ул. Матросова, д. 5, стр. А;1117,5;Оперативное управление
424;П1300000005652;63:09:0201057:14499;Нежилое здание;Административное здание;Самарская область, Комсомольский район, г. Тольятти, ул. Шевцовой, д. 6;1344,1;Казна
425;П1300000008286;63:09:0201057:14560;Нежилое здание;Нежилое здание, Хозяйственный блок;Самарская область, Комсомольский район, г. Тольятти, ул. Мурысева, д. 49;193,1;Оперативное управление
426;П1300000008287;63:09:0201057:14565;Нежилое здание;Нежилое здание, Тир;Самарская область, Комсомольский район, г. Тольятти, ул. Мурысева, д. 49;348,9;Оперативное управление
427;П1300000007283;63:09:0201057:14617;Нежилое здание;ЦТП № 15 (15/26);Самарская область, Комсомольский район, г. Тольятти, ул. Мурысева, д. 62, стр. А;190;Казна
428;П1300000006529;63:09:0201057:14618;Нежилое здание;ЦТП №18 (28/38);Самарская область, Комсомольский район, г. Тольятти, ул. Коммунистическая, д. 39, стр. А;195,6;Казна
429;П1300000008367;63:09:0201057:14642;Нежилое здание;Детский сад;Самарская область, Комсомольский район, г. Тольятти, ул. Механизаторов, д. 23;2567,8;Оперативное управление
430;П1300000008863;63:09:0201057:14644;Нежилое здание;Овощехранилище;Самарская область, Комсомольский район, г. Тольятти, ул. Механизаторов, д. 23;49;Оперативное управление
431;П1300000009205;63:09:0201057:14645;Нежилое здание;ТП-534 (трансформаторная подстанция);Самарская область, Комсомольский район, г. Тольятти, ул. Механизаторов, д. 29, стр. А;42,1;Казна
432;П1300000007583;63:09:0201057:14655;Нежилое здание;ТП-507 (трансформаторная подстанция);Самарская область, Комсомольский район, г. Тольятти, ул. Громовой, д. 48, стр. А;39,1;Казна
433;П1300000007584;63:09:0201057:14656;Нежилое здание;ТП-508 (трансформаторная подстанция);Самарская область, Комсомольский район, г. Тольятти, ул. Громовой, д. 48, стр. Б;54,2;Казна
434;П1300000005705;63:09:0201057:14660;Нежилое здание;ТП-423 (трансформаторная подстанция);Самарская область, Комсомольский район, г. Тольятти, ул. Механизаторов, д. 24, стр. А;39,8;Казна
435;П1300000007775;63:09:0201057:14666;Нежилое здание;Детский сад;Самарская область, Комсомольский район, г. Тольятти, ул. Мурысева, д. 47;2608;Оперативное управление
436;П1300000007957;63:09:0201057:14667;Нежилое здание;РП-7;Самарская область, Комсомольский район, г. Тольятти, ул. Мурысева, д. 67, стр. А;96,8;Казна
437;П1300000005528;63:09:0201057:14668;Нежилое здание;Лицей № 39;Самарская область, Комсомольский район, г. Тольятти, ул. Громовой, д. 38;9055,7;Оперативное управление
438;П1300000006416;63:09:0201057:14673;Нежилое здание;Детский сад;Самарская область, Комсомольский район, г. Тольятти, ул. Громовой, д. 2;4037,2;Оперативное управление
439;П1300000006748;63:09:0201057:14674;Нежилое здание;Овощехранилище;Самарская область, Комсомольский район, г. Тольятти, ул. Громовой, д. 2;107,6;Оперативное управление
440;П1300000005727;63:09:0201057:14680;Нежилое здание;ТП-538 (трансформаторная подстанция);Самарская область, Комсомольский район, г. Тольятти, ул. Есенина, д. 2, стр. А;49,8;Казна
441;П1300000005855;63:09:0201057:14690;Нежилое здание;Овощехранилище;Самарская область, Комсомольский район, г. Тольятти, ул. Мурысева, д. 47;86,5;Оперативное управление
442;П1300000007971;63:09:0201057:14703;Нежилое здание;Школа № 60;Самарская область, Комсомольский район, г. Тольятти, ул. Есенина, д. 18;7775,4;Оперативное управление
443;П1300000008195;63:09:0201057:14704;Нежилое здание;Хозблок;Самарская область, Комсомольский район, г. Тольятти, ул. Есенина, д. 18;256,4;Оперативное управление
444;П1300000007593;63:09:0201057:14706;Нежилое здание;ТП-540 (трансформаторная подстанция);Самарская область, Комсомольский район, г. Тольятти, ул. Матросова, д. 23, стр. А;51,6;Казна
445;П1300000009033;63:09:0201057:14708;Нежилое здание;Овощехранилище;Самарская область, Комсомольский район, г. Тольятти, ул. Матросова, д. 26;93,9;Оперативное управление
446;П1300000007130;63:09:0201057:14728;Нежилое здание;Детский сад;Самарская область, Комсомольский район, г. Тольятти, ул. Матросова, д. 26;2829,1;Оперативное управление
447;П1300000009259;63:09:0201057:14741;Нежилое здание;ТП-537 (трансформаторная подстанция);Самарская область, Комсомольский район, г. Тольятти, ул. Механизаторов, д. 11, стр. Б;51,9;Казна
448;П1300000008742;63:09:0201057:14753;Нежилое здание;Овощехранилище;Самарская область, Комсомольский район, г. Тольятти, ул. Коммунистическая, д. 11, стр.;100,2;Оперативное управление
449;П1300000008548;63:09:0201057:14754;Нежилое здание;Детский сад;Самарская область, Комсомольский район, г. Тольятти, ул. Коммунистическая, д. 11;2566,5;Оперативное управление
450;П1300000008396;63:09:0201057:14755;Нежилое здание;Овощехранилище;Самарская область, Комсомольский район, г. Тольятти, ул. Коммунистическая, д. 2, стр.;112,1;Оперативное управление
451;П1300000007503;63:09:0201057:14756;Нежилое здание;"Ясли-сад № 162 ""Олимпия""";Самарская область, Комсомольский район, г. Тольятти, ул. Коммунистическая, д. 2;5482,7;Оперативное управление
452;П1300000007264;63:09:0201057:14784;Нежилое здание;Нежилое здание;Самарская область, Комсомольский район, г. Тольятти, ул. Лизы Чайкиной, д. 36;354,6;Оперативное управление
453;П1300000007508;63:09:0201057:14785;Нежилое здание;Детский сад;Самарская область, Комсомольский район, г. Тольятти, ул. Лизы Чайкиной, д. 60;2423;Оперативное управление
454;П1300000009036;63:09:0201057:14786;Нежилое здание;Овощехранилище;Самарская область, Комсомольский район, г. Тольятти, ул. Лизы Чайкиной, д. 60;122,1;Оперативное управление
455;П1300000005713;63:09:0201057:15506;Нежилое здание;Склад;Самарская область, Комсомольский район, г. Тольятти, ул. Матросова, д. 5;58,1;Казна
456;П1300000008191;63:09:0201057:15507;Нежилое здание;Спортзал;Самарская область, Комсомольский район, г. Тольятти, ул. Матросова, д. 5;333,4;Казна
457;П1300000012933;63:09:0201057:15976;Нежилое здание;Здание ЦТП-13 (13/1);Самарская область, Комсомольский район, г. Тольятти, ул. Матросова, д. 19, стр. В;190,7;Казна
458;П1300000013614;63:09:0201057:16096;Нежилое здание;Бытовые помещения;Самарская область, Комсомольский район, г. Тольятти, ул. Матросова, д. 43, стр. б;357;Оперативное управление
459;П1300000013615;63:09:0201057:16099;Нежилое здание;Общественный туалет;Самарская область, Комсомольский район, г. Тольятти, ул. Матросова, д. 43, стр. б;22,7;Оперативное управление
460;П1300000006418;63:09:0201057:16124;Нежилое здание;"МОУ прогимназия № 141 ""Дельта""";Самарская область, Комсомольский район, г. Тольятти, ул. Мурысева, д. 60;2859,8;Оперативное управление
461;П1300000014400;63:09:0201057:16456;Нежилое здание;ЦТП;Самарская область, Комсомольский район, г. Тольятти, ул. Матросова, д. 21, стр. В;88,7;Казна
462;П1300000007448;63:09:0201058:1509;Нежилое здание;ЦТП № 16 (16/21);Самарская область, Комсомольский район, г. Тольятти, ул. Коммунистическая, д. 26, стр. А;196,1;Казна
463;П1300000006417;63:09:0201058:1516;Нежилое здание;Детский сад;Самарская область, Комсомольский район, г. Тольятти, ул. Коммунистическая, д. 32;2454,3;Оперативное управление
464;П1300000007941;63:09:0201058:1517;Нежилое здание;Хозблок;Самарская область, Комсомольский район, г. Тольятти, ул. Коммунистическая, д. 32;91,1;Оперативное управление
465;П1300000009214;63:09:0201059:12973;Нежилое здание;ТП-568 (трансформаторная подстанция);Самарская область, Комсомольский район, г. Тольятти, ул. Матросова, д. 16, стр. А;54;Казна
466;П1300000008194;63:09:0201059:12975;Нежилое здание;Сарай;Самарская область, Комсомольский район, г. Тольятти, ул. Громовой, д. 42, стр. А;33,8;Оперативное управление
467;П1300000008640;63:09:0201059:12976;Нежилое здание;Школа;Самарская область, Комсомольский район, г. Тольятти, ул. Громовой, д. 42, стр. А;7777,3;Оперативное управление
468;П1300000009215;63:09:0201059:12984;Нежилое здание;ТП-569 (трансформаторная подстанция);Самарская область, Комсомольский район, г. Тольятти, ул. Мурысева, д. 81, стр. А;52,7;Казна
469;П1300000009104;63:09:0201059:12987;Нежилое здание;ТП-518 (трансформаторная подстанция);Самарская область, Комсомольский район, г. Тольятти, ул. Мурысева, д. 83, стр. В;51,6;Казна
470;П1300000005708;63:09:0201059:12990;Нежилое здание;ТП-444 (трансформаторная подстанция);Самарская область, Комсомольский район, г. Тольятти, ул. Матросова, д. 36, стр. Б;49,9;Казна
471;П1300000008645;63:09:0201059:12998;Нежилое здание;Школа № 18;Самарская область, Комсомольский район, г. Тольятти, ул. Мурысева, д. 89, стр. А;7796;Оперативное управление
472;П1300000007380;63:09:0201059:12999;Нежилое здание;Тир;Самарская область, Комсомольский район, г. Тольятти, ул. Мурысева, д. 89, стр. А;373,4;Оперативное управление
473;П1300000007378;63:09:0201059:13000;Нежилое здание;Хозблок;Самарская область, Комсомольский район, г. Тольятти, ул. Мурысева, д. 89, стр. А;258,4;Оперативное управление
474;П1300000007363;63:09:0201059:13027;Нежилое здание;Склад;Самарская область, Комсомольский район, г. Тольятти, ул. Коммунистическая, д. 87А;89,5;Оперативное управление
475;П1300000007778;63:09:0201059:13028;Нежилое здание;Нежилое здание;Самарская область, Комсомольский район, г. Тольятти, ул. Коммунистическая, д. 87А;888,8;Оперативное управление
476;П1300000006758;63:09:0201059:13035;Нежилое здание;Овощехранилище;Самарская область, Комсомольский район, г. Тольятти, ул. Ярославская, д. 19;97,9;Оперативное управление
477;П1300000007538;63:09:0201059:13036;Нежилое здание;Детский сад;Самарская область, Комсомольский район, г. Тольятти, ул. Ярославская, д. 19;3556,5;Оперативное управление
478;П1300000006694;63:09:0201059:13039;Нежилое здание;Овощехранилище;Самарская область, Комсомольский район, г. Тольятти, ул. Ярославская, д. 47;53,4;Оперативное управление
479;П1300000007773;63:09:0201059:13040;Нежилое здание;Детский сад;Самарская область, Комсомольский район, г. Тольятти, ул. Ярославская, д. 47;3045,4;Оперативное управление
480;П1300000008288;63:09:0201059:13050;Нежилое здание;Сарай хозяйственный;Самарская область, Комсомольский район, г. Тольятти, ул. Лизы Чайкиной, д. 57;35,3;Оперативное управление
481;П1300000008636;63:09:0201059:13051;Нежилое здание;Школа;Самарская область, Комсомольский район, г. Тольятти, ул. Лизы Чайкиной, д. 57;5480,6;Оперативное управление
482;П1300000005521;63:09:0201059:13055;Нежилое здание;Здание (лит. А) -Театр юного зрителя;Самарская область, Комсомольский район, г. Тольятти, ул. Лизы Чайкиной, д. 65;2174,6;Оперативное управление
483;П1300000008388;63:09:0201059:13056;Нежилое здание;"Детский сад № 4 ""Малинка""";Самарская область, Комсомольский район, г. Тольятти, ул. Лизы Чайкиной, д. 64;3573,6;Оперативное управление
484;П1300000008338;63:09:0201059:13057;Нежилое здание;Овощехранилище;Самарская область, Комсомольский район, г. Тольятти, ул. Лизы Чайкиной, д. 51;88,5;Оперативное управление
485;П1300000008366;63:09:0201059:13058;Нежилое здание;Детский сад;Самарская область, Комсомольский район, г. Тольятти, ул. Лизы Чайкиной, д. 51;2728,6;Оперативное управление
486;П1300000006965;63:09:0201059:13061;Нежилое здание;"Детский сад  № 94 ""Жемчужинка""";Самарская область, Комсомольский район, г. Тольятти, ул. Лизы Чайкиной, д. 73, стр. А;3107,4;Оперативное управление
487;П1300000007109;63:09:0201059:13062;Нежилое здание;Овощехранилище;Самарская область, Комсомольский район, г. Тольятти, ул. Лизы Чайкиной, д. 73, стр. А;107,3;Оперативное управление
488;П1300000005709;63:09:0201059:13063;Нежилое здание;ТП-443 (трансформаторная подстанция);Самарская область, Комсомольский район, г. Тольятти, ул. Лизы Чайкиной, д. 75, стр. А;41,1;Казна
489;П1300000007586;63:09:0201059:13064;Нежилое здание;ТП-510 (трансформаторная подстанция);Самарская область, Комсомольский район, г. Тольятти, ул. Лизы Чайкиной, д. 87, стр. А;43,1;Казна
490;П1300000006491;63:09:0201059:13066;Нежилое здание;Овощехранилище;Самарская область, Комсомольский район, г. Тольятти, ул. Лизы Чайкиной, д. 87;77,6;Оперативное управление
491;П1300000007774;63:09:0201059:13067;Нежилое здание;Детский сад;Самарская область, Комсомольский район, г. Тольятти, ул. Лизы Чайкиной, д. 87;3053,1;Оперативное управление
492;П1300000006046;63:09:0201059:13068;Нежилое здание;Нежилое здание;Самарская область, Комсомольский район, г. Тольятти, ул. Лизы Чайкиной, д. 72;116,7;Казна
493;П1300000008693;63:09:0201059:13069;Нежилое здание;Нежилое здание;Самарская область, Комсомольский район, г. Тольятти, ул. Лизы Чайкиной, д. 72;1167,1;Казна
494;П1300000009951;63:09:0201059:14103;Нежилое здание;Нежилое здание;Самарская область, Комсомольский район, г. Тольятти, ул. Громовой, д. 30, стр. А;187,1;Оперативное управление
495;П1300000008192;63:09:0201059:821;Нежилое здание;Склад;Самарская область, Комсомольский район, г. Тольятти, ул. Коммунистическая, д. 93;88,2;Оперативное управление
496;П1300000008387;63:09:0201059:822;Нежилое здание;"Детский сад № 40 ""Снежинка""";Самарская область, Комсомольский район, г. Тольятти, ул. Коммунистическая, д. 93;1066,5;Оперативное управление
497;П1300000007279;63:09:0201059:824;Нежилое здание;ЦТП № 2 (2/63а);Самарская область, Комсомольский район, г. Тольятти, ул. Лизы Чайкиной, д. 77, стр. А;134,7;Казна
498;П1300000011328;63:09:0201059:834;Нежилое здание;Центральный тепловой пункт № 25 (ЦТП-25);Самарская область, Комсомольский район, г. Тольятти, ул. Мурысева, д. 76, стр. Б;139,2;Казна
499;П1300000007274;63:09:0201059:861;Нежилое здание;ЦТП № 7 ;Самарская область, Комсомольский район, г. Тольятти, ул. Лизы Чайкиной, д. 56, стр. А;134,6;Казна
500;П1300000008752;63:09:0201059:904;Нежилое здание;Овощехранилище;Самарская область, Комсомольский район, г. Тольятти, ул. Лизы Чайкиной, д. 64, стр.;101,2;Оперативное управление
501;П1300000007285;63:09:0201060:1175;Нежилое здание;ЦТП № 59;Самарская область, Комсомольский район, г. Тольятти, ул. Энергетиков, д. 17, стр. А;355,6;Казна
502;П1300000012788;63:09:0201060:1182;Нежилое здание;ТП-580 (трансформаторная подстанция);Самарская область, Комсомольский район, г. Тольятти, ул. Энергетиков, д. 17, стр. Б;46,2;Казна
503;П1300000008691;63:09:0201060:1194;Нежилое здание;Котельная № 10;Самарская область, Комсомольский район, г. Тольятти, ул. Зеленая, д. 8;372,1;Казна
504;П1300000008697;63:09:0201060:1248;Нежилое здание;котельная № 8;Самарская область, Комсомольский район, г. Тольятти, ул. Энергетиков, д. 23;2219,5;Казна
505;П1300000008646;63:09:0201060:1283;Нежилое здание;Школа;Самарская область, Комсомольский район, г. Тольятти, ул. Куйбышева, д. 24;4027,7;Оперативное управление
506;П1300000007513;63:09:0201060:1287;Нежилое здание;Детская школа искусств № 1;Самарская область, Комсомольский район, г. Тольятти, ул. Шлюзовая, д. 3;515,3;Оперативное управление
507;П1300000008649;63:09:0201060:1288;Нежилое здание;Школа;Самарская область, Комсомольский район, г. Тольятти, ул. Севастопольская, д. 1;3337,7;Оперативное управление
508;П1300000006632;63:09:0201060:1302;Нежилое здание;ЦТП № 58 ;Самарская область, Комсомольский район, г. Тольятти, ул. Куйбышева, д. 44, стр. А;202,3;Казна
509;П1300000007268;63:09:0201060:14688;Нежилое здание;ЦТП № 52 (24/21);Самарская область, Комсомольский район, г. Тольятти, ул. Энергетиков, д. 13;133,9;Казна
510;П1300000007267;63:09:0201060:14863;Нежилое здание;ЦТП № 54 (26/32);Самарская область, Комсомольский район, г. Тольятти, ул. Гидротехническая, д. 33, стр. Б;134,6;Казна
511;П1300000009209;63:09:0201060:14864;Нежилое здание;ТП-556 (трансформаторная подстанция);Самарская область, Комсомольский район, г. Тольятти, ул. Гидротехническая, д. 39, стр. А;51,3;Казна
512;П1300000008800;63:09:0201060:14866;Нежилое здание;Овощехранилище;Самарская область, Комсомольский район, г. Тольятти, ул. Гидротехническая, д. 21;90,8;Оперативное управление
513;П1300000008198;63:09:0201060:14867;Нежилое здание;Овощехранилище;Самарская область, Комсомольский район, г. Тольятти, ул. Гидротехническая, д. 25;87;Оперативное управление
514;П1300000008631;63:09:0201060:14869;Нежилое здание;Школа;Самарская область, Комсомольский район, г. Тольятти, ул. Гидротехническая, д. 31;9295;Оперативное управление
515;П1300000006508;63:09:0201060:14870;Нежилое здание;Теплица;Самарская область, Комсомольский район, г. Тольятти, ул. Гидротехническая, д. 31;259,2;Оперативное управление
516;П1300000008196;63:09:0201060:14871;Нежилое здание;Тир;Самарская область, Комсомольский район, г. Тольятти, ул. Гидротехническая, д. 31;371,4;Оперативное управление
517;П1300000007266;63:09:0201060:14872;Нежилое здание;Нежилое здание (ЦТП № 53 (25/13));Самарская область, Комсомольский район, г. Тольятти, ул. Гидротехническая, д. 43, стр. Б;185,1;Казна
518;П1300000007509;63:09:0201060:14896;Нежилое здание;Детский сад;Самарская область, Комсомольский район, г. Тольятти, ул. Гидротехническая, д. 21;2521,1;Оперативное управление
519;П1300000006419;63:09:0201060:14897;Нежилое здание;Детский сад;Самарская область, Комсомольский район, г. Тольятти, ул. Гидротехническая, д. 25;3884,4;Оперативное управление
520;П1300000006849;63:09:0201060:14900;Нежилое здание;Детский сад;Самарская область, Комсомольский район, г. Тольятти, ул. Гидротехническая, д. 8;3877;Оперативное управление
521;П1300000006828;63:09:0201060:14901;Нежилое здание;Овощехранилище;Самарская область, Комсомольский район, г. Тольятти, ул. Гидротехническая, д. 8;81,7;Оперативное управление
522;П1300000006829;63:09:0201060:14907;Нежилое здание;Нежилое здание;Самарская область, Комсомольский район, г. Тольятти, ул. Макарова, д. 6;89,3;Оперативное управление
523;П1300000006394;63:09:0201060:14908;Нежилое здание;Детский сад;Самарская область, Комсомольский район, г. Тольятти, ул. Макарова, д. 6;1073,1;Оперативное управление
524;П1300000009212;63:09:0201060:14916;Нежилое здание;ТП-564 (трансформаторная подстанция);Самарская область, Комсомольский район, г. Тольятти, ул. Железнодорожная, д. 19, стр. А;53,3;Казна
525;П1300000008633;63:09:0201060:14956;Нежилое здание;Школа;Самарская область, Комсомольский район, г. Тольятти, ул. Никонова, д. 18;4212,2;Оперативное управление
526;П1300000006740;63:09:0201060:14957;Нежилое здание;Гаражи;Самарская область, Комсомольский район, г. Тольятти, ул. Никонова, д. 18;103,9;Оперативное управление
527;П1300000007428;63:09:0201060:14978;Нежилое здание;Досуговый центр Русич;Самарская область, Комсомольский район, г. Тольятти, ул. Носова, д. 10;2570;Оперативное управление
528;П1300000007506;63:09:0201060:14980;Нежилое здание;Детский сад;Самарская область, Комсомольский район, г. Тольятти, ул. Железнодорожная, д. 7;2231,2;Оперативное управление
529;П1300000007088;63:09:0201060:14981;Нежилое здание;Овощехранилище;Самарская область, Комсомольский район, г. Тольятти, ул. Железнодорожная, д. 7;113,7;Оперативное управление
530;П1300000007096;63:09:0201060:14982;Нежилое здание;Овощехранилище;Самарская область, Комсомольский район, г. Тольятти, ул. Шлюзовая, д. 13, стр. А;74,6;Оперативное управление
531;П1300000007512;63:09:0201060:14986;Нежилое здание;Детский сад;Самарская область, Комсомольский район, г. Тольятти, ул. Шлюзовая, д. 13, стр. А;1110,4;Оперативное управление
532;П1300000007776;63:09:0201060:14987;Нежилое здание;Детский сад;Самарская область, Комсомольский район, г. Тольятти, ул. Шлюзовая, д. 37;2524,2;Оперативное управление
533;П1300000005854;63:09:0201060:14988;Нежилое здание;Овощехранилище;Самарская область, Комсомольский район, г. Тольятти, ул. Шлюзовая, д. 37;63,2;Оперативное управление
534;П1300000007504;63:09:0201060:14991;Нежилое здание;Детский сад;Самарская область, Комсомольский район, г. Тольятти, ул. Энергетиков, д. 5;2522,6;Оперативное управление
535;П1300000009115;63:09:0201060:14992;Нежилое здание;Овощехранилище;Самарская область, Комсомольский район, г. Тольятти, ул. Энергетиков, д. 5;86,2;Оперативное управление
536;П1300000005717;63:09:0201060:14998;Нежилое здание;ТП-472 (трансформаторная подстанция);Самарская область, Комсомольский район, г. Тольятти, ул. Шлюзовая, д. 8, стр. А;18,3;Казна
537;П1300000007550;63:09:0201060:14999;Нежилое здание;Гараж;Самарская область, Комсомольский район, г. Тольятти, ул. Энергетиков, д. 17;199;Оперативное управление
538;П1300000007391;63:09:0201060:15000;Нежилое здание;Склад;Самарская область, Комсомольский район, г. Тольятти, ул. Энергетиков, д. 17;96,5;Оперативное управление
539;П1300000008637;63:09:0201060:15001;Нежилое здание;Школа;Самарская область, Комсомольский район, г. Тольятти, ул. Энергетиков, д. 17;10979,1;Оперативное управление
540;П1300000007265;63:09:0201060:15024;Нежилое здание;ЦТП № 55 (27/33);Самарская область, Комсомольский район, г. Тольятти, ул. Гидротехническая, д. 19, стр. Б;134,8;Казна
541;П1300000006049;63:09:0201060:15505;Нежилое здание;Мазутонасосная;Самарская область, Комсомольский район, г. Тольятти, ул. Энергетиков, д. 23;215;Казна
542;П1300000007552;63:09:0201060:15511;Нежилое здание;Склад;Самарская область, Комсомольский район, г. Тольятти, ул. Севастопольская, д. 1;38;Оперативное управление
543;П1300000007551;63:09:0201060:15512;Нежилое здание;гараж;Самарская область, Комсомольский район, г. Тольятти, ул. Севастопольская, д. 1;73,6;Оперативное управление
544;П1300000008193;63:09:0201060:15513;Нежилое здание;Сарай;Самарская область, Комсомольский район, г. Тольятти, ул. Куйбышева, д. 24;121,5;Оперативное управление
545;П1300000007269;63:09:0201060:15883;Нежилое здание;ЦТП №56 (36/12);Самарская область, Комсомольский район, г. Тольятти, ул. Гидротехническая, д. 13;286,7;Казна
546;П1300000009262;63:09:0201060:15897;Нежилое здание;Соленасосная;Самарская область, Комсомольский район, г. Тольятти, ул. Энергетиков, д. 23;12,3;Казна
547;П1300000013672;63:09:0201060:16008;Нежилое здание;Трансформаторная подстанция № 594;Самарская область, Комсомольский район, г. Тольятти, ул. Гидротехническая, д. 30, стр. В;52,8;Казна
548;П1300000008696;63:09:0201061:3342;Нежилое здание;котельная № 7;Самарская область, Комсомольский район, г. Тольятти, ул. Ингельберга, д. 9А;242,8;Казна
549;П1300000012519;63:09:0201062:1727;Нежилое здание;Универсально-спортивный комплекс с инженерно-техническим обеспечением;Самарская область, Комсомольский район, г. Тольятти, проезд Майский, д. 7А;1437,8;Оперативное управление
550;П1300000008632;63:09:0201062:1817;Нежилое здание;Школа № 11;Самарская область, Комсомольский район, г. Тольятти, проезд Майский, д. 7;11098,1;Оперативное управление
551;П1300000007271;63:09:0201062:4966;Нежилое здание;Нежилое здание (ЦТП № 70);Самарская область, Комсомольский район, г. Тольятти, проезд Майский, д. 11А;278,8;Казна
552;П1300000005723;63:09:0201062:5031;Нежилое здание;ТП-492 (трансформаторная подстанция);Самарская область, Комсомольский район, г. Тольятти, ул. Телеграфная, д. 34, стр. Б;25,3;Казна
553;П1300000008638;63:09:0201062:5056;Нежилое здание;Нежилое здание;Самарская область, Комсомольский район, г. Тольятти, ул. Телеграфная, д. 4;1894,4;Казна
554;П1300000008678;63:09:0201062:5146;Нежилое здание;Хлораторная;"Самарская область, Комсомольский район, г. Тольятти, Водозабор "" Жиг.море""";133,2;Казна
555;П1300000006045;63:09:0201062:5490;Нежилое здание;ЦТП № 71 (19/24);Самарская область, Комсомольский район, г. Тольятти, проезд Майский, д. 64В;284,7;Казна
556;П1300000007429;63:09:0201062:5491;Нежилое здание;Хозблок;Самарская область, Комсомольский район, г. Тольятти, проезд Майский, д. 7, стр.;188,4;Оперативное управление
557;П1300000009263;63:09:0202051:1002;Нежилое здание;Мазутонасосная станция;Самарская область, Комсомольский район, г. Тольятти, ул. Громовой, д. 43;383,3;Казна
558;П1300000007308;63:09:0202051:589;Нежилое здание;Тяговая подстанция  № 4;Самарская область, Комсомольский район, г. Тольятти, ул. Громовой, д. 13;193,2;Хозяйственное ведение
559;П1300000008756;63:09:0202051:590;Нежилое здание;Склад электрооборудования;Самарская область, Комсомольский район, г. Тольятти, ул. Громовой, д. 43, стр.;41,1;Казна
560;П1300000008755;63:09:0202051:597;Нежилое здание;Здание конденсатоочистки;Самарская область, Комсомольский район, г. Тольятти, ул. Громовой, д. 43, стр.;73,6;Казна
561;П1300000008753;63:09:0202051:600;Нежилое здание;Станция жидких присадок;Самарская область, Комсомольский район, г. Тольятти, ул. Громовой, д. 43, стр.;16,7;Казна
562;П1300000008695;63:09:0202051:603;Нежилое здание;Котельная № 2;Самарская область, Комсомольский район, г. Тольятти, ул. Громовой, д. 43;5550,5;Казна
563;П1300000008736;63:09:0202051:607;Нежилое здание;Нежилое здание;Самарская область, Комсомольский район, г. Тольятти, ул. Громовой, д. 43, стр.;38,3;Казна
564;П1300000008754;63:09:0202051:608;Нежилое здание;Склад кислоты;Самарская область, Комсомольский район, г. Тольятти, ул. Громовой, д. 43, стр.;50,6;Казна
565;П1300000009257;63:09:0202051:620;Нежилое здание;ТП-549 (трансформаторная подстанция);Самарская область, Комсомольский район, г. Тольятти, ул. Громовой, д. 43;92,7;Казна
566;П1300000009071;63:09:0202051:920;Нежилое здание;ТП-453 (трансформаторная подстанция);Самарская область, Комсомольский район, г. Тольятти, ул. Громовой, д. 29, стр. Е;40,9;Казна
567;П1300000006047;63:09:0202051:956;Нежилое здание;Склад;Самарская область, Комсомольский район, г. Тольятти, ул. Громовой, д. 43;564,7;Казна
568;П1300000006494;63:09:0202052:1285;Нежилое здание;ТП-447 (трансформаторная подстанция);Самарская область, Комсомольский район, г. Тольятти, ул. Коммунистическая, д. 122, стр. А;61,1;Казна
569;П1300000006493;63:09:0202052:1287;Нежилое здание;Бытовое помещение;Самарская область, Комсомольский район, г. Тольятти, ул. Коммунистическая, д. 122;22,1;Казна
570;П1300000008720;63:09:0202052:1305;Нежилое здание;Газораспределительный пункт 2 к котельной № 8 (ГРП 190) ;Самарская область, Комсомольский район, г. Тольятти, ул. Магистральная, д. 5, стр. Б;170,6;Казна
571;П1300000008721;63:09:0202052:1352;Нежилое здание;ГРП № 86 (газораспределительный пункт);Самарская область, Центральный район, г. Тольятти, ул. Комсомольская, д. 96, стр. Б;174,5;Казна
572;П1300000008624;63:09:0202052:1393;Нежилое здание;Школа;Самарская область, Автозаводский район, г. Тольятти, б-р Цветной, д. 18;10786,5;Оперативное управление
573;П1300000009094;63:09:0202053:1068;Нежилое здание;КНС-7;Самарская область, Комсомольский район, г. Тольятти, ул. Громовой, д. 60;48,2;Казна
574;П1300000009458;63:09:0202053:623;Нежилое здание;Нежилое здание;Самарская область, Комсомольский район, г. Тольятти, ул. Лизы Чайкиной, д. 72, стр.;12,6;Казна
575;П1300000011330;63:09:0202053:624;Нежилое здание;Нежилое здание;Самарская область, Комсомольский район, г. Тольятти, ул. Лизы Чайкиной, д. 72, стр.;157,4;Казна
576;П1300000009082;63:09:0202054:677;Нежилое здание;Диспетчерский пункт;Самарская область, Комсомольский район, г. Тольятти, ул. Никонова, д. 41, стр. Б;168,9;Казна
577;П1300000005685;63:09:0204065:513;Нежилое здание;Тяговая подстанция № 20;Самарская область, Комсомольский район, г. Тольятти, ш. Поволжское, д. 8;224,5;Хозяйственное ведение
578;П1300000010529;63:09:0204065:514;Нежилое здание;Тяговая подстанция № 19;Самарская область, Комсомольский район, г. Тольятти, ш. Поволжское, д. 6;222,8;Хозяйственное ведение
579;П1300000007011;63:09:0204065:518;Нежилое здание;Нежилое здание (общественный туалет);Самарская область, Комсомольский район, г. Тольятти, ш. Поволжское, д. 5;28,7;Казна
580;П1300000007012;63:09:0204065:519;Нежилое здание;Нежилое здание (общественный туалет);Самарская область, Комсомольский район, г. Тольятти, ш. Поволжское, д. 5;29;Казна
581;П1300000007010;63:09:0204065:520;Нежилое здание;Нежилое здание (общественный туалет);Самарская область, Комсомольский район, г. Тольятти, ш. Поволжское, д. 5;28,8;Казна
582;П1300000006308;63:09:0204065:521;Нежилое здание;Нежилое здание (цветочный павильон);Самарская область, Комсомольский район, г. Тольятти, ш. Поволжское, д. 5;38,3;Казна
583;П1300000007357;63:09:0204066:508;Нежилое здание;Тяговая подстанция № 21;Самарская область, муниципальный район Ставропольский, с. Васильевка, 1800 м восточнее границы села Васильевка;224,4;Хозяйственное ведение
584;П1300000007960;63:09:0204067:1052;Нежилое здание;РП-12;Самарская область, Комсомольский район, г. Тольятти, ул. Нижнегородская, д. 42, стр. А;50,5;Казна
585;П1300000014230;63:09:0204067:1342;Нежилое здание;Нежилое здание, Детский сад, расположенный по адресу: Самарская область, г. Тольятти, Комсомольский район, мкр. Жигулевское море;Самарская область, Комсомольский район, г. Тольятти, ул. Ивана Красюка, д. 1;3250;Оперативное управление
586;П1300000007373;63:09:0204068:548;Нежилое здание;Склад для троллейбусов депо на 100 машин;Самарская область, Комсомольский район, г. Тольятти, ул. Громовой, д. 55, стр. 6;235,4;Хозяйственное ведение
587;П1300000007374;63:09:0204068:549;Нежилое здание;Контрольная при въезде;Самарская область, Комсомольский район, г. Тольятти, ул. Громовой, д. 55, стр. 1;10;Хозяйственное ведение
588;П1300000007358;63:09:0204068:554;Нежилое здание;Производственный корпус 2 очереди Депо № 3;Самарская область, Комсомольский район, г. Тольятти, ул. Громовой, д. 55, стр. 2;438,7;Хозяйственное ведение
589;П1300000007372;63:09:0204068:555;Нежилое здание;Контрольная на выезде;Самарская область, Комсомольский район, г. Тольятти, ул. Громовой, д. 55, стр. 3;10,2;Хозяйственное ведение
590;П1300000005684;63:09:0204068:556;Нежилое здание;Тяговая подстанция № 18;Самарская область, Комсомольский район, г. Тольятти, ул. Громовой, д. 55, стр. 4;584,5;Хозяйственное ведение
591;П1300000007087;63:09:0204068:559;Нежилое здание;Административно-бытовой корпус, столовая административно-бытового корпуса, производственный корпус;Самарская область, Комсомольский район, г. Тольятти, ул. Громовой, д. 55;10576,5;Хозяйственное ведение
592;П1300000009499;63:09:0204068:561;Нежилое здание;Приемный резервуар;Самарская область, Комсомольский район, г. Тольятти, ул. Громовой, д. 49, стр. А;145,4;Казна
593;П1300000007361;63:09:0204068:569;Нежилое здание;Маслосклад  депо № 3;Самарская область, Комсомольский район, г. Тольятти, ул. Громовой, д. 55, стр. 7;24,3;Хозяйственное ведение
594;П1300000014335;63:09:0204068:836;Нежилое здание;Подземная стоянка электрокар (ЗС ГО № 457-63);Самарская область, Комсомольский район, г. Тольятти, ул. Громовой, д. 55, строение 5;384,3;Хозяйственное ведение
595;П1300000005893;63:09:0205030:1098;Нежилое здание;Здание (лит. А15) - Административное;"Самарская область, Комсомольский район, г. Тольятти, п/о Копылово, т/б ""Родничок""";106,2;Казна
596;П1300000009158;63:09:0205030:1104;Нежилое здание;Гараж;Самарская область, Комсомольский район, г. Тольятти, ул. Бурлацкая, д. 42, строение 10;27,5;Оперативное управление
597;П1300000005895;63:09:0205030:1235;Нежилое здание;Здание (лит. А18) - Домик отдыха;"Самарская область, Комсомольский район, г. Тольятти, п/о Копылово, т/б ""Родничок""";16;Казна
598;П1300000005889;63:09:0205030:1237;Нежилое здание;Здание (лит. А2) - Клуб;"Самарская область, Комсомольский район, г. Тольятти, п/о Копылово, т/б ""Родничок""";118,9;Казна
599;П1300000006001;63:09:0205030:1239;Нежилое здание;Здание (лит. А19) - Домик отдыха;"Самарская область, Комсомольский район, г. Тольятти, п/о Копылово, т/б ""Родничок""";16,2;Казна
600;П1300000006010;63:09:0205030:1240;Нежилое здание;Здание (лит. А12) - Домик отдыха;"Самарская область, Комсомольский район, г. Тольятти, п/о Копылово, т/б ""Родничок""";35,1;Казна
601;П1300000006004;63:09:0205030:1244;Нежилое здание;Здание (лит. А22) - Бар;"Самарская область, Комсомольский район, г. Тольятти, п/о Копылово, т/б ""Родничок""";23,8;Казна
602;П1300000006011;63:09:0205030:1245;Нежилое здание;Здание (лит. А13) - Домик отдыха;"Самарская область, Комсомольский район, г. Тольятти, п/о Копылово, т/б ""Родничок""";35,1;Казна
603;П1300000005892;63:09:0205030:1248;Нежилое здание;Здание (лит. А14) - Баня;"Самарская область, Комсомольский район, г. Тольятти, п/о Копылово, т/б ""Родничок""";22,7;Казна
604;П1300000006003;63:09:0205030:1250;Нежилое здание;Здание (лит. А21) - Медпункт;"Самарская область, Комсомольский район, г. Тольятти, п/о Копылово, т/б ""Родничок""";23,8;Казна
605;П1300000006012;63:09:0205030:1251;Нежилое здание;Здание (лит. А28) - Домик отдыха;"Самарская область, Комсомольский район, г. Тольятти, п/о Копылово, т/б ""Родничок""";15,6;Казна
606;П1300000005894;63:09:0205030:1252;Нежилое здание;Здание (лит. А16) - Баня;"Самарская область, Комсомольский район, г. Тольятти, п/о Копылово, т/б ""Родничок""";22,7;Казна
607;П1300000006002;63:09:0205030:1253;Нежилое здание;Здание (лит. А20) - Домик отдыха;"Самарская область, Комсомольский район, г. Тольятти, п/о Копылово, т/б ""Родничок""";16,4;Казна
608;П1300000006704;63:09:0205030:1307;Нежилое здание;Здание хозблока (Лит. А5) (с мансардой);Самарская область, Комсомольский район, г. Тольятти, ул. Бурлацкая, здание 42, строение 3;209,5;Оперативное управление
609;П1300000006705;63:09:0205030:1308;Нежилое здание;Здание (Лит. А10) - Домик  шлакоблочный;Самарская область, Комсомольский район, г. Тольятти, ул. Бурлацкая, здание 42, строение 8;87,5;Оперативное управление
610;П1300000006698;63:09:0205030:1309;Нежилое здание;Домик шлакоблочный;Самарская область, Комсомольский район, г. Тольятти, ул. Бурлацкая, здание 42, строение 7;88,1;Оперативное управление
611;П1300000006706;63:09:0205030:1310;Нежилое здание;Домик шлакоблочный (лит. А11);Самарская область, Комсомольский район, г. Тольятти, ул. Бурлацкая, здание 42, строение 9;88,2;Оперативное управление
612;П1300000006699;63:09:0205030:1311;Нежилое здание;Домик шлакоблочный;Самарская область, Комсомольский район, г. Тольятти, ул. Бурлацкая, здание 42, строение 6;87,6;Оперативное управление
613;П1300000006702;63:09:0205030:1312;Нежилое здание;Домик шлакоблочный - медпункт;Самарская область, Комсомольский район, г. Тольятти, ул. Бурлацкая, здание 42, строение 4;88,2;Оперативное управление
614;П1300000006708;63:09:0205030:1313;Нежилое здание;Здание столовой (Лит.А2А3А4) с коммуникациями;Самарская область, Комсомольский район, г. Тольятти, ул. Бурлацкая, здание 42, строение 2;367,6;Оперативное управление
615;П1300000006707;63:09:0205030:1314;Нежилое здание;Здание (Лит. А1) - Зрительный зал;Самарская область, Комсомольский район, г. Тольятти, ул. Бурлацкая, здание 42 строение 1;235,5;Оперативное управление
616;П1300000006703;63:09:0205030:1315;Нежилое здание;Здание (Лит. А7) - Домик шлакоблочный;Самарская область, Комсомольский район, г. Тольятти, ул. Бурлацкая, здание 42, строение 5;88,6;Оперативное управление
617;П1300000014261;63:09:0205030:1699;Нежилое здание;Нежилое здание (лит. А33);"Самарская область, Комсомольский район, г. Тольятти, п/о Копылово, т/б ""Родничок""";32,9;Казна
618;П1300000014251;63:09:0205030:1700;Нежилое здание;Нежилое здание (лит. А32);"Самарская область, Комсомольский район, г. Тольятти, п/о Копылово, т/б ""Родничок""";95,3;Казна
619;П1300000013816;63:09:0205030:1724;Нежилое здание;Здание (лит. А26) - Сторожка;"Самарская область, Комсомольский район, г. Тольятти, п/о Копылово, т/б ""Родничок""";21,2;Казна
620;П1300000013817;63:09:0205030:1725;Нежилое здание;Здание (лит. А27) - Склад;"Самарская область, Комсомольский район, г. Тольятти, п/о Копылово, т/б ""Родничок""";85,6;Казна
621;П1300000007936;63:09:0205030:735;Нежилое здание;Домик;Самарская область, Комсомольский район, г. Тольятти, ул. Бурлацкая, д. 92, стр.;24,8;Казна
622;П1300000006712;63:09:0205030:749;Нежилое здание;Домик;Самарская область, Комсомольский район, г. Тольятти, ул. Бурлацкая, д. 92, стр.;26,1;Казна
623;П1300000008788;63:09:0205030:750;Нежилое здание;Домик;Самарская область, Комсомольский район, г. Тольятти, ул. Бурлацкая, д. 92, стр.;52,6;Казна
624;П1300000009073;63:09:0205030:751;Нежилое здание;Домик;Самарская область, Комсомольский район, г. Тольятти, ул. Бурлацкая, д. 92, стр.;54;Казна
625;П1300000009303;63:09:0205030:757;Нежилое здание;Домик;Самарская область, Комсомольский район, г. Тольятти, ул. Бурлацкая, д. 92, стр.;25,2;Казна
626;П1300000006335;63:09:0205030:758;Нежилое здание;Домик;Самарская область, Комсомольский район, г. Тольятти, ул. Бурлацкая, д. 92, стр.;26;Казна
627;П1300000009160;63:09:0205030:759;Нежилое здание;Домик;Самарская область, Комсомольский район, г. Тольятти, ул. Бурлацкая, д. 92, стр.;33,2;Казна
628;П1300000009161;63:09:0205030:760;Нежилое здание;Домик;Самарская область, Комсомольский район, г. Тольятти, ул. Бурлацкая, д. 92, стр.;11,2;Казна
629;П1300000008968;63:09:0205030:761;Нежилое здание;Домик;Самарская область, Комсомольский район, г. Тольятти, ул. Бурлацкая, д. 92, стр.;25,6;Казна
630;П1300000009286;63:09:0205030:762;Нежилое здание;Домик;Самарская область, Комсомольский район, г. Тольятти, ул. Бурлацкая, д. 92, стр.;24,4;Казна
631;П1300000007281;63:09:0205030:763;Нежилое здание;Домик;Самарская область, Комсомольский район, г. Тольятти, ул. Бурлацкая, д. 92, стр.;26,1;Казна
632;П1300000005859;63:09:0205030:769;Нежилое здание;Домик;Самарская область, Комсомольский район, г. Тольятти, ул. Бурлацкая, д. 92, стр.;14,5;Казна
633;П1300000009056;63:09:0205030:781;Нежилое здание;Домик;Самарская область, Комсомольский район, г. Тольятти, ул. Бурлацкая, д. 92, стр.;25,9;Казна
634;П1300000009054;63:09:0205030:782;Нежилое здание;"Павильон ""Уралочка""";Самарская область, Комсомольский район, г. Тольятти, ул. Бурлацкая, д. 92, стр.;26;Казна
635;П1300000007021;63:09:0205030:784;Нежилое здание;Домик;Самарская область, Комсомольский район, г. Тольятти, ул. Бурлацкая, д. 92, стр.;13,6;Казна
636;П1300000008392;63:09:0206056:8838;Нежилое здание;Столовая;Самарская область, Комсомольский район, г. Тольятти, ул. Бурлацкая, д. 92;308;Казна
637;П1300000008911;63:09:0206057:2426;Нежилое здание;Наземный павильон скважины;Самарская область, Комсомольский район, г. Тольятти, ул. Бурлацкая, д. 94, стр.;17,5;Казна
638;П1300000009116;63:09:0206057:2992;Нежилое здание;Здание восстановительного центра;Самарская область, Комсомольский район, г. Тольятти, ул. Бурлацкая, здание 42;167,6;Оперативное управление
639;П1300000008702;63:09:0206058:1959;Нежилое здание;Столовая на 50 посадочных мест;"Самарская область, Комсомольский район, г. Тольятти, северо-восточная часть территории турбазы ""Родничок"" на п/о Копылово";465,4;Казна
640;П1300000013920;63:09:0206060:4059;Нежилое здание;Районная насосная станция (РНС-6);Самарская область, Комсомольский район, г. Тольятти, ул. Никонова, д. 51;1205,7;Казна
641;П1300000009252;63:09:0301083:2328;Нежилое здание;ТП-82 (трансформаторная подстанция);Самарская область, Центральный район, г. Тольятти, ул. Мира, д. 60, стр. В;34,3;Казна
642;П1300000008103;63:09:0301083:2331;Нежилое здание;Гараж, сарай;Самарская область, Центральный район, г. Тольятти, ул. Ставропольская, д. 19;69,9;Оперативное управление
643;П1300000009251;63:09:0301083:2332;Нежилое здание;ТП-83 (трансформаторная подстанция);Самарская область, Центральный район, г. Тольятти, ул. Ставропольская, д. 27, стр. А;18,9;Казна
644;П1300000007768;63:09:0301083:2334;Нежилое здание;Детский сад;Самарская область, Центральный район, г. Тольятти, ул. Ставропольская, д. 102;2986,1;Оперативное управление
645;П1300000007785;63:09:0301083:2337;Нежилое здание;Школа;Самарская область, Центральный район, г. Тольятти, ул. Ставропольская, д. 19;4130,1;Оперативное управление
646;П1300000007113;63:09:0301083:2359;Нежилое здание;Склад;Самарская область, Центральный район, г. Тольятти, ул. Советская, д. 53, стр. А;20,9;Оперативное управление
647;П1300000008353;63:09:0301083:2360;Нежилое здание;Детский сад № 55;Самарская область, Центральный район, г. Тольятти, ул. Советская, д. 53, стр. А;1093,9;Оперативное управление
648;П1300000005844;63:09:0301083:2361;Нежилое здание;Склад;Самарская область, Центральный район, г. Тольятти, ул. Советская, д. 53, стр. А;103,5;Оперативное управление
649;П1300000006963;63:09:0301100:1313;Нежилое здание;Детский сад;Самарская область, Центральный район, г. Тольятти, ул. Ленинградская, д. 38;1055,5;Оперативное управление
650;П1300000007100;63:09:0301100:1314;Нежилое здание;Склад-овощехранилище;Самарская область, Центральный район, г. Тольятти, ул. Ленинградская, д. 38;77,5;Оперативное управление
651;П1300000006687;63:09:0301100:1317;Нежилое здание;Склад;Самарская область, Центральный район, г. Тольятти, ул. Ленинградская, д. 54;90,5;Оперативное управление
652;П1300000006391;63:09:0301100:1318;Нежилое здание;ясли-сад;Самарская область, Центральный район, г. Тольятти, ул. Ленинградская, д. 54;1053,9;Оперативное управление
653;П1300000007417;63:09:0301100:1329;Нежилое здание;Детская музыкальная школа;Самарская область, Центральный район, г. Тольятти, ул. Мира, д. 72;836,4;Оперативное управление
654;П1300000006967;63:09:0301100:1331;Нежилое здание;Детский сад;Самарская область, Центральный район, г. Тольятти, ул. Мира, д. 81;3058,9;Оперативное управление
655;П1300000007116;63:09:0301100:1332;Нежилое здание;Склад;Самарская область, Центральный район, г. Тольятти, ул. Мира, д. 81;88,4;Оперативное управление
656;П1300000012972;63:09:0301100:1334;Нежилое здание;Предприятие общественного питания (кафе);Самарская область, Центральный район, г. Тольятти, ул. Ленинградская, д. 25;498,1;Казна
657;П1300000005691;63:09:0301101:2068;Нежилое здание;ТП-86 (трансформаторная подстанция);Самарская область, Центральный район, г. Тольятти, ул. Мира, д. 31, стр. Б;34,9;Казна
658;П1300000007771;63:09:0301104:1550;Нежилое здание;Детский сад;Самарская область, Центральный район, г. Тольятти, ул. Белорусская, д. 8;2311,8;Оперативное управление
659;П1300000006749;63:09:0301104:1551;Нежилое здание;Склад;Самарская область, Центральный район, г. Тольятти, ул. Белорусская, д. 8;98,4;Оперативное управление
660;П1300000009254;63:09:0301104:1559;Нежилое здание;ТП-3 (трансформаторная подстанция);Самарская область, Центральный район, г. Тольятти, ул. Родины, д. 50;23,8;Казна
661;П1300000006837;63:09:0301104:1560;Нежилое здание;"Спорткомплекс ""Старт""";Самарская область, Центральный район, г. Тольятти, ул. Республиканская, д. 1;3501,8;Оперативное управление
662;П1300000014349;63:09:0301105:1006;Нежилое здание;Здание ЗС ГО № 411-63, убежище;Самарская область, Центральный район, г. Тольятти, ул. Белорусская, здание 33Б;268,5;Казна
663;П1300000007305;63:09:0301105:520;Нежилое здание;Тяговая подстанция № 3;Самарская область, Центральный район, г. Тольятти, ул. Родины, д. 52;195;Хозяйственное ведение
664;П1300000007966;63:09:0301105:739;Нежилое здание;ТП-184 (трансформаторная подстанция);Самарская область, Центральный район, г. Тольятти, ул. Белорусская, д. 25, стр. А;36;Казна
665;П1300000006962;63:09:0301106:1329;Нежилое здание;Детский сад;Самарская область, Центральный район, г. Тольятти, ул. Ушакова, д. 37;863,9;Оперативное управление
666;П1300000005850;63:09:0301106:1330;Нежилое здание;Овощехранилище;Самарская область, Центральный район, г. Тольятти, ул. Ушакова, д. 37;109;Оперативное управление
667;П1300000005849;63:09:0301106:1331;Нежилое здание;Прачечная;Самарская область, Центральный район, г. Тольятти, ул. Ушакова, д. 37;71,9;Оперативное управление
668;П1300000007534;63:09:0301106:1335;Нежилое здание;ясли-сад;Самарская область, Центральный район, г. Тольятти, ул. Ушакова, д. 50;1996,9;Оперативное управление
669;П1300000009275;63:09:0301106:1337;Нежилое здание;Склад;Самарская область, Центральный район, г. Тольятти, ул. Ушакова, д. 50;116,7;Оперативное управление
670;П1300000013773;63:09:0301109:1358;Нежилое здание;Нежилое здание - трансформаторная подстанция № 390;Самарская область, Центральный район, г. Тольятти, ул. Баныкина, д. 8Д;62,9;Казна
671;П1300000014620;63:09:0301109:1615;Нежилое здание;Нежилое здание трансформаторной подстанции (ТП);Самарская область, Центральный район, г. Тольятти, ул. Баныкина, д. 8, стр. Г;45,4;Казна
672;П1300000008101;63:09:0301109:829;Нежилое здание;Склад;Самарская область, Центральный район, г. Тольятти, ул. Баныкина, д. 12;32,3;Оперативное управление
673;П1300000007792;63:09:0301109:833;Нежилое здание;Школа;Самарская область, Центральный район, г. Тольятти, ул. Баныкина, д. 12;5816,2;Оперативное управление
674;П1300000008982;63:09:0301109:834;Нежилое здание;Теплица;Самарская область, Центральный район, г. Тольятти, ул. Баныкина, д. 12;188,9;Оперативное управление
675;П1300000008972;63:09:0301109:836;Нежилое здание;Теплица;Самарская область, Центральный район, г. Тольятти, ул. Баныкина, д. 44;259,1;Оперативное управление
676;П1300000007969;63:09:0301109:839;Нежилое здание;ТП-16 (трансформаторная подстанция);Самарская область, Центральный район, г. Тольятти, ул. Баныкина, д. 8Б;38;Казна
677;П1300000007967;63:09:0301109:840;Нежилое здание;ТП-25 (трансформаторная подстанция);Самарская область, Центральный район, г. Тольятти, ул. Баныкина, д. 8В;53,6;Казна
678;П1300000008647;63:09:0301109:842;Нежилое здание;Школа;Самарская область, Центральный район, г. Тольятти, ул. Баныкина, д. 44;5750,1;Оперативное управление
679;П1300000007963;63:09:0301109:845;Нежилое здание;ТП-15 (трансформаторная подстанция);Самарская область, Центральный район, г. Тольятти, ул. Баныкина, д. 8А;38,4;Казна
680;П1300000007793;63:09:0301109:846;Нежилое здание;Школа;Самарская область, Центральный район, г. Тольятти, ул. Баныкина, д. 4;6173,3;Оперативное управление
681;П1300000006769;63:09:0301109:848;Нежилое здание;Склад, гараж;Самарская область, Центральный район, г. Тольятти, ул. Баныкина, д. 4;66,2;Оперативное управление
682;П1300000006768;63:09:0301109:850;Нежилое здание;Теплица;Самарская область, Центральный район, г. Тольятти, ул. Баныкина, д. 4;84,9;Оперативное управление
683;П1300000006480;63:09:0301109:853;Нежилое здание;Общественный туалет;Самарская область, Центральный район, г. Тольятти, ул. Баныкина, д. 41;28,5;Казна
684;П1300000006526;63:09:0301109:856;Нежилое здание;ТП-95А (трансформаторная подстанция);Самарская область, Центральный район, г. Тольятти, ул. Баныкина, д. 5, стр. Б;50;Казна
685;П1300000006246;63:09:0301111:3909;Нежилое здание;Нежилое здание;Самарская область, Центральный район, г. Тольятти, б-р Ленина, д. 15;3815,1;Казна
686;П1300000008963;63:09:0301111:3913;Нежилое здание;ЦТП-2;Самарская область, Центральный район, г. Тольятти, ул. Ленинградская, д. 55, стр. А;104,2;Казна
687;П1300000006291;63:09:0301111:3916;Нежилое здание;Овощехранилище;Самарская область, Центральный район, г. Тольятти, б-р Ленина, д. 17;124,4;Оперативное управление
688;П1300000006831;63:09:0301111:3917;Нежилое здание;"Нежилое здание, Здание (Лит. А) - детский сад ""Белоснежка"" №110)";Самарская область, Центральный район, г. Тольятти, б-р Ленина, д. 17;3693,2;Оперативное управление
689;П1300000007418;63:09:0301111:3922;Нежилое здание;Здание (лит.А) - музыкальная школа;Самарская область, Центральный район, г. Тольятти, ул. Жилина, д. 5;933,2;Оперативное управление
690;П1300000006407;63:09:0301111:3924;Нежилое здание; Детский сад;Самарская область, Центральный район, г. Тольятти, ул. Жилина, д. 52;1952,2;Оперативное управление
691;П1300000007102;63:09:0301111:3925;Нежилое здание;Склад;Самарская область, Центральный район, г. Тольятти, ул. Жилина, д. 52;113,7;Оперативное управление
692;П1300000006839;63:09:0301111:3926;Нежилое здание;Детский сад;Самарская область, Центральный район, г. Тольятти, ул. Жилина, д. 50;3025,9;Оперативное управление
693;П1300000008966;63:09:0301111:3929;Нежилое здание;ЦТП № 3;Самарская область, Центральный район, г. Тольятти, ул. Жилина, д. 40, стр. Б;106,6;Казна
694;П1300000007791;63:09:0301111:3931;Нежилое здание;Школа;Самарская область, Центральный район, г. Тольятти, ул. Ленина, д. 108;5093,6;Оперативное управление
695;П1300000008848;63:09:0301111:3934;Нежилое здание;Сарай;Самарская область, Центральный район, г. Тольятти, ул. Ленина, д. 108;33,9;Оперативное управление
696;П1300000007962;63:09:0301111:3935;Нежилое здание;Овощехранилище;Самарская область, Центральный район, г. Тольятти, ул. Ленина, д. 109, стр.;88,7;Оперативное управление
697;П1300000008348;63:09:0301111:3938;Нежилое здание;Детский сад;Самарская область, Центральный район, г. Тольятти, ул. Ленина, д. 109;1076,6;Оперативное управление
698;П1300000007505;63:09:0301111:4141;Нежилое здание;ясли-сад;Самарская область, Центральный район, г. Тольятти, ул. Жилина, д. 48;3035,7;Оперативное управление
699;П1300000005851;63:09:0301111:4142;Нежилое здание;Склад;Самарская область, Центральный район, г. Тольятти, ул. Жилина, д. 48;90,1;Оперативное управление
700;П1300000008947;63:09:0301114:518;Нежилое здание;ТП-224 (трансформаторная подстанция);Самарская область, Центральный район, г. Тольятти, б-р Ленина, д. 19, стр. Б;42,6;Казна
701;П1300000008652;63:09:0301115:3924;Нежилое здание;Гимназия № 9;Самарская область, Центральный район, г. Тольятти, ул. Баныкина, д. 22;6421,8;Оперативное управление
702;П1300000005884;63:09:0301115:3927;Нежилое здание;Крытый каток с искусственным льдом;Самарская область, Центральный район, г. Тольятти, ул. Баныкина, д. 9;5867,9;Оперативное управление
703;П1300000006482;63:09:0301115:3928;Нежилое здание;Холодильная станция;Самарская область, Центральный район, г. Тольятти, ул. Баныкина, д. 9;332,6;Оперативное управление
704;П1300000006492;63:09:0301115:3930;Нежилое здание;Здание;Самарская область, Центральный район, г. Тольятти, ул. Баныкина, д. 22, стр. А;3170,4;Оперативное управление
705;П1300000006547;63:09:0301115:3932;Нежилое здание;ТП-227 (трансформаторная подстанция);Самарская область, Центральный район, г. Тольятти, ул. Баныкина, д. 9, стр. Б;52,8;Казна
706;П1300000009446;63:09:0301115:3934;Нежилое здание;Хозблок;Самарская область, Центральный район, г. Тольятти, ул. Голосова, д. 101, стр.;98,8;Оперативное управление
707;П1300000007510;63:09:0301115:3935;Нежилое здание;Детский сад;Самарская область, Центральный район, г. Тольятти, ул. Голосова, д. 101;2573,4;Оперативное управление
708;П1300000008964;63:09:0301115:3937;Нежилое здание;ЦТП-1;Самарская область, Центральный район, г. Тольятти, б-р Ленина, д. 9, стр. А;107,5;Казна
709;П1300000006317;63:09:0301115:3940;Нежилое здание;ЦТП-12, ЦТП-14;Самарская область, Центральный район, г. Тольятти, ул. Голосова, д. 38, стр. А;368,6;Казна
710;П1300000008965;63:09:0301115:3942;Нежилое здание;ЦТП-1а;Самарская область, Центральный район, г. Тольятти, б-р Ленина, д. 9, стр. В;46,6;Казна
711;П1300000012963;63:09:0301136:1214;Нежилое здание;Общественный туалет;Самарская область, Центральный район, г. Тольятти, ш. Лесопарковое, д. 15, стр. Б;31,8;Оперативное управление
712;П1300000009406;63:09:0301136:2891;Нежилое здание;ТП-217 (трансформаторная подстанция);Самарская область, Центральный район, г. Тольятти, ул. Ленина, д. 37, стр. Б;49,7;Казна
713;П1300000009068;63:09:0301136:2984;Нежилое здание;ТП-170 (трансформаторная подстанция);Самарская область, Центральный район, г. Тольятти, ул. Толстого, д. 19, стр. Б;52,3;Казна
714;П1300000008084;63:09:0301136:2986;Нежилое здание;ЦТП-6;Самарская область, Центральный район, г. Тольятти, ул. Толстого, д. 25, стр. А;135,3;Казна
715;П1300000005581;63:09:0301136:3966;Нежилое здание;ЦТП-26;Самарская область, Центральный район, г. Тольятти, ул. Толстого, д. 5, стр. Б;130,3;Казна
716;П1300000009052;63:09:0301138:3243;Нежилое здание;ЦТП-28;Самарская область, Центральный район, г. Тольятти, пер. Чернышевского, д. 2, стр. А;249,2;Казна
717;П1300000005845;63:09:0301138:3296;Нежилое здание;Склад;Самарская область, Центральный район, г. Тольятти, ул. Шлютова, д. 130;106,2;Оперативное управление
718;П1300000007537;63:09:0301138:3297;Нежилое здание;Детский сад - ясли;Самарская область, Центральный район, г. Тольятти, ул. Шлютова, д. 130;2062,5;Оперативное управление
719;П1300000007089;63:09:0301138:3715;Нежилое здание;Тир;Самарская область, Центральный район, г. Тольятти, б-р 50 лет Октября, д. 23;232,7;Оперативное управление
720;П1300000007784;63:09:0301138:3716;Нежилое здание;Школа;Самарская область, Центральный район, г. Тольятти, б-р 50 лет Октября, д. 23;5507,9;Оперативное управление
721;П1300000007090;63:09:0301138:3717;Нежилое здание;Теплица;Самарская область, Центральный район, г. Тольятти, б-р 50 лет Октября, д. 23;256,8;Оперативное управление
722;П1300000014286;63:09:0301138:4026;Нежилое здание;Гараж;Самарская область, Центральный район, г. Тольятти, б-р 50 лет Октября, д. 23;100,1;Оперативное управление
723;П1300000005865;63:09:0301139:3732;Нежилое здание;Административное здание;Самарская область, Центральный район, г. Тольятти, ул. Победы, д. 19А;1249,3;Казна
724;П1300000009395;63:09:0301139:3975;Нежилое здание;ТП-214 (трансформаторная подстанция);Самарская область, Центральный район, г. Тольятти, б-р 50 лет Октября, д. 63, стр. А;36;Казна
725;П1300000013119;63:09:0301139:4179;Нежилое здание;Контора;Самарская область, Центральный район, г. Тольятти, ул. Октябрьская, д. 6;202,5;Оперативное управление
726;П1300000012394;63:09:0301139:4186;Нежилое здание;Сварочная, механические мастерские;Самарская область, Центральный район, г. Тольятти, ул. Октябрьская, д. 6;223,1;Оперативное управление
727;П1300000013120;63:09:0301139:4192;Нежилое здание;Проходная, автогараж, мех. мастерские, бытовые помещения;Самарская область, Центральный район, г. Тольятти, ул. Октябрьская, д. 6;707;Оперативное управление
728;П1300000009396;63:09:0301140:2340;Нежилое здание;"ТП-219; ТП-220  (трансформаторная подстанция)";Самарская область, Центральный район, г. Тольятти, ул. Новопромышленная, д. 20, стр. Б;83,5;Казна
729;П1300000006973;63:09:0301141:1202;Нежилое здание;Детский сад;Самарская область, Центральный район, г. Тольятти, ул. Гагарина, д. 12;1948,2;Оперативное управление
730;П1300000008983;63:09:0301141:1204;Нежилое здание;Овощехранилище;Самарская область, Центральный район, г. Тольятти, ул. Гагарина, д. 12;93,4;Оперативное управление
731;П1300000006393;63:09:0301141:1206;Нежилое здание;Детский сад;Самарская область, Центральный район, г. Тольятти, ул. Горького, д. 49;2866,8;Оперативное управление
732;П1300000008804;63:09:0301141:1207;Нежилое здание;Склад;Самарская область, Центральный район, г. Тольятти, ул. Горького, д. 49;119,3;Оперативное управление
733;П1300000005853;63:09:0301143:583;Нежилое здание;Тяговая подстанция № 13;Самарская область, г. Тольятти, ул. Ленина, д. 83-В;561,2;Хозяйственное ведение
734;П1300000007794;63:09:0301143:937;Нежилое здание;Нежилое здание, Школа № 5;Самарская область, Центральный район, г. Тольятти, ул. Горького, д. 39;6086,8;Оперативное управление
735;П1300000009062;63:09:0301143:974;Нежилое здание;гараж;Самарская область, Центральный район, г. Тольятти, ул. Горького, д. 39, стр.;34,3;Оперативное управление
736;П1300000007555;63:09:0301144:1443;Нежилое здание;Административное;Самарская область, Центральный район, г. Тольятти, ул. Карла Маркса, д. 42;1745,2;Казна
737;П1300000006515;63:09:0301144:1462;Нежилое здание;Трансформаторная подстанция;Самарская область, Центральный район, г. Тольятти, ул. Комсомольская, д. 62;26,1;Казна
738;П1300000007598;63:09:0301144:1482;Нежилое здание;ТП-130 (трансформаторная подстанция);Самарская область, Центральный район, г. Тольятти, проезд Торговый, д. 9;23,3;Казна
739;П1300000012585;63:09:0301146:1063;Нежилое здание;"Кинотеатр ""Буревестник""";Самарская область, Центральный район, г. Тольятти, ул. Карла Маркса, д. 27;1428,1;Оперативное управление
740;П1300000005875;63:09:0301146:2313;Нежилое здание;Склад;Самарская область, Центральный район, г. Тольятти, ул. Комсомольская, д. 127, стр.;89,2;Оперативное управление
741;П1300000007532;63:09:0301146:2323;Нежилое здание;Школа;Самарская область, Центральный район, г. Тольятти, ул. Комсомольская, д. 127;2655,5;Оперативное управление
742;П1300000007770;63:09:0301146:2337;Нежилое здание;Детский сад;Самарская область, Центральный район, г. Тольятти, ул. Комсомольская, д. 141;1934,9;Оперативное управление
743;П1300000006824;63:09:0301146:2338;Нежилое здание;Нежилое здание;Самарская область, Центральный район, г. Тольятти, ул. Комсомольская, д. 141;75,6;Оперативное управление
744;П1300000007426;63:09:0301146:2367;Нежилое здание;дворец молодежи;Самарская область, Центральный район, г. Тольятти, ул. Комсомольская, д. 78;3446;Оперативное управление
745;П1300000007431;63:09:0301146:2368;Нежилое здание;гараж;Самарская область, Центральный район, г. Тольятти, ул. Комсомольская, д. 78, стр. В;93,1;Оперативное управление
746;П1300000009264;63:09:0301146:2386;Нежилое здание;ЦТП-24;Самарская область, Центральный район, г. Тольятти, проезд Учительский, д. 25, стр. Б;67;Казна
747;П1300000009191;63:09:0301147:1221;Нежилое здание;Нежилое здание;Самарская область, Центральный район, г. Тольятти, ул. Мира, д. 10, стр.;70,8;Оперативное управление
748;П1300000012784;63:09:0301147:1236;Нежилое здание;Трансформаторная подстанция № 248;Самарская область, Центральный район, г. Тольятти, ш. Комсомольское, д. 61;60;Казна
749;П1300000006969;63:09:0301147:1318;Нежилое здание;Детский комбинат № 53;Самарская область, Центральный район, г. Тольятти, ул. Мира, д. 10;1930,7;Оперативное управление
750;П1300000006408;63:09:0301147:1530;Нежилое здание;Жилой дом;Самарская область, Центральный район, г. Тольятти, ул. Советская, д. 39;70,6;Оперативное управление
751;П1300000008110;63:09:0301147:2172;Нежилое здание;Хозблок;Самарская область, Центральный район, г. Тольятти, ул. Тухачевского, д. 6;137,5;Оперативное управление
752;П1300000006296;63:09:0301147:2184;Нежилое здание;Овощехранилище;Самарская область, Центральный район, г. Тольятти, ул. Советская, д. 51, стр. А;81,7;Оперативное управление
753;П1300000007772;63:09:0301147:2186;Нежилое здание;Детский сад;Самарская область, Центральный район, г. Тольятти, ул. Тухачевского, д. 6;553;Оперативное управление
754;П1300000014821;63:09:0301147:2227;Нежилое здание;Здание- лечебный корпус;Самарская область, Центральный район, г. Тольятти, ул. Тухачевского, д. 4;438,3;Казна
755;П1300000014822;63:09:0301147:2230;Нежилое здание;Здание - лечебный корпус;Самарская область, Центральный район, г. Тольятти, ул. Тухачевского, д. 4, стр. 1;833,1;Казна
756;П1300000008112;63:09:0301148:511;Нежилое здание;"Театр кукол ""Пилигрим""";Самарская область, Центральный район, г. Тольятти, пл. Свободы, д. 2;1948,8;Оперативное управление
757;П1300000012976;63:09:0301148:567;Нежилое здание;Нежилое здание;Самарская область, Центральный район, г. Тольятти, пл. Свободы, д. 2;69,9;Оперативное управление
758;П1300000006371;63:09:0301149:1601;Нежилое здание;Нежилое здание;Самарская область, Центральный район, г. Тольятти, ул. Карла Маркса, д. 40, стр. А;325,6;Казна
759;П1300000006972;63:09:0301149:1608;Нежилое здание;Детский сад;Самарская область, Центральный район, г. Тольятти, б-р Молодежный, д. 27;1086,4;Оперативное управление
760;П1300000008989;63:09:0301149:1609;Нежилое здание;Сарай;Самарская область, Центральный район, г. Тольятти, б-р Молодежный, д. 27;92,3;Оперативное управление
761;П1300000007531;63:09:0301149:737;Нежилое здание;Детский сад;Самарская область, Центральный район, г. Тольятти, ул. Ленина, д. 95;1052,2;Оперативное управление
762;П1300000009774;63:09:0301149:739;Нежилое здание;Склад;Самарская область, Центральный район, г. Тольятти, ул. Ленина, д. 95, стр.;77,8;Оперативное управление
763;П1300000007575;63:09:0301150:2385;Нежилое здание;ТП-104 (трансформаторная подстанция);Самарская область, Центральный район, г. Тольятти, б-р Молодежный, д. 26, стр. А;33,3;Казна
764;П1300000010109;63:09:0301151:4650;Нежилое здание;Нежилое здание;Самарская область, Центральный район, г. Тольятти, ул. Победы, д. 48, стр.;18,4;Оперативное управление
765;П1300000010156;63:09:0301151:4722;Нежилое здание;Нежилое здание;Самарская область, Центральный район, г. Тольятти, ул. Победы, д. 48, стр.;123;Оперативное управление
766;П1300000006964;63:09:0301151:4758;Нежилое здание;Детский сад;Самарская область, Центральный район, г. Тольятти, ул. Комсомольская, д. 155;3045,6;Оперативное управление
767;П1300000007425;63:09:0301151:4772;Нежилое здание;Нежилое здание;Самарская область, Центральный район, г. Тольятти, ул. Победы, д. 46;3995,4;Оперативное управление
768;П1300000008550;63:09:0301151:4933;Нежилое здание;Детский сад;Самарская область, Центральный район, г. Тольятти, ул. Победы, д. 48;2004,9;Оперативное управление
769;П1300000008991;63:09:0301151:5098;Нежилое здание;Теплица;Самарская область, Центральный район, г. Тольятти, ул. Голосова, д. 83;191,1;Оперативное управление
770;П1300000008990;63:09:0301151:5099;Нежилое здание;Склад;Самарская область, Центральный район, г. Тольятти, ул. Голосова, д. 83;32,4;Оперативное управление
771;П1300000007783;63:09:0301151:687;Нежилое здание;Школа;Самарская область, Центральный район, г. Тольятти, ул. Голосова, д. 83;5825,2;Оперативное управление
772;П1300000008849;63:09:0301152:4061;Нежилое здание;Овощехранилище;Самарская область, Центральный район, г. Тольятти, ул. Карбышева, д. 18;87,5;Оперативное управление
773;П1300000008371;63:09:0301152:4062;Нежилое здание;Детский сад;Самарская область, Центральный район, г. Тольятти, ул. Карбышева, д. 18;2571,3;Оперативное управление
774;П1300000005606;63:09:0301152:4192;Нежилое здание;ЦТП-8;Самарская область, Центральный район, г. Тольятти, ул. Мира, д. 102, стр. А;106,1;Казна
775;П1300000009267;63:09:0301152:4211;Нежилое здание;ЦТП-21;Самарская область, Центральный район, г. Тольятти, ул. Комсомольская, д. 163, стр. Б;107;Казна
776;П1300000007789;63:09:0301152:4220;Нежилое здание;Школа;Самарская область, Центральный район, г. Тольятти, ул. Мира, д. 116;6965,9;Оперативное управление
777;П1300000008104;63:09:0301152:4222;Нежилое здание;Сарай;Самарская область, Центральный район, г. Тольятти, ул. Мира, д. 116;34,4;Оперативное управление
778;П1300000009266;63:09:0301153:2105;Нежилое здание;ЦТП-22;Самарская область, Центральный район, г. Тольятти, ул. Карбышева, д. 2, стр. Г;105,3;Казна
779;П1300000005846;63:09:0301153:2113;Нежилое здание;Склад;Самарская область, Центральный район, г. Тольятти, ул. Мира, д. 156;79,2;Оперативное управление
780;П1300000007533;63:09:0301153:2114;Нежилое здание;Детский сад;Самарская область, Центральный район, г. Тольятти, ул. Мира, д. 156;3011,3;Оперативное управление
781;П1300000007567;63:09:0301154:4496;Нежилое здание;ТП-33 (трансформаторная подстанция);Самарская область, Центральный район, г. Тольятти, ул. Баныкина, д. 62, стр. А;53,5;Казна
782;П1300000009046;63:09:0301154:4498;Нежилое здание;ЦТП-19;Самарская область, Центральный район, г. Тольятти, ул. Баныкина, д. 56, стр. А;193,4;Казна
783;П1300000008823;63:09:0301154:4499;Нежилое здание;Хозблок;Самарская область, Центральный район, г. Тольятти, ул. Мира, д. 121, стр.;197,9;Оперативное управление
784;П1300000007795;63:09:0301154:4501;Нежилое здание;Школа;Самарская область, Центральный район, г. Тольятти, ул. Мира, д. 121;5290,6;Оперативное управление
785;П1300000008824;63:09:0301154:4502;Нежилое здание;Тир;Самарская область, Центральный район, г. Тольятти, ул. Мира, д. 121, стр. 2;360,7;Оперативное управление
786;П1300000007540;63:09:0301154:4503;Нежилое здание;Детский сад;Самарская область, Центральный район, г. Тольятти, ул. Мира, д. 131;2640,2;Оперативное управление
787;П1300000009218;63:09:0301154:4504;Нежилое здание;Овощехранилище;Самарская область, Центральный район, г. Тольятти, ул. Мира, д. 131;108,3;Оперативное управление
788;П1300000009045;63:09:0301154:4507;Нежилое здание;ЦТП-18;Самарская область, Центральный район, г. Тольятти, ул. Мира, д. 123, стр. В;134,7;Казна
789;П1300000013671;63:09:0301154:4951;Нежилое здание;Нежилое здание (ТП-103) (трансформаторная подстанция);Самарская область, Центральный район, г. Тольятти, ул. Карбышева, д. 12, стр. А;61,8;Казна
790;П1300000009413;63:09:0301155:4052;Нежилое здание;ТП-126 (трансформаторная подстанция);Самарская область, Центральный район, г. Тольятти, ул. Мира, д. 89, стр. А;52,3;Казна
791;П1300000009044;63:09:0301155:4054;Нежилое здание;ЦТП-16;Самарская область, Центральный район, г. Тольятти, ул. Баныкина, д. 52, стр. А;192,3;Казна
792;П1300000006210;63:09:0301155:4056;Нежилое здание;ЦТП-15;Самарская область, Центральный район, г. Тольятти, ул. Баныкина, д. 40, стр. А;212,3;Казна
793;П1300000008389;63:09:0301155:4065;Нежилое здание;Детский сад;Самарская область, Центральный район, г. Тольятти, ул. Мира, д. 103;2827,1;Оперативное управление
794;П1300000006270;63:09:0301155:4066;Нежилое здание;Овощехранилище;Самарская область, Центральный район, г. Тольятти, ул. Мира, д. 103;93,7;Оперативное управление
795;П1300000005848;63:09:0301155:4067;Нежилое здание;Склад;Самарская область, Центральный район, г. Тольятти, ул. Мира, д. 142;87;Оперативное управление
796;П1300000007536;63:09:0301155:4068;Нежилое здание;Ясли-сад № 78 Незабудка;Самарская область, Центральный район, г. Тольятти, ул. Мира, д. 142;1999,5;Оперативное управление
797;П1300000006847;63:09:0301155:4069;Нежилое здание;Склад;Самарская область, Центральный район, г. Тольятти, ул. Мира, д. 91;100,3;Оперативное управление
798;П1300000007767;63:09:0301155:4071;Нежилое здание;Детский сад;Самарская область, Центральный район, г. Тольятти, ул. Мира, д. 91;2642,2;Оперативное управление
799;П1300000008111;63:09:0301155:4270;Нежилое здание;Овощехранилище;Самарская область, Центральный район, г. Тольятти, ул. Мира, д. 105;92;Оперативное управление
800;П1300000008948;63:09:0301155:624;Нежилое здание;ТП-226 (трансформаторная подстанция);Самарская область, Центральный район, г. Тольятти, ул. Мира, д. 89, стр. Б;45,2;Казна
801;П1300000005682;63:09:0301155:627;Нежилое здание;Тяговая подстанция № 14;Самарская область, Центральный район, г. Тольятти, ул. Карбышева, д. 19-А;504,4;Хозяйственное ведение
802;П1300000009041;63:09:0301155:633;Нежилое здание;Теплица;Самарская область, Центральный район, г. Тольятти, ул. Голосова, д. 34, стр.;251,3;Оперативное управление
803;П1300000009988;63:09:0301157:3148;Нежилое здание;Общественный туалет;Самарская область, Центральный район, г. Тольятти, ул. Гагарина, д. 5;30,2;Оперативное управление
804;П1300000009992;63:09:0301157:3149;Нежилое здание;"Кафе ""Пингвин""";Самарская область, Центральный район, г. Тольятти, ул. Гагарина, д. 7Б;80,9;Казна
805;П1300000008852;63:09:0301157:3151;Нежилое здание;ТП-138 (трансформаторная подстанция);"Самарская область, Центральный район, г. Тольятти, Молодежный бульвар севернее жилых домов № 12-14

";45,3;Казна
806;П1300000009973;63:09:0301157:3156;Нежилое здание;"Кафе-бар ""Космос-клуб""";Самарская область, Центральный район, г. Тольятти, ул. Победы, д. 57, стр.;43,7;Оперативное управление
807;П1300000009974;63:09:0301157:3157;Нежилое здание;Здание шахматного павильона;Самарская область, Центральный район, г. Тольятти, ул. Победы, д. 57, стр.;48,7;Оперативное управление
808;П1300000009978;63:09:0301157:3158;Нежилое здание;Цветочный киоск;Самарская область, Центральный район, г. Тольятти, ул. Победы, д. 57, стр.;8,2;Оперативное управление
809;П1300000009986;63:09:0301157:3159;Нежилое здание;Здание хозяйственного помещения;Самарская область, Центральный район, г. Тольятти, ул. Победы, д. 57, стр.;8,2;Оперативное управление
810;П1300000009972;63:09:0301157:3160;Нежилое здание;Административное здание;Самарская область, Центральный район, г. Тольятти, ул. Победы, д. 57;113,7;Оперативное управление
811;П1300000009982;63:09:0301157:3161;Нежилое здание;Танцплощадка;Самарская область, Центральный район, г. Тольятти, ул. Победы, д. 57, стр.;152,1;Казна
812;П1300000011313;63:09:0301157:3162;Нежилое здание;Мастерские;Самарская область, Центральный район, г. Тольятти, ул. Победы, д. 57;89,6;Оперативное управление
813;П1300000014426;63:09:0301157:3572;Нежилое здание;ТП № 58;Самарская область, Центральный район, г. Тольятти, ул. Победы, д. 43, стр. б;46,2;Казна
814;П1300000007303;63:09:0301157:594;Нежилое здание;Тяговая подстанция № 2;Самарская область, Центральный район, г. Тольятти, ул. Победы, д. 65;178,4;Хозяйственное ведение
815;П1300000007574;63:09:0301158:2253;Нежилое здание;ТП-73 (трансформаторная подстанция);Самарская область, Центральный район, г. Тольятти, ул. Карла Маркса, д. 56, стр. А;20,6;Казна
816;П1300000013044;63:09:0301159:1803;Нежилое здание;Гараж;Самарская область, Центральный район, г. Тольятти, ул. Карла Маркса, д. 59;45,4;Оперативное управление
817;П1300000009993;63:09:0301159:1816;Нежилое здание;Бар-Ресторан;Самарская область, Центральный район, г. Тольятти, ул. Мира, д. 88, стр. А;186,3;Оперативное управление
818;П1300000009058;63:09:0301159:1817;Нежилое здание;Хозблок;Самарская область, Центральный район, г. Тольятти, ул. Чуковского, д. 4, стр.;108,5;Оперативное управление
819;П1300000005847;63:09:0301159:1818;Нежилое здание;Овощехранилище;Самарская область, Центральный район, г. Тольятти, ул. Чуковского, д. 3;77,8;Оперативное управление
820;П1300000007530;63:09:0301159:1819;Нежилое здание;Детский сад;Самарская область, Центральный район, г. Тольятти, ул. Чуковского, д. 3;1072,6;Оперативное управление
821;П1300000007529;63:09:0301159:1820;Нежилое здание;Детский сад;Самарская область, Центральный район, г. Тольятти, ул. Чуковского, д. 4;794,7;Оперативное управление
822;П1300000005861;63:09:0301159:1894;Нежилое здание;Лицей № 19;Самарская область, Центральный район, г. Тольятти, ул. Карла Маркса, д. 59;5871,8;Оперативное управление
823;П1300000007410;63:09:0301160:2429;Нежилое здание;Гараж;Самарская область, Центральный район, г. Тольятти, ул. Строителей, д. 12, стр. А;85,4;Оперативное управление
824;П1300000007409;63:09:0301160:2430;Нежилое здание;Детско-юношеская спортивная школа № 4;Самарская область, Центральный район, г. Тольятти, ул. Строителей, д. 12, стр. А;1575,4;Оперативное управление
825;П1300000007786;63:09:0301162:539;Нежилое здание;Нежилое здание, Школа № 17;Самарская область, Центральный район, г. Тольятти, ул. Жилина, д. 32;3835,5;Оперативное управление
826;П1300000006844;63:09:0301163:551;Нежилое здание;Здание Думы городского округа Тольятти;Самарская область, Центральный район, г. Тольятти, пл. Центральная, д. 4;1719,9;Оперативное управление
827;П1300000006242;63:09:0301163:856;Нежилое здание;КПП;Самарская область, Центральный район, г. Тольятти, пл. Центральная, д. 4;8;Оперативное управление
828;П1300000006845;63:09:0301163:878;Нежилое здание;Гараж;Самарская область, Центральный район, г. Тольятти, пл. Центральная, д. 4;395,7;Оперативное управление
829;П1300000007261;63:09:0301164:3485;Нежилое здание;Театр;Самарская область, Центральный район, г. Тольятти, ул. Ленинградская, д. 31;5975;Оперативное управление
830;П1300000007788;63:09:0301164:3498;Нежилое здание;Школа;Самарская область, Центральный район, г. Тольятти, ул. Ленинградская, д. 33, стр. А;4225,3;Оперативное управление
831;П1300000008994;63:09:0301164:3499;Нежилое здание;Склад;Самарская область, Центральный район, г. Тольятти, ул. Ленинградская, д. 33, стр. А;32,8;Оперативное управление
832;П1300000008350;63:09:0301164:3503;Нежилое здание;ясли-сад;Самарская область, Центральный район, г. Тольятти, ул. Советская, д. 81, стр. А;1949;Оперативное управление
833;П1300000005852;63:09:0301164:3504;Нежилое здание;Склад;Самарская область, Центральный район, г. Тольятти, ул. Советская, д. 81, стр. А;83,8;Оперативное управление
834;П1300000006199;63:09:0301164:3514;Нежилое здание;ЦТП-13;Самарская область, Центральный район, г. Тольятти, ул. Советская, д. 69, стр. А;106,9;Казна
835;П1300000014417;63:09:0301164:3931;Нежилое здание;Гараж;Самарская область, Центральный район, г. Тольятти, ул. Ленинградская, земельный участок № 31;88,6;Оперативное управление
836;П1300000009448;63:09:0301166:3670;Нежилое здание;ТП-246 (трансформаторная подстанция);Самарская область, Центральный район, г. Тольятти, ул. Калмыцкая, д. 36, стр.;61,3;Казна
837;П1300000008959;63:09:0301166:3863;Нежилое здание;ЦТП-7;Самарская область, Центральный район, г. Тольятти, ул. Толстого, д. 24, стр. Б;206,7;Казна
838;П1300000009194;63:09:0301166:591;Нежилое здание;"Подстанция ""Северная""-110/6 кВ""";Самарская область, Центральный район, г. Тольятти, ул. Толстого, д. 32;1433,4;Казна
839;П1300000005655;63:09:0301166:593;Нежилое здание;Школа;Самарская область, Центральный район, г. Тольятти, ул. Толстого, д. 26, стр. А;14154;Оперативное управление
840;П1300000007948;63:09:0301166:594;Нежилое здание;Хозблок;Самарская область, Центральный район, г. Тольятти, ул. Толстого, д. 26, стр. А;288,3;Оперативное управление
841;П1300000009358;63:09:0301166:600;Нежилое здание;Трансформаторная подстанция поз. 4;Самарская область, Центральный район, г. Тольятти, б-р Ленина, д. 21, стр. А;53,8;Казна
842;П1300000012763;63:09:0301167:1562;Нежилое здание;Трансформаторная подстанция № 177;Самарская область, Центральный район, г. Тольятти, ш. Автозаводское, д. 39, стр. а;58;Казна
843;П1300000012853;63:09:0301167:1569;Нежилое здание;Трансформаторная подстанция № 241;Самарская область, Центральный район, г. Тольятти, ш. Автозаводское, д. 41, стр. А;58,6;Казна
844;П1300000007312;63:09:0301167:1597;Нежилое здание;Тяговая подстанция № 5;Самарская область, Центральный район, г. Тольятти, ш. Автозаводское, д. 5-В;195,8;Хозяйственное ведение
845;П1300000012765;63:09:0301167:1600;Нежилое здание;Трансформаторная подстанция № 245;Самарская область, Центральный район, г. Тольятти, ул. Толстого, д. 8, стр. б;53,8;Казна
846;П1300000012761;63:09:0301167:1604;Нежилое здание;ТП-196 (трансформаторная подстанция);Самарская область, Центральный район, г. Тольятти, ул. Кирова, д. 3, стр. в;54,1;Казна
847;П1300000013913;63:09:0301167:1619;Нежилое здание;ТП-242 (трансформаторная подстанция);Самарская область, Центральный район, г. Тольятти, ул. Тимирязева, д. 74;52,8;Казна
848;П1300000009070;63:09:0301167:4364;Нежилое здание;ТП-96 (трансформаторная подстанция);Самарская область, Центральный район, г. Тольятти, ул. Лесная, д. 13, стр. А;42;Казна
849;П1300000009231;63:09:0301167:4371;Нежилое здание;ТП-159 (трансформаторная подстанция);Самарская область, Центральный район, г. Тольятти, ул. Лесная, д. 1, стр. В;51,2;Казна
850;П1300000014470;63:09:0301167:5598;Нежилое здание;Нежилое здание ЦТП-20;Самарская область, Центральный район, г. Тольятти, ш. Автозаводское, д. 43-Б;301,6;Казна
851;П1300000009017;63:09:0301168:1118;Нежилое здание;ТП-223 (трансформаторная подстанция);Самарская область, Центральный район, г. Тольятти, ш. Автозаводское, д. 3, стр. А;52,2;Казна
852;П1300000009232;63:09:0301168:1119;Нежилое здание;ТП-160 (трансформаторная подстанция);Самарская область, Центральный район, г. Тольятти, ш. Автозаводское, д. 5, стр. Б;53,3;Казна
853;П1300000009240;63:09:0301168:1121;Нежилое здание;ТП-229 (трансформаторная подстанция);Самарская область, Центральный район, г. Тольятти, ш. Автозаводское, д. 7, стр. Б;36,5;Казна
854;П1300000009096;63:09:0301168:1128;Нежилое здание;КНС - Канализационная напорная станция с напорным коллектором;Самарская область, Центральный район, г. Тольятти, ул. Абрикосовая, д. 2;60,8;Казна
855;П1300000012786;63:09:0301169:948;Нежилое здание;ТП-251 (трансформаторная подстанция);Самарская область, Центральный район, г. Тольятти, ул. Инженерная, д. 30;53,7;Казна
856;П1300000014289;63:09:0301170:1221;Нежилое здание;Отдельно стоящее здание с размещением в нем школьной столовой, актового зала, теплого перехода к зданию школы;Самарская область, Центральный район, г. Тольятти, ул. Комзина, д. 2, стр. Б;2216,8;Казна
857;П1300000007802;63:09:0301170:888;Нежилое здание;Здание (лит. А) - школа;Самарская область, Центральный район, г. Тольятти, ул. Комзина, д. 2, стр. -А;3113,7;Казна
858;П1300000008290;63:09:0301170:889;Нежилое здание;Реконструкция здания (лит. А1) - столовая под здание спортивного зала для использования в образовательной деятельности;Самарская область, Центральный район, г. Тольятти, ул. Комзина, д. 2, стр. А;1023,5;Казна
859;П1300000008291;63:09:0301170:890;Нежилое здание;Гараж на 2 бокса;Самарская область, Центральный район, г. Тольятти, ул. Комзина, д. 2А;180,9;Казна
860;П1300000009301;63:09:0301170:900;Нежилое здание;Хозблок;Самарская область, Центральный район, г. Тольятти, ш. Комсомольское, д. 1, стр.;88,3;Оперативное управление
861;П1300000007132;63:09:0301170:905;Нежилое здание;Прачечная;Самарская область, Центральный район, г. Тольятти, ш. Комсомольское, д. 5;29,2;Оперативное управление
862;П1300000007131;63:09:0301170:906;Нежилое здание;Детский сад;Самарская область, Центральный район, г. Тольятти, ш. Комсомольское, д. 5;778,7;Оперативное управление
863;П1300000007787;63:09:0301170:907;Нежилое здание;Школа № 22;Самарская область, Центральный район, г. Тольятти, ш. Комсомольское, д. 1;2679,1;Оперативное управление
864;П1300000007951;63:09:0301171:2720;Нежилое здание;"Склад детского сада № 2 ""Золотая искорка""";Самарская область, Центральный район, г. Тольятти, ул. Ленина, д. 45, стр.;89;Оперативное управление
865;П1300000006832;63:09:0301171:2721;Нежилое здание;Нежилое здание - детский сад;Самарская область, Центральный район, г. Тольятти, ул. Ленина, д. 45;3086,1;Оперативное управление
866;П1300000009781;63:09:0301172:1495;Нежилое здание;Гараж;Самарская область, Центральный район, г. Тольятти, ул. Ларина, д. 66, стр. 1;219,9;Оперативное управление
867;П1300000007796;63:09:0301172:3416;Нежилое здание;Школа;Самарская область, Центральный район, г. Тольятти, ул. Ленина, д. 58;5525,2;Оперативное управление
868;П1300000008102;63:09:0301172:3417;Нежилое здание;Склад;Самарская область, Центральный район, г. Тольятти, ул. Ленина, д. 58, стр.;32,9;Оперативное управление
869;П1300000005625;63:09:0301172:3418;Нежилое здание;Теплица;Самарская область, Центральный район, г. Тольятти, ул. Ленина, д. 58, стр.;189;Оперативное управление
870;П1300000008105;63:09:0301172:3508;Нежилое здание;Учебно-производственный комбинат;Самарская область, Центральный район, г. Тольятти, ул. Ларина, д. 66;1955,9;Оперативное управление
871;П1300000007105;63:09:0301173:1643;Нежилое здание;Хозблок;Самарская область, Центральный район, г. Тольятти, ул. Горького, д. 56, стр.;90,1;Оперативное управление
872;П1300000007595;63:09:0301173:3962;Нежилое здание;ТП-141 (трансформаторная подстанция);Самарская область, Центральный район, г. Тольятти, ул. Горького, д. 56, стр. А;34;Казна
873;П1300000007115;63:09:0301173:4217;Нежилое здание;гараж;Самарская область, Центральный район, г. Тольятти, б-р Молодежный, д. 28, стр.;70;Оперативное управление
874;П1300000007797;63:09:0301173:4218;Нежилое здание;Школа № 13;Самарская область, Центральный район, г. Тольятти, б-р Молодежный, д. 28;5479;Оперативное управление
875;П1300000007769;63:09:0301173:4233;Нежилое здание;ясли-сад;Самарская область, Центральный район, г. Тольятти, ул. Горького, д. 56;2911,8;Оперативное управление
876;П1300000005860;63:09:0301174:1074;Нежилое здание;Школа;Самарская область, Центральный район, г. Тольятти, ул. Октябрьская, д. 57;1746,1;Оперативное управление
877;П1300000012757;63:09:0301174:1076;Нежилое здание;Трансформаторная подстанция № 146;Самарская область, Центральный район, г. Тольятти, ул. Октябрьская, д. 55, стр. б;58,6;Казна
878;П1300000007790;63:09:0301174:1110;Нежилое здание;Школа;Самарская область, Центральный район, г. Тольятти, ул. Горького, д. 88;2376;Оперативное управление
879;П1300000005857;63:09:0301174:1146;Нежилое здание;Нежилое здание - мастерские;Самарская область, Центральный район, г. Тольятти, ул. Горького, д. 88;165,1;Оперативное управление
880;П1300000013055;63:09:0301174:3772;Нежилое здание;Гараж, 1 этаж, №№ 1, 2, 3, 4, 5;Самарская область, Центральный район, г. Тольятти, ул. Октябрьская, д. 57;179,6;Оперативное управление
881;П1300000006289;63:09:0301174:4134;Нежилое здание;"Детский сад № 104 ""Соловушка""";Самарская область, Центральный район, г. Тольятти, ул. Чапаева, д. 124;2915,9;Оперативное управление
882;П1300000009393;63:09:0301174:4141;Нежилое здание;ТП-156 (трансформаторная подстанция);Самарская область, Центральный район, г. Тольятти, ул. Самарская, д. 68А;41,9;Казна
883;П1300000009217;63:09:0301174:4148;Нежилое здание;Склад;Самарская область, Центральный район, г. Тольятти, ул. Чапаева, д. 35, стр. А;69,7;Оперативное управление
884;П1300000008368;63:09:0301174:4149;Нежилое здание;ясли-сад;Самарская область, Центральный район, г. Тольятти, ул. Чапаева, д. 35, стр. А;2996,7;Оперативное управление
885;П1300000012974;63:09:0301174:4902;Нежилое здание;Нежилое здание;Самарская область, Центральный район, г. Тольятти, ул. Горького, д. 88;56,8;Оперативное управление
886;П1300000013837;63:09:0301174:5042;Нежилое здание;Гараж;Самарская область, Центральный район, г. Тольятти, ул. Горького, д. 88;77,7;Оперативное управление
887;П1300000014422;63:09:0301174:5380;Нежилое здание;Овощехранилище;Самарская область, Центральный район, г. Тольятти, ул. Чапаева, д. 124, стр. А1;81,5;Оперативное управление
888;П1300000012747;63:09:0302049:1079;Нежилое здание;Бойлерная;Самарская область, Центральный район, г. Тольятти, ул. Новозаводская, д. 51;81,5;Казна
889;П1300000006247;63:09:0302049:619;Нежилое здание;Административно-производственное здание;Самарская область, Центральный район, г. Тольятти, ул. Радищева, д. 49;1616,4;Казна
890;П1300000007299;63:09:0302049:637;Нежилое здание;Тяговая подстанция № 1;Самарская область, Центральный район, г. Тольятти, ул. Новозаводская, д. 45-Б;178,2;Хозяйственное ведение
891;П1300000006274;63:09:0302049:643;Нежилое здание;Склад;Самарская область, Центральный район, г. Тольятти, б-р 50 лет Октября, д. 50, стр.;47,7;Казна
892;П1300000006252;63:09:0302051:3025;Нежилое здание;ТП-306 с оборудованием  (трансформаторная подстанция);Самарская область, Центральный район, г. Тольятти, ул. Базовая, д. 6;29,9;Казна
893;П1300000009014;63:09:0302051:3149;Нежилое здание;ТП-304 (трансформаторная подстанция);Самарская область, Центральный район, г. Тольятти, ул. Базовая, д. 14, стр. Б;35,9;Казна
894;П1300000009100;63:09:0302051:4338;Нежилое здание;Склад;Самарская область, Центральный район, г. Тольятти, ул. Комсомольская, д. 90, стр. стр. 2;95,7;Оперативное управление
895;П1300000008136;63:09:0302051:4449;Нежилое здание;Производственные мастерские;Самарская область, Центральный район, г. Тольятти, ул. Комсомольская, д. 90, стр. стр. 1;334,2;Оперативное управление
896;П1300000009168;63:09:0302051:4664;Нежилое здание;Вспомогательный корпус, гараж;Самарская область, Центральный район, г. Тольятти, ул. Комсомольская, д. 96;585,8;Оперативное управление
897;П1300000014421;63:09:0302051:5276;Нежилое здание;Склад;Самарская область, Центральный район, г. Тольятти, ул. Комсомольская, д. 90, стр. стр. 2;292,7;Оперативное управление
898;П1010000084882;63:09:0302051:5507;Нежилое здание;Нежилое здание;Самарская область, Центральный район, г. Тольятти, ул. Комсомольская, д. 96;1633,7;Оперативное управление
899;П1300000009164;63:09:0302051:911;Нежилое здание;Котельная;Самарская область, Центральный район, г. Тольятти, ул. Комсомольская, д. 96, стр. 1;4948,6;Казна
900;П1300000009165;63:09:0302051:922;Нежилое здание;Проходная;Самарская область, Центральный район, г. Тольятти, ул. Комсомольская, д. 96, стр.;54,7;Казна
901;П1300000009170;63:09:0302051:923;Нежилое здание;Мазутонасосная станция перекачки замазученных стоков;Самарская область, Центральный район, г. Тольятти, ул. Комсомольская, д. 96, стр.;803,2;Казна
902;П1300000009166;63:09:0302051:957;Нежилое здание;Насосная станция оборотн.  водоснабжения;Самарская область, Центральный район, г. Тольятти, ул. Комсомольская, д. 96, стр.;40,7;Казна
903;П1300000009169;63:09:0302051:969;Нежилое здание;Склад жидкого хранения соли;Самарская область, Центральный район, г. Тольятти, ул. Комсомольская, д. 96, стр.;143,7;Казна
904;П1300000009167;63:09:0302051:978;Нежилое здание;Станция перекачки хозфекальных стоков;Самарская область, Центральный район, г. Тольятти, ул. Комсомольская, д. 96, стр.;32;Казна
905;П1300000005686;63:09:0302053:759;Нежилое здание;Тяговая подстанция № 12;Самарская область, Центральный район, г. Тольятти, ул. Новозаводская, д. 4-А;196,6;Хозяйственное ведение
906;П1300000013213;63:09:0303070:556;Нежилое здание;Трансформаторная подстанция № 175;Самарская область, Центральный район, г. Тольятти, ул. Толстого, д. 38;52,1;Казна
907;П1300000012759;63:09:0303071:779;Нежилое здание;ТП-173 (трансформаторная подстанция);Самарская область, Центральный район, г. Тольятти, ул. Калмыцкая, д. 48, стр. а;57,7;Казна
908;П1300000014687;63:09:0304060:1469;Нежилое здание;Нежилое одноэтажное здание;Самарская область, Центральный район, г. Тольятти, ул. Баныкина, южнее здания, имеющего адрес: Центральный район, ул. Белорусская, д. 16-в;26,1;Казна
909;П1300000011208;63:09:0304060:555;Нежилое здание;Наземный павильон списанной скважины № 190;"Самарская область, Центральный район, г. Тольятти, на территории водозабора ""Прибрежный""";18,6;Казна
910;П1300000007414;63:09:0304062:584;Нежилое здание;Баня, гараж;Самарская область, Центральный район, г. Тольятти, ул. Родины, д. 5, стр.;144,4;Оперативное управление
911;П1300000007411;63:09:0304062:625;Нежилое здание;Здание лыжной базы;Самарская область, Центральный район, г. Тольятти, ул. Родины, д. 5;457,4;Оперативное управление
912;П1300000007315;63:09:0304064:524;Нежилое здание;Диспетчерский пункт Соцгород;Самарская область, Центральный район, г. Тольятти, ул. Родины, д. 7;160,4;Хозяйственное ведение
913;П1300000007412;63:09:0304064:527;Нежилое здание;Склад;Самарская область, Центральный район, г. Тольятти, ул. Родины, д. 5, стр.;39,6;Оперативное управление
914;П1300000010543;63:09:0304064:543;Нежилое здание;Здание слесарной мастерской;"Самарская область, Центральный район, г. Тольятти, на территории водозабора ""Портовый""";45,3;Казна
915;П1300000009656;63:09:0304064:547;Нежилое здание;Камера переключения;"Самарская область, Центральный район, г. Тольятти, водозабор ""Портовый""";7,8;Казна
916;П1300000008246;63:09:0304064:947;Нежилое здание;Лечебный корпус;Самарская область, Центральный район, г. Тольятти, ш. Лесопарковое, д. 36;394,9;Оперативное управление
917;П1300000008245;63:09:0304064:949;Нежилое здание;Спальный корпус;Самарская область, Центральный район, г. Тольятти, ш. Лесопарковое, д. 36;577,2;Оперативное управление
918;П1300000007603;63:09:0304064:950;Нежилое здание;Административно-приемный корпус;Самарская область, Центральный район, г. Тольятти, ш. Лесопарковое, д. 36;590,9;Оперативное управление
919;П1300000008244;63:09:0304064:951;Нежилое здание;Спальный корпус;Самарская область, Центральный район, г. Тольятти, ш. Лесопарковое, д. 36;1652,2;Оперативное управление
920;П1300000007608;63:09:0304064:952;Нежилое здание;Сторожка;Самарская область, Центральный район, г. Тольятти, ш. Лесопарковое, д. 36;21,3;Оперативное управление
921;П1300000007605;63:09:0304064:953;Нежилое здание;Бойлерная;Самарская область, Центральный район, г. Тольятти, ш. Лесопарковое, д. 36;46,3;Оперативное управление
922;П1300000007607;63:09:0304064:954;Нежилое здание;Овощехранилище;Самарская область, Центральный район, г. Тольятти, ш. Лесопарковое, д. 36;108,6;Оперативное управление
923;П1300000009016;63:09:0304064:958;Нежилое здание;ТП-254 (трансформаторная подстанция);Самарская область, Центральный район, г. Тольятти, ш. Лесопарковое, д. 15, стр. А;33,5;Казна
924;П1300000007609;63:09:0304064:964;Нежилое здание;Кухня со столовой;Самарская область, Центральный район, г. Тольятти, ш. Лесопарковое, д. 36;79,2;Оперативное управление
925;П1300000009066;63:09:0304064:968;Нежилое здание;ТП-267а (трансформаторная подстанция);Самарская область, Центральный район, г. Тольятти, ш. Лесопарковое, д. 2, стр. Б;50,2;Казна
926;П1300000007604;63:09:0304064:969;Нежилое здание;Спальный корпус;Самарская область, Центральный район, г. Тольятти, ш. Лесопарковое, д. 36;2132,8;Оперативное управление
927;П1300000007606;63:09:0304064:970;Нежилое здание;Клуб-столовая;Самарская область, Центральный район, г. Тольятти, ш. Лесопарковое, д. 36;1749,3;Оперативное управление
928;П1300000013647;63:09:0305001:527;Нежилое здание;Нежилое здание;Самарская область, Центральный район, г. Тольятти, ул. Мира, д. 88, стр. б;35,8;Оперативное управление
929;П1300000008091;63:09:0305025:1302;Нежилое здание;Корпус № 3;Самарская область, Центральный район, г. Тольятти, ш. Лесопарковое, д. 85;2496;Оперативное управление
930;П1300000008095;63:09:0305025:1339;Нежилое здание;Склад и овощехранилище;Самарская область, Центральный район, г. Тольятти, ш. Лесопарковое, д. 85;158,1;Оперативное управление
931;П1300000008088;63:09:0305025:1340;Нежилое здание;Пекарня;Самарская область, Центральный район, г. Тольятти, ш. Лесопарковое, д. 85;72,2;Оперативное управление
932;П1300000008097;63:09:0305025:1341;Нежилое здание;Мастерская;Самарская область, Центральный район, г. Тольятти, ш. Лесопарковое, д. 85;23,3;Оперативное управление
933;П1300000008087;63:09:0305025:1342;Нежилое здание;Гостевой дом;Самарская область, Центральный район, г. Тольятти, ш. Лесопарковое, д. 85;103,1;Оперативное управление
934;П1300000008093;63:09:0305025:1343;Нежилое здание;Бойлерная;Самарская область, Центральный район, г. Тольятти, ш. Лесопарковое, д. 85;32,8;Оперативное управление
935;П1300000008090;63:09:0305025:1344;Нежилое здание;Корпус № 1;Самарская область, Центральный район, г. Тольятти, ш. Лесопарковое, д. 85;1789,4;Оперативное управление
936;П1300000008092;63:09:0305025:1345;Нежилое здание;Корпус № 4;Самарская область, Центральный район, г. Тольятти, ш. Лесопарковое, д. 85;2751,3;Оперативное управление
937;П1300000008089;63:09:0305025:1346;Нежилое здание;Столовая, клуб;Самарская область, Центральный район, г. Тольятти, ш. Лесопарковое, д. 85;1715,8;Оперативное управление
938;П1300000008094;63:09:0305025:1347;Нежилое здание;Склад, гараж;Самарская область, Центральный район, г. Тольятти, ш. Лесопарковое, д. 85;222,8;Оперативное управление
939;П1300000008086;63:09:0305025:1348;Нежилое здание;Корпус № 2;Самарская область, Центральный район, г. Тольятти, ш. Лесопарковое, д. 85;1799,5;Оперативное управление
940;П1300000009435;63:09:0305025:1514;Нежилое здание;Столовая;Самарская область, Центральный район, г. Тольятти, ш. Комсомольское, д. 44;301;Оперативное управление
941;П1300000009436;63:09:0305025:1515;Нежилое здание;Туалет;Самарская область, Центральный район, г. Тольятти, ш. Комсомольское, д. 44, стр.;34,1;Оперативное управление
942;П1300000009245;63:09:0305025:1526;Нежилое здание;ТП-271 (трансформаторная подстанция);Самарская область, Центральный район, г. Тольятти, ш. Комсомольское, д. 41;41,1;Казна
943;П1300000010509;63:09:0305025:634;Нежилое здание;Трансформаторная подстанция с 2-мя кабельными вводами 6 кВ;Самарская область, Центральный район, г. Тольятти, ш. Лесопарковое, д. 85А;41,8;Оперативное управление
944;П1300000012965;63:09:0305025:683;Нежилое здание;Общественный туалет;Самарская область, Центральный район, г. Тольятти, ш. Лесопарковое, д. 23, стр. А;32,8;Оперативное управление
945;П1300000012964;63:09:0305025:699;Нежилое здание;Общественный туалет;Самарская область, Центральный район, г. Тольятти, ш. Лесопарковое, д. 23, стр. Б;33,5;Оперативное управление
946;П1300000009434;63:09:0306033:1532;Нежилое здание;Нежилое здание;Самарская область, Центральный район, г. Тольятти, ш. Комсомольское, д. 22, стр. Б;34,2;Казна
947;П1300000014621;63:09:0306033:1585;Нежилое здание;Нежилое здание- поликлинника;Самарская область, Центральный район, г. Тольятти, ш. Комсомольское, д. 22;954,5;Казна
948;П1300000005483;63:09:0306033:1586;Нежилое здание;Нежилое здание;Самарская область, Центральный район, г. Тольятти, ш. Комсомольское, д. 24;836,5;Казна
949;П1300000006320;63:09:0306033:1587;Нежилое здание;Нежилое здание Служба спасения;Самарская область, Центральный район, г. Тольятти, ул. Морская, д. 6;826,1;Оперативное управление
950;П1300000007454;63:09:0306033:1588;Нежилое здание;Нежилое здание;Самарская область, Центральный район, г. Тольятти, ш. Комсомольское, д. 26;437,1;Оперативное управление
951;П1300000008735;63:09:0306033:1591;Нежилое здание;Нежилое здание;Самарская область, Центральный район, г. Тольятти, ш. Комсомольское, д. 6, стр. А;18,4;Казна
952;П1300000008706;63:09:0306033:1592;Нежилое здание;Котельная № 14;Самарская область, Центральный район, г. Тольятти, ш. Комсомольское, д. 6, стр. А;331,9;Казна
953;П1300000014171;63:09:0306036:1067;Нежилое здание;Столярный цех;Самарская область, Центральный район, г. Тольятти, ул. Новозаводская, д. 29;280,5;Казна
954;П1300000014169;63:09:0306036:1072;Нежилое здание;Корпус административный с гаражом;Самарская область, Центральный район, г. Тольятти, ул. Новозаводская, д. 29;3519,4;Казна
955;П1300000014167;63:09:0306036:1084;Нежилое здание;Склад запасных частей;Самарская область, Центральный район, г. Тольятти, ул. Новозаводская, д. 29;103,4;Казна
956;П1300000014175;63:09:0306036:1085;Нежилое здание;Склад запасных частей;Самарская область, Центральный район, г. Тольятти, ул. Новозаводская, д. 29;114,3;Казна
957;П1300000005582;63:09:0306036:1184;Нежилое здание;Овощехранилище;Самарская область, Центральный район, г. Тольятти, проезд Тупиковый, д. 3;36,3;Казна
958;П1300000005580;63:09:0306036:1186;Нежилое здание;Материальный склад;Самарская область, Центральный район, г. Тольятти, проезд Тупиковый, д. 3;733,4;Казна
959;П1300000007092;63:09:0306036:1217;Нежилое здание;РП-1;Самарская область, Центральный район, г. Тольятти, проезд Тупиковый, д. 3;34,1;Казна
960;П1300000009641;63:09:0306036:858;Нежилое здание;ЦТП;Самарская область, Центральный район, г. Тольятти, проезд Тупиковый, д. 3, стр.;28,1;Казна
961;П1300000009640;63:09:0306036:859;Нежилое здание;КНС;Самарская область, Центральный район, г. Тольятти, проезд Тупиковый, д. 3, стр.;39,7;Казна
962;П1300000014173;63:09:0306036:954;Нежилое здание;Контрольно-пропускной пункт;Самарская область, Центральный район, г. Тольятти, ул. Новозаводская, д. 29;104,2;Казна
963;П1300000013679;63:09:0308008:503;Нежилое здание;Нежилое здание;Самарская область, Центральный район, г. Тольятти, ул. Баныкина, д. 41, стр. а;19,5;Казна
964;П1300000010298;63:32:0000000:10606;Нежилое здание;Домик (лит. А16);"Ставропольский район , база отдыха ""Лесобон""";35,1;Оперативное управление
965;П1300000010961;63:32:0000000:10607;Нежилое здание;Склад;"Ставропольский район , база отдыха ""Лесобон""";123,1;Оперативное управление
966;П1300000010982;63:32:0000000:10608;Нежилое здание;Мастерская;"Ставропольский район , база отдыха ""Лесобон""";14,1;Оперативное управление
967;П1300000009713;63:32:0000000:10609;Нежилое здание;Домик (лит. А21);"Ставропольский район , база отдыха ""Лесобон""";35,1;Оперативное управление
968;П1300000010834;63:32:0000000:10610;Нежилое здание;Домик (лит. А40);"Ставропольский район , база отдыха ""Лесобон""";25,7;Оперативное управление
969;П1300000010992;63:32:0000000:10611;Нежилое здание;Домик (лит. А33);"Ставропольский район , база отдыха ""Лесобон""";25,7;Оперативное управление
970;П1300000010338;63:32:0000000:10612;Нежилое здание;Домик (лит. А29);"Ставропольский район , база отдыха ""Лесобон""";25,7;Оперативное управление
971;П1300000010343;63:32:0000000:10613;Нежилое здание;Домик (лит. А24);"Ставропольский район , база отдыха ""Лесобон""";35,1;Оперативное управление
972;П1300000010829;63:32:0000000:10614;Нежилое здание;Домик (лит. А13);"Ставропольский район , база отдыха ""Лесобон""";35,1;Оперативное управление
973;П1300000011000;63:32:0000000:10615;Нежилое здание;Домик (лит. А5);"Ставропольский район , база отдыха ""Лесобон""";35,1;Оперативное управление
974;П1300000010827;63:32:0000000:10616;Нежилое здание;Домик (лит. А37);"Ставропольский район , база отдыха ""Лесобон""";25,7;Оперативное управление
975;П1300000010995;63:32:0000000:10617;Нежилое здание;Домик (лит. А30);"Ставропольский район , база отдыха ""Лесобон""";25,7;Оперативное управление
976;П1300000010997;63:32:0000000:10618;Нежилое здание;Домик (лит. А1);"Ставропольский район , база отдыха ""Лесобон""";35,1;Оперативное управление
977;П1300000010963;63:32:0000000:10619;Нежилое здание;Душевая;"Ставропольский район , база отдыха ""Лесобон""";81,1;Оперативное управление
978;П1300000009719;63:32:0000000:10620;Нежилое здание;Домик (лит. А18);"Ставропольский район , база отдыха ""Лесобон""";35,1;Оперативное управление
979;П1300000010305;63:32:0000000:10621;Нежилое здание;Домик (лит. А34);"Ставропольский район , база отдыха ""Лесобон""";25,7;Оперативное управление
980;П1300000010985;63:32:0000000:10622;Нежилое здание;Домик (лит. А50);"Ставропольский район , база отдыха ""Лесобон""";134,5;Оперативное управление
981;П1300000010987;63:32:0000000:10623;Нежилое здание;Домик (лит. А48);"Ставропольский район , база отдыха ""Лесобон""";78,2;Оперативное управление
982;П1300000010994;63:32:0000000:10624;Нежилое здание;Домик (лит. А31);"Ставропольский район , база отдыха ""Лесобон""";25,8;Оперативное управление
983;П1300000010984;63:32:0000000:10625;Нежилое здание;Домик (лит. А51);"Ставропольский район , база отдыха ""Лесобон""";127,2;Оперативное управление
984;П1300000010833;63:32:0000000:10626;Нежилое здание;Домик (лит. А39);"Ставропольский район , база отдыха ""Лесобон""";25,9;Оперативное управление
985;П1300000010342;63:32:0000000:10627;Нежилое здание;Домик (лит. А25);"Ставропольский район , база отдыха ""Лесобон""";25,9;Оперативное управление
986;П1300000010825;63:32:0000000:10628;Нежилое здание;Домик (лит. А11);"Ставропольский район , база отдыха ""Лесобон""";35,1;Оперативное управление
987;П1300000010344;63:32:0000000:10629;Нежилое здание;Домик (лит. А23);"Ставропольский район , база отдыха ""Лесобон""";35,1;Оперативное управление
988;П1300000010337;63:32:0000000:10630;Нежилое здание;Столовая;"Ставропольский район , база отдыха ""Лесобон""";1052,1;Оперативное управление
989;П1300000010340;63:32:0000000:10632;Нежилое здание;Домик (лит. А27);"Ставропольский район , база отдыха ""Лесобон""";25,9;Оперативное управление
990;П1300000010301;63:32:0000000:10633;Нежилое здание;Домик (лит. А15);"Ставропольский район , база отдыха ""Лесобон""";35,1;Оперативное управление
991;П1300000010975;63:32:0000000:10634;Нежилое здание;Сторожка;"Ставропольский район , база отдыха ""Лесобон""";9,6;Оперативное управление
992;П1300000010826;63:32:0000000:10635;Нежилое здание;Домик (лит. А35);"Ставропольский район , база отдыха ""Лесобон""";25,7;Оперативное управление
993;П1300000011001;63:32:0000000:10636;Нежилое здание;Домик (лит. А6);"Ставропольский район , база отдыха ""Лесобон""";35,1;Оперативное управление
994;П1300000010990;63:32:0000000:10637;Нежилое здание;Домик (лит. А42);"Ставропольский район , база отдыха ""Лесобон""";25,7;Оперативное управление
995;П1300000010303;63:32:0000000:10638;Нежилое здание;Домик (лит. А14);"Ставропольский район , база отдыха ""Лесобон""";35,1;Оперативное управление
996;П1300000010999;63:32:0000000:10639;Нежилое здание;Домик (лит. А4);"Ставропольский район , база отдыха ""Лесобон""";35,1;Оперативное управление
997;П1300000010996;63:32:0000000:10640;Нежилое здание;Домик (лит. А2);"Ставропольский район , база отдыха ""Лесобон""";35,1;Оперативное управление
998;П1300000009722;63:32:0000000:10641;Нежилое здание;Домик (лит. А17);"Ставропольский район , база отдыха ""Лесобон""";35,1;Оперативное управление
999;П1300000009711;63:32:0000000:10642;Нежилое здание;Домик (лит. А22);"Ставропольский район , база отдыха ""Лесобон""";35;Оперативное управление
1000;П1300000009715;63:32:0000000:10643;Нежилое здание;Домик (лит. А20);"Ставропольский район , база отдыха ""Лесобон""";35,1;Оперативное управление
1001;П1300000010998;63:32:0000000:10644;Нежилое здание;Домик (лит. А3);"Ставропольский район , база отдыха ""Лесобон""";35,1;Оперативное управление
1002;П1300000010986;63:32:0000000:10645;Нежилое здание;Домик (лит. А49);"Ставропольский район , база отдыха ""Лесобон""";113,8;Оперативное управление
1003;П1300000011003;63:32:0000000:10646;Нежилое здание;Домик (лит. А9);"Ставропольский район , база отдыха ""Лесобон""";35,1;Оперативное управление
1004;П1300000010988;63:32:0000000:10647;Нежилое здание;Домик (лит. А44);"Ставропольский район , база отдыха ""Лесобон""";129,2;Оперативное управление
1005;П1300000010989;63:32:0000000:10648;Нежилое здание;Домик (лит. А43);"Ставропольский район , база отдыха ""Лесобон""";25,7;Оперативное управление
1006;П1300000010977;63:32:0000000:10649;Нежилое здание;Танцплощадка;"Ставропольский район , база отдыха ""Лесобон""";28,1;Оперативное управление
1007;П1300000010978;63:32:0000000:10650;Нежилое здание;Баня;"Ставропольский район , база отдыха ""Лесобон""";295,4;Оперативное управление
1008;П1300000010983;63:32:0000000:10651;Нежилое здание;Домик (лит. А52);"Ставропольский район , база отдыха ""Лесобон""";69,8;Оперативное управление
1009;П1300000010962;63:32:0000000:10652;Нежилое здание;Склад;"Ставропольский район , база отдыха ""Лесобон""";40,2;Оперативное управление
1010;П1300000010981;63:32:0000000:10653;Нежилое здание;Мастерская;"Ставропольский район , база отдыха ""Лесобон""";157,4;Оперативное управление
1011;П1300000009717;63:32:0000000:10654;Нежилое здание;Домик (лит. А19);"Ставропольский район , база отдыха ""Лесобон""";35,1;Оперативное управление
1012;П1300000010993;63:32:0000000:10655;Нежилое здание;Домик (лит. А32);"Ставропольский район , база отдыха ""Лесобон""";25,8;Оперативное управление
1013;П1300000011002;63:32:0000000:10656;Нежилое здание;Домик (лит. А8);"Ставропольский район , база отдыха ""Лесобон""";35,1;Оперативное управление
1014;П1300000010832;63:32:0000000:10657;Нежилое здание;Домик (лит. А38);"Ставропольский район , база отдыха ""Лесобон""";25,7;Оперативное управление
1015;П1300000010339;63:32:0000000:10658;Нежилое здание;Домик (лит. А28);"Ставропольский район , база отдыха ""Лесобон""";25,9;Оперативное управление
1016;П1300000010991;63:32:0000000:10660;Нежилое здание;Домик (лит. А41);"Ставропольский район , база отдыха ""Лесобон""";25,8;Оперативное управление
1017;П1300000010828;63:32:0000000:10661;Нежилое здание;Домик (лит. А12);"Ставропольский район , база отдыха ""Лесобон""";35,1;Оперативное управление
1018;П1300000010341;63:32:0000000:10662;Нежилое здание;Домик (лит. А26);"Ставропольский район , база отдыха ""Лесобон""";25,9;Оперативное управление
1019;П1300000006301;63:32:0101002:5123;Нежилое здание;Домик ГДР;Самарская область, муниципальный район Ставропольский, с.п. Жигули, Жигулевское лесничество, квартал № 14;27;Казна
1020;П1300000010538;63:32:0101002:5124;Нежилое здание;Нежилое здание;Самарская область, муниципальный район Ставропольский, с.п. Жигули, Жигулевское лесничество, квартал № 14;34,5;Казна
1021;П1300000009365;63:32:0101002:5125;Нежилое здание;Сторожка;Самарская область, муниципальный район Ставропольский, с.п. Жигули, Жигулевское лесничество, квартал № 14;44,1;Казна
1022;П1300000007422;63:32:0101002:5126;Нежилое здание;Домик деревянный;Самарская область, муниципальный район Ставропольский, с.п. Жигули, Жигулевское лесничество, квартал № 14;28,5;Казна
1023;П1300000010533;63:32:0101002:5127;Нежилое здание;Нежилое здание;Самарская область, муниципальный район Ставропольский, с.п. Жигули, Жигулевское лесничество, квартал № 14;50,8;Казна
1024;П1300000007424;63:32:0101002:5128;Нежилое здание;Домик зимний с верандой;Самарская область, муниципальный район Ставропольский, с.п. Жигули, Жигулевское лесничество, квартал № 14;33;Казна
1025;П1300000006302;63:32:0101002:5129;Нежилое здание;Домик зимний;Самарская область, муниципальный район Ставропольский, с.п. Жигули, Жигулевское лесничество, квартал № 14;33;Казна
1026;П1300000010756;63:32:1605001:174;Нежилое здание;Жилой корпус № 4;"Ставропольский район , Ставропольский лесхоз, Ягодинское лесничество, квартал № 3, оздоровительный лагерь ""Дубрава""";1047,7;Оперативное управление
1027;П1300000010755;63:32:1605001:175;Нежилое здание;Клуб-столовая;"Ставропольский район , Ставропольский лесхоз, Ягодинское лесничество, квартал № 3, оздоровительный лагерь ""Дубрава""";1405,8;Оперативное управление
1028;П1300000010748;63:32:1605001:176;Нежилое здание;Хозяйственный корпус;"Ставропольский район , Ставропольский лесхоз, Ягодинское лесничество, квартал № 3, оздоровительный лагерь ""Дубрава""";233;Оперативное управление
1029;П1300000010750;63:32:1605001:177;Нежилое здание;Приемно-медицинский корпус;"Ставропольский район , Ставропольский лесхоз, Ягодинское лесничество, квартал № 3, оздоровительный лагерь ""Дубрава""";372,2;Оперативное управление
1030;П1300000010763;63:32:1605001:178;Нежилое здание;Жилой корпус № 1;"Ставропольский район , Ставропольский лесхоз, Ягодинское лесничество, квартал № 3, оздоровительный лагерь ""Дубрава""";1057,4;Оперативное управление
1031;П1300000010762;63:32:1605001:179;Нежилое здание;Жилой корпус № 2;"Ставропольский район , Ставропольский лесхоз, Ягодинское лесничество, квартал № 3, оздоровительный лагерь ""Дубрава""";1038,3;Оперативное управление
1032;П1300000010761;63:32:1605001:180;Нежилое здание;Жилой корпус № 3;"Ставропольский район , Ставропольский лесхоз, Ягодинское лесничество, квартал № 3, оздоровительный лагерь ""Дубрава""";1048,7;Оперативное управление
1033;П1300000010745;63:32:1605001:181;Нежилое здание;Дом сторожа;"Ставропольский район , Ставропольский лесхоз, Ягодинское лесничество, квартал № 3, оздоровительный лагерь ""Дубрава""";39,6;Оперативное управление
1034;П1300000010747;63:32:1605001:182;Нежилое здание;Гараж;"Ставропольский район , Ставропольский лесхоз, Ягодинское лесничество, квартал № 3, оздоровительный лагерь ""Дубрава""";115,1;Оперативное управление
1035;П1300000010312;63:32:1605001:184;Нежилое здание;Склад № 12;"Ставропольский район , Ставропольский лесхоз, Ягодинское лесничество, квартал № 5, оздоровительный лагерь ""Спартак""";12,4;Оперативное управление
1036;П1300000010320;63:32:1605001:185;Нежилое здание;Дом для обслуживающего персонала № 12;"Ставропольский район , Ставропольский лесхоз, Ягодинское лесничество, квартал № 5, оздоровительный лагерь ""Спартак""";22,6;Оперативное управление
1037;П1300000011391;63:32:1605001:186;Нежилое здание;Дом для обслуживающего персонала № 18;"Ставропольский район , Ставропольский лесхоз, Ягодинское лесничество, квартал № 5, оздоровительный лагерь ""Спартак""";31,8;Оперативное управление
1038;П1300000010306;63:32:1605001:187;Нежилое здание;Столовая;"Ставропольский район , Ставропольский лесхоз, Ягодинское лесничество, квартал № 5, оздоровительный лагерь ""Спартак""";712,1;Оперативное управление
1039;П1300000011386;63:32:1605001:188;Нежилое здание;Спальный дом № 1;"Ставропольский район , Ставропольский лесхоз, Ягодинское лесничество, квартал № 5, оздоровительный лагерь ""Спартак""";96;Оперативное управление
1040;П1300000010327;63:32:1605001:189;Нежилое здание;Дом для обслуживающего персонала № 1;"Ставропольский район , Ставропольский лесхоз, Ягодинское лесничество, квартал № 5, оздоровительный лагерь ""Спартак""";38;Оперативное управление
1041;П1300000011262;63:32:1605001:190;Нежилое здание;Здание для проведения тематических кружков № 1;"Ставропольский район , Ставропольский лесхоз, Ягодинское лесничество, квартал № 5, оздоровительный лагерь ""Спартак""";119,9;Оперативное управление
1042;П1300000010322;63:32:1605001:191;Нежилое здание;Дом для обслуживающего персонала № 11;"Ставропольский район , Ставропольский лесхоз, Ягодинское лесничество, квартал № 5, оздоровительный лагерь ""Спартак""";40,3;Оперативное управление
1043;П1300000011257;63:32:1605001:192;Нежилое здание;Спальный дом № 9;"Ставропольский район , Ставропольский лесхоз, Ягодинское лесничество, квартал № 5, оздоровительный лагерь ""Спартак""";137,8;Оперативное управление
1044;П1300000010311;63:32:1605001:193;Нежилое здание;Склад № 13;"Ставропольский район , Ставропольский лесхоз, Ягодинское лесничество, квартал № 5, оздоровительный лагерь ""Спартак""";12,1;Оперативное управление
1045;П1300000011421;63:32:1605001:194;Нежилое здание;Спортивный клуб;"Ставропольский район , Ставропольский лесхоз, Ягодинское лесничество, квартал № 5, оздоровительный лагерь ""Спартак""";116,1;Оперативное управление
1046;П1300000010321;63:32:1605001:195;Нежилое здание;Библиотека;"Ставропольский район , Ставропольский лесхоз, Ягодинское лесничество, квартал № 5, оздоровительный лагерь ""Спартак""";41,9;Оперативное управление
1047;П1300000011409;63:32:1605001:196;Нежилое здание;Спальный дом № 8;"Ставропольский район , Ставропольский лесхоз, Ягодинское лесничество, квартал № 5, оздоровительный лагерь ""Спартак""";94,1;Оперативное управление
1048;П1300000010319;63:32:1605001:197;Нежилое здание;Сушилка;"Ставропольский район , Ставропольский лесхоз, Ягодинское лесничество, квартал № 5, оздоровительный лагерь ""Спартак""";13,3;Оперативное управление
1049;П1300000011403;63:32:1605001:198;Нежилое здание;Медпункт;"Ставропольский район , Ставропольский лесхоз, Ягодинское лесничество, квартал № 5, оздоровительный лагерь ""Спартак""";94,5;Оперативное управление
1050;П1300000011424;63:32:1605001:199;Нежилое здание;Спальный дом № 16;"Ставропольский район , Ставропольский лесхоз, Ягодинское лесничество, квартал № 5, оздоровительный лагерь ""Спартак""";140,4;Оперативное управление
1051;П1300000010332;63:32:1605001:200;Нежилое здание;Спальный дом № 11;"Ставропольский район , Ставропольский лесхоз, Ягодинское лесничество, квартал № 5, оздоровительный лагерь ""Спартак""";127,4;Оперативное управление
1052;П1300000010316;63:32:1605001:201;Нежилое здание;Склад № 8;"Ставропольский район , Ставропольский лесхоз, Ягодинское лесничество, квартал № 5, оздоровительный лагерь ""Спартак""";108,5;Оперативное управление
1053;П1300000011385;63:32:1605001:202;Нежилое здание;Спальный дом № 3;"Ставропольский район , Ставропольский лесхоз, Ягодинское лесничество, квартал № 5, оздоровительный лагерь ""Спартак""";94,1;Оперативное управление
1054;П1300000011423;63:32:1605001:203;Нежилое здание;Спальный дом № 18;"Ставропольский район , Ставропольский лесхоз, Ягодинское лесничество, квартал № 5, оздоровительный лагерь ""Спартак""";115,6;Оперативное управление
1055;П1300000010323;63:32:1605001:285;Нежилое здание;Дом для обслуживающего персонала № 6;"Ставропольский район , Ставропольский лесхоз, Ягодинское лесничество, квартал № 5, оздоровительный лагерь ""Спартак""";41,2;Оперативное управление
1056;П1300000011410;63:32:1605001:286;Нежилое здание;Склад № 5;"Ставропольский район , Ставропольский лесхоз, Ягодинское лесничество, квартал № 5, оздоровительный лагерь ""Спартак""";43,7;Оперативное управление
1057;П1300000010329;63:32:1605001:287;Нежилое здание;Административный дом;"Ставропольский район , Ставропольский лесхоз, Ягодинское лесничество, квартал № 5, оздоровительный лагерь ""Спартак""";83,2;Оперативное управление
1058;П1300000009712;63:32:1605001:288;Нежилое здание;Спальный дом № 6;"Ставропольский район , Ставропольский лесхоз, Ягодинское лесничество, квартал № 5, оздоровительный лагерь ""Спартак""";142,7;Оперативное управление
1059;П1300000010326;63:32:1605001:289;Нежилое здание;Дом для обслуживающего персонала № 2;"Ставропольский район , Ставропольский лесхоз, Ягодинское лесничество, квартал № 5, оздоровительный лагерь ""Спартак""";38;Оперативное управление
1060;П1300000010299;63:32:1605001:290;Нежилое здание;Склад № 7;"Ставропольский район , Ставропольский лесхоз, Ягодинское лесничество, квартал № 5, оздоровительный лагерь ""Спартак""";13,3;Оперативное управление
1061;П1300000010324;63:32:1605001:291;Нежилое здание;Дом для обслуживающего персонала № 7;"Ставропольский район , Ставропольский лесхоз, Ягодинское лесничество, квартал № 5, оздоровительный лагерь ""Спартак""";37,8;Оперативное управление
1062;П1300000011400;63:32:1605001:292;Нежилое здание;Санитарно-гигиенический комплекс;"Ставропольский район , Ставропольский лесхоз, Ягодинское лесничество, квартал № 5, оздоровительный лагерь ""Спартак""";436,7;Оперативное управление
1063;П1300000010318;63:32:1605001:293;Нежилое здание;Склад № 11;"Ставропольский район , Ставропольский лесхоз, Ягодинское лесничество, квартал № 5, оздоровительный лагерь ""Спартак""";24,8;Оперативное управление
1064;П1300000010315;63:32:1605001:294;Нежилое здание;Склад № 1;"Ставропольский район , Ставропольский лесхоз, Ягодинское лесничество, квартал № 5, оздоровительный лагерь ""Спартак""";204,3;Оперативное управление
1065;П1300000010333;63:32:1605001:295;Нежилое здание;Спальный дом № 13;"Ставропольский район , Ставропольский лесхоз, Ягодинское лесничество, квартал № 5, оздоровительный лагерь ""Спартак""";136,9;Оперативное управление
1066;П1300000009716;63:32:1605001:296;Нежилое здание;Спальный дом № 2;"Ставропольский район , Ставропольский лесхоз, Ягодинское лесничество, квартал № 5, оздоровительный лагерь ""Спартак""";145,6;Оперативное управление
1067;П1300000010310;63:32:1605001:297;Нежилое здание;Здание электромастерской;"Ставропольский район , Ставропольский лесхоз, Ягодинское лесничество, квартал № 5, оздоровительный лагерь ""Спартак""";7,2;Оперативное управление
1068;П1300000011405;63:32:1605001:298;Нежилое здание;Спальный дом № 10;"Ставропольский район , Ставропольский лесхоз, Ягодинское лесничество, квартал № 5, оздоровительный лагерь ""Спартак""";95,1;Оперативное управление
1069;П1300000009714;63:32:1605001:299;Нежилое здание;Спальный дом № 4;"Ставропольский район , Ставропольский лесхоз, Ягодинское лесничество, квартал № 5, оздоровительный лагерь ""Спартак""";145;Оперативное управление
1070;П1300000010331;63:32:1605001:301;Нежилое здание;Клуб;"Ставропольский район , Ставропольский лесхоз, Ягодинское лесничество, квартал № 5, оздоровительный лагерь ""Спартак""";317,1;Оперативное управление
1071;П1300000011417;63:32:1605001:302;Нежилое здание;Здание водораспределительного узла;"Ставропольский район , Ставропольский лесхоз, Ягодинское лесничество, квартал № 5, оздоровительный лагерь ""Спартак""";5,8;Оперативное управление
1072;П1300000011383;63:32:1605001:303;Нежилое здание;Спальный дом № 7;"Ставропольский район , Ставропольский лесхоз, Ягодинское лесничество, квартал № 5, оздоровительный лагерь ""Спартак""";95,8;Оперативное управление
1073;П1300000009721;63:32:1605001:305;Нежилое здание;Дом для обслуживающего персонала № 13;"Ставропольский район , Ставропольский лесхоз, Ягодинское лесничество, квартал № 5, оздоровительный лагерь ""Спартак""";22;Оперативное управление
1074;П1300000011260;63:32:1605001:306;Нежилое здание;Здание для проведения тематических кружков № 2;"Ставропольский район , Ставропольский лесхоз, Ягодинское лесничество, квартал № 5, оздоровительный лагерь ""Спартак""";47;Оперативное управление
1075;П1300000011422;63:32:1605001:307;Нежилое здание;Дом для обслуживающего персонала № 20;"Ставропольский район , Ставропольский лесхоз, Ягодинское лесничество, квартал № 5, оздоровительный лагерь ""Спартак""";13,2;Оперативное управление
1076;П1300000011427;63:32:1605001:308;Нежилое здание;Спальный дом № 14;"Ставропольский район , Ставропольский лесхоз, Ягодинское лесничество, квартал № 5, оздоровительный лагерь ""Спартак""";130,9;Оперативное управление
1077;П1300000011396;63:32:1605001:309;Нежилое здание;Спальный дом № 15;"Ставропольский район , Ставропольский лесхоз, Ягодинское лесничество, квартал № 5, оздоровительный лагерь ""Спартак""";116,6;Оперативное управление
1078;П1300000010313;63:32:1605001:310;Нежилое здание;Душевые;"Ставропольский район , Ставропольский лесхоз, Ягодинское лесничество, квартал № 5, оздоровительный лагерь ""Спартак""";87,9;Оперативное управление
1079;П1300000011426;63:32:1605001:311;Нежилое здание;Дом для обслуживающего персонала № 19;"Ставропольский район , Ставропольский лесхоз, Ягодинское лесничество, квартал № 5, оздоровительный лагерь ""Спартак""";13,4;Оперативное управление
1080;П1300000011401;63:32:1605001:312;Нежилое здание;Склад № 9;"Ставропольский район , Ставропольский лесхоз, Ягодинское лесничество, квартал № 5, оздоровительный лагерь ""Спартак""";15,8;Оперативное управление
1081;П1300000011390;63:32:1605001:313;Нежилое здание;Спальный дом № 19;"Ставропольский район , Ставропольский лесхоз, Ягодинское лесничество, квартал № 5, оздоровительный лагерь ""Спартак""";124,9;Оперативное управление
1082;П1300000011384;63:32:1605001:314;Нежилое здание;Спальный дом № 5;"Ставропольский район , Ставропольский лесхоз, Ягодинское лесничество, квартал № 5, оздоровительный лагерь ""Спартак""";96,6;Оперативное управление
1083;П1300000011411;63:32:1605001:315;Нежилое здание;Прачечная;"Ставропольский район , Ставропольский лесхоз, Ягодинское лесничество, квартал № 5, оздоровительный лагерь ""Спартак""";37,5;Оперативное управление
1084;П1300000010307;63:32:1605001:316;Нежилое здание;Склад № 3;"Ставропольский район , Ставропольский лесхоз, Ягодинское лесничество, квартал № 5, оздоровительный лагерь ""Спартак""";17,6;Оперативное управление
1085;П1300000010302;63:32:1605001:317;Нежилое здание;Туалет № 5 с выгребной ямой;"Ставропольский район , Ставропольский лесхоз, Ягодинское лесничество, квартал № 5, оздоровительный лагерь ""Спартак""";12;Оперативное управление
1086;П1300000011395;63:32:1605001:318;Нежилое здание;Спальный дом № 17;"Ставропольский район , Ставропольский лесхоз, Ягодинское лесничество, квартал № 5, оздоровительный лагерь ""Спартак""";107,6;Оперативное управление
1087;П1300000011389;63:32:1605001:319;Нежилое здание;Дом сторожа;"Ставропольский район , Ставропольский лесхоз, Ягодинское лесничество, квартал № 5, оздоровительный лагерь ""Спартак""";32,3;Оперативное управление
1088;П1300000010317;63:32:1605001:321;Нежилое здание;Дом для обслуживающего персонала № 14;"Ставропольский район , Ставропольский лесхоз, Ягодинское лесничество, квартал № 5, оздоровительный лагерь ""Спартак""";18;Оперативное управление
1089;П1300000010304;63:32:1605001:322;Нежилое здание;Склад № 4;"Ставропольский район , Ставропольский лесхоз, Ягодинское лесничество, квартал № 5, оздоровительный лагерь ""Спартак""";36,2;Оперативное управление
1090;П1300000010314;63:32:1605001:323;Нежилое здание;Склад № 2;"Ставропольский район , Ставропольский лесхоз, Ягодинское лесничество, квартал № 5, оздоровительный лагерь ""Спартак""";24,1;Оперативное управление
1091;П1300000011425;63:32:1605001:324;Нежилое здание;Фотолаборатория;"Ставропольский район , Ставропольский лесхоз, Ягодинское лесничество, квартал № 5, оздоровительный лагерь ""Спартак""";13,2;Оперативное управление
1092;П1300000010300;63:32:1605001:325;Нежилое здание;Склад № 6;"Ставропольский район , Ставропольский лесхоз, Ягодинское лесничество, квартал № 5, оздоровительный лагерь ""Спартак""";28,7;Оперативное управление
1093;П1300000011402;63:32:1605001:326;Нежилое здание;Спальный дом № 12;"Ставропольский район , Ставропольский лесхоз, Ягодинское лесничество, квартал № 5, оздоровительный лагерь ""Спартак""";106;Оперативное управление
1094;П1300000010309;63:32:1605001:327;Нежилое здание;Погреб с погребицей;"Ставропольский район , Ставропольский лесхоз, Ягодинское лесничество, квартал № 5, оздоровительный лагерь ""Спартак""";44;Оперативное управление
1095;П1300000011394;63:32:1605001:328;Нежилое здание;Дом для обслуживающего персонала № 17;"Ставропольский район , Ставропольский лесхоз, Ягодинское лесничество, квартал № 5, оздоровительный лагерь ""Спартак""";102,5;Оперативное управление
1096;П1300000010308;63:32:1605001:329;Нежилое здание;Холодильная установка;"Ставропольский район , Ставропольский лесхоз, Ягодинское лесничество, квартал № 5, оздоровительный лагерь ""Спартак""";13,1;Оперативное управление
1097;П1300000009720;63:32:1605001:330;Нежилое здание;Дом для обслуживающего персонала № 15;"Ставропольский район , Ставропольский лесхоз, Ягодинское лесничество, квартал № 5, оздоровительный лагерь ""Спартак""";13,9;Оперативное управление
1098;П1300000010325;63:32:1605001:331;Нежилое здание;Дом для обслуживающего персонала № 4;"Ставропольский район , Ставропольский лесхоз, Ягодинское лесничество, квартал № 5, оздоровительный лагерь ""Спартак""";83,8;Оперативное управление
1099;П1300000010746;63:32:1605001:347;Нежилое здание;Склад № 1;"Ставропольский район , Ставропольский лесхоз, Ягодинское лесничество, квартал № 5, оздоровительный комплекс ""Алые паруса""";486,1;Казна
1100;П1300000011414;63:32:1605001:379;Нежилое здание;Дом для обслуживающего персонала № 5;"Ставропольский район , Ставропольский лесхоз, Ягодинское лесничество, квартал № 5, оздоровительный лагерь ""Спартак""";34,4;Оперативное управление
1101;П1300000010334;63:32:1605001:380;Нежилое здание;Дом для обслуживающего персонала № 10;"Ставропольский район , Ставропольский лесхоз, Ягодинское лесничество, квартал № 5, оздоровительный лагерь ""Спартак""";33,5;Оперативное управление
1102;П1300000010336;63:32:1605001:382;Нежилое здание;Дом для обслуживающего персонала № 8;"Ставропольский район , Ставропольский лесхоз, Ягодинское лесничество, квартал № 5, оздоровительный лагерь ""Спартак""";34,4;Оперативное управление
1103;П1300000010328;63:32:1605001:383;Нежилое здание;Дом для обслуживающего персонала № 3;"Ставропольский район , Ставропольский лесхоз, Ягодинское лесничество, квартал № 5, оздоровительный лагерь ""Спартак""";38,1;Оперативное управление
1104;П1300000010335;63:32:1605001:384;Нежилое здание;Дом для обслуживающего персонала № 9;"Ставропольский район , Ставропольский лесхоз, Ягодинское лесничество, квартал № 5, оздоровительный лагерь ""Спартак""";29,3;Оперативное управление
1105;П1300000009718;63:32:1605001:387;Нежилое здание;Дом для обслуживающего персонала № 16;"Ставропольский район , Ставропольский лесхоз, Ягодинское лесничество, квартал № 5, оздоровительный лагерь ""Спартак""";42,6;Оперативное управление
1106;П1300000011381;63:32:1605001:388;Нежилое здание;Котельная;"Ставропольский район , Ставропольский лесхоз, Ягодинское лесничество, квартал № 3, оздоровительный лагерь ""Электроник""";48,4;Оперативное управление
1107;П1300000010777;63:32:1605001:389;Нежилое здание;Медпункт;"Ставропольский район , Ставропольский лесхоз, Ягодинское лесничество, квартал № 3, оздоровительный лагерь ""Электроник""";125,6;Оперативное управление
1108;П1300000011393;63:32:1605001:391;Нежилое здание;Клуб-столовая;"Ставропольский район , Ставропольский лесхоз, Ягодинское лесничество, квартал № 3, оздоровительный лагерь ""Электроник""";1665,4;Оперативное управление
1109;П1300000010769;63:32:1605001:393;Нежилое здание;Административный корпус;"Ставропольский район , Ставропольский лесхоз, Ягодинское лесничество, квартал № 3, оздоровительный лагерь ""Электроник""";203,5;Оперативное управление
1110;П1300000011261;63:32:1605001:394;Нежилое здание;Овощехранилище со складом № 1;"Ставропольский район , Ставропольский лесхоз, Ягодинское лесничество, квартал № 3, оздоровительный лагерь ""Электроник""";164;Оперативное управление
1111;П1300000011258;63:32:1605001:396;Нежилое здание;Теплица;"Ставропольский район , Ставропольский лесхоз, Ягодинское лесничество, квартал № 3, оздоровительный лагерь ""Электроник""";519,7;Оперативное управление
1112;П1300000010770;63:32:1605001:397;Нежилое здание;Дом отдыха № 3;"Ставропольский район , Ставропольский лесхоз, Ягодинское лесничество, квартал № 3, оздоровительный лагерь ""Электроник""";139,8;Оперативное управление
1113;П1300000011259;63:32:1605001:398;Нежилое здание;Хозяйственный корпус;"Ставропольский район , Ставропольский лесхоз, Ягодинское лесничество, квартал № 3, оздоровительный лагерь ""Электроник""";425,5;Оперативное управление
1114;П1300000010778;63:32:1605001:399;Нежилое здание;Лечебный корпус;"Ставропольский район , Ставропольский лесхоз, Ягодинское лесничество, квартал № 3, оздоровительный лагерь ""Электроник""";583,6;Оперативное управление
1115;П1300000011382;63:32:1605001:401;Нежилое здание;Бойлерная;"Ставропольский район , Ставропольский лесхоз, Ягодинское лесничество, квартал № 3, оздоровительный лагерь ""Электроник""";20;Оперативное управление
1116;П1300000011413;63:32:1605001:402;Нежилое здание;Станция обезжелезивания;"Ставропольский район , Ставропольский лесхоз, Ягодинское лесничество, квартал № 3, оздоровительный лагерь ""Электроник""";213;Оперативное управление
1117;П1300000011256;63:32:1605001:403;Нежилое здание;Душевые;"Ставропольский район , Ставропольский лесхоз, Ягодинское лесничество, квартал № 3, оздоровительный лагерь ""Электроник""";68,2;Оперативное управление
1118;П1300000011253;63:32:1605001:404;Нежилое здание;Спальный корпус № 2;"Ставропольский район , Ставропольский лесхоз, Ягодинское лесничество, квартал № 3, оздоровительный лагерь ""Электроник""";1585,4;Оперативное управление
1119;П1300000010773;63:32:1605001:405;Нежилое здание;Дом отдыха № 1;"Ставропольский район , Ставропольский лесхоз, Ягодинское лесничество, квартал № 3, оздоровительный лагерь ""Электроник""";114,1;Оперативное управление
1120;П1300000011388;63:32:1605001:406;Нежилое здание;Трансформаторная подстанция;"Ставропольский район , Ставропольский лесхоз, Ягодинское лесничество, квартал № 3, оздоровительный лагерь ""Электроник""";50,2;Оперативное управление
1121;П1300000010772;63:32:1605001:407;Нежилое здание;Дом отдыха № 2;"Ставропольский район , Ставропольский лесхоз, Ягодинское лесничество, квартал № 3, оздоровительный лагерь ""Электроник""";140,5;Оперативное управление
1122;П1300000011387;63:32:1605001:409;Нежилое здание;Сварочный пост;"Ставропольский район , Ставропольский лесхоз, Ягодинское лесничество, квартал № 3, оздоровительный лагерь ""Электроник""";51,2;Оперативное управление
1123;П1300000011255;63:32:1605001:410;Нежилое здание;Склад № 6;"Ставропольский район , Ставропольский лесхоз, Ягодинское лесничество, квартал № 3, оздоровительный лагерь ""Электроник""";30,6;Оперативное управление
1124;П1300000011254;63:32:1605001:411;Нежилое здание;Спальный корпус № 1;"Ставропольский район , Ставропольский лесхоз, Ягодинское лесничество, квартал № 3, оздоровительный лагерь ""Электроник""";1727,4;Оперативное управление
1125;П1300000010774;63:32:1605001:414;Нежилое здание;Гидромассажный корпус;"Ставропольский район , Ставропольский лесхоз, Ягодинское лесничество, квартал № 3, оздоровительный лагерь ""Электроник""";297,9;Оперативное управление
1126;П1300000011392;63:32:1605001:415;Нежилое здание;КНС;"Ставропольский район , Ставропольский лесхоз, Ягодинское лесничество, квартал № 3, оздоровительный лагерь ""Электроник""";46,1;Оперативное управление
1127;П1300000010824;63:32:1804008:356;Нежилое здание;Домик (лит. А10);"Ставропольский район , база отдыха ""Лесобон""";35,1;Оперативное управление
1128;П1300000011461;63:37:1801005:78;Нежилое здание;Нежилое здание - Склад №5;"Шигонский район , Усольское лесничество Волжского ГЛОХ, кв. 16, о/л ""Звездочка""";26,7;Оперативное управление
1129;П1300000009567;63:37:2001011:10013;Нежилое здание;Нежилое здание - дом для обслуживающего персонала №2;"Шигонский район , Усольское лесничество Волжского ГЛОХ, кв. 16, о/л ""Звездочка""";71,4;Оперативное управление
1130;П1300000010979;63:37:2001011:10018;Нежилое здание;Спальный дом № 2;"Шигонский район , Усольское лесничество Волжского ГЛОХ, кв. 16, о/л ""Звездочка""";110,2;Оперативное управление
1131;П1300000009563;63:37:2001011:10039;Нежилое здание;Нежилое здание - дом для обслуживающего персонала № 3;"Шигонский район , Усольское лесничество Волжского ГЛОХ, кв. 16, о/л ""Звездочка""";48,8;Оперативное управление
1132;П1300000009537;63:37:2001011:10057;Нежилое здание;Нежилое здание - Дом сторожа №2;"Шигонский район , Усольское лесничество Волжского ГЛОХ, кв. 16, о/л ""Звездочка""";20,7;Оперативное управление
1133;П1300000009574;63:37:2001011:9590;Нежилое здание;Нежилое здание - дом для обслуживающего персонала №8;"Шигонский район , Усольское лесничество Волжского ГЛОХ, кв. 16, о/л ""Звездочка""";47,9;Оперативное управление
1134;П1300000009543;63:37:2001011:9591;Нежилое здание;Нежилое здание - Спальный дом №21;"Шигонский район , Усольское лесничество Волжского ГЛОХ, кв. 16, о/л ""Звездочка""";39,6;Оперативное управление
1135;П1300000009542;63:37:2001011:9592;Нежилое здание;Нежилое здание - Спальный дом №22;"Шигонский район , Усольское лесничество Волжского ГЛОХ, кв. 16, о/л ""Звездочка""";42;Оперативное управление
1136;П1300000009568;63:37:2001011:9593;Нежилое здание;Нежилое здание - Спальный дом №37;"Шигонский район , Усольское лесничество Волжского ГЛОХ, кв. 16, о/л ""Звездочка""";13,1;Оперативное управление
1137;П1300000009569;63:37:2001011:9594;Нежилое здание;Спальный дом № 38;"Шигонский район , Усольское лесничество Волжского ГЛОХ, кв. 16, о/л ""Звездочка""";12,6;Оперативное управление
1138;П1300000009575;63:37:2001011:9595;Нежилое здание;Нежилое здание - Спальный дом №40;"Шигонский район , Усольское лесничество Волжского ГЛОХ, кв. 16, о/л ""Звездочка""";13,4;Оперативное управление
1139;П1300000009579;63:37:2001011:9596;Нежилое здание;Нежилое здание - Спальный дом №41;"Шигонский район , Усольское лесничество Волжского ГЛОХ, кв. 16, о/л ""Звездочка""";13,3;Оперативное управление
1140;П1300000011468;63:37:2001011:9597;Нежилое здание;Нежилое здание - спальный дом № 15;"Шигонский район , Усольское лесничество Волжского ГЛОХ, кв. 16, о/л ""Звездочка""";88,8;Оперативное управление
1141;П1300000011467;63:37:2001011:9598;Нежилое здание;Нежилое здание - спальный дом №4;"Шигонский район , Усольское лесничество Волжского ГЛОХ, кв. 16, о/л ""Звездочка""";92,5;Оперативное управление
1142;П1300000011466;63:37:2001011:9599;Нежилое здание;Спальный дом № 3;"Шигонский район , Усольское лесничество Волжского ГЛОХ, кв. 16, о/л ""Звездочка""";102,8;Оперативное управление
1143;П1300000011465;63:37:2001011:9600;Нежилое здание;Нежилое здание - спальный дом № 6;"Шигонский район , Усольское лесничество Волжского ГЛОХ, кв. 16, о/л ""Звездочка""";96,5;Оперативное управление
1144;П1300000011463;63:37:2001011:9601;Нежилое здание;Нежилое здание - Спальный дом №5;"Шигонский район , Усольское лесничество Волжского ГЛОХ, кв. 16, о/л ""Звездочка""";98,3;Оперативное управление
1145;П1300000011460;63:37:2001011:9602;Нежилое здание;Здание для проведения тематических кружков № 2;"Шигонский район , Усольское лесничество Волжского ГЛОХ, кв. 16, о/л ""Звездочка""";45,6;Оперативное управление
1146;П1300000009538;63:37:2001011:9603;Нежилое здание;Нежилое здание - спальный дом № 11;"Шигонский район , Усольское лесничество Волжского ГЛОХ, кв. 16, о/л ""Звездочка""";90,1;Оперативное управление
1147;П1300000010967;63:37:2001011:9604;Нежилое здание;Административный дом;"Шигонский район , Усольское лесничество Волжского ГЛОХ, кв. 16, о/л ""Звездочка""";105;Оперативное управление
1148;П1300000010964;63:37:2001011:9605;Нежилое здание;Нежилое здание - Дом для обслуживающего персонала №6;"Шигонский район , Усольское лесничество Волжского ГЛОХ, кв. 16, о/л ""Звездочка""";41,8;Оперативное управление
1149;П1300000010835;63:37:2001011:9606;Нежилое здание;Нежилое здание - дом сторожа № 1;"Шигонский район , Усольское лесничество Волжского ГЛОХ, кв. 16, о/л ""Звездочка""";14,4;Оперативное управление
1150;П1300000010830;63:37:2001011:9607;Нежилое здание;Склад № 1;"Шигонский район , Усольское лесничество Волжского ГЛОХ, кв. 16, о/л ""Звездочка""";244,3;Оперативное управление
1151;П1300000009580;63:37:2001011:9610;Нежилое здание;Нежилое здание - Спальный дом №42;"Шигонский район , Усольское лесничество Волжского ГЛОХ, кв. 16, о/л ""Звездочка""";13,1;Оперативное управление
1152;П1300000009581;63:37:2001011:9611;Нежилое здание;Нежилое здание - Спальный дом №43;"Шигонский район , Усольское лесничество Волжского ГЛОХ, кв. 16, о/л ""Звездочка""";13,6;Оперативное управление
1153;П1300000009560;63:37:2001011:9612;Нежилое здание;Нежилое здание - клуб;"Шигонский район , Усольское лесничество Волжского ГЛОХ, кв. 16, о/л ""Звездочка""";774,5;Оперативное управление
1154;П1300000010980;63:37:2001011:9613;Нежилое здание;Медпункт;"Шигонский район , Усольское лесничество Волжского ГЛОХ, кв. 16, о/л ""Звездочка""";124,1;Оперативное управление
1155;П1300000010973;63:37:2001011:9614;Нежилое здание;Спальный дом № 7;"Шигонский район , Усольское лесничество Волжского ГЛОХ, кв. 16, о/л ""Звездочка""";106,1;Оперативное управление
1156;П1300000010970;63:37:2001011:9615;Нежилое здание;Нежилое здание - Спальный дом №9;"Шигонский район , Усольское лесничество Волжского ГЛОХ, кв. 16, о/л ""Звездочка""";172,3;Оперативное управление
1157;П1300000010968;63:37:2001011:9617;Нежилое здание;Нежилое здание - гостевой дом;"Шигонский район , Усольское лесничество Волжского ГЛОХ, кв. 16, о/л ""Звездочка""";38,3;Оперативное управление
1158;П1300000010966;63:37:2001011:9618;Нежилое здание;Нежилое здание - Дом для обслуживающего персонала №5;"Шигонский район , Усольское лесничество Волжского ГЛОХ, кв. 16, о/л ""Звездочка""";69,8;Оперативное управление
1159;П1300000011470;63:37:2001011:9619;Нежилое здание;Нежилое здание - спальный дом № 13;"Шигонский район , Усольское лесничество Волжского ГЛОХ, кв. 16, о/л ""Звездочка""";88;Оперативное управление
1160;П1300000010960;63:37:2001011:9620;Нежилое здание;Нежилое здание - спальный дом № 24;"Шигонский район , Усольское лесничество Волжского ГЛОХ, кв. 16, о/л ""Звездочка""";31,9;Оперативное управление
1161;П1300000010959;63:37:2001011:9621;Нежилое здание;Здание холодильной установки;"Шигонский район , Усольское лесничество Волжского ГЛОХ, кв. 16, о/л ""Звездочка""";26,9;Оперативное управление
1162;П1300000009558;63:37:2001011:9622;Нежилое здание;Здание для проведения тематических кружков № 1;"Шигонский район , Усольское лесничество Волжского ГЛОХ, кв. 16, о/л ""Звездочка""";31,1;Оперативное управление
1163;П1300000009557;63:37:2001011:9623;Нежилое здание;Нежилое здание - дом для проведения игр № 2;"Шигонский район , Усольское лесничество Волжского ГЛОХ, кв. 16, о/л ""Звездочка""";54,6;Оперативное управление
1164;П1300000009556;63:37:2001011:9624;Нежилое здание;Нежилое здание - дом для проведения игр №1;"Шигонский район , Усольское лесничество Волжского ГЛОХ, кв. 16, о/л ""Звездочка""";54,4;Оперативное управление
1165;П1300000009728;63:37:2001011:9631;Нежилое здание;Нежилое здание - Спальный дом №46;"Шигонский район , Усольское лесничество Волжского ГЛОХ, кв. 16, о/л ""Звездочка""";13,7;Оперативное управление
1166;П1300000009729;63:37:2001011:9632;Нежилое здание;Нежилое здание - Спальный дом №47;"Шигонский район , Усольское лесничество Волжского ГЛОХ, кв. 16, о/л ""Звездочка""";13,7;Оперативное управление
1167;П1300000009730;63:37:2001011:9633;Нежилое здание;Нежилое здание - Спальный дом №48;"Шигонский район , Усольское лесничество Волжского ГЛОХ, кв. 16, о/л ""Звездочка""";13,7;Оперативное управление
1168;П1300000009731;63:37:2001011:9634;Нежилое здание;Нежилое здание - Спальный дом №49;"Шигонский район , Усольское лесничество Волжского ГЛОХ, кв. 16, о/л ""Звездочка""";46;Оперативное управление
1169;П1300000009733;63:37:2001011:9635;Нежилое здание;Нежилое здание - Спальный дом №50;"Шигонский район , Усольское лесничество Волжского ГЛОХ, кв. 16, о/л ""Звездочка""";13,7;Оперативное управление
1170;П1300000009835;63:37:2001011:9636;Нежилое здание;Нежилое здание - Спальный дом №51;"Шигонский район , Усольское лесничество Волжского ГЛОХ, кв. 16, о/л ""Звездочка""";13,7;Оперативное управление
1171;П1300000009838;63:37:2001011:9637;Нежилое здание;Нежилое здание - летняя кухня;"Шигонский район , Усольское лесничество Волжского ГЛОХ, кв. 16, о/л ""Звездочка""";60,4;Оперативное управление
1172;П1300000009839;63:37:2001011:9638;Нежилое здание;Нежилое здание - Склад №7;"Шигонский район , Усольское лесничество Волжского ГЛОХ, кв. 16, о/л ""Звездочка""";69,6;Оперативное управление
1173;П1300000009848;63:37:2001011:9639;Нежилое здание;Нежилое здание - летнее кафе;"Шигонский район , Усольское лесничество Волжского ГЛОХ, кв. 16, о/л ""Звездочка""";64,5;Оперативное управление
1174;П1300000009565;63:37:2001011:9640;Нежилое здание;Нежилое здание - Спальный дом №36;"Шигонский район , Усольское лесничество Волжского ГЛОХ, кв. 16, о/л ""Звездочка""";15,7;Оперативное управление
1175;П1300000009572;63:37:2001011:9641;Нежилое здание;Склад № 3;"Шигонский район , Усольское лесничество Волжского ГЛОХ, кв. 16, о/л ""Звездочка""";68,4;Оперативное управление
1176;П1300000009540;63:37:2001011:9642;Нежилое здание;Нежилое здание - Спальный дом №23;"Шигонский район , Усольское лесничество Волжского ГЛОХ, кв. 16, о/л ""Звездочка""";39,5;Оперативное управление
1177;П1300000009539;63:37:2001011:9643;Нежилое здание;Нежилое здание - спальный дом № 12;"Шигонский район , Усольское лесничество Волжского ГЛОХ, кв. 16, о/л ""Звездочка""";91,8;Оперативное управление
1178;П1300000011472;63:37:2001011:9644;Нежилое здание;Нежилое здание - спальный дом № 14;"Шигонский район , Усольское лесничество Волжского ГЛОХ, кв. 16, о/л ""Звездочка""";85,8;Оперативное управление
1179;П1300000011469;63:37:2001011:9645;Нежилое здание;Нежилое здание - спальный дом № 16;"Шигонский район , Усольское лесничество Волжского ГЛОХ, кв. 16, о/л ""Звездочка""";91,8;Оперативное управление
1180;П1300000009582;63:37:2001011:9646;Нежилое здание;Нежилое здание - Спальный дом №44;"Шигонский район , Усольское лесничество Волжского ГЛОХ, кв. 16, о/л ""Звездочка""";13,7;Оперативное управление
1181;П1300000009724;63:37:2001011:9647;Нежилое здание;Нежилое здание - Спальный дом №45;"Шигонский район , Усольское лесничество Волжского ГЛОХ, кв. 16, о/л ""Звездочка""";13,7;Оперативное управление
1182;П1300000009849;63:37:2001011:9648;Нежилое здание;Нежилое здание - Спальный дом №52;"Шигонский район , Усольское лесничество Волжского ГЛОХ, кв. 16, о/л ""Звездочка""";46;Оперативное управление
1183;П1300000009857;63:37:2001011:9649;Нежилое здание;Нежилое здание - спальный дом № 57;"Шигонский район , Усольское лесничество Волжского ГЛОХ, кв. 16, о/л ""Звездочка""";40,8;Оперативное управление
1184;П1300000009859;63:37:2001011:9650;Нежилое здание;Нежилое здание - спальный дом № 58;"Шигонский район , Усольское лесничество Волжского ГЛОХ, кв. 16, о/л ""Звездочка""";40,4;Оперативное управление
1185;П1300000009860;63:37:2001011:9651;Нежилое здание;Нежилое здание - спальный дом № 59;"Шигонский район , Усольское лесничество Волжского ГЛОХ, кв. 16, о/л ""Звездочка""";40,3;Оперативное управление
1186;П1300000009861;63:37:2001011:9652;Нежилое здание;Нежилое здание - Спальный дом №60;"Шигонский район , Усольское лесничество Волжского ГЛОХ, кв. 16, о/л ""Звездочка""";39,7;Оперативное управление
1187;П1300000009862;63:37:2001011:9653;Нежилое здание;Нежилое здание - Дом сторожа№ 3;"Шигонский район , Усольское лесничество Волжского ГЛОХ, кв. 16, о/л ""Звездочка""";22,8;Оперативное управление
1188;П1300000009553;63:37:2001011:9654;Нежилое здание;Нежилое здание - Спальный дом №33;"Шигонский район , Усольское лесничество Волжского ГЛОХ, кв. 16, о/л ""Звездочка""";13,8;Оперативное управление
1189;П1300000009573;63:37:2001011:9655;Нежилое здание;Нежилое здание - Спальный дом №39;"Шигонский район , Усольское лесничество Волжского ГЛОХ, кв. 16, о/л ""Звездочка""";13,1;Оперативное управление
1190;П1300000009541;63:37:2001011:9656;Нежилое здание;Нежилое здание - Спальный дом №27;"Шигонский район , Усольское лесничество Волжского ГЛОХ, кв. 16, о/л ""Звездочка""";34,6;Оперативное управление
1191;П1300000011471;63:37:2001011:9657;Нежилое здание;Нежилое здание - Спальный дом №26;"Шигонский район , Усольское лесничество Волжского ГЛОХ, кв. 16, о/л ""Звездочка""";40,4;Оперативное управление
1192;П1300000011462;63:37:2001011:9658;Нежилое здание;Здание дизельной;"Шигонский район , Усольское лесничество Волжского ГЛОХ, кв. 16, о/л ""Звездочка""";18,7;Оперативное управление
1193;П1300000009578;63:37:2001011:9659;Нежилое здание;Нежилое здание - столярная мастерская;"Шигонский район , Усольское лесничество Волжского ГЛОХ, кв. 16, о/л ""Звездочка""";251,3;Оперативное управление
1194;П1300000009577;63:37:2001011:9660;Нежилое здание;Нежилое здание - Склад №4;"Шигонский район , Усольское лесничество Волжского ГЛОХ, кв. 16, о/л ""Звездочка""";240;Оперативное управление
1195;П1300000009576;63:37:2001011:9661;Нежилое здание;Баня;"Шигонский район , Усольское лесничество Волжского ГЛОХ, кв. 16, о/л ""Звездочка""";45,6;Оперативное управление
1196;П1300000009851;63:37:2001011:9662;Нежилое здание;Нежилое здание - дом для проведения игр №3;"Шигонский район , Усольское лесничество Волжского ГЛОХ, кв. 16, о/л ""Звездочка""";56,9;Оперативное управление
1197;П1300000009852;63:37:2001011:9663;Нежилое здание;Нежилое здание - дом для проведения игр №4;"Шигонский район , Усольское лесничество Волжского ГЛОХ, кв. 16, о/л ""Звездочка""";56,8;Оперативное управление
1198;П1300000009853;63:37:2001011:9664;Нежилое здание;Нежилое здание - Спальный  дом №53;"Шигонский район , Усольское лесничество Волжского ГЛОХ, кв. 16, о/л ""Звездочка""";13,7;Оперативное управление
1199;П1300000009854;63:37:2001011:9665;Нежилое здание;Нежилое здание - Спальный дом №54;"Шигонский район , Усольское лесничество Волжского ГЛОХ, кв. 16, о/л ""Звездочка""";13,6;Оперативное управление
1200;П1300000009855;63:37:2001011:9666;Нежилое здание;Нежилое здание - спальный дом № 55;"Шигонский район , Усольское лесничество Волжского ГЛОХ, кв. 16, о/л ""Звездочка""";40,7;Оперативное управление
1201;П1300000009856;63:37:2001011:9667;Нежилое здание;Нежилое здание - Спальный дом №56;"Шигонский район , Усольское лесничество Волжского ГЛОХ, кв. 16, о/л ""Звездочка""";40,1;Оперативное управление
1202;П1300000009555;63:37:2001011:9668;Нежилое здание;Нежилое здание - Спальный дом №34;"Шигонский район , Усольское лесничество Волжского ГЛОХ, кв. 16, о/л ""Звездочка""";14,9;Оперативное управление
1203;П1300000009559;63:37:2001011:9669;Нежилое здание;Нежилое здание - Спальный дом №35;"Шигонский район , Усольское лесничество Волжского ГЛОХ, кв. 16, о/л ""Звездочка""";15,7;Оперативное управление
1204;П1300000009552;63:37:2001011:9670;Нежилое здание;Нежилое здание - Склад №6;"Шигонский район , Усольское лесничество Волжского ГЛОХ, кв. 16, о/л ""Звездочка""";30,1;Оперативное управление
1205;П1300000009551;63:37:2001011:9671;Нежилое здание;Нежилое здание - Спальный дом №32;"Шигонский район , Усольское лесничество Волжского ГЛОХ, кв. 16, о/л ""Звездочка""";21,1;Оперативное управление
1206;П1300000009547;63:37:2001011:9672;Нежилое здание;Нежилое здание - Спальный дом №31;"Шигонский район , Усольское лесничество Волжского ГЛОХ, кв. 16, о/л ""Звездочка""";21;Оперативное управление
1207;П1300000009546;63:37:2001011:9673;Нежилое здание;Нежилое здание - Спальный дом №30;"Шигонский район , Усольское лесничество Волжского ГЛОХ, кв. 16, о/л ""Звездочка""";21;Оперативное управление
1208;П1300000009545;63:37:2001011:9674;Нежилое здание;Нежилое здание - Спальный дом №29;"Шигонский район , Усольское лесничество Волжского ГЛОХ, кв. 16, о/л ""Звездочка""";21,2;Оперативное управление
1209;П1300000009544;63:37:2001011:9675;Нежилое здание;Нежилое здание - Спальный дом №28;"Шигонский район , Усольское лесничество Волжского ГЛОХ, кв. 16, о/л ""Звездочка""";21,1;Оперативное управление
1210;П1300000011464;63:37:2001011:9676;Нежилое здание;Нежилое здание - Спальный дом №25;"Шигонский район , Усольское лесничество Волжского ГЛОХ, кв. 16, о/л ""Звездочка""";45;Оперативное управление
1211;П1300000009571;63:37:2001011:9677;Нежилое здание;Нежилое здание - дом для обслуживающего персонала №7;"Шигонский район , Усольское лесничество Волжского ГЛОХ, кв. 16, о/л ""Звездочка""";195,1;Оперативное управление
1212;П1300000009570;63:37:2001011:9678;Нежилое здание;Нежилое здание - дом для обслуживающего персонала №1;"Шигонский район , Усольское лесничество Волжского ГЛОХ, кв. 16, о/л ""Звездочка""";84,2;Оперативное управление
1213;П1300000009566;63:37:2001011:9680;Нежилое здание;Котельная;"Шигонский район , Усольское лесничество Волжского ГЛОХ, кв. 16, о/л ""Звездочка""";27,1;Оперативное управление
1214;П1300000009564;63:37:2001011:9681;Нежилое здание;Нежилое здание -хозблок;"Шигонский район , Усольское лесничество Волжского ГЛОХ, кв. 16, о/л ""Звездочка""";154,8;Оперативное управление
1215;П1300000009562;63:37:2001011:9682;Нежилое здание;Нежилое здание - дом для обслуживающего персонала № 4;"Шигонский район , Усольское лесничество Волжского ГЛОХ, кв. 16, о/л ""Звездочка""";51,3;Оперативное управление
1216;П1300000009561;63:37:2001011:9683;Нежилое здание;Склад № 2;"Шигонский район , Усольское лесничество Волжского ГЛОХ, кв. 16, о/л ""Звездочка""";43,8;Оперативное управление
1217;П1300000009550;63:37:2001011:9684;Нежилое здание;Нежилое здание - Спальный дом №18;"Шигонский район , Усольское лесничество Волжского ГЛОХ, кв. 16, о/л ""Звездочка""";44,4;Оперативное управление
1218;П1300000009549;63:37:2001011:9685;Нежилое здание;Нежилое здание - Спальный дом №19;"Шигонский район , Усольское лесничество Волжского ГЛОХ, кв. 16, о/л ""Звездочка""";43,7;Оперативное управление
1219;П1300000009548;63:37:2001011:9686;Нежилое здание;Нежилое здание - Спальный дом №20;"Шигонский район , Усольское лесничество Волжского ГЛОХ, кв. 16, о/л ""Звездочка""";44,6;Оперативное управление
1220;П1300000010974;63:37:2001011:9687;Нежилое здание;Спальный дом № 8;"Шигонский район , Усольское лесничество Волжского ГЛОХ, кв. 16, о/л ""Звездочка""";106,1;Оперативное управление
1221;П1300000010958;63:37:2001011:9699;Нежилое здание;Нежилое здание - овощехранилище;"Шигонский район , Усольское лесничество Волжского ГЛОХ, кв. 16, о/л ""Звездочка""";64,8;Оперативное управление
1222;П1300000010976;63:37:2001011:9700;Нежилое здание;Спальный дом № 1;"Шигонский район , Усольское лесничество Волжского ГЛОХ, кв. 16, о/л ""Звездочка""";105,3;Оперативное управление
1223;П1300000010831;63:37:2001011:9703;Нежилое здание;Столовая;"Шигонский район , Усольское лесничество Волжского ГЛОХ, кв. 16, о/л ""Звездочка""";1072,4;Оперативное управление
1224;П1300000010969;63:37:2001011:9705;Нежилое здание;Нежилое здание - Спальный дом №10;"Шигонский район , Усольское лесничество Волжского ГЛОХ, кв. 16, о/л ""Звездочка""";173,2;Оперативное управление
1225;П1300000010971;63:37:2001011:9982;Нежилое здание;Спальный корпус № 1;"Шигонский район , Усольское лесничество Волжского ГЛОХ, кв. 16, о/л ""Звездочка""";122,5;Оперативное управление
1226;П1300000009554;63:37:2001011:9985;Нежилое здание;Нежилое здание - Спальный дом №17;"Шигонский район , Усольское лесничество Волжского ГЛОХ, кв. 16, о/л ""Звездочка""";43,7;Оперативное управление
1227;П1300000010972;63:37:2001011:9986;Нежилое здание;Спальный корпус № 2;"Шигонский район , Усольское лесничество Волжского ГЛОХ, кв. 16, о/л ""Звездочка""";124,3;Оперативное управление
1228;П1300000014527;;Нежилое помещение;Нежилое помещение № 1008;Самарская область, Автозаводский район, г. Тольятти, ул. Революционная, д. 7, корп. 2 помещение 1008;26,5;Казна
1229;П1300000014526;;Нежилое помещение;Нежилое помещение № 1007;Самарская область, Автозаводский район, г. Тольятти, ул. Революционная, д. 7, корп. 2 помещение 1007;33,7;Казна
1230;П1300000014524;;Нежилое помещение;Нежилое помещение № 1004;Самарская область, Автозаводский район, г. Тольятти, ул. Революционная, д. 7, корп. 2 помещение 1004;31,2;Казна
1231;П1300000014523;;Нежилое помещение;Нежилое помещение № 1003;Самарская область, Автозаводский район, г. Тольятти, ул. Революционная, д. 7, корп. 2 помещение 1003;69,8;Казна
1232;П1300000014525;;Нежилое помещение;Нежилое помещение № 1005;Самарская область, Автозаводский район, г. Тольятти, ул. Революционная, д. 7, корп. 2 помещение 1005;21,1;Казна
1233;П1300000010460;63:09:0101150:12038;Нежилое помещение;Нежилое помещение на + 1 эт. № 8,8А,9,10,11,12;Самарская область, Автозаводский район, г. Тольятти, б-р Гая, д. 18;45,2;Казна
1234;П1300000010800;63:09:0101169:1605;Нежилое помещение;Нежилое помещение: 1 этаж, поз. №№ 9, 10, 11, 12, 13, 14, 15;Самарская область, Автозаводский район, г. Тольятти, ул. Фрунзе, д. 9;60,4;Казна
1235;П1300000010093;63:09:0101163:8877;Нежилое помещение;Нежилое помещение (1 этаж, поз. № 152-162);Самарская область, Автозаводский район, г. Тольятти, ул. Свердлова, д. 51, комн. 152-159;106,8;Казна
1236;П1300000010242;63:09:0301100:1774;Нежилое помещение;Нежилое помещение: 1 этаж, поз. № 1-4;Самарская область, Центральный район, г. Тольятти, ул. Мира, д. 61;74,6;Казна
1237;П1010000067355;63:09:0101156:6122;Нежилое помещение;Нежилое помещение на 2 этаже;Самарская область, Автозаводский район, г. Тольятти, б-р Татищева, д. 2, комн. 38;34,3;Казна
1238;П1300000009506;63:09:0101162:10585;Нежилое помещение;МОП, на - 1 эт. № 1, 9, 17, 37;Самарская область, Автозаводский район, г. Тольятти, ул. Свердлова, д. 28;45,3;Казна
1239;П1300000009505;63:09:0101180:10599;Нежилое помещение; 2 этаж, поз. № 1-9, 32-44;Самарская область, Автозаводский район, г. Тольятти, б-р Приморский, д. 31;355,9;Казна
1240;П1300000014430;63:09:0101170:8570;Нежилое помещение;нежилое помещение 1108;Самарская область, Автозаводский район, г. Тольятти, ул. Фрунзе, д. 25, помещение 1108;79,6;Казна
1241;П1300000009702;63:09:0101176:2090;Нежилое помещение;Нежилое помещение: 1 этаж  № 6, 7, 8, 9, 10, 11;Самарская область, Автозаводский район, г. Тольятти, пр-кт Московский, д. 61, пом. Б/Н 1004;41,5;Казна
1242;П1300000013831;63:09:0301174:5031;Нежилое помещение;Нежилое помещение 1027: 1 этаж поз. №№ 9, 10, 11, 12, 13, 14;Самарская область, Центральный район, г. Тольятти, ул. Ленина, д. 84, комн. 1027;79,4;Казна
1243;П1010000071143;63:09:0201057:5519;Нежилое помещение;Нежилое помещение 1001;Самарская область, Комсомольский район, г. Тольятти, ул. Есенина, д. 14, пом. 1001;66,7;Казна
1244;П1300000010049;63:09:0101166:9327;Нежилое помещение;Нежилое помещение: 1 этаж, поз. № 7, 8, 9, 10, 11, 12, 13;Самарская область, Автозаводский район, г. Тольятти, б-р Туполева, д. 4, б/н (1001);65,9;Казна
1245;П1300000010404;63:09:0301157:3575;Нежилое помещение;Нежилое помещение: - 1 этаж, поз. № 10-18;Самарская область, Центральный район, г. Тольятти, ул. Победы, д. 45, Нежилое помещение 01001;318,8;Казна
1246;П1300000009622;63:09:0301155:4271;Нежилое помещение;"на + 1 эт. № 41-72;  + 2 эт. № 32-50";Самарская область, Центральный район, г. Тольятти, ул. Голосова, д. 34;1199,5;Казна
1247;П1300000014431;63:09:0101165:10145;Нежилое помещение;Нежилое помещение 1014;Самарская область, Автозаводский район, г. Тольятти, ул. Юбилейная, д. 25;27,7;Казна
1248;П1300000009795;63:09:0101152:2101;Нежилое помещение;Нежилое помещение: 1 этаж  № 14, 15, 16, 17, 18, 19;Самарская область, Автозаводский район, г. Тольятти, б-р Космонавтов, д. 7;49,2;Казна
1249;П1300000014434;63:09:0301083:3039;Нежилое помещение;Нежилое помещение 1002;Самарская область, Центральный район, г. Тольятти, ул. Советская, д. 51А;220,3;Казна
1250;П1300000010382;63:09:0301083:721;Нежилое помещение;"Нежилое помещение: подземный этаж № 1 комнаты № 10, 11, 12, 13, 19, 20, 21, 22, 23, 24, 25, 26, 27, 28, 29, 30; 1 этаж № 27";Самарская область, Центральный район, г. Тольятти, ул. Мира, д. 50;200,9;Казна
1251;П1300000010429;63:09:0301115:4041;Нежилое помещение;ЦТП-25, на + 1 эт. № 5, 6, 7;Самарская область, Центральный район, г. Тольятти, ул. Мира, д. 79, стр. А;142,4;Казна
1252;П1010000070259;63:09:0301166:4796;Нежилое помещение;Нежилое помещение, 1 этаж, поз. 1-9;Самарская область, Центральный район, г. Тольятти, ул. Толстого, д. 28, комн. 1220;71,9;Казна
1253;П1300000010084;63:09:0101159:10293;Нежилое помещение;2 этаж, поз. № 31, 33;Самарская область, Автозаводский район, г. Тольятти, б-р Кулибина, д. 15;18,9;Казна
1254;П1300000012435;63:09:0101160:4698;Нежилое помещение;Нежилое помещение № 1244: 1 этаж, поз. № 219;Самарская область, Автозаводский район, г. Тольятти, ул. Революционная, д. 3, комн. 1244, корп. 1;35,8;Казна
1255;П1010000056800;63:09:0101171:4587;Нежилое помещение;Нежилое помещение 1116;Самарская область, Автозаводский район, г. Тольятти, пр-кт Ленинский, д. 13;50,4;Казна
1256;П1300000011135;63:09:0201057:3992;Нежилое помещение;"Нежилое помещение (МОП): 1 этаж, поз. № 71, 73, 74, 75, 76, 77, 80, 81, 82, 83, 84, 93а, 95, 97, 98;  2 этаж, поз. № 13, 17, 18, 55, 56";Самарская область, Комсомольский район, г. Тольятти, ул. Лизы Чайкиной, д. 43, стр. А;283;Казна
1257;П1300000013691;63:09:0101169:7376;Нежилое помещение;Нежилое помещение, 1 этаж, поз. №№ 67, 68, 94, 2 этаж, поз. №№ 15-20, 65-81, 90;Самарская область, Автозаводский район, г. Тольятти, пр-кт Степана Разина, д. 53, комн. 1003;410;Казна
1258;П1300000014129;63:09:0101151:6635;Нежилое помещение;Нежилое помещение 1016: 3 этаж, поз. № 19б;Самарская область, Автозаводский район, г. Тольятти, ул. Автостроителей, д. 57, комн. 1016;17,7;Казна
1259;П1300000012848;63:09:0301174:3904;Нежилое помещение;Нежилое помещение: 1 этаж, поз. № 30;Самарская область, Центральный район, г. Тольятти, ул. Ленина, д. 84;9,5;Казна
1260;П1300000011280;63:09:0101162:9964;Нежилое помещение;1 этаж, поз. № 19;Самарская область, Автозаводский район, г. Тольятти, ул. Свердлова, д. 28;4,3;Казна
1261;П1300000010086;63:09:0101159:10296;Нежилое помещение;1 этаж, поз. № 11, 45, 45а, 46;Самарская область, Автозаводский район, г. Тольятти, б-р Кулибина, д. 15;40,6;Казна
1262;П1300000010229;63:09:0301174:4351;Нежилое помещение;Нежилое помещение: на + 1 эт. № 1, 2, 2а, 2б, 3, 4, 4а, 5, 7, 8, 9;Самарская область, Центральный район, г. Тольятти, ул. Чапаева, д. 129;112,9;Казна
1263;П1300000010359;63:09:0101163:8872;Нежилое помещение;ЦТП № 11,  - 1 этаж, поз. № 91, 92, 93;Самарская область, Автозаводский район, г. Тольятти, ул. Свердлова, д. 51;214;Казна
1264;П1300000012927;63:09:0201060:16221;Нежилое помещение;2 этаж, поз. № 3;Самарская область, Комсомольский район, г. Тольятти, ул. Железнодорожная, д. 45;10,4;Казна
1265;П1300000012879;63:09:0101166:10745;Нежилое помещение;Нежилое помещение 1501: 15 этаж, поз. №№ 1-6;Самарская область, Автозаводский район, г. Тольятти, пр-кт Степана Разина, д. 39;113,7;Казна
1266;П1300000012841;63:09:0310003:1219;Нежилое помещение;"Нежилое помещение: этаж № 2: поз. 32, 36, 37, 38, 39, 40, 41, 42, 44, 45, 46, 47, 48; этаж № 3: поз. 32, 33а, 36, 37, 38, 39, 40, 41, 42, 43, 44, 45, 46, 47";Самарская область, Комсомольский район, г. Тольятти, ул. Новосадовая, д. 23;435,4;Казна
1267;П1300000014357;63:09:0201055:5758;Нежилое помещение;Нежилое помещение: 1 этаж, поз. №№ 24, 24а, 25, 26, 27, 28, 29, 30, 31, 79, 2 этаж. поз. №№ 8, 11, 12, 13, 14а, 15, 16, 17, 18, 19, 20, 21, 22, 23, 24, 51;Самарская область, Комсомольский район, г. Тольятти, ул. Академика Вавилова, д. 64;530,8;Казна
1268;П1010000066825;63:09:0101166:6717;Нежилое помещение;Нежилое помещение № 1152;Самарская область, Автозаводский район, г. Тольятти, пр-кт Степана Разина, д. 29, комн. 1152;73,4;Казна
1269;П1300000010434;63:09:0101169:6452;Нежилое помещение;Нежилое помещение 1 этаж, поз. № 10, 11, 12, 13, 14, 15, 16, 17;Самарская область, Автозаводский район, г. Тольятти, ул. Маршала Жукова, д. 14, пом.Б/Н (1005);44;Казна
1270;П1300000014449;63:09:0301166:5617;Нежилое помещение;Нежилое помещение (ЦТП-30);Самарская область, Центральный район, г. Тольятти, ул. Толстого, здание 20В;451,4;Казна
1271;П1300000013822;63:09:0301146:2697;Нежилое помещение;Нежилое помещение 1011: 1 этаж, поз. №№ 1, 2, 3, 4, 5, 6, 7, 8а, 8б, 8в, 9, 10, 48, 49;Самарская область, Центральный район, г. Тольятти, ул. Комсомольская, д. 40, комн. 1011;118,9;Казна
1272;П1300000014418;63:09:0301155:4565;Нежилое помещение;Нежилое помещение 1005: 1 этаж поз. № 30,31,32,42,43,45,46,47;Самарская область, Центральный район, г. Тольятти, ул. Карбышева, д. 17, комн. 1005;87,6;Казна
1273;П1300000009585;63:09:0101152:12625;Нежилое помещение;Нежилое помещение 1002 на 1 этаже № 8-13;Самарская область, Автозаводский район, г. Тольятти, б-р Космонавтов, д. 1, пом. 1002;42,2;Казна
1274;П1010000071142;63:09:0201057:16633;Нежилое помещение;Нежилое помещение 1002 на 1 этаже (поз. №№ 72, 74, 75, 76, 77, 78, 79);Самарская область, Комсомольский район, г. Тольятти, ул. Коммунистическая, д. 55, помещ.1002;61,8;Казна
1275;П1300000011559;63:09:0101162:2069;Нежилое помещение;Нежилое помещение 1 этаж, поз. № 14, 15, 16, 17, 18, 19, 20, 21, 22, 23, 24, 25, 26;Самарская область, Автозаводский район, г. Тольятти, б-р Луначарского, д. 2, комн. 1003;98,3;Казна
1276;П1300000013871;63:09:0102165:669;Нежилое помещение;"Нежилое помещение (1 этаж; поз. № 10, 11, 12, 13, 14а, 21-47)";Самарская область, Автозаводский район, г. Тольятти, пр-кт Московский, д. 10, стр. Б;435,4;Казна
1277;П1300000010610;63:09:0101163:9496;Нежилое помещение;на + 1 эт. № 1, 2;Самарская область, Автозаводский район, г. Тольятти, ул. Революционная, д. 26;56,8;Казна
1278;П1300000010236;63:09:0301158:2383;Нежилое помещение;Нежилое помещение: на  -1эт. №№ 1,20,21,22,23;Самарская область, Центральный район, г. Тольятти, ул. Карла Маркса, д. 60;69,8;Казна
1279;П1300000011476;63:09:0000000:7212;Нежилое помещение;Нежилое помещение: - 1 этаж, поз. № 26, 27, 29, 30, 32, 33, 35, 36, 37, 39, 40, 41, 44, 45, 46, 47;Самарская область, Комсомольский район, г. Тольятти, ул. Никонова, д. 2;170;Казна
1280;П1300000011442;63:09:0301152:3918;Нежилое помещение;Нежилое помещение: 1 этаж, поз. №№ 18, 19, 20, 21, 22, 23, 24;Самарская область, Центральный район, г. Тольятти, ул. Карбышева, д. 3;67,3;Казна
1281;П1010000070680;;Нежилое помещение;Нежилое помещение 1001: 1 этаж, поз. №№ 33, 34, 35, 36, 37;Самарская область, Центральный район, г. Тольятти, б-р Ленина, д. 9, комн. 39;38,5;Казна
1282;П1300000011133;63:09:0201057:3977;Нежилое помещение;Нежилое помещение 1003: 2 этаж, поз.  № 2а, 7а, 9, 10, 10а, 11, 12, 14, 15, 16, 24;Самарская область, Комсомольский район, г. Тольятти, ул. Лизы Чайкиной, д. 43, стр. А, помещ. б/н (1003);194,7;Казна
1283;П1300000010202;63:09:0201059:13983;Нежилое помещение;Нежилое помещение: - 1 этаж,  поз. № 54;Самарская область, Комсомольский район, г. Тольятти, ул. Матросова, д. 56;18,8;Казна
1284;П1300000010838;63:09:0201057:3499;Нежилое помещение;Нежилое помещение: на 1 этаже № 9, 10, 11, 12, 13, 14, 15;Самарская область, Комсомольский район, г. Тольятти, ул. Мурысева, д. 57, Б/Н (1002);43,9;Казна
1285;П1300000010845;63:09:0201060:11432;Нежилое помещение;Нежилое помещение;Самарская область, Комсомольский район, г. Тольятти, ул. Куйбышева, д. 30, помещение 1001;68,3;Казна
1286;П1300000012926;63:09:0101160:4286;Нежилое помещение;Нежилое помещение: 1 этаж, поз. №№ 70, 71, 72, 73, 74;Самарская область, Автозаводский район, г. Тольятти, ул. Юбилейная, д. 4;195,1;Казна
1287;П1300000010819;63:09:0301105:793;Нежилое помещение;Нежилое помещение 5002: 5 этаж, поз. №№ 33, 34, 35, 36, 37, 38;Самарская область, Центральный район, г. Тольятти, ул. Белорусская, д. 23, помещ. 5002;44,9;Казна
1288;П1300000009914;63:09:0101170:10457;Нежилое помещение;Нежилое помещение: 1 этаж, поз. №№ 21, 23-28;Самарская область, Автозаводский район, г. Тольятти, ул. Юбилейная, д. 49;63,2;Казна
1289;П1300000014163;63:09:0301151:5139;Нежилое помещение;Нежилое помещение: 1 этаж, поз. №№ 9, 11;Самарская область, Центральный район, г. Тольятти, ул. Победы, д. 52;59,1;Казна
1290;П1300000010804;63:09:0101166:9394;Нежилое помещение;Нежилое помещение Б/Н (1016) 3 этаж, поз.  № 19-22;Самарская область, Автозаводский район, г. Тольятти, пр-кт Ленинский, д. 10А, пом. Б/Н (1016);67,6;Казна
1291;П1300000010452;63:09:0101169:7409;Нежилое помещение;Нежилое помещение 1002: 1 этаж, поз. №№ 9, 11, 12, 13, 14;Самарская область, Автозаводский район, г. Тольятти, ул. Фрунзе, д. 5, помещ. 1002;48,9;Казна
1292;П1300000010051;63:09:0101166:1217;Нежилое помещение;Нежилое помещение: 1 этаж № 16, 17, 18, 19, 20, 21, 22, 23, 24, 25, 26, 27, 28, 29, 30;Самарская область, Автозаводский район, г. Тольятти, б-р Туполева, д. 5;103,8;Казна
1293;П1300000010411;63:09:0301140:4247;Нежилое помещение;Нежилое помещение № 1005: 1 этаж, поз. № 34;Самарская область, Центральный район, г. Тольятти, ул. Новопромышленная, д. 17, комн. 1005;39,6;Казна
1294;П1300000012539;63:09:0101166:10746;Нежилое помещение;Нежилое помещение: 15 этаж поз. №№ 1-6;Самарская область, Автозаводский район, г. Тольятти, пр-кт Степана Разина, д. 33;112,4;Казна
1295;П1300000011156;63:09:0301138:1483;Нежилое помещение;Нежилое помещение: 1 этаж, поз. №№ 19, 23, 26, 30;Самарская область, Центральный район, г. Тольятти, ул. Лесная, д. 46, Б/Н (1004);109,5;Казна
1296;П1300000011520;63:09:0301111:4069;Нежилое помещение;Нежилое помещение: административное, 1 этаж, поз. № 12,13,14,15,16,17,18,19,20,21,22,23,24;Самарская область, Центральный район, г. Тольятти, ул. Ленинградская, д. 49;161,8;Казна
1297;П1300000014360;63:09:0201055:5762;Нежилое помещение;Нежилое помещение: 2 этаж, поз. №№ 45, 46, 47, 48, 49;Самарская область, Комсомольский район, г. Тольятти, ул. Академика Вавилова, д. 64;145,4;Казна
1298;П1300000013188;63:09:0101166:10735;Нежилое помещение;3 этаж, поз. №№ 23, 23а, 23б;Самарская область, Автозаводский район, г. Тольятти, пр-кт Ленинский, д. 10А;105,9;Казна
1299;П1300000011608;63:09:0101161:8616;Нежилое помещение;"Нежилое помещение: 1 этаж, поз. № 46, 46в, 47, 47а, 48, 48а, 49а; 2 этаж, поз. № 28, 29, 29а, 30, 30а, 31, 32, 33, 34, 35, 36, 37, 38, 38а, 39, 40, 41, 42, 43, 44, 44а, 45, 46, 47, 47а, 47б, 48, 48а, 48б, 49, 49а, 50, 50а, 51, 51а, 52, 52а, 53, 53а, 53б, 53в, 58, 58а, 58б; 3 этаж, поз. № 1, 2, 3, 4, 5, 6, 10";Самарская область, Автозаводский район, г. Тольятти, пр-кт Степана Разина, д. 8;1086,5;Казна
1300;П1300000010209;63:09:0301138:3129;Нежилое помещение;Нежилое помещение 1007: 1 этаж, поз № 45;Самарская область, Центральный район, г. Тольятти, ул. Лесная, д. 60, помещение Б/Н (1007);84,6;Казна
1301;П1300000010081;63:09:0101159:9433;Нежилое помещение;2 этаж, поз.  № 36, 36а;Самарская область, Автозаводский район, г. Тольятти, б-р Кулибина, д. 15, пом. Б/Н (2002);213,3;Казна
1302;П1300000010435;63:09:0101169:6453;Нежилое помещение;Нежилое помещение 1 этаж, поз. № 1-9;Самарская область, Автозаводский район, г. Тольятти, ул. Маршала Жукова, д. 14, пом. Б/Н (1004);61;Казна
1303;П1300000010248;63:09:0301140:890;Нежилое помещение;Нежилое помещение Б/Н (1001): - 1 этаж , поз.  № 11-24, 24а, 25-41, 47, 48, 49, 57;Самарская область, Центральный район, г. Тольятти, ул. Новопромышленная, д. 15, пом. Б/Н (1001);575,5;Казна
1304;П1010000065638;63:09:0101156:2853;Нежилое помещение;Нежилое помещение 1025;Самарская область, Автозаводский район, г. Тольятти, б-р Татищева, д. 1, комн. 1025;65,7;Казна
1305;П1300000012127;63:09:0201057:14439;Нежилое помещение;подземный этаж № 1, поз. 1-21, 1 этаж, поз. 3-21,26, 2 этаж поз. 16-25;Самарская область, Комсомольский район, г. Тольятти, ул. Механизаторов, д. 26, стр. А, пом. Б/Н (5);711,2;Казна
1306;П1300000014346;63:09:0201062:5886;Нежилое помещение;Нежилое помещение № 1005: 1 этаж, поз. № № 26, 27, 28, 29, 30, 31, 32, 33, 34;Самарская область, Комсомольский район, г. Тольятти, проезд Майский, д. 68, помещение №1005;60,5;Казна
1307;П1300000010292;63:09:0301115:3815;Нежилое помещение;Нежилое помещение 1000: 1 этаж, поз. №№ 31, 32;Самарская область, Центральный район, г. Тольятти, б-р Ленина, д. 9, пом. Б/Н (1000);19,3;Казна
1308;П1300000011235;63:09:0301157:3390;Нежилое помещение;Нежилое помещение на - 1 этаже № 13 (трансформаторная подстанция № 58);Самарская область, Центральный район, г. Тольятти, ул. Победы, д. 41;25,2;Казна
1309;П1300000010207;63:09:0201057:4141;Нежилое помещение; 2 этаж, поз.  № 1, 1а, 2, 2а;Самарская область, Комсомольский район, г. Тольятти, ул. Механизаторов, д. 18;30,6;Казна
1310;П1300000011108;63:09:0101152:1342;Нежилое помещение;Нежилое помещение: 1 этаж, поз.  № 27, 28, 29, 30, 31, 32, 33;Самарская область, Автозаводский район, г. Тольятти, ул. 70 лет Октября, д. 59;57,4;Казна
1311;П1300000009832;63:09:0101170:10164;Нежилое помещение;Нежилое помещение (МОП): 2 этаж поз. №№ 1, 1б;Самарская область, Автозаводский район, г. Тольятти, б-р Буденного, д. 22, на + 2 этаже № 1, 1б;105,4;Казна
1312;П1300000009820;63:09:0101161:9212;Нежилое помещение;Нежилое помещение 1002: 1 этаж, поз. №№ 8, 9, 10, 11, 12, 13;Самарская область, Автозаводский район, г. Тольятти, ул. Дзержинского, д. 45, помещение 1002;46,5;Казна
1313;П1300000009610;63:09:0301151:4805;Нежилое помещение;ЦТП-4, на + 1 этаж поз. №№ 24, 25;Самарская область, Центральный район, г. Тольятти, ул. Голосова, д. 73, стр. А;105,9;Казна
1314;П1300000012793;63:09:0301174:3993;Нежилое помещение;Нежилое помещение: 1 этаж, поз. №№ 21а, 22а;Самарская область, Центральный район, г. Тольятти, ул. Ленина, д. 84;9,9;Казна
1315;П1300000010045;63:09:0101166:2220;Нежилое помещение;"Нежилое помещение: 17 технический этаж №№ 1, 2, 4а; 18 технический  этаж №№ 1, 2, 3, 4а, 5а";Самарская область, Автозаводский район, г. Тольятти, б-р Туполева, д. 16;121,4;Казна
1316;П1010000079506;63:09:0101157:10090;Нежилое помещение;Нежилое помещение 1109;Самарская область, Автозаводский район, г. Тольятти, ул. Тополиная, д. 15, помещение 1109;65,7;Казна
1317;П1010000073384;63:09:0301171:3027;Нежилое помещение;Нежилое помещение: 1 этаж, поз. №№ 1, 2, 3, 4;Самарская область, Центральный район, г. Тольятти, ул. Ленина, д. 53, стр. А,комн. 1113;59,4;Казна
1318;П1300000009813;63:09:0101175:3242;Нежилое помещение;Нежилое помещение: на + 1 этаже № 20, 21, 22, 23, 24, 25, 26;Самарская область, Автозаводский район, г. Тольятти, ул. Фрунзе, д. 18;56,4;Казна
1319;П1300000014443;63:09:0101164:2694;Нежилое помещение;Нежилое помещение № 3001 на 3 этаже поз. №№ 271-485, 488, 489, 491-495;Самарская область, г. Тольятти, ул. Революционная, д. 11, корп. 2 помещение № 3001;1476,4;Казна
1320;П1010000079507;63:09:0101157:10091;Нежилое помещение;Нежилое помещение 1108;Самарская область, Автозаводский район, г. Тольятти, ул. Тополиная, д. 15, помещение 1108;33,7;Казна
1321;П1300000014410;63:09:0301140:787;Нежилое помещение;Нежилое помещение: 1 этаж,  комнаты 1-31,31А,33;Самарская область, Центральный район, г. Тольятти, ул. Новопромышленная, д. 17, комн. 1006;282,1;Казна
1322;П1300000009918;63:09:0101180:10675;Нежилое помещение;Нежилое помещение: 1 этаж, поз. № 1, 2, 3, 4, 5;Самарская область, Автозаводский район, г. Тольятти, б-р Приморский, д. 29, комн. 1001;66,7;Казна
1323;П1300000010502;63:09:0201057:4139;Нежилое помещение; 2 этаж, поз.  № 24;Самарская область, Комсомольский район, г. Тольятти, ул. Механизаторов, д. 18;32,2;Казна
1324;П1300000010050;63:09:0101166:1307;Нежилое помещение;Нежилое помещение: 1 этаж, поз. №№ 15, 16, 17, 18, 19;Самарская область, Автозаводский район, г. Тольятти, б-р Туполева, д. 4;47,8;Казна
1325;П1300000014429;63:09:0101175:2518;Нежилое помещение;Нежилое помещение 1002;Самарская область, Автозаводский район, г. Тольятти, ул. Фрунзе, д. 20;60;Казна
1326;П1300000013461;63:09:0101156:11297;Нежилое помещение;ЦТП № 193 (1 этаж поз. №№ 12, 13);Самарская область, Автозаводский район, г. Тольятти, ул. Автостроителей, д. 7А;102,5;Казна
1327;П1300000011040;63:09:0301100:1533;Нежилое помещение;Нежилое помещение: - 1 этаж, поз.  № 5-12, 14-20;Самарская область, Центральный район, г. Тольятти, ул. Советская, д. 78;284,9;Казна
1328;П1300000011109;63:09:0101152:1341;Нежилое помещение;Нежилое помещение: 1 этаж, поз. № 34, 35, 36, 37, 38, 39;Самарская область, Автозаводский район, г. Тольятти, ул. 70 лет Октября, д. 59, пом. Б/Н (1004);41,3;Казна
1329;П1300000010794;63:09:0101166:2221;Нежилое помещение;"Нежилое помещение: 17 технический этаж, поз. №№ 5, 6, 7, 8; 18 технический этаж, поз. №№ 4, 5, 6, 7";Самарская область, Автозаводский район, г. Тольятти, б-р Туполева, д. 16;177,4;Казна
1330;П1300000013710;63:09:0201059:14039;Нежилое помещение;Нежилое помещение 1002: 1 этаж, поз. №№ 1а, 1б;Самарская область, Комсомольский район, г. Тольятти, ул. Громовой, д. 44, помещ. 1002;26,8;Казна
1331;П1300000011489;63:09:0201057:15993;Нежилое помещение;Нежилое помещение: на + 1 эт. №  14, 15, 16, 17, 18, 19, 19а;Самарская область, Комсомольский район, г. Тольятти, ул. Коммунистическая, д. 41;43,5;Казна
1332;П1300000009611;63:09:0301151:4880;Нежилое помещение;ЦТП-5, на + 1 эт. № 2, 3;Самарская область, Центральный район, г. Тольятти, ул. Победы, д. 44А;114,7;Казна
1333;П1300000011480;63:09:0202054:1983;Нежилое помещение;Нежилое помещение 1003: 1 этаж, поз. №№ 12,13;Самарская область, Комсомольский район, г. Тольятти, ул. Никонова, д. 8, пом. 1003;51,8;Казна
1334;П1010000082792;63:09:0302051:5212;Нежилое помещение;Нежилое помещение;Самарская область, Центральный район, г. Тольятти, ул. Ларина, д. 158А, кв. 2;47;Казна
1335;П1300000010185;63:09:0201055:1628;Нежилое помещение;"Нежилое помещение: - 1 этаж подвал, поз. № 11-15, 15а, 16-18; 1  этаж, поз. № 23-39, 55; 2 этаж, поз.  № 19-35; 3 этаж, поз. № 16-27, 27а, 28-32; 4 этаж, поз. № 18, 19, 21-25, 40-47";Самарская область, Комсомольский район, г. Тольятти, ул. Олимпийская, д. 36, пом. Б/Н (1002);1055,1;Казна
1336;П1300000009482;63:09:0301172:3522;Нежилое помещение;"Нежилое помещение: на - 1 эт. № 1, 2, 3, 5, 24а, 25, 25а, 26-30, 44, 3; на + 1 эт. № 1-12, 10а, 12а, 41";Самарская область, Центральный район, г. Тольятти, б-р 50 лет Октября, д. 38;512,6;Казна
1337;П1300000010424;63:09:0301138:1453;Нежилое помещение;Нежилое помещение: 1 этаж, поз. № 1;Самарская область, Центральный район, г. Тольятти, ул. Ленина, д. 57;32,1;Казна
1338;П1300000011146;63:09:0301111:4399;Нежилое помещение;Нежилое помещение: 1 этаж, поз. № 64;Самарская область, Центральный район, г. Тольятти, ул. Жилина, д. 44;24,8;Казна
1339;П1300000010056;63:09:0201060:15950;Нежилое помещение;Нежилое помещение: 1 этаж, поз. №№ 19, 20, 21а, 21б, 24, 25, 26, 27;Самарская область, Комсомольский район, г. Тольятти, ул. Никонова, д. 14;65,1;Казна
1340;П1300000011530;63:09:0301111:4158;Нежилое помещение;Нежилое помещение: 1 этаж, поз. №№ 23, 23а, 51, 52, 54, 54а, 54б, 55;Самарская область, Центральный район, г. Тольятти, ул. Жилина, д. 56;66;Казна
1341;П1300000013753;63:09:0301160:2828;Нежилое помещение;Нежилое помещение 1005: 1 этаж, поз. №№ 1, 2, 3, 4, 6, 7, 8, 9, 27;Самарская область, Центральный район, г. Тольятти, ул. Жилина, д. 11, комн. 1005;62,4;Казна
1342;П1300000010472;63:09:0201060:16222;Нежилое помещение;2 этаж, поз. № 2;Самарская область, Комсомольский район, г. Тольятти, ул. Железнодорожная, д. 45;11,9;Казна
1343;П1300000009801;63:09:0101163:9534;Нежилое помещение;Нежилое помещение: - 1 этаж, поз.  № 86-103, 122, 123, 125, 126;Самарская область, Автозаводский район, г. Тольятти, пр-кт Ленинский, д. 40, комн. 1086;239,6;Казна
1344;П1300000014287;63:09:0201062:5860;Нежилое помещение;Нежилое помещение на 2 этаже поз. №№ 15, 16;Самарская область, Комсомольский район, г. Тольятти, проезд Майский, д. 1, пом. 2015;14,9;Казна
1345;П1300000010421;63:09:0301157:869;Нежилое помещение;Нежилое помещение: 1 этаж, поз. №№ 29, 33, 33а, 33б, 33в, 34, 34а, 34б, 35, 36, 37, 38, 39, 40, 48б;Самарская область, Центральный район, г. Тольятти, ул. Победы, д. 45, б/н 1005;137,8;Казна
1346;П1300000010441;63:09:0101169:7016;Нежилое помещение;Нежилое помещение на - 1 эт. № 1, 2, 4-14;Самарская область, Автозаводский район, г. Тольятти, ул. Маршала Жукова, д. 34;221,4;Казна
1347;П1300000013788;63:09:0101169:7391;Нежилое помещение;Нежилое помещение на 1 этаже;Самарская область, Автозаводский район, г. Тольятти, ул. Маршала Жукова, д. 44, Нежилое помещение 1002;64,6;Казна
1348;П1300000011568;63:09:0101162:1671;Нежилое помещение;Нежилое помещение: на + 1 этаже № 14, 15, 15а, 16, 17, 18, 19;Самарская область, Автозаводский район, г. Тольятти, б-р Луначарского, д. 15;42,9;Казна
1349;П1300000009495;63:09:0301115:3983;Нежилое помещение;ЦТП-10, 1 этаж, поз. № 5, 6;Самарская область, Центральный район, г. Тольятти, ул. Голосова, д. 113, стр. Б;137,7;Казна
1350;П1300000011127;63:09:0101152:3017;Нежилое помещение;Нежилое помещение: 1 этаж  №  1, 2, 3, 4, 5, 6, 7;Самарская область, Автозаводский район, г. Тольятти, ул. 70 лет Октября, д. 61, пом. Б/Н (1000);58,1;Казна
1351;П1300000014371;63:09:0101167:5564;Нежилое помещение;Нежилое помещение: 1 этаж, поз. №№ 8, 9, 10, 11, 12, 13;Самарская область, Автозаводский район, г. Тольятти, ул. 40 лет Победы, д. 98, помещение №1005;41,8;Казна
1352;П1300000010448;63:09:0101169:7410;Нежилое помещение;Нежилое помещение 1004: 1 этаж, поз. №№ 23, 24, 25, 26, 27, 28, 29, 30;Самарская область, Автозаводский район, г. Тольятти, ул. Фрунзе, д. 3, помещ. 1004;66;Казна
1353;П1300000011569;63:09:0101169:6471;Нежилое помещение;Нежилое помещение: - 1 Цокольный этаж, поз.  № 6, 7, 8, 9, 10, 11, 12, 13, 14, 15;Самарская область, Автозаводский район, г. Тольятти, ул. Маршала Жукова, д. 26;112,3;Казна
1354;П1300000012691;63:09:0101161:8692;Нежилое помещение;Нежилое помещение: - 1 этаж, поз. № 21-24, 26а, 27, 31а, 31-36, 77, 78;Самарская область, Автозаводский район, г. Тольятти, пр-кт Степана Разина, д. 8;257,2;Казна
1355;П1010000061372;63:09:0101162:11791;Нежилое помещение;Нежилое помещение 1002: 15 этаж, поз. №№ 1-6;Самарская область, Автозаводский район, г. Тольятти, пр-кт Степана Разина, д. 19, комн. 1002;113,3;Казна
1356;П1300000011503;63:09:0201059:12854;Нежилое помещение;Нежилое помещение: 1 этаж, поз. №№ 50, 51, 52, 53, 54, 55, 56, 57, 58, 59, 60, 61, 62;Самарская область, Комсомольский район, г. Тольятти, ул. Лизы Чайкиной, д. 79;154,2;Казна
1357;П1300000011119;63:09:0101151:6604;Нежилое помещение;Нежилое помещение н1: 1 этаж, поз. №№ 20, 21, 22, 23, 24, 25, 26;Самарская область, Автозаводский район, г. Тольятти, ул. 40 лет Победы, д. 88;66,4;Казна
1358;П1300000010239;63:09:0301157:3410;Нежилое помещение;Нежилое помещение: на -1эт. №№ 1,1А,1Б,10,10А,10Б,10В;Самарская область, Центральный район, г. Тольятти, б-р Молодежный, д. 17, Литер строения А, -1 этаж: комнаты №№ 1,1а,1б,10;76,3;Казна
1359;П1300000011152;63:09:0301138:1929;Нежилое помещение;Нежилое помещение: 1 этаж, поз. № 36-48;Самарская область, Центральный район, г. Тольятти, ул. Лесная, д. 36, комн. 1002;114,3;Казна
1360;П1300000011456;63:09:0101176:10672;Нежилое помещение;на -1 этаж, поз. № 6, 11, 12, 13, 14, 20;Самарская область, Автозаводский район, г. Тольятти, б-р Королева, д. 18;41,4;Казна
1361;П1300000009479;63:09:0101150:11345;Нежилое помещение;"МОП, на - 1 эт. № 27; + 1 эт. № 9, 10, 11г, 24, 28, 31, 33";Самарская область, Автозаводский район, г. Тольятти, ул. Свердлова, д. 10;137,4;Казна
1362;П1300000014326;;Нежилое помещение;Нежилое помещение: 1 этаж, поз. №№ 110, 111, 112, 113, 114, 115, 116, 117, 118, 119, 120;Самарская область, Автозаводский район, г. Тольятти, ул. Революционная, д. 7, корп. 2 помещение 1006;91,1;Казна
1363;П1300000010465;63:09:0101167:900;Нежилое помещение;Нежилое помещение Б/Н (1002) 1 этаж  № 13, 14, 15, 15а, 16, 17;Самарская область, Автозаводский район, г. Тольятти, ул. 40 лет Победы, д. 114, Б/Н (1002);41,5;Казна
1364;П1300000009828;63:09:0101170:10136;Нежилое помещение;Нежилое помещение (МОП): 1 этаж поз. №№ 10а, 27а;Самарская область, Автозаводский район, г. Тольятти, б-р Буденного, д. 22, на + 1 этаже № 10а, 27а;53,3;Казна
1365;П1300000009533;63:09:0201057:16224;Нежилое помещение;Нежилое помещение (МОП): на 1 этаже поз. № 1, на 2 этаже поз. № 20;Самарская область, Комсомольский район, г. Тольятти, ул. Мурысева, д. 52, стр. А;17;Казна
1366;П1300000009478;63:09:0101150:11346;Нежилое помещение;1 этаж, поз.  № 11б, 11д, 12, 12а, 12б, 12в, 12г;Самарская область, Автозаводский район, г. Тольятти, ул. Свердлова, д. 10;88,8;Казна
1367;П1300000010022;63:09:0301146:2635;Нежилое помещение;Нежилое помещение: на + 1 этаже № 25, 25а, 26, 27, 28, 28а, 29, 30, 30а, 30б, 30в, 32, 33, 36, 37, 38;Самарская область, Центральный район, г. Тольятти, ул. Карла Маркса, д. 29;110,7;Казна
1368;П1300000009893;63:09:0101176:2048;Нежилое помещение;Нежилое помещение: на + 1 этаже № 1, 1а, 2, 2а, 3, 4, 5, 6, 6а, 7;Самарская область, Автозаводский район, г. Тольятти, ул. Революционная, д. 78;69,6;Казна
1369;П1300000012803;63:09:0301105:787;Нежилое помещение;Нежилое помещение 5005: 5 этаж, поз. №№ 14а, 15, 18, 19, 20, 21, 22;Самарская область, Центральный район, г. Тольятти, ул. Белорусская, д. 23, помещ. 5005;34,6;Казна
1370;П1300000014359;63:09:0201055:5760;Нежилое помещение;Нежилое помещение: 2 этаж, поз. №№ 29, 31;Самарская область, Комсомольский район, г. Тольятти, ул. Академика Вавилова, д. 64;21,8;Казна
1371;П1300000011236;63:09:0201057:1965;Нежилое помещение;Нежилое помещение: на + 2 этаже № 1, 2, 3, 4, 5, 8, 9, 11-15, 17, 18;Самарская область, Комсомольский район, г. Тольятти, ул. Мурысева, д. 52, стр. А;226,7;Казна
1372;П1300000013829;63:09:0201059:14038;Нежилое помещение;Нежилое помещение 1007: -1 этаж, поз. № 24;Самарская область, Комсомольский район, г. Тольятти, ул. Матросова, д. 56, Нежилое помещение 1007;23,8;Казна
1373;П1300000010507;63:09:0301105:792;Нежилое помещение;Нежилое помещение 5008: 5 этаж, поз. №№ 1, 2, 3, 4, 5;Самарская область, Центральный район, г. Тольятти, ул. Белорусская, д. 23, помещ. 5008;63,2;Казна
1374;П1300000010439;63:09:0101169:1168;Нежилое помещение;Нежилое помещение 1 этаж, поз.  № 1, 2, 3, 4, 5, 6, 7, 8, 9, 10, 11, 12, 13;Самарская область, Автозаводский район, г. Тольятти, ул. Маршала Жукова, д. 32, пом.Б/Н (1001);97,9;Казна
1375;П1300000011070;63:09:0101153:14444;Нежилое помещение;"1 этаж, поз. № 14, 15, 16, 17, 19а, 21, 21а, 22, 30, 31, 32, 33;   2 этаж, поз.  № 1, 2, 3, 4, 9-17, 25-28; на + 3 эт. № 1-23";Самарская область, Автозаводский район, г. Тольятти, б-р Цветной, д. 15;718,2;Казна
1376;П1300000010633;63:09:0101162:11137;Нежилое помещение;3 этаж  № 30, 31;Самарская область, Автозаводский район, г. Тольятти, ул. Свердлова, д. 28;26,7;Казна
1377;П1300000005488;63:09:0301149:1818;Нежилое помещение;- 1 этаж, поз. № 1-22, 25-35, 38-41;Самарская область, Центральный район, г. Тольятти, ул. Карла Маркса, д. 44;580,3;Казна
1378;П1300000009808;63:09:0101163:755;Нежилое помещение;Нежилое помещение: - 1 этаж, поз. № 11, 12, 13, 14, 17, 18, 19, 20, 21, 33, 34, 35, 36, 36а, 37, 38, 41, 42, 43, 44, 44а, 45, 46, 47, 48, 48а, 49, 50, 57, 58, 59, 60, 61, 61а, 62, 63, 64, 65, 68, 69, 70, 71, 72, 73, 74, 75, 76, 77, 78, 85, 86, 87, 88, 89, 89а, 102, 103, 104, 105, 106, 107;Самарская область, Автозаводский район, г. Тольятти, ул. Свердлова, д. 41;718,1;Казна
1379;П1300000010820;63:09:0301105:785;Нежилое помещение;Нежилое помещение 5006: 5 этаж, поз. №№ 12, 13, 16, 17;Самарская область, Центральный район, г. Тольятти, ул. Белорусская, д. 23, помещ. 5006;41,9;Казна
1380;П1010000065463;63:09:0101157:7613;Нежилое помещение;Нежилое помещение 1150;Самарская область, Автозаводский район, г. Тольятти, ул. Тополиная, д. 3, комн. 1150;43;Казна
1381;П1300000012542;63:09:0101176:10673;Нежилое помещение;1 этаж 2 уровень, поз. № 34;Самарская область, Автозаводский район, г. Тольятти, б-р Королева, д. 18;40,4;Казна
1382;П1300000011511;63:09:0301104:814;Нежилое помещение;Нежилое помещение: 1 этаж, поз. №№ 1, 2;Самарская область, Центральный район, г. Тольятти, ул. Республиканская, д. 12, помещение 1002;30,8;Казна
1383;П1300000012791;63:09:0301174:3994;Нежилое помещение;Нежилое помещение: 1 этаж, поз. №№ 1,2;Самарская область, Центральный район, г. Тольятти, ул. Ленина, д. 84;38,7;Казна
1384;П1010000068669;63:09:0101154:2672;Нежилое помещение;Нежилое помещение 1000;Самарская область, Автозаводский район, г. Тольятти, ул. Тополиная, д. 41, помещение 1000;37,7;Казна
1385;П1300000014128;63:09:0101151:6636;Нежилое помещение;Нежилое помещение 1015: 3 этаж, поз. №№ 7, 7а, 7б;Самарская область, Автозаводский район, г. Тольятти, ул. Автостроителей, д. 57, комн. 1015;34,1;Казна
1386;П1010000063226;63:09:0101163:4961;Нежилое помещение;Нежилое помещение № 1073;Самарская область, Автозаводский район, г. Тольятти, ул. Революционная, д. 24, комн. 1073;85;Казна
1387;П1300000014156;63:09:0301153:2286;Нежилое помещение;Нежилое помещение на 1 этаже, поз. №№ 22, 26, 27, 28, 29, 30, 31, 32;Самарская область, Центральный район, г. Тольятти, ул. Мира, д. 166, комн. 1005;107,3;Казна
1388;П1300000011528;63:09:0301111:2259;Нежилое помещение;Нежилое помещение 1 этаж, поз. №№ 49, 50, 51, 52, 53, 54;Самарская область, Центральный район, г. Тольятти, ул. Жилина, д. 34, комн. 1004;75,6;Казна
1389;П1300000012796;63:09:0301174:3997;Нежилое помещение;Нежилое помещение: 1 этаж, поз. № 17;Самарская область, Центральный район, г. Тольятти, ул. Ленина, д. 84;13;Казна
1390;П1300000012856;63:09:0101169:6590;Нежилое помещение;1 этаж, поз. № 1, 2, 4, 5, 7, 8;Самарская область, Автозаводский район, г. Тольятти, ул. Маршала Жукова, д. 26;35,4;Казна
1391;П1300000010224;63:09:0201062:1900;Нежилое помещение;Нежилое помещение 1004: 1 этаж № 14, 15, 16, 17, 18, 19;Самарская область, Комсомольский район, г. Тольятти, проезд Майский, д. 13, пом. Б/Н (1004);40,1;Казна
1392;П1300000009937;63:09:0101165:9016;Нежилое помещение;МОП, -1эт комн. №№ 30а,35,107;Самарская область, Автозаводский район, г. Тольятти, ул. Юбилейная, д. 25;49,7;Казна
1393;П1300000011075;63:09:0101153:15069;Нежилое помещение; 2 этаж, поз.  №  23;Самарская область, Автозаводский район, г. Тольятти, б-р Цветной, д. 15, комн. 1002;15,3;Казна
1394;П1300000011007;63:09:0101167:5315;Нежилое помещение;Нежилое помещение 1005 (1 этаж,  поз. №№ 8, 9, 10, 11, 12, 13, 14);Самарская область, Автозаводский район, г. Тольятти, ул. 40 лет Победы, д. 124, комн. 1005;49,4;Казна
1395;П1010000070682;63:09:0301136:2007;Нежилое помещение;Нежилое помещение 52;Самарская область, Центральный район, г. Тольятти, ул. Ленина, д. 43;63,1;Казна
1396;П1300000012372;;Нежилое помещение;Нежилое помещение: 2 этаж поз. № 174-179, 179а;Самарская область, Автозаводский район, г. Тольятти, ул. Революционная, д. 3, корп. 1 пом. 2227;33,4;Казна
1397;П1300000011335;63:09:0201059:14040;Нежилое помещение;Нежилое помещение 1005: 1 этаж, поз. № 50;Самарская область, Комсомольский район, г. Тольятти, ул. Мурысева, д. 90, помещ.1005;9,6;Казна
1398;П1300000014348;63:09:0201062:5885;Нежилое помещение;Нежилое помещение № 1004: 1 этаж, поз. №№ 18, 19, 20, 21, 22;Самарская область, Комсомольский район, г. Тольятти, проезд Майский, д. 68, помещение №1004;46,1;Казна
1399;П1300000011105;63:09:0101151:1401;Нежилое помещение;Нежилое помещение: 1 этаж, поз.  № 1, 2, 3, 4, 5, 6, 7;Самарская область, Автозаводский район, г. Тольятти, ул. 40 лет Победы, д. 68;57,1;Казна
1400;П1010000066496;63:09:0101156:4152;Нежилое помещение;Нежилое помещение 1055;Самарская область, Автозаводский район, г. Тольятти, б-р Татищева, д. 13, комн. 1055;67,5;Казна
1401;П1300000014334;63:09:0301148:781;Нежилое помещение;Нежилое помещение, защитное сооружение гражданской обороны № 412-63;Самарская область, Центральный район, г. Тольятти, пл. Свободы, д. 4, комн. 1000;580,1;Казна
1402;П1300000014445;63:09:0301115:4518;Нежилое помещение;Нежилое помещение №3023;Самарская область, Центральный район, г. Тольятти, ул. Голосова, д. 99, помещение 3023;36,6;Казна
1403;П1300000010813;63:09:0301146:2245;Нежилое помещение;Нежилое помещение: 1 этаж, поз. № 13;Самарская область, Центральный район, г. Тольятти, ул. Комсомольская, д. 40, пом. Б/Н (1003);33,2;Казна
1404;П1300000011513;63:09:0301104:2125;Нежилое помещение;Нежилое помещение: 1 этаж, поз. №  4;Самарская область, Центральный район, г. Тольятти, ул. Республиканская, д. 12;17,8;Казна
1405;П1300000011044;63:09:0301155:4276;Нежилое помещение;1 этаж, поз. №3-9, 12;Самарская область, Центральный район, г. Тольятти, ул. Карбышева, д. 17;75;Казна
1406;П1300000013787;63:09:0101169:7392;Нежилое помещение;Нежилое помещение на 1 этаже;Самарская область, Автозаводский район, г. Тольятти, ул. Маршала Жукова, д. 44, Нежилое помещение 1004;111,1;Казна
1407;П1300000009788;63:09:0301164:3602;Нежилое помещение;Нежилое помещение: - 1 этаж, поз.  № 1,2,8,11,11А,12,18-20,22,22А,24,24А,26,26А,27-29,32;Самарская область, Центральный район, г. Тольятти, ул. Ушакова, д. 40, стр. А;322;Казна
1408;П1300000011968;63:09:0301159:1985;Нежилое помещение;2 этаж поз. № 10, 11, 19;Самарская область, Центральный район, г. Тольятти, ул. Карла Маркса, д. 43, комн. 2004;39,8;Казна
1409;П1300000011548;63:09:0101162:1672;Нежилое помещение;Нежилое помещение на + 1 этаже № 16а, 20, 21, 22, 23, 24, 25, 26;Самарская область, Автозаводский район, г. Тольятти, б-р Луначарского, д. 15;59,7;Казна
1410;П1300000010475;63:09:0101176:9754;Нежилое помещение;"- 1 этаж, поз. 1, 2, 3, 4, 7, 9, 10, 15, 16, 18, 19, 22, 23, 24; 1 этаж, поз. 1, 2, 3, 4, 5, 6, 7, 8, 11, 13, 14, 17, 18, 19, 24, 29, 30, 31, 33";Самарская область, Автозаводский район, г. Тольятти, б-р Королева, д. 18;510,9;Казна
1411;П1010000060403;63:09:0101165:3556;Нежилое помещение;Нежилое помещение 1492;Самарская область, Автозаводский район, г. Тольятти, б-р Орджоникидзе, д. 7, комн. 1492;65,8;Казна
1412;П1300000013709;63:09:0301155:4333;Нежилое помещение;Нежилое помещение № 1010: 2 этаж поз. № 2,3;Самарская область, Центральный район, г. Тольятти, ул. Карбышева, д. 17, комн. 1010;35,6;Казна
1413;П1300000012849;63:09:0301174:5355;Нежилое помещение;Нежилое помещение: 1 этаж , поз. №  26, 29;Самарская область, Центральный район, г. Тольятти, ул. Ленина, д. 84;33,9;Казна
1414;П1300000009903;63:09:0101170:10538;Нежилое помещение;Нежилое помещение 1003: 1 этаж, поз. №№ 12, 13, 14, 15, 16, 17;Самарская область, Автозаводский район, г. Тольятти, ул. Фрунзе, д. 27, комн. 1003;41,3;Казна
1415;П1300000014450;63:09:0101150:1613;Нежилое помещение;Нежилое помещение;Самарская область, Автозаводский район, г. Тольятти, б-р Гая, д. 5;1034,7;Казна
1416;П1300000009998;63:09:0101180:1160;Нежилое помещение;Нежилое помещение: 1 этаж, поз. №№ 18, 19, 20, 21, 22, 23, 24, 25, 26;Самарская область, Автозаводский район, г. Тольятти, б-р Приморский, д. 33, Б/Н (1003);64,4;Казна
1417;П1010000082793;63:09:0302051:5211;Нежилое помещение;Нежилое помещение;Самарская область, Центральный район, г. Тольятти, ул. Ларина, д. 158А, кв. 3;65,2;Казна
1418;П1300000013302;63:09:0201059:13985;Нежилое помещение;Нежилое помещение: цокольный этаж 1, поз. 25;Самарская область, Комсомольский район, г. Тольятти, ул. Матросова, д. 56;13,5;Казна
1419;П1300000011012;63:09:0101167:753;Нежилое помещение;Нежилое помещение: 1 этаж № 1, 2, 3, 4, 5, 6, 7;Самарская область, Автозаводский район, г. Тольятти, ул. 40 лет Победы, д. 98, пом. Б/Н(1003);58,9;Казна
1420;П1010000071144;63:09:0201060:16559;Нежилое помещение;Нежилое помещение: 1 этаж поз. №№ 40, 41, 43, 44, 45, 46;Самарская область, Комсомольский район, г. Тольятти, ул. Куйбышева, д. 28, комн. 1018;43,7;Казна
1421;П1300000009590;63:09:0101152:1684;Нежилое помещение;Нежилое помещение: 1 этаж, поз. № 20, 21, 22, 23, 24, 25, 26;Самарская область, Автозаводский район, г. Тольятти, б-р Космонавтов, д. 16;65,2;Казна
1422;П1300000010449;63:09:0101169:7875;Нежилое помещение;Нежилое помещение: 1 этаж, поз. № 31, 32, 33, 35, 36, 37, 38;Самарская область, Автозаводский район, г. Тольятти, ул. Фрунзе, д. 5;50,9;Казна
1423;П1300000010373;63:09:0301154:4954;Нежилое помещение;Нежилое помещение: 1 этаж, поз. №№ 15, 15а;Самарская область, Центральный район, г. Тольятти, ул. Баныкина, д. 70;38,7;Казна
1424;П1300000014438;;Нежилое помещение;Нежилое помещение, поз. 26;Самарская область, Центральный район, г. Тольятти, ул. Комсомольская, д. 125;18,9;Казна
1425;П1300000010471;63:09:0101176:10598;Нежилое помещение;"МОП: -1 этаж, поз.  № 5,17;  1 этаж, поз.  № 6а.9.10.15.16.20.21.22.23.26.27.32";Самарская область, Автозаводский район, г. Тольятти, б-р Королева, д. 18;116;Казна
1426;П1300000014297;63:09:0301153:2498;Нежилое помещение;Нежилое помещение на 1 этаже поз. №№ 23, 24, 25, 25а;Самарская область, Центральный район, г. Тольятти, ул. Мира, д. 166, помещение 1006А;5,7;Казна
1427;П1300000011478;63:09:0201060:15519;Нежилое помещение;"Нежилое помещение: на  -1 этаже №  6,7,8,9,10,11,12,13,14,33; + 1 этаже  № 3,4,5,6,7,8";Самарская область, Комсомольский район, г. Тольятти, ул. Никонова, д. 6;323,5;Казна
1428;П1300000012925;63:09:0101160:4281;Нежилое помещение;Нежилое помещение: 1 этаж, поз. №№ 64, 65, 66, 67, 68;Самарская область, Автозаводский район, г. Тольятти, ул. Юбилейная, д. 4;56,1;Казна
1429;П1010000076696;63:09:0101167:4126;Нежилое помещение;Нежилое помещение 1127;Самарская область, Автозаводский район, г. Тольятти, ул. 40 лет Победы, д. 108, помещение №1127;65,7;Казна
1430;П1300000010063;63:09:0101171:4312;Нежилое помещение;"Административное, на 1эт. №№ 1-21,21А,22-26,26А,27-32,32А,33,35-37; 2эт. №№ 1-16,16А,17-35,35А,36-38; 3эт.№№ 1-21,21А,22,22А,23,24";Самарская область, Автозаводский район, г. Тольятти, проезд Новый, д. 2;2192,4;Казна
1431;П1010000054044;63:09:0101171:2082;Нежилое помещение;Нежилое помещение;Самарская область, Автозаводский район, г. Тольятти, пр-кт Ленинский, д. 15, помещение 1345;56,7;Казна
1432;П1010000062383;63:09:0101159:5649;Нежилое помещение;нежилое помещение № 1073;Самарская область, Автозаводский район, г. Тольятти, ул. Революционная, д. 2, комн. 1073;77,7;Казна
1433;П1300000011039;63:09:0301158:2373;Нежилое помещение;"Нежилое помещение: на + 1 эт. № 1, 1а, 2-9; + 2 эт. № 1, 2, 3, 4, 6, 7, 8";Самарская область, Центральный район, г. Тольятти, ул. Карла Маркса, д. 56;290,6;Казна
1434;П1300000010179;63:09:0201059:12843;Нежилое помещение;Нежилое помещение: 1 этаж, поз. № 1, 2, 3, 4, 5, 6, 7;Самарская область, Комсомольский район, г. Тольятти, ул. Ярославская, д. 37, пом. Б/Н (1002);70,3;Казна
1435;П1300000011250;63:09:0201057:1966;Нежилое помещение;"Нежилое помещение (МОП): на - 1 этаже № 1, 2; + 1 этаже № 19, 24; + 2 этаже № 6, 7, 10, 16, 19";Самарская область, Комсомольский район, г. Тольятти, ул. Мурысева, д. 52, стр. А;136,4;Казна
1436;П1300000009710;63:09:0301151:1061;Нежилое помещение;Нежилое помещение: на  1 этаже № 35, 39, 44, 56;Самарская область, Центральный район, г. Тольятти, ул. Победы, д. 52;105;Казна
1437;П1300000011081;63:09:0101151:5899;Нежилое помещение;МОП,  2 этаж, поз. №  22а;Самарская область, Автозаводский район, г. Тольятти, ул. Автостроителей, д. 57;16;Казна
1438;П1300000011085;63:09:0101151:6602;Нежилое помещение;Нежилое помещение н2: 1 этаж, поз. №№ 23, 23а, 45, 46, 47;Самарская область, Автозаводский район, г. Тольятти, ул. Автостроителей, д. 57;93,1;Казна
1439;П1300000014333;63:09:0101171:4580;Нежилое помещение;Нежилое помещение, бомбоубежище защитное сооружение гражданской обороны № 341-63: -1 этаж, поз. №№ 1-30;Самарская область, Автозаводский район, г. Тольятти, проезд Новый, д. 2, пом. 1000;483;Казна
1440;П1300000013053;63:09:0202054:2231;Нежилое помещение;Нежилое помещение: 1 этаж, поз. 50,51;Самарская область, Комсомольский район, г. Тольятти, ул. Никонова, д. 34;33,2;Казна
1441;П1300000013645;63:09:0101153:15073;Нежилое помещение;Нежилое помещение, 2 этаж, поз. № 24;Самарская область, Автозаводский район, г. Тольятти, б-р Цветной, д. 15, комн. 1003;15,1;Казна
1442;П1300000012143;63:09:0101161:1621;Нежилое помещение;Нежилое помещение: 1 этаж №№ 1 поз. 46а, 46б;Самарская область, Автозаводский район, г. Тольятти, пр-кт Степана Разина, д. 8;9,2;Казна
1443;П1300000013690;63:09:0101169:7375;Нежилое помещение;Нежилое помещение, 1 этаж, поз. №№ 1-66, 81-93, 2 этаж, поз. №№ 1-14, 21-64, 82-89;Самарская область, Автозаводский район, г. Тольятти, пр-кт Степана Разина, д. 53, комн. 1001;2059,3;Казна
1444;П1010000043683;63:09:0101153:10034;Нежилое помещение;Нежилое помещение 1006;Самарская область, Автозаводский район, г. Тольятти, б-р Цветной, д. 21, помещение № 1006;62,5;Казна
1445;П1300000010353;63:09:0101168:4728;Нежилое помещение;Нежилое помещение на + 1 эт. № 26-34;Самарская область, Автозаводский район, г. Тольятти, ул. Маршала Жукова, д. 12;60,4;Казна
1446;П1300000014162;63:09:0301151:5140;Нежилое помещение;Нежилое помещение: 1 этаж, поз. №№ 61, 62;Самарская область, Центральный район, г. Тольятти, ул. Победы, д. 52;18;Казна
1447;П1300000011512;63:09:0301104:812;Нежилое помещение;Нежилое помещение (МОП): 1 этаж, поз. №№ 5, 6, 7, 9, 10, 11, 12;Самарская область, Центральный район, г. Тольятти, ул. Республиканская, д. 12;27,7;Казна
1448;П1300000010491;63:09:0201058:1813;Нежилое помещение;Нежилое помещение: цокольный этаж № 1, поз. № 1, 2, 3, 4, 26-35;Самарская область, Комсомольский район, г. Тольятти, ул. Коммунистическая, д. 36;134,1;Казна
1449;П1300000010378;63:09:0101150:2770;Нежилое помещение;Нежилое помещение: на +1 этаже комн. №№ 21, 22, 23;Самарская область, Автозаводский район, г. Тольятти, ул. Дзержинского, д. 25;70,5;Казна
1450;П1300000009692;63:09:0201057:16104;Нежилое помещение;нежилое помещение н1: цокольный этаж № 1, поз. №№ 1, 2, 3, 3а, 4, 4а, 24, 25, 25а;Самарская область, Комсомольский район, г. Тольятти, ул. Коммунистическая, д. 63;115;Казна
1451;П1300000010459;63:09:0101150:2850;Нежилое помещение;Нежилое помещение 1 этаж, поз. № 1, 2, 3, 4, 5, 6, 7;Самарская область, Автозаводский район, г. Тольятти, б-р Гая, д. 14, пом. Б/Н (1001);58,8;Казна
1452;П1300000013414;63:09:0301146:2234;Нежилое помещение;Нежилое помещение на 1 этаже;Самарская область, Центральный район, г. Тольятти, проезд Репина, д. 8, пом.2;27,5;Казна
1453;П1300000010445;63:09:0101169:7259;Нежилое помещение;Нежилое помещение: Аптечный пункт,  1 этаж, поз. № 1, 2, 4, 5, 5а, 6;Самарская область, Автозаводский район, г. Тольятти, пр-кт Степана Разина, д. 83;69,2;Казна
1454;П1300000010801;63:09:0301138:2191;Нежилое помещение;Нежилое помещение 1001: 1 этаж, поз. № 1-6;Самарская область, Центральный район, г. Тольятти, ул. Лесная, д. 60, комн. 1001;53,8;Казна
1455;П1300000014440;63:09:0301167:1773;Нежилое помещение;Нежилое помещение;Самарская область, Центральный район, г. Тольятти, ш. Автозаводское, д. 51, пом б/н;123;Казна
1456;П1300000014444;63:09:0301115:4517;Нежилое помещение;Нежилое помещение № 3022: 3 этаж;Самарская область, Центральный район, г. Тольятти, ул. Голосова, д. 99, помещение № 3022;36,2;Казна
1457;П1300000010062;63:09:0301138:3119;Нежилое помещение;Нежилое помещение: 1 этаж, поз. №№ 61, 62, 63, 64, 65, 66, 67, 68, 69, 70, 71, 72, 73;Самарская область, Центральный район, г. Тольятти, ул. Лесная, д. 62, пом. 1001;163,4;Казна
1458;П1300000009812;63:09:0101175:1030;Нежилое помещение;Нежилое помещение: 1 этаж, поз. №№ 1, 2, 3, 4, 5, 6, 7;Самарская область, Автозаводский район, г. Тольятти, ул. Фрунзе, д. 16;58,7;Казна
1459;П1300000009904;63:09:0101170:10504;Нежилое помещение;Нежилое помещение: 1 этаж, поз. № 18, 19, 20, 21, 22, 24, 25, 26;Самарская область, Автозаводский район, г. Тольятти, ул. Фрунзе, д. 29;44,3;Казна
1460;П1300000010634;63:09:0301105:791;Нежилое помещение;Нежилое помещение 5003: 5 этаж, поз. №№ 23, 24, 25, 26, 27, 28, 29, 30, 31, 32;Самарская область, Центральный район, г. Тольятти, ул. Белорусская, д. 23, помещ. 5003;76;Казна
1461;П1300000010432;63:09:0101168:5562;Нежилое помещение;Нежилое помещение 1 этаж, поз. № 18,19,20,21,22,23,24;Самарская область, Автозаводский район, г. Тольятти, ул. Маршала Жукова, д. 12, комн. 1003;43,9;Казна
1462;П1300000010444;63:09:0101169:1591;Нежилое помещение;Нежилое помещение на 1 этаже № 1-24;Самарская область, Автозаводский район, г. Тольятти, пр-кт Степана Разина, д. 81;325,8;Казна
1463;П1300000011129;63:09:0101152:11052;Нежилое помещение;Нежилое помещение: 1 этаж, поз. №№ 9-19;Самарская область, Автозаводский район, г. Тольятти, ул. 70 лет Октября, д. 61;97,5;Казна
1464;П1300000009834;63:09:0101170:1133;Нежилое помещение;"Нежилое помещение Б/Н (1004) 1 этаж  № 1, 2, 3, 4, 5, 6, 7, 8, 9, 9а, 67;  2 этаж  № 12, 12а, 13, 14, 14б, 15, 15а, 16, 16а, 17, 18, 19, 19а, 19б, 20, 21, 22, 23, 24, 25, 29, 30";Самарская область, Автозаводский район, г. Тольятти, б-р Буденного, д. 22, пом. Б/Н (1004);670;Казна
1465;П1300000012752;63:09:0101162:11793;Нежилое помещение;Нежилое помещение 1002: 15 этаж, поз. №№ 1-6;Самарская область, Автозаводский район, г. Тольятти, пр-кт Степана Разина, д. 11;109,9;Казна
1466;П1300000012365;63:09:0101170:2196;Нежилое помещение;Нежилое помещение: 1 этаж, поз. №№ 1, 2, 3, 3а, 4, 4а, 5;Самарская область, Автозаводский район, г. Тольятти, ул. Фрунзе, д. 27;57,5;Казна
1467;П1300000010504;63:09:0301105:790;Нежилое помещение;"Нежилое помещение 1010: - 1 этаж, поз. №№ 1, 2, 3, 4, 5, 5а, 6, 7, 8,9, 9а, 15, 16, 17, 19; 1 этаж, поз. №№ 1, 2, 3, 4, 5, 6, 7, 8, 9, 10, 11, 12, 13, 14, 15, 16, 17, 18, 19, 20, 21, 21а, 22, 22а, 23, 24, 46, 47";Самарская область, Центральный район, г. Тольятти, ул. Белорусская, д. 23, помещ. 1010;569,7;Казна
1468;П1300000010810;63:09:0101160:626;Нежилое помещение;"Нежилое помещение: 1 этаж, поз. №№ 46, 47, 48, 49, 50, 51, 52, 59, 64; 2 этаж, поз. №№ 20, 21, 22, 23, 24, 24а, 25, 26, 27, 28, 29, 30, 31, 32, 33, 34, 35, 36, 37, 38, 39, 40, 41, 42, 43, 44";Самарская область, Автозаводский район, г. Тольятти, ул. Юбилейная, д. 2;668,5;Казна
1469;П1300000011124;63:09:0101151:1260;Нежилое помещение;Нежилое помещение: 1 этаж, поз. №№ 8, 9, 10, 11, 12, 13, 14;Самарская область, Автозаводский район, г. Тольятти, ул. 40 лет Победы, д. 90, пом. б/н (1003);48,9;Казна
1470;П1300000010075;63:09:0201055:4517;Нежилое помещение;"1 этаж, поз. № 60-67;  2 этаж, поз. № 25-28, 30, 38-44";Самарская область, Комсомольский район, г. Тольятти, ул. Академика Вавилова, д. 64;441,9;Казна
1471;П1300000014265;63:09:0201061:3965;Нежилое помещение;Нежилое помещение: 1 этаж, поз. №№ 1, 2, 3, 4, 5, 6, 7, 9, 10, 18, 19, 20, 21, 2 этаж, поз. №№ 1, 2, 3, 4, 5, 6, 7, 8, 9, 10, 11, 12, 13, 14, 3  этаж, поз. № 1;Самарская область, Комсомольский район, г. Тольятти, ул. Ингельберга, д. 1В;509,8;Казна
1472;П1300000010559;63:09:0201060:2247;Нежилое помещение;Нежилое помещение: на + 1 эт. № 59, 60, 61, 63, 64, 65;Самарская область, Комсомольский район, г. Тольятти, ул. Никонова, д. 2;34,4;Казна
1473;П1300000012387;63:09:0202054:1995;Нежилое помещение;"Нежилое помещение 1000: - 1 этаж, поз. № 19, 21, 21а; 1 этаж, поз.  № 46, 47, 48, 49, 50, 51, 52, 53, 54, 56, 57";Самарская область, Комсомольский район, г. Тольятти, ул. Никонова, д. 8, пом. 1000;197,8;Казна
1474;П1300000010911;63:09:0301172:1805;Нежилое помещение;Нежилое помещение: на +1 этаже №№ 17,17а,17б,17в,18,18а,18б,19,19а,19б,19в,21а,21б;Самарская область, Центральный район, г. Тольятти, б-р 50 лет Октября, д. 26, пом. б/н;130,7;Казна
1475;П1300000011505;63:09:0301115:4014;Нежилое помещение;"МОП, -1этаж  № 13-15,19,20,26,27; 1 этаж  № 17,18; 2этаж  № 22;  3 этаж  № 9,22";Самарская область, Центральный район, г. Тольятти, ул. Голосова, д. 99;337,3;Казна
1476;П1300000009919;63:09:0101180:1319;Нежилое помещение;Нежилое помещение: 1 этаж, поз. №№ 9, 10, 11, 11а, 11б, 12, 12а, 13, 14, 15, 16, 16а, 17, 18, 19, 20;Самарская область, Автозаводский район, г. Тольятти, б-р Приморский, д. 29;86,2;Казна
1477;П1010000081331;63:09:0301140:2812;Нежилое помещение;Нежилое помещение;Самарская область, Центральный район, г. Тольятти, ул. Новопромышленная, д. 17, комн. 1007 (ком. №№ 32, 33а, 35-39, 41-43, 43а, 45, 46, 48, 49, 51-54, 56, 57, 60, 61, 63-69, 75);450,9;Казна
1478;П1300000009911;63:09:0101170:10539;Нежилое помещение;Нежилое помещение 1001: 1 этаж, поз.  №№ 1, 2, 3, 3а, 4, 5;Самарская область, Автозаводский район, г. Тольятти, ул. Юбилейная, д. 37, комн. 1001;61;Казна
1479;П1300000009930;63:09:0101176:10326;Нежилое помещение;"МОП, на + 1 эт. № 52; + 2 эт. № 1, 56";Самарская область, Автозаводский район, г. Тольятти, ул. Революционная, д. 72;151,8;Казна
1480;П1010000060274;63:09:0101176:4687;Нежилое помещение;Нежилое помещение;Самарская область, Автозаводский район, г. Тольятти, б-р Приморский, д. 34, комн. 1181;74,2;Казна
1481;П1300000014428;63:09:0101175:2519;Нежилое помещение;Нежилое помещение 1000;Самарская область, Автозаводский район, г. Тольятти, ул. Фрунзе, д. 20;32,1;Казна
1482;П1300000011487;63:09:0201057:15496;Нежилое помещение;Нежилое помещение: на + 1 этаже  №  8,9,10,11,12,13;Самарская область, Комсомольский район, г. Тольятти, ул. Коммунистическая, д. 41;41,1;Казна
1483;П1300000010212;63:09:0101162:11126;Нежилое помещение;"Нежилое помещение: 17 этаж, поз. №№ 1-11; 18 этаж, поз. №№ 1-12";Самарская область, Автозаводский район, г. Тольятти, ул. Свердлова, д. 30;396;Казна
1484;П1300000010488;63:09:0301104:1840;Нежилое помещение;"Административное, - 1 эт. № 35-90,93-95, 48а, 58а; 1 эт. № 1-27,2а,2б,2в,7а,8а,20а,23а,55-114,57а,60а,61а,61б,83а,90а,90б,116,118,119,121-129; 2 эт. № 1-40,11а,23а,29а; 3 эт. № 1-12,14-36,4а,4б,10а,20а,20б,25а,17а,17б,17в,17г,17д; 4 эт. № 1-33,18а; 5 эт. № 1-31,8а,8б;6 эт. № 1-28,2а,12а,3а,3б,4а,6а,7а,14а,14б,17а,23а,24б;  7 эт. № 1-4,6-30,32-35,21а,29а; 8 эт. № 1-4,6-37; 9 эт. № 1-31,33-35,4а,19а,28а;  10эт. № 1-11";Самарская область, Центральный район, г. Тольятти, ул. Белорусская, д. 33;12879,7;Казна
1485;П1300000014347;63:09:0201062:5884;Нежилое помещение;Нежилое помещение № 1003: 1 этаж, поз. №№ 13, 13а, 14, 15, 16, 17;Самарская область, Комсомольский район, г. Тольятти, проезд Майский, д. 68, помещение №1003;43,8;Казна
1486;П1300000009477;63:09:0101150:11344;Нежилое помещение;3 этаж, поз. № 1;Самарская область, Автозаводский район, г. Тольятти, ул. Свердлова, д. 10;110,6;Казна
1487;П1300000011225;63:09:0301155:4304;Нежилое помещение;Нежилое помещение: цокольный этаж № 1, поз. № 47,48,50;Самарская область, Центральный район, г. Тольятти, ул. Карбышева, д. 25, комн. 1001;47,4;Казна
1488;П1010000071145;63:09:0201060:16566;Нежилое помещение;Нежилое помещение на 1 этаже;Самарская область, Комсомольский район, г. Тольятти, ул. Гидротехническая, д. 35, пом. 1127;47;Казна
1489;П1300000013348;63:09:0301146:2235;Нежилое помещение;Нежилое помещение на 1 этаже;Самарская область, Центральный район, г. Тольятти, проезд Репина, д. 8, пом. 1;40;Казна
1490;П1300000009926;63:09:0101176:10050;Нежилое помещение; 1 этаж, поз. № 62,+ 2 этаж, поз. № 11, 12, 19а, 18-24, 28а, 27-32, 33а, 34б, 35, 37;Самарская область, Автозаводский район, г. Тольятти, б-р Королева, д. 20;528,1;Казна
1491;П1300000011500;63:09:0201059:1670;Нежилое помещение;"Нежилое помещение (МОП): на - 1 этаже № 2, 3, 6, 8, 40;  + 1 этаже № 5, 6, 10, 12, 13, 15, 82, 83; + 2 этаже № 6, 13, 33; + 3 этаже № 1, 2";Самарская область, Комсомольский район, г. Тольятти, ул. Лизы Чайкиной, д. 71, стр. А;494,9;Казна
1492;П1300000010839;63:09:0201057:3518;Нежилое помещение;Нежилое помещение: 1 этаж, поз. №№ 16, 17, 18, 19, 20, 21, 22;Самарская область, Комсомольский район, г. Тольятти, ул. Мурысева, д. 57, Б/Н (1001);59,6;Казна
1493;П1300000014096;63:09:0301101:2298;Нежилое помещение;Нежилое помещение 1004: 1 этаж, поз. №№ 1, 2, 3, 4, 6, 7, 8, 9, 10, 11, 12, 13, 14, 100;Самарская область, Центральный район, г. Тольятти, ул. Советская, д. 63, помещение 1004;119,9;Казна
1494;П1300000011572;63:09:0101169:6470;Нежилое помещение;3 этаж, поз. № 16;Самарская область, Автозаводский район, г. Тольятти, ул. Маршала Жукова, д. 26;108,6;Казна
1495;П1010000066497;63:09:0101156:4028;Нежилое помещение;Нежилое помещение 1056;Самарская область, Автозаводский район, г. Тольятти, б-р Татищева, д. 13, комн. 1056;33,4;Казна
1496;П1010000070681;63:09:0301160:1794;Нежилое помещение;Нежилое помещение 1036;Самарская область, Центральный район, г. Тольятти, ул. Мира, д. 76, комн. 1036;31,1;Казна
1497;П1300000014433;63:09:0301083:3041;Нежилое помещение;Нежилое помещение 1001;Самарская область, Центральный район, г. Тольятти, ул. Советская, д. 51А;245,9;Казна
1498;П1300000014372;63:09:0101167:5565;Нежилое помещение;Нежилое помещение: 1 этаж, поз. №№ 14, 14а, 15, 15а, 16, 17;Самарская область, Автозаводский район, г. Тольятти, ул. 40 лет Победы, д. 98, помещение №1006;41,8;Казна
1499;П1300000010895;63:09:0301150:2577;Нежилое помещение;Нежилое помещение 1005: 1 этаж, поз. №№ 16, 17, 34, 35;Самарская область, Центральный район, г. Тольятти, ул. Победы, д. 35, помещ. 1005;59,8;Казна
1500;П1300000010077;63:09:0101159:9761;Нежилое помещение;"МОП,   1 этаж, поз. № 64,64а;    2 этаж, поз. № 12,46";Самарская область, Автозаводский район, г. Тольятти, б-р Кулибина, д. 15;138;Казна
1501;П1300000013317;63:09:0201062:5568;Нежилое помещение;Нежилое помещение: 1 этаж, поз. №№ 27-52, 2 этаж, поз. №№ 24-27;Самарская область, Комсомольский район, г. Тольятти, проезд Майский, д. 1;570,3;Казна
1502;П1300000013771;63:09:0201059:14027;Нежилое помещение;Нежилое помещение 1008: подземный этаж № 1, поз. №№ 2, 4, 8, 9, 15 (МОП);Самарская область, Комсомольский район, г. Тольятти, ул. Лизы Чайкиной, д. 81, комн. 1008;16,8;Казна
1503;П1300000014288;63:09:0201062:5859;Нежилое помещение;Нежилое помещение на 2 этаже поз. №№ 17, 18, 19,  20;Самарская область, Комсомольский район, г. Тольятти, проезд Майский, д. 1, пом. 2017;18,6;Казна
1504;П1300000011228;63:09:0301109:1016;Нежилое помещение;"насосная станция ливневых стоков, на - 3 эт. № 1; - 2 эт. № 1; - 1 эт. № 1; + 1 эт. № 1, 2, 3, 4, 5, 6, 7, 8, 10, 11";Самарская область, Центральный район, г. Тольятти, ул. Баныкина, д. 45;425,9;Казна
1505;П1300000013861;63:09:0301146:2699;Нежилое помещение;Нежилое помещение 1012: 1 этаж, поз. №№ 11, 12, 14, 15а, 15б, 15в, 16, 17, 38;Самарская область, Центральный район, г. Тольятти, ул. Комсомольская, д. 40, комн. 1012;174,9;Казна
1506;П1300000013076;63:09:0301115:4202;Нежилое помещение;Нежилое помещение: 1 этаж, поз. №№ 24-31, 81, 82;Самарская область, Центральный район, г. Тольятти, ул. Голосова, д. 113;59,9;Казна
1507;П1300000013670;63:09:0301114:1107;Нежилое помещение;Нежилое помещение н1 - 1 этаж поз. № 3 - ЦТП № 9, поз. № 4 санузел;Самарская область, Центральный район, г. Тольятти, б-р Ленина, д. 19, стр. А;211,6;Казна
1508;П1300000013366;63:09:0101170:10493;Нежилое помещение;Нежилое помещение:1 этаж, поз. №№ 8, 9, 10, 11, 12, 13;Самарская область, Автозаводский район, г. Тольятти, ул. Фрунзе, д. 31;42,3;Казна
1509;П1300000009899;63:09:0101170:1787;Нежилое помещение;Нежилое помещение: на + 1 этаже № 9, 10, 11, 12, 13, 14, 14а, 15, 16, 17, 18;Самарская область, Автозаводский район, г. Тольятти, пр-кт Степана Разина, д. 40;103,4;Казна
1510;П1300000012133;;Нежилое помещение;3 этаж, поз. № 2, 2а, 3, 4, 4а, 4б, 6, 7, 8, 8а, 9, 9а, 10-15, 17, 18, 18а, 19, 20, 21, 21а, 25-28;Самарская область, Автозаводский район, г. Тольятти, ул. Свердлова, д. 10;382,9;Казна
1511;П1010000075747;63:09:0101162:11790;Нежилое помещение;Нежилое помещение 1002: 15 этаж, поз. №№ 1-6;Самарская область, Автозаводский район, г. Тольятти, пр-кт Степана Разина, д. 7;113;Казна
1512;П1300000010422;63:09:0301138:3724;Нежилое помещение;Нежилое помещение: на + 1 этаже № 4, 5, 6, 7, 7а, 8, 8а;Самарская область, Центральный район, г. Тольятти, ул. Ленина, д. 57;53,7;Казна
1513;П1300000011113;63:09:0201059:1122;Нежилое помещение;Нежилое помещение Б/Н (1004): -1 этаж, поз.  № 22а, 22б, 22в, 22г, 23;Самарская область, Комсомольский район, г. Тольятти, ул. Лизы Чайкиной, д. 81, пом. Б/Н (1004);67,5;Казна
1514;П1300000009481;63:09:0101150:11347;Нежилое помещение;3 этаж, поз. № 22, 23, 23а;Самарская область, Автозаводский район, г. Тольятти, ул. Свердлова, д. 10;69;Казна
1515;П1300000011033;63:09:0301173:4187;Нежилое помещение;Нежилое помещение: + 1 этаж № 17-28;Самарская область, Центральный район, г. Тольятти, ул. Ленина, д. 77;138,4;Казна
1516;П1300000009698;63:09:0101164:750;Нежилое помещение;Нежилое помещение 1 этаж, поз. № 289, 290, 291, 292, 293, 294, 295, 296, 297, 298, 299, 300, 301, 302, 303, 304, 305, 306;Самарская область, Автозаводский район, г. Тольятти, ул. Революционная, д. 11, корп. 2 пом.Б/Н (125);251,3;Казна
1517;П1300000014427;63:09:0101171:2398;Нежилое помещение;нежилое помещение 1067;Самарская область, Автозаводский район, г. Тольятти, ул. Фрунзе, д. 10;74,5;Казна
1518;П1300000009520;63:09:0101180:10600;Нежилое помещение;"Нежилое помещение (МОП), 1 этаж, поз. № 32, 34;  2 этаж, поз. № 10, 45, 46, 47";Самарская область, Автозаводский район, г. Тольятти, б-р Приморский, д. 31;126,9;Казна
1519;П1300000010193;63:09:0201059:13896;Нежилое помещение;Нежилое помещение: - 1 этаж, поз. № 9-32;Самарская область, Комсомольский район, г. Тольятти, ул. Матросова, д. 46;523,7;Казна
1520;П1010000059432;63:09:0101180:10983;Нежилое помещение;Нежилое помещение 148;Самарская область, Автозаводский район, г. Тольятти, б-р Приморский, д. 21, комн. 148;65;Казна
1521;П1300000012858;63:09:0101169:6592;Нежилое помещение;3 этаж, поз. №  12, 13, 14, 15;Самарская область, Автозаводский район, г. Тольятти, ул. Маршала Жукова, д. 26;61,5;Казна
1522;П1300000013357;63:09:0101164:2003;Нежилое помещение;Нежилое помещение (1 этаж поз. № 324,325,326,327,328,329,330,331,332,333,334,335,336,337,338,339,340,341,342,343,344,345,346,347,348,349,350,476);Самарская область, Автозаводский район, г. Тольятти, ул. Революционная, д. 11, корп. 2;195,1;Казна
1523;П1010000069179;63:09:0101154:2671;Нежилое помещение;Нежилое помещение 1002;Самарская область, Автозаводский район, г. Тольятти, ул. Тополиная, д. 41, помещение 1002;28,9;Казна
1524;П1300000010817;63:09:0301104:1318;Нежилое помещение;Нежилое помещение;Самарская область, Центральный район, г. Тольятти, ул. Республиканская, д. 12, пом. 1004;30,7;Казна
1525;П1300000009467;63:09:0201060:15543;Нежилое помещение;Нежилое помещение: на + 1 эт. № 20-26;Самарская область, Комсомольский район, г. Тольятти, ул. Железнодорожная, д. 23;57,9;Казна
1526;П1300000010249;63:09:0301174:1522;Нежилое помещение;Нежилое помещение  Б/Н (1000): 1 этаж № 58, 59, 60, 60а;Самарская область, Центральный район, г. Тольятти, ул. Победы, д. 23, пом. Б/Н (1000);51,9;Казна
1527;П1300000010368;63:09:0301106:1434;Нежилое помещение;Нежилое помещение: 1 этаж, поз. №№ 2, 3, 4, 5, 6, 7, 8, 9;Самарская область, Центральный район, г. Тольятти, ул. Ленинградская, д. 27;66,2;Казна
1528;П1300000008954;63:09:0201057:15503;Нежилое помещение;Нежилое помещение: -1 этаж, поз. №№ 1, 2, 3, 4, 5, 6, 7, 8, 9, 10;Самарская область, Комсомольский район, г. Тольятти, ул. Коммунистическая, д. 61;134;Казна
1529;П1300000013203;63:09:0301166:4215;Нежилое помещение;Нежилое помещение ТП-180 (трансформаторная подстанция № 180);Самарская область, Центральный район, г. Тольятти, ул. Толстого, д. 20, стр. В;51,1;Казна
1530;П1300000014223;63:09:0101180:10710;Нежилое помещение;Нежилое помещение: 3 этаж, поз. № 6;Самарская область, Автозаводский район, г. Тольятти, б-р Приморский, д. 31;16,8;Казна
1531;П1300000012395;63:09:0101168:5555;Нежилое помещение;Нежилое помещение: на 1 этаже поз. №№ 11,11а,11б,13,14,15,16,17;Самарская область, Автозаводский район, г. Тольятти, ул. Маршала Жукова, д. 12;48,9;Казна
1532;П1300000009786;63:09:0202054:750;Нежилое помещение;Нежилое помещение (МОП): 1 этаж, поз. № 75, 76, 81;Самарская область, Комсомольский район, г. Тольятти, ул. Никонова, д. 22;95,2;Казна
1533;П1300000011042;63:09:0301115:4049;Нежилое помещение;Нежилое помещение: 1 этаж, поз. №№ 10-16;Самарская область, Центральный район, г. Тольятти, ул. Голосова, д. 113;43,3;Казна
1534;П1300000011380;63:09:0301104:813;Нежилое помещение;Нежилое помещение: 1 этаж, поз. №№ 3;Самарская область, Центральный район, г. Тольятти, ул. Республиканская, д. 12;24,8;Казна
1535;П1300000011238;63:09:0101158:4582;Нежилое помещение;Нежилое помещение: на + 1 этаже № 1, 2, 3, 4, 5, 6, 7, 8;Самарская область, Автозаводский район, г. Тольятти, ул. 40 лет Победы, д. 24;65,2;Казна
1536;П1300000011509;63:09:0301115:3832;Нежилое помещение;Нежилое помещение Б/Н (3020) 3 этаж, поз. № 20;Самарская область, Центральный район, г. Тольятти, ул. Голосова, д. 99, нежилое помещение Б/Н (3020);18,6;Казна
1537;П1300000010821;63:09:0301105:786;Нежилое помещение;Нежилое помещение 5001: 5 этаж, поз. №№ 39, 40, 41, 42, 43;Самарская область, Центральный район, г. Тольятти, ул. Белорусская, д. 23, квартал помещ. 5001;63,8;Казна
1538;П1300000010426;63:09:0301115:4027;Нежилое помещение;ЦТП-11, на + 1 эт. № 1, 2, 3;Самарская область, Центральный район, г. Тольятти, ул. Голосова, д. 95, стр. А;151,4;Казна
1539;П1300000011090;63:09:0101151:6589;Нежилое помещение;3 этаж, поз. № 1,5,5а,14,14а,14б;Самарская область, Автозаводский район, г. Тольятти, ул. Автостроителей, д. 57;63,5;Казна
1540;П1300000014309;63:09:0204068:834;Нежилое помещение;Защитное сооружение гражданской обороны № 455-63: нежилое помещение, -1 этаж комнаты №№ 1-18;Самарская область, Комсомольский район, г. Тольятти, ул. Громовой, д. 51;273,4;Казна
1541;П1300000014016;63:09:0201060:16273;Нежилое помещение;Нежилое помещение 1109: 1 этаж, поз. №№ 17, 18, 19а;Самарская область, Комсомольский район, г. Тольятти, ул. Железнодорожная, д. 45, помещение № 1109;6,9;Казна
1542;П1300000011082;63:09:0101151:5898;Нежилое помещение;МОП,  3 этаж, поз.  №  2, 8, 10, 11, 12, 13, 19, 24, 25, 26;Самарская область, Автозаводский район, г. Тольятти, ул. Автостроителей, д. 57;180,4;Казна
1543;П1300000011080;63:09:0101151:6351;Нежилое помещение;МОП, 1 этаж, поз. №  40;Самарская область, Автозаводский район, г. Тольятти, ул. Автостроителей, д. 57;4,4;Казна
1544;П1300000010234;63:09:0301146:1262;Нежилое помещение;Нежилое помещение: - 1 этаж, поз.  № 6, 9, 11, 13-26, 29, 32, 33;Самарская область, Центральный район, г. Тольятти, ул. Карла Маркса, д. 27А, комн. 1002;433,3;Казна
1545;П1300000007248;;Нежилое помещение;Нежилое помещение 1000 (ЦТП №27): 1 этаж, поз. №№ 1, 2, 13, 14, 19, 20, 21, 22, 23;Самарская область, Центральный район, г. Тольятти, ш. Автозаводское, д. 3, стр. 3, помещение 1000;253,5;Казна
1546;П1010000072938;63:09:0301101:2515;Нежилое помещение;Нежилое помещение: 1 этаж, поз. №№ 1, 2, 3, 4, 4а, 5, 5а, 6, 7;Самарская область, Центральный район, г. Тольятти, ул. Мира, д. 41, комн. 1001;58,1;Казна
1547;П1300000012847;63:09:0301174:3903;Нежилое помещение;Нежилое помещение: 1 этаж, поз. № 25;Самарская область, Центральный район, г. Тольятти, ул. Ленина, д. 84;15,3;Казна
1548;П1300000014358;63:09:0201055:5759;Нежилое помещение;Нежилое помещение: 1 этаж, поз. №№ 69, 70, 71, 72, 72а 73, 73а, 74, 75, 76, 77;Самарская область, Комсомольский район, г. Тольятти, ул. Академика Вавилова, д. 64;144,2;Казна
1549;П1300000012966;63:09:0101176:2763;Нежилое помещение;"Нежилое помещение: на - 1 этаже № 44, 45, 46, 47, 48, 49, 50, 51, 52, 53, 54, 55, 56; на 1 этаже  № 4";Самарская область, Автозаводский район, г. Тольятти, ул. Революционная, д. 58А;2137,6;Казна
1550;П1300000013830;63:09:0201059:14037;Нежилое помещение;Нежилое помещение 1008: -1 этаж, поз. № 49а, 49б, 49в, 49г;Самарская область, Комсомольский район, г. Тольятти, ул. Матросова, д. 56, Нежилое помещение 1008;28,7;Казна
1551;П1300000011169;63:09:0301155:4303;Нежилое помещение;Нежилое помещение 2004: 2 этаж, поз. № 4;Самарская область, Центральный район, г. Тольятти, ул. Карбышева, д. 17, комн. 2004;18,4;Казна
1552;П1300000012840;63:09:0310003:1222;Нежилое помещение;Нежилое помещение: 1 этаж, поз. № 40-45, 45а, 45б, 45в, 45г, 45д, 45е;Самарская область, Комсомольский район, г. Тольятти, ул. Новосадовая, д. 23;70,5;Казна
1553;П1300000011026;63:09:0301174:4409;Нежилое помещение;Помещение насосной станции: + 1 этаж  №№ 20,21;Самарская область, Центральный район, г. Тольятти, ул. Чапаева, д. 136;96,1;Казна
1554;П1300000011243;63:09:0310003:1348;Нежилое помещение;"Нежилое помещение на + 1 этаже  №  46, 47; + 2 этаже № 33а, 49; + 3 этаже № 48";Самарская область, Комсомольский район, г. Тольятти, ул. Новосадовая, д. 23;69,8;Казна
1555;П1010000049724;63:09:0201060:5131;Нежилое помещение;Нежилое помещение 1039;Самарская область, Комсомольский район, г. Тольятти, ул. Гидротехническая, д. 23, помещение 1039;64,3;Казна
1556;П1300000013008;63:09:0101159:10294;Нежилое помещение;1 этаж, поз. № 52;Самарская область, Автозаводский район, г. Тольятти, б-р Кулибина, д. 15;12,7;Казна
1557;П1300000010082;63:09:0101159:1953;Нежилое помещение;"1 этаж, поз. № 51;  2 этаж, поз. № 30";Самарская область, Автозаводский район, г. Тольятти, б-р Кулибина, д. 15;30,8;Казна
1558;П1300000010793;63:09:0301105:788;Нежилое помещение;Нежилое помещение 5007: 5 этаж, поз. №№ 6, 7, 8, 9, 10, 11;Самарская область, Центральный район, г. Тольятти, ул. Белорусская, д. 23, помещ. 5007;43,6;Казна
1559;П1300000011120;63:09:0101151:1249;Нежилое помещение;Нежилое помещение: 1 этаж, поз. № 8, 9, 10, 11, 12, 13, 35;Самарская область, Автозаводский район, г. Тольятти, ул. 40 лет Победы, д. 88;43,4;Казна
1560;П1300000014127;63:09:0101151:6634;Нежилое помещение;Нежилое помещение 1013: 1 этаж, поз. №№ 1, 2;Самарская область, Автозаводский район, г. Тольятти, ул. Автостроителей, д. 57, комн. 1013;16,9;Казна
1561;П1300000013849;63:09:0301153:2278;Нежилое помещение;Нежилое помещение: подземный этаж № 1, поз. №№ 2, 3, 4, 5, 6;Самарская область, Центральный район, г. Тольятти, ул. Карбышева, д. 4, Нежилое помещение 1006;429,2;Казна
1562;П1010000058644;63:09:0101162:5066;Нежилое помещение;Нежилое помещение 1305;Самарская область, Автозаводский район, г. Тольятти, б-р Луначарского, д. 8, помещение 1305;72,5;Казна
1563;П1300000010014;63:09:0301153:1089;Нежилое помещение;Нежилое помещение на 1 этаже №№ 22, 23, 24, 25, 26, 27, 34, 34а;Самарская область, Центральный район, г. Тольятти, ул. Мира, д. 158, Нежилое помещение 1001;83,6;Казна
1564;П1300000010064;63:09:0301147:2205;Нежилое помещение;"Нежилое помещение:на - 1 эт. № 1-13, 1а, 2а, 3а, 4а, 5а,  13а; + 1 эт. № 1-102, 57а, 67а, 68а, 69а, 87а; + 2 эт. № 1-55, 63, 65-99; + 3 эт. № 1-38";Самарская область, Центральный район, г. Тольятти, пл. Свободы, д. 4;4906,5;Казна
1565;П1010000077207;63:09:0101166:10289;Нежилое помещение;Нежилое помещение: 14 этаж поз.№№ 1-5,1а,1б,1в, 15 этаж поз. №№ 1-6;Самарская область, Автозаводский район, г. Тольятти, пр-кт Степана Разина, д. 25, пом. 89;149,6;Казна
1566;П1300000010560;63:09:0201057:15854;Нежилое помещение;ЦТП-10,  1 этаж, поз. № 1-3;Самарская область, Комсомольский район, г. Тольятти, ул. Лизы Чайкиной, д. 41, стр. А;190,1;Казна
1567;П1300000013430;63:09:0101162:11142;Нежилое помещение;н3 3 этаж, поз. № 27;Самарская область, Автозаводский район, г. Тольятти, ул. Свердлова, д. 28;34,3;Казна
1568;П1300000011141;63:09:0301161:674;Нежилое помещение;Нежилое помещение: - 1 этаж  № 3, 8, 13, 14, 15, 16, 17, 18;Самарская область, Центральный район, г. Тольятти, ул. Мира, д. 23;124,4;Казна
1569;П1010000079505;63:09:0101157:10088;Нежилое помещение;Нежилое помещение 1107;Самарская область, Автозаводский район, г. Тольятти, ул. Тополиная, д. 15, помещение 1107;64,5;Казна
1570;П1300000009804;63:09:0101163:4863;Нежилое помещение;Нежилое помещение: 1 этаж поз.17-21;Самарская область, Автозаводский район, г. Тольятти, ул. Революционная, д. 24, комн. 1251;32,7;Казна
1571;П1300000014446;63:09:0101164:2695;Нежилое помещение;Нежилое помещение № 2001 на 2 этаже поз. №№ 316-409, 412-506, 509-550;Самарская область, г. Тольятти, ул. Революционная, д. 11, корп. 2 помещение № 2001;1430,2;Казна
1572;П1300000009802;63:09:0101159:9945;Нежилое помещение;ЦТП № 21, на - 1 эт. № 9, 10, 11;Самарская область, Автозаводский район, г. Тольятти, ул. Дзержинского, д. 77, стр. А;164;Казна
1573;П1300000009814;63:09:0101175:3388;Нежилое помещение;Нежилое помещение 1005: 1 этаж, поз. №№ 14-19                          ;Самарская область, Автозаводский район, г. Тольятти, ул. Фрунзе, д. 18, комн. 1005;41,8;Казна
1574;П1300000009617;63:09:0306036:913;Нежилое помещение;Нежилое помещение (Подвал № 1), на - 1 этаже № 1, 2, 3, 4, 5, 6, 7, 8, 9, 10, 11, 12, 13, 14, 15, 16, 17, 18, 19, 20, 21, 22, 23, 24, 25  (объект ГО № 434-63);Самарская область, Центральный район, г. Тольятти, проезд Тупиковый, д. 3;913,9;Казна
1575;П1300000010569;63:09:0201057:15693;Нежилое помещение;ЦТП-9,  1 этаж, поз. № 1, 2, 3;Самарская область, Комсомольский район, г. Тольятти, ул. Громовой, д. 6, стр. А;187,7;Казна
1576;П1300000010066;63:09:0301136:3574;Нежилое помещение;Нежилое помещение на + 1 этаже № 21, 22, 23, 26, 27, 28, 29;Самарская область, Центральный район, г. Тольятти, ул. Толстого, д. 21;76,6;Казна
1577;П1300000012794;63:09:0301174:3991;Нежилое помещение;Нежилое помещение: 1 этаж, поз. № 20;Самарская область, Центральный район, г. Тольятти, ул. Ленина, д. 84;17,7;Казна
1578;П1300000013367;63:09:0301159:1983;Нежилое помещение;Нежилое помещение: 1 этаж, поз. №№ 8, 9, 10, 11, 12;Самарская область, Центральный район, г. Тольятти, ул. Жилина, д. 24;43,2;Казна
1579;П1300000010079;63:09:0101159:10012;Нежилое помещение;"МОП,  1 этаж, поз. №  44б, 47, 48, 49, 50, 54, 56, 58, 58а, 63, 68;    2 этаж, поз.   № 14а, 15, 16, 17, 18, 25а, 27, 47";Самарская область, Автозаводский район, г. Тольятти, б-р Кулибина, д. 15;168,6;Казна
1580;П1300000011264;63:09:0201057:14498;Нежилое помещение;Нежилое помещение (МОП): 2 этаж, поз. 21, 22, 23, 28, 30, 35;Самарская область, Комсомольский район, г. Тольятти, ул. Лизы Чайкиной, д. 43, стр. А;113,1;Казна
1581;П1300000011009;63:09:0101167:1228;Нежилое помещение;Нежилое помещение: 1 этаж , поз. № 22, 23, 24, 25, 26, 27, 28;Самарская область, Автозаводский район, г. Тольятти, ул. 40 лет Победы, д. 126;58,2;Казна
1582;П1300000009487;;Нежилое помещение;1 этаж, поз. № 1а, 2а, 2, 3а, 4, 5, 19, 20, 21;Самарская область, Автозаводский район, г. Тольятти, ул. Свердлова, д. 10;64,8;Казна
1583;П1300000012392;63:09:0101160:543;Нежилое помещение;"Нежилое помещение: - 1 подвал этаж, поз. № 86,87,88,89,91,92,94,95,96,97; 1 этаж, поз.№432-455,455а,455б,455в,456,456а,456б,456в,456г,456д,456е,456ж,457-495; 2 этаж, поз.№458-500";Самарская область, Автозаводский район, г. Тольятти, ул. Революционная, д. 7, корп. 3;3499,8;Казна
1584;П1300000014222;63:09:0101180:10709;Нежилое помещение;Нежилое помещение № 3003, этаж № 3;Самарская область, Автозаводский район, г. Тольятти, б-р Приморский, д. 31, комн. 3003;27,7;Казна
1585;П1300000013355;63:09:0101164:2004;Нежилое помещение;Нежилое помещение (1 этаж поз. № 307, 308, 309, 310, 311, 313, 314, 315, 316, 317, 318, 319, 320, 321, 322, 323);Самарская область, Автозаводский район, г. Тольятти, ул. Революционная, д. 11, корп. 2;99,8;Казна
1586;П1300000009916;63:09:0101170:10502;Нежилое помещение;Нежилое помещение н2 на 1 этаже №№ 12, 13, 14, 15, 16;Самарская область, Автозаводский район, г. Тольятти, ул. Юбилейная, д. 61;43,9;Казна
1587;П1300000013669;63:09:0301114:1108;Нежилое помещение;Нежилое помещение н2 - гараж, на 1 этаже поз. №№ 1, 2, 5, 6, 7;Самарская область, Центральный район, г. Тольятти, б-р Ленина, д. 19, стр. А;132,3;Казна
1588;П1010000075989;63:09:0101170:8366;Нежилое помещение;Нежилое помещение 1254;Самарская область, Автозаводский район, г. Тольятти, ул. Фрунзе, д. 17, комн. 1254;62,5;Казна
1589;П1300000014398;63:09:0101167:3001;Нежилое помещение;Нежилое помещение, 1 этаж, поз. №№ 1, 2, 3, 4, 5, 6;Самарская область, Автозаводский район, г. Тольятти, ул. 40 лет Победы, д. 100, комн. 1003;47,7;Казна
1590;П1300000010297;63:09:0301137:2812;Нежилое помещение;Нежилое помещение: 1 этаж поз. № 1-6;Самарская область, Центральный район, г. Тольятти, ул. Ленина, д. 54, помещ. 1;52,4;Оперативное управление
1591;П1300000011223;63:09:0301155:4556;Нежилое помещение;Нежилое помещение: - 1 Цокольный этаж, 1 уровень, поз. № 46, 51, 51а, 51б, 51в, 55, 56, 56а;Самарская область, Центральный район, г. Тольятти, ул. Карбышева, д. 25, комн. 1004;81,1;Оперативное управление
1592;П1300000010044;63:09:0101166:10302;Нежилое помещение;Нежилое помещение: 1 этаж, поз. № 20-26;Самарская область, Автозаводский район, г. Тольятти, б-р Туполева, д. 11;57,3;Оперативное управление
1593;П1300000009929;63:09:0101176:10330;Нежилое помещение; 2 этаж, поз. № 36, 38-43, 49, 53, 54, 55;Самарская область, Автозаводский район, г. Тольятти, ул. Революционная, д. 72;407,5;Оперативное управление
1594;П1300000010247;63:09:0301140:3401;Нежилое помещение;Нежилое помещение: - 1 этаж, поз. №№ 42-46, 50-56;Самарская область, Центральный район, г. Тольятти, ул. Новопромышленная, д. 15;178,8;Оперативное управление
1595;П1300000009880;63:09:0101161:1697;Нежилое помещение;Нежилое помещение: 1 этаж  № 1, 2, 7, 8;Самарская область, Автозаводский район, г. Тольятти, б-р Курчатова, д. 12, пом. Б/Н (1001);105,7;Оперативное управление
1596;П1300000009879;63:09:0101161:1696;Нежилое помещение;Нежилое помещение: на + 1 этаже № 3, 9, 15, 16;Самарская область, Автозаводский район, г. Тольятти, б-р Курчатова, д. 12, комн. 1002;163,2;Оперативное управление
1597;П1300000010208;63:09:0301138:3167;Нежилое помещение;Нежилое помещение 1002: 1 этаж, поз.  № 13, 14, 15, 16, 17, 18, 19, 20, 21;Самарская область, Центральный район, г. Тольятти, ул. Лесная, д. 60;121,6;Оперативное управление
1598;П1300000009681;63:09:0101160:544;Нежилое помещение;Нежилое помещение: 2 этаж, поз.  № 501, 502, 503, 504, 505;Самарская область, Автозаводский район, г. Тольятти, ул. Революционная, д. 7, корп. 3;189,2;Оперативное управление
1599;П1300000011244;63:09:0301164:990;Нежилое помещение;Нежилое помещение Б/Н (1000): 1 этаж, поз.  № 68, 68а;Самарская область, Центральный район, г. Тольятти, ул. Ушакова, д. 64, пом. Б/Н (1000);22,2;Оперативное управление
1600;П1300000010418;63:09:0301154:924;Нежилое помещение;Нежилое помещение: на  2 этаже № 1-6, 6а, 6б, 7, 7а, 15, 15а, 16, 16а, 17-20, 31а, 31б, 32, 32а, 33, 34;Самарская область, Центральный район, г. Тольятти, ул. Баныкина, д. 66;602,8;Оперативное управление
1601;П1300000012110;63:09:0301157:3128;Нежилое помещение;Нежилое помещение: 1 этаж, поз. № 90, 91;Самарская область, Центральный район, г. Тольятти, б-р Молодежный, д. 37;5,2;Оперативное управление
1602;П1300000011567;63:09:0101162:1638;Нежилое помещение;Нежилое помещение: 1 этаж  № 1, 2, 3, 6, 7, 8, 9, 10, 11, 16, 17, 18, 19, 20, 21, 22, 23, 24, 25, 26;Самарская область, Автозаводский район, г. Тольятти, б-р Луначарского, д. 1;196,4;Оперативное управление
1603;П1300000008822;63:09:0301139:4685;Нежилое помещение;Нежилое помещение, 1 этаж, поз. №№ 49, 49а;Самарская область, Центральный район, г. Тольятти, ул. Октябрьская, д. 1;34,1;Оперативное управление
1604;П1300000010009;63:09:0301153:2263;Нежилое помещение;Нежилое помещение: 1 этаж, поз. №№ 1А, 2А, 3А, 4А, 5А, 6А, 7А, 8А, 9А, 10А, 11А, 12А, 13А, 14А;Самарская область, Центральный район, г. Тольятти, ул. Мира, д. 152;119,6;Оперативное управление
1605;П1300000009676;63:09:0101160:540;Нежилое помещение;"Нежилое помещение: - 1 этаж, поз. № 82, 83, 84, 85, 86, 86а, 87, 88, 89, 90, 91, 92, 93; 1 этаж, поз. № 459-499, 500-534; 2 этаж, поз. № 467-490, 491-504, 510-525";Самарская область, Автозаводский район, г. Тольятти, ул. Революционная, д. 3, корп. 3;5240,4;Оперативное управление
1606;П1300000010416;63:09:0301154:4733;Нежилое помещение;"Нежилое помещение: 1 этаж, поз. № 10, 14, 17-24, 24а, 25, 35;  2 этаж, поз.  № 26, 26б, 27, 35";Самарская область, Центральный район, г. Тольятти, ул. Баныкина, д. 66;312,8;Оперативное управление
1607;П1300000011010;63:09:0101167:4707;Нежилое помещение;Нежилое помещение: 1 этаж, поз.  №15, 16, 17, 18, 19, 20, 21;Самарская область, Автозаводский район, г. Тольятти, ул. 40 лет Победы, д. 126, пом. Б/Н (1003);43,8;Оперативное управление
1608;П1300000008894;63:09:0301155:4202;Нежилое помещение;"Школа № 65, на - 1 эт. № 1-11; + 1 эт. № 1-40, 73; + 2 эт. № 1-31; + 3 эт. № 1-50";Самарская область, Центральный район, г. Тольятти, ул. Голосова, д. 34;6255,2;Оперативное управление
1609;П1300000011148;63:09:0301160:1242;Нежилое помещение;Нежилое помещение 1000 (1 этаж поз. № 1, 2, 3, 4, 5, 5а, 6, 6а, 7);Самарская область, Центральный район, г. Тольятти, ул. Жилина, д. 1, комн. 1000;71,3;Оперативное управление
1610;П1300000011473;63:09:0201059:13111;Нежилое помещение;"Нежилое помещение: Детская художественная школа № 2, - 1 этаж, поз . № 9; 1 этаж, поз. № 1-10";Самарская область, Комсомольский район, г. Тольятти, ул. Мурысева, д. 80;258,4;Оперативное управление
1611;П1300000012877;63:09:0101173:536;Нежилое помещение;"Нежилое помещение: - 1 Подвал этаж, поз. № 1, 1а, 2-17, 17а, 18-20, 20а, 20б, 21-43, 43а, 44, 44а, 44б, 45, 46; 1 этаж, поз. № 1-5, 7-11, 11а, 12, 12а, 12б, 12в, 13, 14, 14а, 15-17, 19, 19А. 20-30, 30а, 31, 31а, 32, 33, 33а, 34, 34а, 35, 36, 36а, 37-42, 42а, 43-45, 45а, 45б, 46-50, 50а, 50б, 51-62, 64, 64а, 65, 65а, 66, 67, 69, 70, 73, 74, 79, 80, 101, 101а, 102, 103, 115-121, 123-134; 2 этаж, поз. № 1, 2, 3, 5-10, 12, 13, 13а, 14, 14а, 15, 16, 17, 17а, 17б, 18, 18а, 18б, 18в, 19, 19а, 19б, 19в, 19г, 20-23, 23а, 24, 24а, 25-29, 29а, 30, 30а, 32, 32а, 32б, 32в, 32г, 33-41, 41а, 42-48, 48а, 49, 50, 50а, 51-64, 71, 72, 99-109, 109а, 130-134, 135а, 136а, 137а, 138а, 139а, 140а, 141а, 142а, 143а, 144-147; 3 этаж, поз. № 1-30, 30а, 31, 32, 32а, 33, 34а, 36-45, 48-51, 53, 54, 54а, 55, 65-82, 86, 86а, 87-96, 96а, 97, 98, 100;  4 этаж, поз. № 1-8, 8а, 9-19, 19а, 20-22, 22а, 23-27, 27а, 28-32, 32а, 33-38, 38а, 38б, 39, 39а, 40, 44-60, 60а, 61-71, 74, 75-77; 5 этаж, поз. № 1-19,  19а, 20-35, 6 этаж, поз. № 1-4, 4б, 4в, ";Самарская область, Автозаводский район, г. Тольятти, ул. Юбилейная, д. 8;18507,1;Оперативное управление
1612;П1300000010008;63:09:0301083:2258;Нежилое помещение;Нежилое помещение: 1 этаж, поз. № 23, 24, 25, 26, 27, 28, 29, 30;Самарская область, Центральный район, г. Тольятти, ул. Мира, д. 52, пом. Б/Н (1003);55,3;Оперативное управление
1613;П1300000010415;63:09:0301154:4741;Нежилое помещение;Нежилое помещение: 2 этаж, поз. № 8,9,10,11,12,13,14,22,23,24,25;Самарская область, Центральный район, г. Тольятти, ул. Баныкина, д. 66;141,2;Оперативное управление
1614;П1300000010213;63:09:0202054:825;Нежилое помещение;Нежилое помещение: 1 этаж, поз. №№ 24, 24а, 25-29, 29а, 30-35;Самарская область, Комсомольский район, г. Тольятти, ул. Носова, д. 21;276,1;Оперативное управление
1615;П1300000010092;63:09:0101163:8870;Нежилое помещение;1этаж, поз. № 120-128;Самарская область, Автозаводский район, г. Тольятти, ул. Свердлова, д. 51;108,1;Оперативное управление
1616;П1300000012775;63:09:0301163:811;Нежилое помещение;Нежилое помещение: 1 этаж, поз. № 18-29;Самарская область, Центральный район, г. Тольятти, ул. Мира, д. 73;125;Оперативное управление
1617;П1300000009917;63:09:0101170:2350;Нежилое помещение;Нежилое помещение 1 этаж  № 1, 2, 3, 3а, 3б, 3в, 4, 4а, 4б, 5;Самарская область, Автозаводский район, г. Тольятти, ул. Юбилейная, д. 61, Б/Н (1001);58,6;Оперативное управление
1618;П1300000011538;63:09:0301155:4286;Нежилое помещение;Нежилое помещение: 1 этаж, поз. №  50, 51, 52, 53, 54, 55, 56;Самарская область, Центральный район, г. Тольятти, ул. Карбышева, д. 17;36,5;Оперативное управление
1619;П1300000010420;63:09:0301154:923;Нежилое помещение;Нежилое помещение: 1 этаж  № 1, 2, 3, 4, 6, 7, 8, 9, 15, 27, 28, 51;Самарская область, Центральный район, г. Тольятти, ул. Баныкина, д. 66, пом. Б/Н (1006);238,8;Оперативное управление
1620;П1300000013769;63:09:0201059:14028;Нежилое помещение;Нежилое помещение 1007: подземный этаж № 1, поз. №№ 1, 7, 7а;Самарская область, Комсомольский район, г. Тольятти, ул. Лизы Чайкиной, д. 81, Нежилое помещение 1007;27;Оперативное управление
1621;П1300000011497;63:09:0201059:1671;Нежилое помещение;"Нежилое помещение: - 1 этаж, поз. № 1, 9, 11;  1 этаж, поз. № 1, 2, 3, 4, 14, 17, 18, 19, 20, 24;  2 этаж, поз. № 1, 2, 3, 4, 5, 6а";Самарская область, Комсомольский район, г. Тольятти, ул. Лизы Чайкиной, д. 71, стр. А;604;Оперативное управление
1622;П1300000009793;63:09:0101152:12530;Нежилое помещение;Нежилое помещение: 1 этаж, поз. № 26-34;Самарская область, Автозаводский район, г. Тольятти, б-р Космонавтов, д. 5;60,5;Оперативное управление
1623;П1300000012245;63:09:0301115:3845;Нежилое помещение;3 этаже поз. № 4, 5, 6, 7, 8, 17;Самарская область, Центральный район, г. Тольятти, ул. Голосова, д. 99;121,3;Оперативное управление
1624;П1300000011154;63:09:0301138:3598;Нежилое помещение;Нежилое помещение: на  + 1 этаже № 9, 9а, 12, 13, 14, 15, 16, 17, 18б;Самарская область, Центральный район, г. Тольятти, ул. Лесная, д. 46;191,7;Оперативное управление
1625;П1300000010791;63:09:0101176:2089;Нежилое помещение;Нежилое помещение: 1 этаж № 12, 13, 14, 15, 16, 16а, 16б, 17;Самарская область, Автозаводский район, г. Тольятти, пр-кт Московский, д. 61, пом. Б/Н (1005);41,4;Оперативное управление
1626;П1300000012111;63:09:0301100:1303;Нежилое помещение;Нежилое помещение: 1 этаж, поз. № 7,8,9,10,11,12,13,14,15;Самарская область, Центральный район, г. Тольятти, ул. Ленинградская, д. 46;69,1;Оперативное управление
1627;П1300000011104;63:09:0101166:9421;Нежилое помещение;"Нежилое помещение: подвал №1 этаж, поз. № 1-19,21;  этаж №1, поз. № 39, 40";Самарская область, Автозаводский район, г. Тольятти, ул. Свердлова, д. 5;269,6;Оперативное управление
1628;П1300000012773;63:09:0201059:12922;Нежилое помещение;"- 1 этаж, поз. 1, 1а, 2, 3, 3а, 4, 4а, 5, 5а, 6, 6а, 6б, 7, 7а, 8, 8а, 8б, 9-11, 11а, 12, 16-30; 1 этаж, поз. 1-9, 9а, 10-15, 15а, 15б, 16, 16а, 17-25, 27,, 41";Самарская область, Комсомольский район, г. Тольятти, ул. Громовой, д. 30, стр. А;1217,6;Оперативное управление
1629;П1300000008898;63:09:0201057:14442;Нежилое помещение;"Нежилое помещение: 1 этаж, поз. №№ 11, 11а, 12, 12а, 13, 14, 15, 16, 17, 17а, 18, 18а, 19, 19а, 20, 21, 22, 23, 24, 25, 25а, 26, 28, 29, 30, 31; 2 этаж, поз. №№ 1, 2, 3, 4, 5, 7, 8";Самарская область, Комсомольский район, г. Тольятти, ул. Коммунистическая, д. 45, стр. Б, пом. Б/Н (1002);801,9;Оперативное управление
1630;П1300000010076;63:09:0201055:5023;Нежилое помещение;"Нежилое помещение: 1 этаж, поз. № 48-57, 80; 2 этаж, поз. № 32-36, 52";Самарская область, Комсомольский район, г. Тольятти, ул. Академика Вавилова, д. 64;338,6;Оперативное управление
1631;П1300000010052;63:09:0101166:1216;Нежилое помещение;Нежилое помещение: 1 этаж, поз. №№ 1-15;Самарская область, Автозаводский район, г. Тольятти, б-р Туполева, д. 5;103,3;Оперативное управление
1632;П1300000010480;63:09:0301155:4028;Нежилое помещение;"Нежилое помещение: 1 этаж, поз.  № 30, 33, 36, 40, 41, 42;  2 этаж, поз.  № 15-37";Самарская область, Центральный район, г. Тольятти, ул. Баныкина, д. 38;720,8;Оперативное управление
1633;П1300000009612;63:09:0301152:1408;Нежилое помещение;Нежилое помещение: - 1 этаж, поз. № 1, 2, 3, 4;Самарская область, Центральный район, г. Тольятти, ул. Голосова, д. 20, пом. б/н;117,4;Оперативное управление
1634;П1300000010161;63:09:0301101:741;Нежилое помещение;Нежилое помещение: 1 этаж, поз. №№ 43, 44, 45, 46, 47, 48,  49, 50, 51, 52, 53, 54;Самарская область, Центральный район, г. Тольятти, ул. Мира, д. 33, пом.Б/Н (1000);72,1;Оперативное управление
1635;П1300000009792;63:09:0101152:11061;Нежилое помещение;Нежилое помещение: 1 этаж, поз. № 1-13;Самарская область, Автозаводский район, г. Тольятти, б-р Космонавтов, д. 32;98,6;Оперативное управление
1636;П1300000010400;63:09:0301151:4266;Нежилое помещение;Нежилое помещение: 1 этаж, поз. №№ 11, 12, 13, 23, 24, 47, 48, 49, 50, 51, 52, 53, 54, 55;Самарская область, Центральный район, г. Тольятти, ул. Победы, д. 44, комн. 1003;173,2;Оперативное управление
1637;П1300000010205;63:09:0301138:3720;Нежилое помещение;Нежилое помещение на 1 этаже № 42, 43, 44;Самарская область, Центральный район, г. Тольятти, ул. Лесная, д. 60;45,9;Оперативное управление
1638;П1300000010088;63:09:0101163:8946;Нежилое помещение;2 этаж, поз. № 121-127, 121а, 125а, 125б, 125в, 125г;Самарская область, Автозаводский район, г. Тольятти, ул. Свердлова, д. 51;221,6;Оперативное управление
1639;П1300000010295;63:09:0301111:3904;Нежилое помещение;Нежилое помещение: 1 этаж, поз. №№ 20, 21, 22, 23, 24, 26, 27, 28, 29, 30, 31, 32;Самарская область, Центральный район, г. Тольятти, ул. Баныкина, д. 14;291,4;Оперативное управление
1640;П1300000011123;63:09:0101151:1262;Нежилое помещение;Нежилое помещение: 1 этаж № 31, 32, 33, 34, 35;Самарская область, Автозаводский район, г. Тольятти, ул. 40 лет Победы, д. 90;66,3;Оперативное управление
1641;П1300000010367;63:09:0301106:1435;Нежилое помещение;Нежилое помещение: на 1 этаже № 26, 27, 28-38;Самарская область, Центральный район, г. Тольятти, ул. Ленинградская, д. 27;137,1;Оперативное управление
1642;П1300000010215;63:09:0202054:1903;Нежилое помещение;"Нежилое помещение: на - 1 этаже № 1-3, 7-10, 13-30, 32; на + 1 этаже № 7а, 7б, 1-23, 36-39, 41-63, 66, 69";Самарская область, Комсомольский район, г. Тольятти, ул. Носова, д. 21;1603,5;Оперативное управление
1643;П1300000011153;63:09:0301138:3722;Нежилое помещение;"Нежилое помещение: на - 1 этаже  № 13-16; + 1 этаже № 1-8, 7а, 8а, 34";Самарская область, Центральный район, г. Тольятти, ул. Лесная, д. 46;320,9;Оперативное управление
1644;П1300000011539;63:09:0301155:967;Нежилое помещение;2 этаж, поз.  № 1, 21, 22, 23, 24, 25, 26, 27, 28, 43, 44, 45, 46, 47, 48, 49, 49а, 50, 51, 52, 53, 54, 55;Самарская область, Центральный район, г. Тольятти, ул. Карбышева, д. 17, помещение Б/Н (1001);482,2;Оперативное управление
1645;П1300000010861;63:09:0101157:12216;Нежилое помещение;Нежилое помещение: 1 этаж, поз. № 90-94;Самарская область, Автозаводский район, г. Тольятти, ул. Тополиная, д. 23;33,1;Оперативное управление
1646;П1300000008820;63:09:0301139:3752;Нежилое помещение;Нежилое помещение: 1 этаж, поз. №№ 26, 26а, 27-31, 31а, 32, 33-41;Самарская область, Центральный район, г. Тольятти, ул. Октябрьская, д. 1, пом.Б/Н (1002);274,6;Оперативное управление
1647;П1300000009789;63:09:0301164:3603;Нежилое помещение;Нежилое помещение: 1 этаж, поз. №№ 1, 4-7, 21а, 21-24;Самарская область, Центральный район, г. Тольятти, ул. Ушакова, д. 40, стр. А;279;Оперативное управление
1648;П1300000011526;63:09:0301144:739;Нежилое помещение;Нежилое помещение: 1 этаж, поз. №№ 1, 1а, 1б, 2, 3-25, 25а, 26, 27-40;Самарская область, Центральный район, г. Тольятти, ул. Карла Маркса, д. 30;505,4;Оперативное управление
1649;П1300000009939;63:09:0101165:9176;Нежилое помещение;Нежилое помещение: 2 этаж, поз. №№ 83-89, 91-99, 110;Самарская область, Автозаводский район, г. Тольятти, ул. Юбилейная, д. 25;210,5;Оперативное управление
1650;П1300000010347;63:09:0101150:898;Нежилое помещение;Нежилое помещение: на + 1 этаже № 1, 2, 3, 4, 5, 6, 7;Самарская область, Автозаводский район, г. Тольятти, б-р Гая, д. 18;61,5;Оперативное управление
1651;П1300000009536;63:09:0101160:541;Нежилое помещение;Нежилое помещение: 2 этаж, поз. № 505, 506, 507, 508, 509;Самарская область, Автозаводский район, г. Тольятти, ул. Революционная, д. 3, корп. 3;190,6;Оперативное управление
1652;П1300000010345;63:09:0101150:10420;Нежилое помещение;Нежилое помещение: 1 этаж, поз. №  13-17, 17а, 19, 20, 21, 21а, 22-25;Самарская область, Автозаводский район, г. Тольятти, б-р Гая, д. 18, пом. Б/Н (1003);111;Оперативное управление
1653;П1300000011145;63:09:0301111:1051;Нежилое помещение;Нежилое помещение: 1 этаж, поз. №№ 23, 24, 25, 26, 27, 28, 29, 30, 31, 32, 33, 33а, 34, 34а, 35, 35а, 36;Самарская область, Центральный район, г. Тольятти, ул. Жилина, д. 44;337,9;Оперативное управление
1654;П1300000009878;63:09:0101161:1705;Нежилое помещение;Нежилое помещение: 1 этаж, поз. №№ 1-17, 17а, 17б, 18;Самарская область, Автозаводский район, г. Тольятти, б-р Курчатова, д. 10;326,3;Оперативное управление
1655;П1300000010727;63:09:0301140:3469;Нежилое помещение;Нежилое помещение: 1 этаж, поз.№ 1,1а,2,2а,11,14,15,15а;Самарская область, Центральный район, г. Тольятти, ул. Победы, д. 20, помещение НП 1;72,5;Оперативное управление
1656;П1300000013079;63:09:0201060:15979;Нежилое помещение;Нежилое помещение, 1 этаж, поз. №№ 38, 40, 40а, 42, 43, 44, 45, 46, 47, 48, 48а, 49, 49а, 50, 51, 52, 53, 54, 55, 56, 57, 57а, 57б;Самарская область, Комсомольский район, г. Тольятти, ул. Макарова, д. 14, комн. 1010;290,9;Оперативное управление
1657;П1300000011134;63:09:0201057:3995;Нежилое помещение;Нежилое помещение: 1 этаж, поз. №№ 89, 90, 91, 92, 92а, 93, 94, 94а;Самарская область, Комсомольский район, г. Тольятти, ул. Лизы Чайкиной, д. 43А;184,4;Оперативное управление
1658;П1300000014381;63:09:0302051:5315;Нежилое помещение;"Нежилое помещение: 1 этаж, поз. №№ 63, 64, 75, 76; 2 этаж, поз. №№ 45, 46";Самарская область, Центральный район, г. Тольятти, ул. Комсомольская, д. 88, комн. 1005;62;Оперативное управление
1659;П1300000010089;63:09:0101163:9303;Нежилое помещение;"- 1 этаж, поз. № 4-10;  1 этаж, поз. № 1-44, 6а, 13а;  2 этаж, поз. № 1-34, 9а, 10а, 23а, 31а;  3 этаж, поз. № 1-31, 8а, 10а, 17а, 14а, 40";Самарская область, Автозаводский район, г. Тольятти, ул. Свердлова, д. 51;3066,5;Оперативное управление
1660;П1300000010197;63:09:0201059:13981;Нежилое помещение;Нежилое помещение: - 1 этаж, поз. № 52;Самарская область, Комсомольский район, г. Тольятти, ул. Матросова, д. 56;23,1;Оперативное управление
1661;П1300000010080;63:09:0101159:10010;Нежилое помещение;2 этаж, комнаты №№ 23, 23а, 26;Самарская область, Автозаводский район, г. Тольятти, б-р Кулибина, д. 15;66,7;Оперативное управление
1662;П1300000012961;63:09:0201059:14001;Нежилое помещение;Нежилое помещение НП1: 1 этаж, поз. №№ 14,  15;Самарская область, Комсомольский район, г. Тольятти, ул. Мурысева, д. 90, НП 1;28,8;Оперативное управление
1663;П1300000014522;63:09:0302051:5511;Нежилое помещение;Нежилое помещение;Самарская область, Центральный район, г. Тольятти, ул. Индустриальная, д. 2А;4723,7;Оперативное управление
1664;П1300000010296;63:09:0301111:3905;Нежилое помещение;"Нежилое помещение: - 1 этаж, поз.  № 1-7, 7а, 7б, 8-12, 15, 16;  1 этаж, поз.  № 1-15, 15а, 16-19";Самарская область, Центральный район, г. Тольятти, ул. Баныкина, д. 14;798,5;Оперативное управление
1665;П1300000011535;63:09:0301111:4144;Нежилое помещение;"Нежилое помещение: - 1 этаж, поз. № 54-63, 63а, 64, 64а, 68-79, 82-88, 94, 96, 98; 1 этаж, поз. № 95, 97-146, 150, 151, 155";Самарская область, Центральный район, г. Тольятти, б-р Ленина, д. 10;2591,8;Оперативное управление
1666;П1300000010464;63:09:0101167:5095;Нежилое помещение;Нежилое помещение: 1 этаж, поз. № 1-7;Самарская область, Автозаводский район, г. Тольятти, ул. 40 лет Победы, д. 114;58;Оперативное управление
1667;П1300000010626;63:09:0101161:1776;Нежилое помещение;Нежилое помещение: 2 этаж № 57;Самарская область, Автозаводский район, г. Тольятти, б-р Курчатова, д. 2;143;Оперативное управление
1668;П1300000012962;63:09:0101153:14659;Нежилое помещение;Нежилое помещение: 2 этаж, поз. №  20;Самарская область, Автозаводский район, г. Тольятти, б-р Цветной, д. 15;48,6;Оперативное управление
1669;П1300000010606;63:09:0201060:2468;Нежилое помещение;"1 этаж, поз.  № 25, 26, 34, 34а, 34б, 35, 55;  2 этаж, поз.   № 1, 18-22, 24-35, 38, 38а, 38б, 39, 39а, 40, 40а, 40б, 41";Самарская область, Комсомольский район, г. Тольятти, ул. Гидротехническая, д. 37;783,2;Оперативное управление
1670;П1300000010899;63:09:0301173:1826;Нежилое помещение;Нежилое помещение: 1 этаж, поз. №№ 10, 11, 12, 13, 14, 15, 16, 17, 21, 22, 23;Самарская область, Центральный район, г. Тольятти, ул. Горького, д. 42;252,2;Оперативное управление
1671;П1300000013692;63:09:0101169:7355;Нежилое помещение;Нежилое помещение, 1 этаж, поз. №№ 69-80;Самарская область, Автозаводский район, г. Тольятти, пр-кт Степана Разина, д. 53, н1;141,6;Оперативное управление
1672;П1300000012054;63:09:0101150:12883;Нежилое помещение;1 этаж, поз. № 9а, 10а;Самарская область, Автозаводский район, г. Тольятти, ул. Свердлова, д. 10;13,2;Оперативное управление
1673;П1300000013643;63:09:0101153:15074;Нежилое помещение;Нежилое помещение, 2 этаж, поз. № 22;Самарская область, Автозаводский район, г. Тольятти, б-р Цветной, д. 15, комн. 1004;16,1;Оперативное управление
1674;П1300000012109;63:09:0301157:3127;Нежилое помещение;Нежилое помещение: 1 этаж, поз. № 89;Самарская область, Центральный район, г. Тольятти, б-р Молодежный, д. 37;12,6;Оперативное управление
1675;П1300000010440;63:09:0101169:6438;Нежилое помещение;Нежилое помещение: 1 этаж, поз. №№ 14-26;Самарская область, Автозаводский район, г. Тольятти, ул. Маршала Жукова, д. 32, Б/Н (1002);99,6;Оперативное управление
1676;П1300000009678;63:09:0101160:624;Нежилое помещение;Нежилое помещение: 1 этаж, поз. № 53, 54, 55, 56, 57, 58, 60, 61, 62, 63, 65, 66, 67, 68, 69, 70, 71, 72;Самарская область, Автозаводский район, г. Тольятти, ул. Юбилейная, д. 2, пом. Б/Н (164);301,4;Оперативное управление
1677;П1300000009785;63:09:0202054:749;Нежилое помещение;Нежилое помещение: 1 этаж, поз. №№ 81а, 81б, 82, 82а, 83, 83а, 83б;Самарская область, Комсомольский район, г. Тольятти, ул. Никонова, д. 22;50,2;Оперативное управление
1678;П1300000010879;63:09:0301151:1058;Нежилое помещение;Нежилое помещение 1004:1 этаж, поз.  № 27, 54, 58, 59;Самарская область, Центральный район, г. Тольятти, ул. Победы, д. 52, пом. Б/Н (1004);49,4;Оперативное управление
1679;П1300000009583;63:09:0201057:15984;Нежилое помещение;Нежилое помещение: Детский спортивно-оздоровительный центр, на + 1 эт. № 1-16, 6а, 4а;Самарская область, Комсомольский район, г. Тольятти, ул. Лизы Чайкиной, д. 35;334,1;Оперативное управление
1680;П1300000011282;63:09:0101176:9732;Нежилое помещение;"- 1 этаж, поз. № 1-7, 14, 14а, 15, 35, 36; 1 этаж, поз. № 1, 1а, 1в, 3, 3а, 3б, 4, 4а, 4б, 5, 6, 6а, 6б, 6в, 6г, 8, 8а, 8б, 8в, 9, 9а, 9б, 10, 10а, 10б, 10в, 14а, 14б, 14в, 14г, 14д, 16, 17, 67; 2 этаж, поз. № 1, 2, 2а, 2б, 3, 5, 5а, 5б, 6, 6а, 7, 7а, 7б";Самарская область, Автозаводский район, г. Тольятти, б-р Королева, д. 13;2684,5;Оперативное управление
1681;П1300000011167;63:09:0301149:1574;Нежилое помещение;"Нежилое помещение: -1 этаж, поз. № 1-13, 15, 16, 19, 20, 21, 22, 25-35;  1 этаж, поз. № 1-18, 18а, 19, 30, 31, 32, 32а, 33-41, 41а, 42, 42а";Самарская область, Центральный район, г. Тольятти, ул. Карла Маркса, д. 44;963,4;Оперативное управление
1682;П1300000009882;63:09:0101161:1848;Нежилое помещение;Нежилое помещение: 1 этаж, поз. №№ 1-15;Самарская область, Автозаводский район, г. Тольятти, б-р Курчатова, д. 3;326,7;Оперативное управление
1683;П1300000010864;63:09:0101157:12209;Нежилое помещение;Нежилое помещение: 1 этаж, поз. № 95-99;Самарская область, Автозаводский район, г. Тольятти, ул. Тополиная, д. 23;33,7;Оперативное управление
1684;П1300000009913;63:09:0101170:10462;Нежилое помещение;Нежилое помещение: 1 этаж, поз. №№ 1-4, 6, 7, 9-13, 3а, 3в;Самарская область, Автозаводский район, г. Тольятти, ул. Юбилейная, д. 49;100,7;Оперативное управление
1685;П1300000009707;63:09:0101173:560;Нежилое помещение;"на - 1 этаже № 1-23; на 1 этаже № 1-24";Самарская область, Автозаводский район, г. Тольятти, ул. Юбилейная, д. 8;2351,8;Оперативное управление
1686;П1300000013459;63:09:0301174:5001;Нежилое помещение;Нежилое помещение: 1 этаж, поз. № 20, 22, 24, 26, 44, 45, 46, 47, 48;Самарская область, Центральный район, г. Тольятти, ул. Октябрьская, д. 59;109,7;Оперативное управление
1687;П1300000010177;63:09:0201059:2567;Нежилое помещение;Нежилое помещение: 1 этаж, поз. №№ 1, 2, 3, 4, 5, 6, 7, 8, 9, 10, 11, 12, 13, 14, 15, 16, 17, 18;Самарская область, Комсомольский район, г. Тольятти, ул. Ярославская, д. 27;332,2;Оперативное управление
1688;П1300000009705;63:09:0101161:1775;Нежилое помещение;"Нежилое помещение: - 1 этаж № 34а, 34б, 34в, 35а, 35б, 35-38, 40-47, 49-60, 56а; 1 этаж № 29-54, 56-86, 49а, 63а, 72а, 80а, 80б, 85а, 86а, 86б, 91-98; 2 этаж № 49-53, 55, 56, 59, 61, 62, 65а, 66-105, 67а, 73а, 74а, 89а, 90а, 105а, 109-111; 3 этаж № 52-91, 68а";Самарская область, Автозаводский район, г. Тольятти, б-р Курчатова, д. 2;6534,7;Оперативное управление
1689;П1300000010231;63:09:0301146:1261;Нежилое помещение;Нежилое помещение: 1 этаж, поз. №№ 17-51;Самарская область, Центральный район, г. Тольятти, ул. Карла Маркса, д. 27, стр. А;606,9;Оперативное управление
1690;П1300000010479;63:09:0201057:14880;Нежилое помещение;Нежилое помещение: 2 эт. №№1-6,6А,7-10,10А,11-17,17А,18,19;Самарская область, Комсомольский район, г. Тольятти, ул. Механизаторов, д. 20, стр. А;498,3;Оперативное управление
1691;П1300000010437;63:09:0101150:1291;Нежилое помещение;Нежилое помещение: на + 1 этаже № 7, 8, 9, 10, 11, 12, 13, 14, 15, 16, 17, 18, 19, 20, 21, 22, 23, 24;Самарская область, Автозаводский район, г. Тольятти, б-р Гая, д. 9;177,4;Оперативное управление
1692;П1300000013845;63:09:0301139:4732;Нежилое помещение;Нежилое помещение 1006: 1 этаж, поз. № 44;Самарская область, Центральный район, г. Тольятти, ул. Октябрьская, д. 1, помещение 1006;18;Оперативное управление
1693;П1300000009689;63:09:0101160:847;Нежилое помещение;"Нежилое помещение: 1 этаж, поз. № 23-32, 32а, 33-48, 48а, 49-54, 54а, 55-63; 2 этаж, поз. № 15-42";Самарская область, Автозаводский район, г. Тольятти, ул. Юбилейная, д. 4;1139,8;Оперативное управление
1694;П1300000011031;63:09:0301139:1608;Нежилое помещение;Нежилое помещение Б/Н (1010): 1 этаж, поз. №№ 55, 56, 57, 58, 59;Самарская область, Центральный район, г. Тольятти, ул. Победы, д. 5, пом. Б/Н (1010);148,4;Оперативное управление
1695;П1300000014158;63:09:0101162:10604;Нежилое помещение;"Дворец детского и юношеского творчества,  - 1 этаж, поз. № 1-4, 7-22, 24-77;  1 этаж, поз. № 1-134, 63а;  2 этаж, поз. № 1а, 12а, 60а, 1-68, 70-83;  3 этаж, поз. № 1-72, 7а, 10а, 13а, 21а, 22а, 23а, 52а, 54а, 56а;  4 этаж, поз. № 1-3, 4-8;  5 этаж, поз. № 1-8;  6 этаж, поз. № 1;  7 этаж, поз. № 1;   8 этаж, поз. № 1,2; + 9 эт. № 1";Самарская область, Автозаводский район, г. Тольятти, пр-кт Степана Разина, д. 99;14511,2;Оперативное управление
1696;П1300000010857;63:09:0201062:2106;Нежилое помещение;Нежилое помещение: 1 этаж, поз. №№ 18, 19, 20, 21, 22, 23, 24, 25;Самарская область, Комсомольский район, г. Тольятти, проезд Майский, д. 66;43,3;Оперативное управление
1697;П1300000012827;63:09:0301100:1554;Нежилое помещение;Нежилое помещение: - 1 этаж, поз. № 8;Самарская область, Центральный район, г. Тольятти, ул. Ленинградская, д. 46;43,9;Оперативное управление
1698;П1300000010620;63:09:0201057:14502;Нежилое помещение;Нежилое помещение: 2 этаж, поз. № 29, 31, 33, 37, 38;Самарская область, Комсомольский район, г. Тольятти, ул. Лизы Чайкиной, д. 43, стр. А;125,6;Оперативное управление
1699;П1300000009887;63:09:0101165:9216;Нежилое помещение;Нежилое помещение: на + 1 этаже № 1, 2, 3-18;Самарская область, Автозаводский район, г. Тольятти, б-р Орджоникидзе, д. 6;327,8;Оперативное управление
1700;П1300000008887;63:09:0301155:4281;Нежилое помещение;"Детский сад, нежилое помещение: - 1 этаж, поз. № 1-17;  1 этаж, поз. № 25-28, 42-80, 82-90, 93, 94;  2 этаж, поз. № 47-71, 74, 75";Самарская область, Центральный район, г. Тольятти, ул. Мира, д. 105;2725,6;Оперативное управление
1701;П1300000012056;63:09:0101150:10568;Нежилое помещение;-1 Цокольный этаж, поз. № 1, 2, 2а, 6, 9, 9а, 10, 11, 11а, 13, 14, 29, 31, 1 этаж, поз.№ 1, 2 этаж, поз.№ 1, 2, 3, 4, 5, 6, 7, 8, 9, 10, 11, 12, 13, 14, 16, 17, 18, 19а, 20, 20а, 21, 22, 24, 25, 26, 27, 28, 29, 30, 31,  32, 33, 34, 36, 37;Самарская область, Автозаводский район, г. Тольятти, ул. Свердлова, д. 10;834,3;Оперативное управление
1702;П1300000009897;63:09:0101170:10419;Нежилое помещение;Нежилое помещение: 1 этаж, поз. №№ 30, 31, 32, 33, 34, 35, 36, 37, 38;Самарская область, Автозаводский район, г. Тольятти, б-р Буденного, д. 3;108,7;Оперативное управление
1703;П1300000011536;63:09:0301111:1157;Нежилое помещение;"Нежилое помещение: - 1 этаж  № 81, 82, 83, 84, 85, 86, 87, 87а, 88, 89, 89а, 90, 91, 92, 93, 94, 95; 1 этаж № 1, 3, 3а, 4, 5, 6, 7, 8, 9, 10, 11, 12, 13, 14, 14а, 15, 16, 17, 18, 19, 20, 21, 23, 24, 25, 26, 27, 28, 29, 30, 159, 164";Самарская область, Центральный район, г. Тольятти, б-р Ленина, д. 22;856,5;Оперативное управление
1704;П1300000011122;63:09:0301153:2243;Нежилое помещение;Нежилое помещение: шахматный клуб, на + 1 эт. № 16а, 17а, 19а, 19б, 19в, 20а, 20б, 28а, 16-21, 28-33;Самарская область, Центральный район, г. Тольятти, ул. Мира, д. 158, к к16,16а,17,17а,18,19,19а,19б,19в,20,20а,20б,21,21,28а,29,30,31,32,33;391,5;Оперативное управление
1705;П1300000010173;63:09:0201060:15933;Нежилое помещение;Нежилое помещение: на 1 эт. №№ 1,1А,2,2А,3-8,8А,9,9А,10,10А,11-19,19А,20,20А,21,21А,22-26;Самарская область, Комсомольский район, г. Тольятти, ул. Железнодорожная, д. 17;201,6;Оперативное управление
1706;П1300000011079;63:09:0101151:5902;Нежилое помещение;3 этаж, поз. № 23;Самарская область, Автозаводский район, г. Тольятти, ул. Автостроителей, д. 57;110,1;Оперативное управление
1707;П1300000011969;63:09:0301159:1986;Нежилое помещение;Нежилое помещение, 2 этаж, поз. №  2, 5, 13;Самарская область, Центральный район, г. Тольятти, ул. Карла Маркса, д. 43, комн. 2003;32,3;Оперативное управление
1708;П1300000010898;63:09:0301173:1825;Нежилое помещение;Нежилое помещение: 1 этаж, поз. №№ 1-9, 18, 19;Самарская область, Центральный район, г. Тольятти, ул. Горького, д. 42, пом. Б/Н (1002);251,4;Оперативное управление
1709;П1300000009886;63:09:0101165:9213;Нежилое помещение;Нежилое помещение на + 1 этаже № 1, 2, 2а, 3, 4, 5, 6, 7, 8, 9, 9а, 10-18;Самарская область, Автозаводский район, г. Тольятти, б-р Орджоникидзе, д. 13;351,8;Оперативное управление
1710;П1300000008897;63:09:0201057:15481;Нежилое помещение;"Лицей № 6, на - 1 эт. № 13-21; + 1 эт. № 45-115; + 2 эт. № 29-80; + 3 эт. №  1-38";Самарская область, Комсомольский район, г. Тольятти, ул. Мурысева, д. 61, помещ. 1;7833,4;Оперативное управление
1711;П1300000011564;63:09:0101162:11040;Нежилое помещение;Нежилое помещение: на + 1 эт. № 20-26;Самарская область, Автозаводский район, г. Тольятти, б-р Луначарского, д. 7;63,8;Оперативное управление
1712;П1300000009932;63:09:0101176:2083;Нежилое помещение;2 этаж, поз.   № 44, 45, 45а, 46, 47, 48, 50, 51, 52;Самарская область, Автозаводский район, г. Тольятти, ул. Революционная, д. 72;152,5;Оперативное управление
1713;П1300000011562;63:09:0101162:1622;Нежилое помещение;Нежилое помещение 1 этаж, поз. №№1-5, 5а, 5б, 6, 6а, 7, 7а;Самарская область, Автозаводский район, г. Тольятти, б-р Луначарского, д. 3;60;Оперативное управление
1714;П1300000011102;63:09:0101167:790;Нежилое помещение;"Нежилое помещение: - 1 этаж, поз.  № 1-9, 9а, 11, 11а, 12, 13, 13а, 14-17;  1 этаж, поз.   № 2а, 3а, 4а, 5а, 6а, 7а, 8а";Самарская область, Автозаводский район, г. Тольятти, ул. Свердлова, д. 3;354,7;Оперативное управление
1715;П1300000013457;63:09:0301174:5000;Нежилое помещение;Нежилое помещение: 1 этаж, поз. №№ 23, 27, 28, 29, 30;Самарская область, Центральный район, г. Тольятти, ул. Октябрьская, д. 59;45,1;Оперативное управление
1716;П1300000014423;63:09:0101170:10821;Нежилое помещение;Цокольный этаж № -1, Этаж № 1;Самарская область, Автозаводский район, г. Тольятти, б-р Буденного, д. 20;544,3;Оперативное управление
1717;П1300000008884;63:09:0301163:564;Нежилое помещение;Нежилое помещение: на - 1 этаже № 16-25;Самарская область, Центральный район, г. Тольятти, ул. Карла Маркса, д. 82;142,2;Оперативное управление
1718;П1300000010241;63:09:0301159:1791;Нежилое помещение;"Нежилое помещение: - 1 этаж, поз. № 6, 7, 8; 1 этаж, поз. № 1, 5, 6, 9-17, 17а, 17б, 17в, 19, 21, 23-25, 27, 27а, 27б, 27в, 27г, 29, 36";Самарская область, Центральный район, г. Тольятти, ул. Мира, д. 84, комн. 1002;581,8;Оперативное управление
1719;П1300000013775;63:09:0201059:14030;Нежилое помещение;Нежилое помещение 1009:на -1 этаже поз. №№ 26, 26а, на 1 этаже поз. №№ 34, 35, 36, 37, 40, 41, 42, 43, 44, 45, 46, 47, 48, 49, 50, 51, 52, 53;Самарская область, Комсомольский район, г. Тольятти, ул. Ярославская, д. 35, Нежилое помещение 1009;215;Оперативное управление
1720;П1300000012772;63:09:0201059:12923;Нежилое помещение;"1 этаж, поз. № 26, 28-40, 42а, 43а, 44, 45; 2 этаж, поз. № 1-5, 5а, 6, 6а, 7-9, 9а, 10-24, 26, 28, 29а, 30а, 50-55";Самарская область, Комсомольский район, г. Тольятти, ул. Громовой, д. 30, стр. А;788,4;Оперативное управление
1721;П1300000013641;63:09:0101153:15072;Нежилое помещение;Нежилое помещение, 2 этаж, поз. №  21;Самарская область, Автозаводский район, г. Тольятти, б-р Цветной, д. 15, комн. 1005;15,3;Оперативное управление
1722;П1300000009525;63:09:0101170:10418;Нежилое помещение;1 этаж, поз. № 11-23, 29-35;Самарская область, Автозаводский район, г. Тольятти, б-р Буденного, д. 20;319,9;Оперативное управление
1723;П1300000010463;63:09:0101167:5096;Нежилое помещение;Нежилое помещение: 1 этаж, поз. № 8, 9, 9а, 10, 11, 12;Самарская область, Автозаводский район, г. Тольятти, ул. 40 лет Победы, д. 114;41,8;Оперативное управление
1724;П1300000010164;63:09:0301104:1420;Нежилое помещение;Нежилое помещение: 1 этаж, поз. № 24, 25, 27-32;Самарская область, Центральный район, г. Тольятти, ул. Ленинградская, д. 19;62,6;Оперативное управление
1725;П1300000012518;63:09:0101169:7301;Нежилое помещение;Нежилое помещение: 1 этаж, поз. № 8, 9, 10, 11, 12, 13;Самарская область, Автозаводский район, г. Тольятти, ул. Маршала Жукова, д. 30;41,1;Оперативное управление
1726;П1010000083787;63:09:0301163:894;Нежилое помещение;Нежилое помещение;Самарская область, Центральный район, г. Тольятти, пл. Центральная, д. 6;126,6;Оперативное управление
1727;П1300000010174;63:09:0201060:2036;Нежилое помещение;Нежилое помещение: 1 этаж, поз. №№ 9-22;Самарская область, Комсомольский район, г. Тольятти, ул. Железнодорожная, д. 21, пом. Б/Н (1002);86,5;Оперативное управление
1728;П1300000014435;63:09:0301083:3038;Нежилое помещение;Нежилое помещение 1000;Самарская область, Центральный район, г. Тольятти, ул. Советская, д. 51А;1123,1;Оперативное управление
1729;П1300000008811;63:09:0101175:3258;Нежилое помещение; Нежилое помещение НП 1, 1 этаж. поз.  № 48, 51, 52;Самарская область, Автозаводский район, г. Тольятти, пр-кт Московский, д. 39;57,9;Оперативное управление
1730;П1300000010624;63:09:0201060:2169;Нежилое помещение;2 этаж, поз. № 5, 7, 9, 10, 11, 22, 22а, 23;Самарская область, Комсомольский район, г. Тольятти, ул. Железнодорожная, д. 45;184,4;Оперативное управление
1731;П1300000010875;63:09:0301139:1488;Нежилое помещение;"Нежилое помещение: - 1 этаж, поз. № 16, 17, 18;  1 этаж, поз. № 16, 17, 18, 19-26, 26а, 27-33";Самарская область, Центральный район, г. Тольятти, б-р 50 лет Октября, д. 55;506,4;Оперативное управление
1732;П1300000014298;63:09:0301153:2497;Нежилое помещение;Нежилое помещение: 1 этаж, поз. №№ 1, 2, 3, 4, 5;Самарская область, Центральный район, г. Тольятти, ул. Мира, д. 166, комн. 1006;133,9;Оперативное управление
1733;П1300000009892;63:09:0101176:2049;Нежилое помещение;Нежилое помещение: 1 этаж, поз. №№ 14, 15, 16, 17, 18, 19, 20, 21, 22, 23, 24, 25, 26;Самарская область, Автозаводский район, г. Тольятти, ул. Революционная, д. 78;99,2;Оперативное управление
1734;П1300000011537;63:09:0301111:3903;Нежилое помещение;"Нежилое помещение: Краеведческий музей, на - 1 эт. № 1-12, 9а, 16-26, 23а,  30-41, 38а, 44-57, 56а, 59, 62-74, 72а, 78, 79, 80; на + 1 эт. № 31-134, 135, 139, 144, 149, 154";Самарская область, Центральный район, г. Тольятти, б-р Ленина, д. 22;4185,5;Оперативное управление
1735;П1300000009609;63:09:0301152:1411;Нежилое помещение;"Нежилое помещение: - 1 этаж, поз. № 16, 17, 19; 1 этаж, поз. № 20-33";Самарская область, Центральный район, г. Тольятти, ул. Голосова, д. 20, б/н 1002;492,3;Оперативное управление
1736;П1300000009480;63:09:0101152:2692;Нежилое помещение;Нежилое помещение 1002: 1 этаж  № 51, 52, 53, 54, 55, 56, 57, 58;Самарская область, Автозаводский район, г. Тольятти, ул. Автостроителей, д. 56, стр. А, пом. Б/Н (1002);101,9;Оперативное управление
1737;П1300000010625;63:09:0101161:1777;Нежилое помещение;"Нежилое помещение: - 1 этаж № 4-34, 12а, 61, 62; 1 этаж № 1-28, 14а, 17а, 21а, 24а, 87-90, 99; 2 этаж № 1-48, 7а, 47а, 54, 58, 59а, 60, 63, 63а, 64, 65, 66а, 106-108; 3 этаж № 1-51, 43а, 92, 93";Самарская область, Автозаводский район, г. Тольятти, б-р Курчатова, д. 2;4974,1;Оперативное управление
1738;П1300000011147;63:09:0301111:1050;Нежилое помещение;"Нежилое помещение: - 1 этаж, поз. № 30-47, 52, 56;  1 этаж, поз.  № 37-63";Самарская область, Центральный район, г. Тольятти, ул. Жилина, д. 44;1150,9;Оперативное управление
1739;П1300000010419;63:09:0301154:4941;Нежилое помещение;Нежилое помещение: 2 этаж, поз. № 26а;Самарская область, Центральный район, г. Тольятти, ул. Баныкина, д. 66;20,8;Оперативное управление
1740;П1300000011965;63:09:0301159:1979;Нежилое помещение;Нежилое помещение: 2 этаж поз.№  1, 3, 4;Самарская область, Центральный район, г. Тольятти, ул. Карла Маркса, д. 43;51,6;Оперативное управление
1741;П1300000010852;63:09:0201060:1795;Нежилое помещение;Нежилое помещение: на + 1 этаже № 23, 24, 25, 26, 27, 28, 29, 29а, 39;Самарская область, Комсомольский район, г. Тольятти, ул. Макарова, д. 14, пом. Б/Н;172,8;Оперативное управление
1742;П1300000011284;63:09:0101176:9734;Нежилое помещение;"подземный этаж № 1 поз. № 12, 13, 16; 1 этаж, поз. № 11, 12, 15, 32, 33, 34, 35, 36, 37, 38, 39а, 39б, 40, 41, 42, 43, 44, 45, 46, 47, 48, 57, 59, 60, 60а, 63, 64, 69, 71, 72, 73а, 73б, 73в, 74а, 75, 76, 77, 81а, 81б, 81в, 81г, 81д, 81е, 81ж, 81з, 85б; 2 этаж, поз. № 41а, 41б, 47а, 47б, 48а, 48б, 49, 52, 53, 76а, 76б";Самарская область, Автозаводский район, г. Тольятти, б-р Королева, д. 13;2360,4;Оперативное управление
1743;П1300000011490;63:09:0201059:2329;Нежилое помещение;Нежилое помещение: 1 этаж, поз. №№ 38, 39;Самарская область, Комсомольский район, г. Тольятти, ул. Ярославская, д. 35;25,6;Оперативное управление
1744;П1010000079240;63:09:0301136:1615;Нежилое помещение;Нежилое помещение: 1 этаж, поз. №№ 48-61;Самарская область, Центральный район, г. Тольятти, ул. Ленина, д. 44, нежилое помещение 1002;132,5;Оперативное управление
1745;П1300000011277;63:09:0101152:2813;Нежилое помещение;Нежилое помещение: 1 этаж, поз.  № 43, 44, 45, 46, 47, 48, 49, 50, 51;Самарская область, Автозаводский район, г. Тольятти, ул. Автостроителей, д. 40, стр. А;94;Оперативное управление
1746;П1300000013455;63:09:0301174:4999;Нежилое помещение;Нежилое помещение: 1 этаж, поз. №№ 16, 17, 18, 19, 21, 25, 31, 32, 33, 34, 35, 36, 37, 38, 39, 40, 41, 42, 43, 49, 50;Самарская область, Центральный район, г. Тольятти, ул. Октябрьская, д. 59;249,4;Оперативное управление
1747;П1300000012800;63:09:0101164:2000;Нежилое помещение;Нежилое помещение (1 этаж, поз. № 1, 2,3, 4, 5,  6-12, 13, 14, 15-39, 219, 220, 222);Самарская область, Автозаводский район, г. Тольятти, ул. Революционная, д. 11, корп. 1;625,9;Оперативное управление
1748;П1300000011106;63:09:0101151:1398;Нежилое помещение;Нежилое помещение: 1 этаж, поз. № 8-17, 11а, 12а;Самарская область, Автозаводский район, г. Тольятти, ул. 40 лет Победы, д. 68;83,4;Оперативное управление
1749;П1300000008956;63:09:0201057:14457;Нежилое помещение;Нежилое помещение: 1 этаж, поз. №№ 1-15;Самарская область, Комсомольский район, г. Тольятти, ул. Коммунистическая, д. 63;314;Оперативное управление
1750;П1300000010847;63:09:0201060:2298;Нежилое помещение;Нежилое помещение: 1 этаж, поз. №№ 9а, 10-16;Самарская область, Комсомольский район, г. Тольятти, ул. Макарова, д. 8;178;Оперативное управление
1751;П1300000009891;63:09:0101176:2047;Нежилое помещение;Нежилое помещение: 1 этаж, поз.  № 8, 8а, 9, 10, 11, 12, 13;Самарская область, Автозаводский район, г. Тольятти, ул. Революционная, д. 78;46;Оперативное управление
1752;П1300000009614;63:09:0301172:3573;Нежилое помещение;Нежилое помещение: на + 1 эт. № 1-12, 14-45;Самарская область, Центральный район, г. Тольятти, б-р 50 лет Октября, д. 22;648,7;Оперативное управление
1753;П1300000012829;63:09:0101169:7298;Нежилое помещение;Нежилое помещение: 1 этаж, поз. № 34;Самарская область, Автозаводский район, г. Тольятти, ул. Фрунзе, д. 5;12,2;Оперативное управление
1754;П1300000010095;63:09:0101163:8874;Нежилое помещение; Гараж: -1 этаж, поз. №№  225;Самарская область, Автозаводский район, г. Тольятти, ул. Свердлова, д. 51, пом. 225;209,3;Оперативное управление
1755;П1300000010035;63:09:0301153:2244;Нежилое помещение;Нежилое помещение: на + 1 этаже № 17, 18, 19, 20, 21, 22, 23;Самарская область, Центральный район, г. Тольятти, ул. Карбышева, д. 6, б/н;31,8;Оперативное управление
1756;П1300000011110;63:09:0101151:1388;Нежилое помещение;Нежилое помещение: на + 1 этаже № 1-17;Самарская область, Автозаводский район, г. Тольятти, ул. 40 лет Победы, д. 70;138,6;Оперативное управление
1757;П1300000011499;63:09:0201059:1672;Нежилое помещение;"Нежилое помещение: - 1 этаж, поз.  № 4, 5;  1 этаж, поз.  № 6а, 7, 8, 9, 11, 16, 21, 22, 23;  2 этаж, поз.  № 7, 8, 9, 9а, 10, 11, 12";Самарская область, Комсомольский район, г. Тольятти, ул. Лизы Чайкиной, д. 71, стр. А;726,1;Оперативное управление
1758;П1300000012570;63:09:0101176:9733;Нежилое помещение;"1 этаж, поз. 14, 14а, 14б, 80; 2 этаж, поз. № 16, 17, 18, 18а, 18б, 19, 19а, 20, 20а, 20б, 20в, 21, 22, 22а, 23, 23а, 23б, 24, 24а, 25-33, 33б, 34, 34а, 34б, 34в, 35, 35а, 36, 36а, 36б, 37, 37а, 37б, 38, 38а, 50; 3 этаж, поз. № 13, 13а, 14, 14а, 15, 16, 17, 17а, 18, 18а, 18б, 18в, 19, 19а, 20, 20а, 21, 21а, 22-30, 30а, 31, 32, 32а, 32б, 32в, 33, 33а,  33б, 34, 34а, 34б, 35, 35а, 36, 36а, 36б, 38, 50, 52, 53";Самарская область, Автозаводский район, г. Тольятти, б-р Королева, д. 13;2308,8;Оперативное управление
1759;П1300000011498;63:09:0201059:1666;Нежилое помещение;Нежилое помещение: - 1 этаж  № 7, 10, 12, 12а, 13, 15, 16, 17;Самарская область, Комсомольский район, г. Тольятти, ул. Лизы Чайкиной, д. 71А;331;Оперативное управление
1760;П1300000009881;63:09:0101161:1695;Нежилое помещение;Нежилое помещение: 1 этаж поз. №№ 3а, 4, 5, 10, 11, 12, 13, 14, 15а;Самарская область, Автозаводский район, г. Тольятти, б-р Курчатова, д. 12;62;Оперативное управление
1761;П1300000010232;63:09:0301146:1263;Нежилое помещение;Нежилое помещение 1001: - 1 этаж, поз. № 1, 2, 3, 4, 27, 28;Самарская область, Центральный район, г. Тольятти, ул. Карла Маркса, д. 27, стр. А,комн. 1001;75,5;Оперативное управление
1762;П1300000010481;63:09:0301155:963;Нежилое помещение;Нежилое помещение: 2 этаж  № 1, 2, 3, 4, 5, 6, 7, 8, 9, 10, 10а, 10б, 10в, 11, 11а, 12, 13;Самарская область, Центральный район, г. Тольятти, ул. Баныкина, д. 38, пом. Б/Н (1003);217,8;Оперативное управление
1763;П1010000055865;63:09:0301115:3183;Нежилое помещение;Нежилое помещение: 1 этаж, поз. №  1-8;Самарская область, Центральный район, г. Тольятти, б-р Ленина, д. 9, кв. 40;44,4;Оперативное управление
1764;П1300000009608;63:09:0301152:1412;Нежилое помещение;Нежилое помещение: 1 этаж, поз. № 1, 2, 3, 4, 5, 6, 7, 7а, 8, 9, 10, 11, 12, 13, 14, 15, 17, 18, 19;Самарская область, Центральный район, г. Тольятти, ул. Голосова, д. 20, пом. Б/Н (1003);413,4;Оперативное управление
1765;П1300000010600;63:09:0101165:8763;Нежилое помещение;нежилое помещение, этаж № 1 ;Самарская область, Автозаводский район, г. Тольятти, б-р Орджоникидзе, д. 19;57,9;Оперативное управление
1766;П1300000010859;63:09:0201062:2108;Нежилое помещение;Нежилое помещение: 1 этаж, поз  №№  26, 27, 28, 29, 30, 31, 32, 33;Самарская область, Комсомольский район, г. Тольятти, проезд Майский, д. 66;42,9;Оперативное управление
1767;П1300000010351;63:09:0101162:1980;Нежилое помещение;Нежилое помещение: 1 этаж  № 1, 3, 3а, 4-8, 10-14, 17-24;Самарская область, Автозаводский район, г. Тольятти, пр-кт Степана Разина, д. 7;338,2;Оперативное управление
1768;П1300000010180;63:09:0201057:3440;Нежилое помещение;Нежилое помещение: на + 1 этаже № 18, 19, 20, 21, 22, 23, 24;Самарская область, Комсомольский район, г. Тольятти, ул. Лизы Чайкиной, д. 28;44,5;Оперативное управление
1769;П1300000008906;63:09:0201059:12681;Нежилое помещение;Нежилое помещение: - 1 Цокольный этаж, поз. № 6, 7, 8;Самарская область, Комсомольский район, г. Тольятти, ул. Громовой, д. 26;56,5;Оперативное управление
1770;П1300000010370;63:09:0202054:1656;Нежилое помещение;Нежилое помещение: 1 этаж, поз. № 7, 10, 11, 13, 15, 18, 19, 49;Самарская область, Комсомольский район, г. Тольятти, ул. Никонова, д. 34, пом. Б/Н (1001);118,8;Оперативное управление
1771;П1300000011139;63:09:0201057:14503;Нежилое помещение;Нежилое помещение: 2 этаж, поз. 20, 25, 26, 27, 32, 34;Самарская область, Комсомольский район, г. Тольятти, ул. Лизы Чайкиной, д. 43, стр. А;216,3;Оперативное управление
1772;П1300000011496;63:09:0201059:1582;Нежилое помещение;Нежилое помещение: 1 этаж, поз. №№ 1-14, 14а, 15-20, 20а, 21-36, 36а, 36б, 37-44;Самарская область, Комсомольский район, г. Тольятти, ул. Лизы Чайкиной, д. 69;896,1;Оперативное управление
1773;П1300000009931;63:09:0101176:9726;Нежилое помещение;2 этаж, поз. № 2, 3, 4, 4а, 4б, 4в;Самарская область, Автозаводский район, г. Тольятти, ул. Революционная, д. 72;74,9;Оперативное управление
1774;П1300000009915;63:09:0101170:10496;Нежилое помещение;Нежилое помещение н1: на 1 этаже поз. №№ 6, 7, 7а, 7б, 8, 9, 10, 11;Самарская область, Автозаводский район, г. Тольятти, ул. Юбилейная, д. 61, комн. 1;45;Оперативное управление
1775;П1300000012769;63:09:0101161:4345;Нежилое помещение;Нежилое помещение: 1 этаж поз. №11-16, 19, 21;Самарская область, Автозаводский район, г. Тольятти, б-р Курчатова, д. 6, комн. 1;64,5;Оперативное управление
1776;П1300000010629;63:09:0101151:1736;Нежилое помещение;3 этаж, поз.  № 19а;Самарская область, Автозаводский район, г. Тольятти, ул. Автостроителей, д. 57, пом. Б/Н (1009);17,7;Оперативное управление
1777;П1300000014295;63:09:0301151:5115;Нежилое помещение;Нежилое помещение;Самарская область, Центральный район, г. Тольятти, ул. Голосова, д. 65, комн. 1001;56,5;Оперативное управление
1778;П1300000010876;63:09:0301139:1487;Нежилое помещение;"Нежилое помещение: - 1 этаж, поз.  № 1, 2, 3;  1 этаж, поз.  № 1-15, 16а, 18а";Самарская область, Центральный район, г. Тольятти, б-р 50 лет Октября, д. 55;495,8;Оперативное управление
1779;П1300000010233;63:09:0301146:1260;Нежилое помещение;Нежилое помещение: 1 этаж, поз. №№ 1-16;Самарская область, Центральный район, г. Тольятти, ул. Карла Маркса, д. 27, стр. А, пом. Б/Н;146,5;Оперативное управление
1780;П1300000008806;63:09:0301157:3129;Нежилое помещение;Нежилое помещение: 1 этаж, поз. № 92;Самарская область, Центральный район, г. Тольятти, б-р Молодежный, д. 37;19,1;Оперативное управление
1781;П1300000012876;63:09:0101173:535;Нежилое помещение;"1 этаж, поз. № 71, 72, 75-78, 81, 82, 83, 83а, 84-94, 94а, 95-99, 99а, 100, 100а, 100б; 2 этаж, поз. № 65, 66, 66а; 3 этаж, поз. № 56-62, 62а, 62б, 63, 64, 64А. 99; 4 этаж, поз. № 41, 42, 43, 72, 73";Самарская область, Автозаводский район, г. Тольятти, ул. Юбилейная, д. 8;2604,1;Оперативное управление
1782;П1300000009701;63:09:0301157:3415;Нежилое помещение;"Кафе-бар ""Милана"", на 1 этаже № 1, 2, 3, 3а, 4";Самарская область, Центральный район, г. Тольятти, ул. Гагарина, д. 7А;80,8;Оперативное управление
1783;П1300000009794;63:09:0101152:10979;Нежилое помещение;Нежилое помещение: 1 этаж, поз. №№ 1-13;Самарская область, Автозаводский район, г. Тольятти, б-р Космонавтов, д. 7;100,2;Оперативное управление
1784;П1300000012771;63:09:0201059:12921;Нежилое помещение;"- 1 этаж, поз. № 13, 13а, 14, 15; 1 этаж, поз. № 42, 43, 46-58, 58а, 60-65, 65а, 66, 67; 2 этаж, поз. № 25, 27, 29-34, 34а, 35, 35а, 36-49, 56";Самарская область, Комсомольский район, г. Тольятти, ул. Громовой, д. 30, стр. А;983,1;Оперативное управление
1785;П1300000010880;63:09:0301151:1059;Нежилое помещение;"Нежилое помещение: - 1 этаж, поз.  № 1, 1а, 2, 3, 4, 4а, 5, 8, 8а, 9, 12, 13, 14, 16, 17, 17а, 18, 19, 21а, 23, 24, 25, 29, 30, 31, 32;  1 этаж, поз.  № 1, 6, 7, 17, 18, 19, 21, 23, 46, 47, 48, 55, 60";Самарская область, Центральный район, г. Тольятти, ул. Победы, д. 52, пом. Б/Н (1001);899,6;Оперативное управление
1786;П1300000011242;63:09:0301164:3691;Нежилое помещение;Нежилое помещение 1002: 1 этаж № 69, 70, 71;Самарская область, Центральный район, г. Тольятти, ул. Ушакова, д. 64, помещение 1002;211,8;Оперативное управление
1787;П1300000013935;63:09:0101161:8945;Нежилое помещение;Нежилое помещение на 1 этаже;Самарская область, Автозаводский район, г. Тольятти, б-р Курчатова, д. 2;28,5;Оперативное управление
1788;П1300000011155;63:09:0301138:3168;Нежилое помещение;Нежилое помещение: 1 этаж, поз. № 25, 29, 31, 33;Самарская область, Центральный район, г. Тольятти, ул. Лесная, д. 46;204,9;Оперативное управление
1789;П1300000013695;63:09:0301155:4273;Нежилое помещение;"Нежилое помещение На + 1 этаже комн. №№ 1-24, 29-41, 91, 92; на + 2 этаже комн. №№ 1-46, 72, 73";Самарская область, Центральный район, г. Тольятти, ул. Мира, д. 105;1113;Оперативное управление
1790;П1300000013183;63:09:0101156:9964;Нежилое помещение;"Нежилое помещение: подземный этаж № 1 поз. №№ 16, 17, 18; этаж № 1 поз. №№ 16, 16а, 17, 17а, 17б, 19, 21, 21а, 22б, 23-31, 45-54; 2 этаж поз. №№ 14-25";Самарская область, Автозаводский район, г. Тольятти, ул. Автостроителей, д. 5;773,6;Оперативное управление
1791;П1300000011151;63:09:0301166:3489;Нежилое помещение;Нежилое помещение Б/Н (1093) 1 этаж, поз. № 40-49;Самарская область, Центральный район, г. Тольятти, ул. Толстого, д. 20, пом. Б/Н (1093);79,6;Оперативное управление
1792;П1300000010043;63:09:0101163:8423;Нежилое помещение;"Нежилое помещение: 1 этаж, поз. № 223 (лестничная клетка);  2 этаж, поз. №№ 155-181 (кабинеты, коридоры, зал заседаний, подсобное, умывальники, туалеты)";Самарская область, Автозаводский район, г. Тольятти, ул. Свердлова, д. 51, пом. Б/Н (2003);432,1;Оперативное управление
1793;П1300000010171;63:09:0201060:2923;Нежилое помещение;Нежилое помещение: 1 этаж, поз. №№ 8, 9, 10, 11, 12, 13, 14;Самарская область, Комсомольский район, г. Тольятти, ул. Железнодорожная, д. 47, пом. Б/Н (1002);58,4;Оперативное управление
1794;П1300000009906;63:09:0101170:10452;Нежилое помещение;Нежилое помещение: 1 этаж, поз. № 51-56;Самарская область, Автозаводский район, г. Тольятти, ул. Фрунзе, д. 29;49,7;Оперативное управление
1795;П1300000010457;63:09:0101150:2848;Нежилое помещение;Нежилое помещение 1 этаж, поз. № 8, 8а, 9, 10, 11, 12, 13, 14, 15, 17, 18;Самарская область, Автозаводский район, г. Тольятти, б-р Гая, д. 14, пом.б/н.;95,3;Оперативное управление
№ п/п;Номер в реестре;Кадастровый номер;Вид объекта;Наименование;Адрес;Площадь (текущая);Вид права
1;2;3;4;5;6;7;8
1;П1300000014513;;Нежилое здание;Нежилое здание ТП-306Б;Самарская область, Автозаводский район, г. Тольятти, ул. Фрунзе, д. 2Г;;Казна
2;П1300000014437;;Нежилое здание;РП МЖК кв .18 (РП-23);Самарская область, Автозаводский район, г. Тольятти, кв.18;;Казна
3;П1300000009775;;Нежилое здание;Нежилое здание;Самарская область, Центральный район, г. Тольятти, ул. Жилина, д. 50;55,2;Казна
4;П1300000006541;;Нежилое здание;Административно-бытовое здание;Самарская область, Центральный район, г. Тольятти, ул. Советская, д. 38, стр. А;119,2;Оперативное управление
5;П1300000007000;;Нежилое здание;Закрытая стоянка для спецавтомобилей;Самарская область, Комсомольский район, г. Тольятти, ул. Громовой, д. 55;432;Хозяйственное ведение
6;П1300000006300;63:02:0101002:524;Нежилое здание;Домик ГДР;Самарская область, муниципальный район Ставропольский, с.п. Жигули, Жигулевское лесничество, квартал № 14;26,9;Казна
7;П1300000006298;63:02:0101002:525;Нежилое здание;Домик деревянный;Самарская область, муниципальный район Ставропольский, с.п. Жигули, Жигулевское лесничество, квартал № 14;27,1;Казна
8;П1300000006303;63:02:0101002:526;Нежилое здание;Домик зимний с верандой;Самарская область, муниципальный район Ставропольский, с.п. Жигули, Жигулевское лесничество, квартал № 14;33,6;Казна
9;П1300000009368;63:02:0101002:527;Нежилое здание;Туалет;Самарская область, муниципальный район Ставропольский, с.п. Жигули, Жигулевское лесничество, квартал № 14;8,8;Казна
10;П1300000007423;63:02:0101002:528;Нежилое здание;Домик ГДР;Самарская область, муниципальный район Ставропольский, с.п. Жигули, Жигулевское лесничество, квартал № 14;26,7;Казна
11;П1300000006299;63:02:0101002:529;Нежилое здание;Домик деревянный;Самарская область, муниципальный район Ставропольский, с.п. Жигули, Жигулевское лесничество, квартал № 14;51,8;Казна
12;П1300000006016;63:09:0000000:10080;Нежилое здание;Склад;Самарская область, Центральный район, г. Тольятти, ул. Ушакова, д. 34;76,8;Казна
13;П1300000009761;63:09:0000000:10209;Нежилое здание;Нежилое здание;Самарская область, Комсомольский район, г. Тольятти, ул. Шлюзовая, д. 3;42,4;Оперативное управление
14;П1300000005874;63:09:0000000:8648;Нежилое здание;Здание насосной станции 2 подъема;Самарская область, Комсомольский район, г. Тольятти, в/з Жиг море;139,9;Казна
15;П1300000007862;63:09:0000000:8673;Нежилое здание;Насосная станция 2 подъема;"Самарская область, Центральный район, г. Тольятти, Лесной массив, водозабор ""Портовый""";111,7;Казна
16;П1300000008977;63:09:0101150:10694;Нежилое здание;Детский сад № 185;Самарская область, Автозаводский район, г. Тольятти, б-р Гая, д. 13;2614,5;Оперативное управление
17;П1300000008978;63:09:0101150:10695;Нежилое здание;Овощехранилище;Самарская область, Автозаводский район, г. Тольятти, б-р Гая, д. 13;52,6;Оперативное управление
18;П1300000012462;63:09:0101150:10700;Нежилое здание;Детский сад  № 179;Самарская область, Автозаводский район, г. Тольятти, б-р Гая, д. 20;3917,2;Казна
19;П1300000006968;63:09:0101150:10701;Нежилое здание;Детский сад № 209 Гармония;Самарская область, Автозаводский район, г. Тольятти, ул. Автостроителей, д. 19;4110,1;Оперативное управление
20;П1300000006266;63:09:0101150:10702;Нежилое здание;Хозблок;Самарская область, Автозаводский район, г. Тольятти, ул. Автостроителей, д. 19, стр.;96;Оперативное управление
21;П1300000012477;63:09:0101150:10703;Нежилое здание;Овощехранилище;Самарская область, Автозаводский район, г. Тольятти, ул. Автостроителей, д. 29, стр.;104,4;Казна
22;П1300000012478;63:09:0101150:10704;Нежилое здание;Детский сад  № 204;Самарская область, Автозаводский район, г. Тольятти, ул. Автостроителей, д. 29;4128,6;Казна
23;П1300000012474;63:09:0101150:10705;Нежилое здание;Детский сад  № 206;Самарская область, Автозаводский район, г. Тольятти, ул. Автостроителей, д. 30;2752,9;Казна
24;П1300000012473;63:09:0101150:10708;Нежилое здание;Овощехранилище детского сада № 206;Самарская область, Автозаводский район, г. Тольятти, ул. Автостроителей, д. 30, стр.;96,4;Казна
25;П1300000012471;63:09:0101150:10712;Нежилое здание;Склад;Самарская область, Автозаводский район, г. Тольятти, б-р Гая, д. 4, стр.;66;Казна
26;П1300000006935;63:09:0101150:10713;Нежилое здание;Детский сад;Самарская область, Автозаводский район, г. Тольятти, б-р Гая, д. 8;2558,3;Оперативное управление
27;П1300000006693;63:09:0101150:10714;Нежилое здание;Овощехранилище;Самарская область, Автозаводский район, г. Тольятти, б-р Гая, д. 8;52,1;Оперативное управление
28;П1300000012470;63:09:0101150:10715;Нежилое здание;Детский сад  № 176;Самарская область, Автозаводский район, г. Тольятти, б-р Гая, д. 4;3950,2;Казна
29;П1300000012448;63:09:0101150:10717;Нежилое здание;Детский сад  № 188;Самарская область, Автозаводский район, г. Тольятти, ул. Автостроителей, д. 51;3838,5;Казна
30;П1300000012444;63:09:0101150:10718;Нежилое здание;Детский сад  № 187;Самарская область, Автозаводский район, г. Тольятти, ул. Автостроителей, д. 45;3840,8;Казна
