№ п/п;Номер в реестре;Кадастровый номер;Вид объекта;Адрес;Площадь (текущая);Вид права пользования
1;2;3;4;5;6;7
1;П1100000028462;63:37:2001011:70;Земельный участок;"Шигонский район , с.Березовка, оздоровительный лагерь ""Звездочка""";129000,0;Постоянное (бессрочное) пользование
2;П1100000030746;63:09:0305025:2047;Земельный участок;Центральный район, Самарская область, Тольяттинское участковое лесничество Тольяттинского лесничества городского округа Тольятти, часть квартала № 22, части выделов 52,57,59,66;37439,0;Муниципальная казна
3;П1100000030634;63:09:0303071:757;Земельный участок;Центральный район, Самарская область, Обводное шоссе, д.72;41,0;Муниципальная казна
4;П1100000030628;63:09:0303065:2;Земельный участок;Центральный район, Самарская область, Обводное шоссе, д.64;3437,0;Муниципальная казна
5;П1100000030632;63:09:0303071:571;Земельный участок;Центральный район, Самарская область, Обводное шоссе, д.50;2665,0;Муниципальная казна
6;П1100000030633;63:09:0303071:630;Земельный участок;Центральный район, Самарская область, Обводное шоссе, д.36;5797,0;Муниципальная казна
7;П1100000029535;63:09:0304062:1025;Земельный участок;Центральный район, Самарская область, городской округ Тольятти, Тольяттинское участковое лесничество Тольяттинского лесничества, Часть квартала №11, выделы 38, часть выделов 23,29,35,36,37;74226,0;Муниципальная казна
8;П1100000029536;63:09:0304062:1026;Земельный участок;Центральный район, Самарская область, городской округ Тольятти, Тольяттинское участковое лесничество Тольяттинского лесничества, Часть квартала №11, выделы 1,2,3,4,5,6,7,8,9,10,11,12,13,14,15,16,17,18,19,20,21,22,24,25,26,27,28,31,32,33,34,39,40,41, часть выделов 23,29,35,36,37;1045370,0;Муниципальная казна
9;П1100000029531;63:09:0304060:666;Земельный участок;Центральный район, Самарская область, городской округ Тольятти, Тольяттинское участковое лесничество Тольяттинского лесничества, квартал № 46, выделы 1,2,3,4,5,6,7,8,9,10,11,12,13,14,15;586830,0;Муниципальная казна
10;П1100000029532;63:09:0304060:667;Земельный участок;Центральный район, Самарская область, городской округ Тольятти, Тольяттинское участковое лесничество Тольяттинского лесничества, квартал № 45, выделы 1,2,3,4,5,6,7,8,9,10,11,12,13,14,1516,17,18,19,20;564118,0;Муниципальная казна
11;П1100000029529;63:09:0304060:664;Земельный участок;Центральный район, Самарская область, городской округ Тольятти, Тольяттинское участковое лесничество Тольяттинского лесничества, квартал № 41, выделы 2,3,4,5,6,7,8,9,10,11,12,13,14,15, 16,17,18,19,20,21,22,23,24,25;600850,0;Муниципальная казна
12;П1100000029530;63:09:0304060:665;Земельный участок;Центральный район, Самарская область, городской округ Тольятти, Тольяттинское участковое лесничество Тольяттинского лесничества, квартал № 40, выделы 1,2,3,4,5,6,7,8,9,10,11,12;364024,0;Муниципальная казна
13;П1100000029533;63:09:0304061:1095;Земельный участок;Центральный район, Самарская область, городской округ Тольятти, Тольяттинское участковое лесничество Тольяттинского лесничества, квартал № 32, выделы 1,2,3,4,5,6,7;338055,0;Муниципальная казна
14;П1100000029534;63:09:0304061:1096;Земельный участок;Центральный район, Самарская область, городской округ Тольятти, Тольяттинское участковое лесничество Тольяттинского лесничества, квартал № 30, выделы 1,2,3,4,5,6,7,8,10,11,12,13,14,15,17,18,19;631892,0;Муниципальная казна
15;П1100000029528;63:09:0304060:663;Земельный участок;Центральный район, Самарская область, городской округ Тольятти, Тольяттинское участковое лесничество Тольяттинского лесничества, квартал № 28, выделы 1,2,3,4,5,6,7,8,9,10,11,12,13,14, 15,16,17,18,19;1019845,0;Муниципальная казна
16;П1100000029537;63:09:0304063:512;Земельный участок;Центральный район, Самарская область, городской округ Тольятти, Васильевское участковое лесничество Тольяттинского лесничества, квартал № 2, выделы 1,2,3,4,5,6,7,8,9,10,11,12,13,14,15,16,17,18,19,20,21,22,23,24,25,26,27,28;577820,0;Муниципальная казна
17;П1100000004441;63:32:1605001:5;Земельный участок;"Ставропольский район , Ягодинское лесничество, квартал №3, ДОЛ ""Дубрава""";53813,0;Постоянное (бессрочное) пользование
18;П1100000028138;63:32:1804008:2;Земельный участок;"Ставропольский район , Федоровские луга, база отдыха ""Лесобон""";54654,0;Постоянное (бессрочное) пользование
19;П1100000028335;63:32:1401009:8301;Земельный участок;Ставропольский район , уст-но относительно ориентира земли к-за им.К.Маркса;400000,0;Муниципальная казна
20;П1100000028137;63:32:1605001:3;Земельный участок;"Ставропольский район , Ставропольский лесхоз, Ягодинское лесничество, квартал №5, ДОЛ ""Электроник""";98000,0;Постоянное (бессрочное) пользование
21;П1100000028139;63:32:1605002:26;Земельный участок;"Ставропольский район , Ставропольский лесхоз, Ягодинское лесничество, квартал №5, ДОЛ ""Спартак""";150000,0;Постоянное (бессрочное) пользование
22;П1100000003909;63:32:1406006:8314;Земельный участок;"Ставропольский район , сельское поселение Узюково,8.5км трассы М5 Москва-Челябинск-Поволжский с южной стороны ЗАО ""СВ-Поволжское"",КТ-8";4,0;Муниципальная казна
23;П1100000031400;63:09:0103035:915;Земельный участок;Ставропольский район , п. Приморский, ул. Советская;43,0;Постоянное (бессрочное) пользование
24;П1100000030755;63:09:0000000:1277;Земельный участок;Самарская область, Центральный район, г. Тольятти, Южное шоссе, напротив оп. № 24;36,0;Муниципальная казна
25;П1100000028871;63:09:0308009:515;Земельный участок;Самарская область, Центральный район, г. Тольятти, южнее пересечения Обводного шоссе и улицы Васильевской;55222,0;Постоянное (бессрочное) пользование
26;П1100000027959;63:09:0305025:928;Земельный участок;Самарская область, Центральный район, г. Тольятти, южнее здания, имеющего адрес: ул. Комзина, 1А;6639,0;Муниципальная казна
27;П1100000029332;63:09:0305025:2024;Земельный участок;Самарская область, Центральный район, г. Тольятти, юго-восточнее здания, имеющего адрес: Лесопарковое шоссе, 48;59472,0;Муниципальная казна
28;П1100000031419;63:09:0000000:10151;Земельный участок;Самарская область, Центральный район, г. Тольятти, шоссе Хрящевское от Южного шоссе до Обводного шоссе, и далее от Обводного шоссе до границы г. Тольятти;81108,0;Муниципальная казна
29;П1100000030967;63:09:0310003:1526;Земельный участок;Самарская область, Центральный район, г. Тольятти, ш. Хрящевское;184945,0;Муниципальная казна
30;П1100000030970;63:09:0310003:1680;Земельный участок;Самарская область, Центральный район, г. Тольятти, ш. Хрящевское;181662,0;Муниципальная казна
31;П1100000031550;63:09:0303071:1801;Земельный участок;Самарская область, Центральный район, г. Тольятти, ш. Хрящевское;354,0;Муниципальная казна
32;П1100000030968;63:09:0310003:1593;Земельный участок;Самарская область, Центральный район, г. Тольятти, ш. Хрящевское;8432,0;Муниципальная казна
33;П1100000031431;63:09:0305025:2549;Земельный участок;Самарская область, Центральный район, г. Тольятти, ш. Лесопарковое, участок 15В;73581,0;Муниципальная казна
34;П1100000031386;63:09:0305025:2523;Земельный участок;Самарская область, Центральный район, г. Тольятти, ш. Лесопарковое, земельный участок 61/9;916,0;Муниципальная казна
35;П1100000031388;63:09:0305025:2525;Земельный участок;Самарская область, Центральный район, г. Тольятти, ш. Лесопарковое, земельный участок 61/21;48,0;Муниципальная казна
36;П1100000031387;63:09:0305025:2524;Земельный участок;Самарская область, Центральный район, г. Тольятти, ш. Лесопарковое, земельный участок 61/20;124,0;Муниципальная казна
37;П1100000031385;63:09:0305025:2522;Земельный участок;Самарская область, Центральный район, г. Тольятти, ш. Лесопарковое, земельный участок 61/10;359,0;Муниципальная казна
38;П1100000028029;63:09:0305025:924;Земельный участок;Самарская область, Центральный район, г. Тольятти, ш. Лесопарковое, д. 85;103483,0;Постоянное (бессрочное) пользование
39;П1100000030917;63:09:0305025:8;Земельный участок;Самарская область, Центральный район, г. Тольятти, ш. Лесопарковое, д. 61;40877,0;Муниципальная казна
40;П1100000020189;63:09:0304064:29;Земельный участок;Самарская область, Центральный район, г. Тольятти, ш. Лесопарковое, д. 36;70834,0;Постоянное (бессрочное) пользование
41;П1100000030668;63:09:0305025:16;Земельный участок;Самарская область, Центральный район, г. Тольятти, ш. Лесопарковое, д. 31;39039,0;Муниципальная казна
42;П1100000030636;63:09:0304064:507;Земельный участок;Самарская область, Центральный район, г. Тольятти, ш. Лесопарковое, д. 26;18656,0;Муниципальная казна
43;П1100000028683;63:09:0305025:622;Земельный участок;Самарская область, Центральный район, г. Тольятти, ш. Лесопарковое, в районе диспетчерского пункта;1166,0;Муниципальная казна
44;П1100000028062;63:09:0305025:607;Земельный участок;Самарская область, Центральный район, г. Тольятти, ш. Лесопарковое, 15А;71,0;Муниципальная казна
45;П1100000031168;63:09:0305025:1015;Земельный участок;Самарская область, Центральный район, г. Тольятти, ш. Лесопарковое;990,0;Муниципальная казна
46;П1100000031188;63:09:0305025:1036;Земельный участок;Самарская область, Центральный район, г. Тольятти, ш. Лесопарковое;740,0;Муниципальная казна
47;П1100000031175;63:09:0305025:1023;Земельный участок;Самарская область, Центральный район, г. Тольятти, ш. Лесопарковое;311,0;Муниципальная казна
48;П1100000031180;63:09:0305025:1028;Земельный участок;Самарская область, Центральный район, г. Тольятти, ш. Лесопарковое;920,0;Муниципальная казна
49;П1100000031190;63:09:0305025:1038;Земельный участок;Самарская область, Центральный район, г. Тольятти, ш. Лесопарковое;1000,0;Муниципальная казна
50;П1100000031171;63:09:0305025:1019;Земельный участок;Самарская область, Центральный район, г. Тольятти, ш. Лесопарковое;650,0;Муниципальная казна
51;П1100000031195;63:09:0305025:1043;Земельный участок;Самарская область, Центральный район, г. Тольятти, ш. Лесопарковое;600,0;Муниципальная казна
52;П1100000031182;63:09:0305025:1030;Земельный участок;Самарская область, Центральный район, г. Тольятти, ш. Лесопарковое;113,0;Муниципальная казна
53;П1100000031194;63:09:0305025:1042;Земельный участок;Самарская область, Центральный район, г. Тольятти, ш. Лесопарковое;1050,0;Муниципальная казна
54;П1100000031189;63:09:0305025:1037;Земельный участок;Самарская область, Центральный район, г. Тольятти, ш. Лесопарковое;1130,0;Муниципальная казна
55;П1100000031170;63:09:0305025:1017;Земельный участок;Самарская область, Центральный район, г. Тольятти, ш. Лесопарковое;520,0;Муниципальная казна
56;П1100000031185;63:09:0305025:1033;Земельный участок;Самарская область, Центральный район, г. Тольятти, ш. Лесопарковое;730,0;Муниципальная казна
57;П1100000031176;63:09:0305025:1024;Земельный участок;Самарская область, Центральный район, г. Тольятти, ш. Лесопарковое;600,0;Муниципальная казна
58;П1100000031181;63:09:0305025:1029;Земельный участок;Самарская область, Центральный район, г. Тольятти, ш. Лесопарковое;860,0;Муниципальная казна
59;П1100000031172;63:09:0305025:1020;Земельный участок;Самарская область, Центральный район, г. Тольятти, ш. Лесопарковое;600,0;Муниципальная казна
60;П1100000031173;63:09:0305025:1021;Земельный участок;Самарская область, Центральный район, г. Тольятти, ш. Лесопарковое;830,0;Муниципальная казна
61;П1100000031177;63:09:0305025:1025;Земельный участок;Самарская область, Центральный район, г. Тольятти, ш. Лесопарковое;600,0;Муниципальная казна
62;П1100000031179;63:09:0305025:1027;Земельный участок;Самарская область, Центральный район, г. Тольятти, ш. Лесопарковое;560,0;Муниципальная казна
63;П1100000031169;63:09:0305025:1016;Земельный участок;Самарская область, Центральный район, г. Тольятти, ш. Лесопарковое;1110,0;Муниципальная казна
64;П1100000031381;63:09:0304064:1277;Земельный участок;Самарская область, Центральный район, г. Тольятти, ш. Лесопарковое;600,0;Муниципальная казна
65;П1100000031196;63:09:0305025:1044;Земельный участок;Самарская область, Центральный район, г. Тольятти, ш. Лесопарковое;710,0;Муниципальная казна
66;П1100000031192;63:09:0305025:1040;Земельный участок;Самарская область, Центральный район, г. Тольятти, ш. Лесопарковое;1320,0;Муниципальная казна
67;П1100000031183;63:09:0305025:1031;Земельный участок;Самарская область, Центральный район, г. Тольятти, ш. Лесопарковое;7912,0;Муниципальная казна
68;П1100000031187;63:09:0305025:1035;Земельный участок;Самарская область, Центральный район, г. Тольятти, ш. Лесопарковое;600,0;Муниципальная казна
69;П1100000031193;63:09:0305025:1041;Земельный участок;Самарская область, Центральный район, г. Тольятти, ш. Лесопарковое;600,0;Муниципальная казна
70;П1100000031186;63:09:0305025:1034;Земельный участок;Самарская область, Центральный район, г. Тольятти, ш. Лесопарковое;1100,0;Муниципальная казна
71;П1100000031174;63:09:0305025:1022;Земельный участок;Самарская область, Центральный район, г. Тольятти, ш. Лесопарковое;600,0;Муниципальная казна
72;П1100000031184;63:09:0305025:1032;Земельный участок;Самарская область, Центральный район, г. Тольятти, ш. Лесопарковое;600,0;Муниципальная казна
73;П1100000031382;63:09:0304064:1278;Земельный участок;Самарская область, Центральный район, г. Тольятти, ш. Лесопарковое;600,0;Муниципальная казна
74;П1100000031178;63:09:0305025:1026;Земельный участок;Самарская область, Центральный район, г. Тольятти, ш. Лесопарковое;600,0;Муниципальная казна
75;П1100000031191;63:09:0305025:1039;Земельный участок;Самарская область, Центральный район, г. Тольятти, ш. Лесопарковое;540,0;Муниципальная казна
76;П1100000031002;63:09:0305025:2090;Земельный участок;Самарская область, Центральный район, г. Тольятти, ш. Комсомольское, земельный участок №1/1;7702,0;Постоянное (бессрочное) пользование
77;П1100000002707;63:09:0305025:567;Земельный участок;Самарская область, Центральный район, г. Тольятти, ш. Комсомольское, д. 64;714,0;Муниципальная казна
78;П1100000028155;63:09:0306033:1141;Земельный участок;Самарская область, Центральный район, г. Тольятти, ш. Комсомольское, д. 6, стр. А;1588,0;Муниципальная казна
79;П1100000028297;63:09:0301170:15;Земельный участок;Самарская область, Центральный район, г. Тольятти, ш. Комсомольское, д. 5;5094,0;Постоянное (бессрочное) пользование
80;П1100000028308;63:09:0305025:42;Земельный участок;Самарская область, Центральный район, г. Тольятти, ш. Комсомольское, д. 44;35702,0;Постоянное (бессрочное) пользование
81;П1100000028121;63:09:0306033:1122;Земельный участок;Самарская область, Центральный район, г. Тольятти, ш. Комсомольское, д. 26;2501,0;Постоянное (бессрочное) пользование
82;П1100000028005;63:09:0306033:1529;Земельный участок;Самарская область, Центральный район, г. Тольятти, ш. Комсомольское, д. 24;2043,0;Муниципальная казна
83;П1100000029323;63:09:0301170:562;Земельный участок;Самарская область, Центральный район, г. Тольятти, ш. Комсомольское, д. 15;59,0;Муниципальная казна
84;П1100000028238;63:09:0301170:510;Земельный участок;Самарская область, Центральный район, г. Тольятти, ш. Комсомольское, д. 1;7066,0;Постоянное (бессрочное) пользование
85;П1100000028063;63:09:0304060:539;Земельный участок;Самарская область, Центральный район, г. Тольятти, ш. Комсомольское, 41;92,0;Муниципальная казна
86;П1100000028894;63:09:0000000:1218;Земельный участок;Самарская область, Центральный район, г. Тольятти, ш. Автозаводское, у дома № 43;912,0;Муниципальная казна
87;П1100000031434;63:09:0000000:10185;Земельный участок;Самарская область, Центральный район, г. Тольятти, ш. Автозаводское, от улицы 50 лет Октября до шоссе Хрящевское;136152,0;Муниципальная казна
88;П1100000030132;63:09:0000000:1216;Земельный участок;Самарская область, Центральный район, г. Тольятти, ш. Автозаводское, напротив опоры №12;14,0;Муниципальная казна
89;П1100000029745;63:09:0301167:1373;Земельный участок;Самарская область, Центральный район, г. Тольятти, ш. Автозаводское, напротив КВД, у опоры № 52;36,8;Муниципальная казна
90;П1100000029746;63:09:0301167:1374;Земельный участок;Самарская область, Центральный район, г. Тольятти, ш. Автозаводское, напротив КВД, опора № 78;37,3;Муниципальная казна
91;П1100000009160;63:09:0301167:4137;Земельный участок;Самарская область, Центральный район, г. Тольятти, ш. Автозаводское, д. 5, стр. Б;101,0;Муниципальная казна
92;П1100000030214;63:09:0301167:1425;Земельный участок;Самарская область, Центральный район, г. Тольятти, ш. Автозаводское, д. 19;1254,0;Муниципальная казна
93;П1100000031360;63:09:0301167:757;Земельный участок;Самарская область, Центральный район, г. Тольятти, ш. Автозаводское, д. 17;350,0;Муниципальная казна
94;П1100000030223;63:09:0301168:735;Земельный участок;Самарская область, Центральный район, г. Тольятти, ш. Автозаводское, д. 1;2448,0;Муниципальная казна
95;П1100000030222;63:09:0301168:65;Земельный участок;Самарская область, Центральный район, г. Тольятти, ш. Автозаводское, д. 1;780,0;Муниципальная казна
96;П1100000029244;63:09:0301136:1008;Земельный участок;Самарская область, Центральный район, г. Тольятти, ш. Автозаводское, в районе пересечения с ул. Мичурина;28,0;Муниципальная казна
97;П1100000030213;63:09:0301167:1419;Земельный участок;Самарская область, Центральный район, г. Тольятти, ш. Автозаводское, в районе КВД;21,0;Муниципальная казна
98;П1100000028674;63:09:0301167:1426;Земельный участок;Самарская область, Центральный район, г. Тольятти, ш. Автозаводское, в районе КВД;3694,0;Муниципальная казна
99;П1100000029248;63:09:0000000:1220;Земельный участок;Самарская область, Центральный район, г. Тольятти, ш. Автозаводское, в районе дома №47;11,5;Муниципальная казна
100;П1100000029247;63:09:0000000:1219;Земельный участок;Самарская область, Центральный район, г. Тольятти, ш. Автозаводское, в районе дома № 47;168,0;Муниципальная казна
101;П1100000029249;63:09:0000000:1221;Земельный участок;Самарская область, Центральный район, г. Тольятти, ш. Автозаводское, в районе дома 47;25,0;Муниципальная казна
102;П1100000030211;63:09:0301167:1375;Земельный участок;Самарская область, Центральный район, г. Тольятти, ш. Автозаводское, в районе АГНКС;39,0;Муниципальная казна
103;П1100000028061;63:09:0301167:1337;Земельный участок;Самарская область, Центральный район, г. Тольятти, ш. Автозаводское, 3А;94,0;Муниципальная казна
104;П1100000030216;63:09:0301167:1428;Земельный участок;Самарская область, Центральный район, г. Тольятти, ш. Автозаводское, (Центральный район), напротив психдиспансера;45,0;Муниципальная казна
105;П1100000030212;63:09:0301167:1412;Земельный участок;Самарская область, Центральный район, г. Тольятти, ш. Автозаводское;9,0;Муниципальная казна
106;П1100000028801;63:09:0302049:1783;Земельный участок;Самарская область, Центральный район, г. Тольятти, участок улицы Радищева от улицы Победы до улицы Новопромышленной, севернее здания, имеющего адрес : ул.Радищева, 43;2443,0;Муниципальная казна
107;П1100000028620;63:09:0302049:1774;Земельный участок;Самарская область, Центральный район, г. Тольятти, участок улицы Радищева от улицы Новопромышленной до ул.Новозаводской, севернее здания, имеющего адрес: улица Радищева, 49;1786,0;Муниципальная казна
108;П1100000028797;63:09:0301139:4681;Земельный участок;Самарская область, Центральный район, г. Тольятти, участок улицы Радищева от ул. Октябрьской до улицы Победы, южнее здания, имеющего адрес: улица Октябрьская, 6;5914,0;Муниципальная казна
109;П1100000030926;63:09:0303071:644;Земельный участок;"Самарская область, Центральный район, г. Тольятти, участок № 12, район малоэтажной застройки ""Кирпичный"", МКР 1";1092,0;Муниципальная казна
110;П1100000031006;63:09:0306032:2115;Земельный участок;"Самарская область, Центральный район, г. Тольятти, установлено относительно ориентира, расположенного в границах участка. Ориентир: С/т Горпромторга в обществе ""Любитель"", садовый участок 4";400,0;Муниципальная казна
111;П1100000031046;63:09:0306035:502;Земельный участок;Самарская область, Центральный район, г. Тольятти, установлено относительно ориентира Центральный район, адрес ориентира: г. Тольятти ул. Новозаводская, дом. 6;31892,0;Муниципальная казна
112;П1100000030954;63:09:0306032:2767;Земельный участок;"Самарская область, Центральный район, г. Тольятти, установлено относительно ориентира С/т ""Юбилей"" , садовый участок 490, адрес ориентира: г. Тольятти";600,0;Муниципальная казна
113;П1100000030856;63:09:0304061:646;Земельный участок;"Самарская область, Центральный район, г. Тольятти, установлено относительно ориентира С/т ""Электромонтажник"" р-н п/ст ""Левобережная"", садовый участок 5";400,0;Муниципальная казна
114;П1100000029913;63:09:0000000:2628;Земельный участок;Самарская область, Центральный район, г. Тольятти, ул. Ясеневая, д. 11, район малоэтажной застройки ''Северо-западный'';78,0;Муниципальная казна
115;П1100000029916;63:09:0000000:2660;Земельный участок;Самарская область, Центральный район, г. Тольятти, ул. Шлютова, д. 79/ Степной проезд, д.15;8,0;Муниципальная казна
116;П1100000029460;63:09:0301138:962;Земельный участок;Самарская область, Центральный район, г. Тольятти, ул. Шлютова, д. 64;21,0;Муниципальная казна
117;П1100000029464;63:09:0301138:974;Земельный участок;Самарская область, Центральный район, г. Тольятти, ул. Шлютова, д. 24;300,0;Муниципальная казна
118;П1100000025023;63:09:0301139:958;Земельный участок;Самарская область, Центральный район, г. Тольятти, ул. Шлютова, д. 130;9843,0;Постоянное (бессрочное) пользование
119;П1100000027984;63:09:0301159:545;Земельный участок;Самарская область, Центральный район, г. Тольятти, ул. Чуковского, д. 4, квартал 36;4139,0;Постоянное (бессрочное) пользование
120;П1100000028315;63:09:0301159:7;Земельный участок;Самарская область, Центральный район, г. Тольятти, ул. Чуковского, д. 3, квартал 36;4877,0;Постоянное (бессрочное) пользование
121;П1100000029447;63:09:0301137:1189;Земельный участок;Самарская область, Центральный район, г. Тольятти, ул. Чкалова, д. 26;80,0;Муниципальная казна
122;П1100000027958;63:09:0301173:1111;Земельный участок;Самарская область, Центральный район, г. Тольятти, ул. Чапаева, д. 35, стр. А, в квартале 9;8807,0;Постоянное (бессрочное) пользование
123;П1100000027995;63:09:0301174:850;Земельный участок;Самарская область, Центральный район, г. Тольятти, ул. Чапаева, д. 124, квартал №4;9663,0;Постоянное (бессрочное) пользование
124;П1100000029319;63:09:0301164:5;Земельный участок;Самарская область, Центральный район, г. Тольятти, ул. Ушакова, между домами № 58-60;84,0;Муниципальная казна
125;П1100000025769;63:09:0301164:531;Земельный участок;Самарская область, Центральный район, г. Тольятти, ул. Ушакова, д. 64;4200,0;Муниципальная казна
126;П1100000003928;63:09:0301164:583;Земельный участок;Самарская область, Центральный район, г. Тольятти, ул. Ушакова, д. 50, в кв.96;9584,0;Постоянное (бессрочное) пользование
127;П1100000028136;63:09:0301161:508;Земельный участок;Самарская область, Центральный район, г. Тольятти, ул. Ушакова, д. 37;4999,0;Постоянное (бессрочное) пользование
128;П1100000029730;63:09:0301164:586;Земельный участок;Самарская область, Центральный район, г. Тольятти, ул. Ушакова, 60А/3, гараж № 3;62,0;Муниципальная казна
129;П1100000029466;63:09:0301139:1261;Земельный участок;Самарская область, Центральный район, г. Тольятти, ул. Украинская, д. 22;18,0;Муниципальная казна
130;П1100000029465;63:09:0301139:1257;Земельный участок;Самарская область, Центральный район, г. Тольятти, ул. Украинская, д. 18;10,0;Муниципальная казна
131;П1100000031577;63:09:0301147:1097;Земельный участок;Самарская область, Центральный район, г. Тольятти, ул. Тухачевского, земельный участок 4;4540,0;Муниципальная казна
132;П1100000004181;63:09:0301147:1088;Земельный участок;Самарская область, Центральный район, г. Тольятти, ул. Тухачевского, д. 6;2375,0;Постоянное (бессрочное) пользование
133;П1100000029734;63:09:0301166:513;Земельный участок;Самарская область, Центральный район, г. Тольятти, ул. Толстого, у дома №20;96,0;Муниципальная казна
134;П1100000029440;63:09:0301136:1143;Земельный участок;Самарская область, Центральный район, г. Тольятти, ул. Толстого, у дома № 24;16,0;Муниципальная казна
135;П1100000029437;63:09:0301136:1139;Земельный участок;Самарская область, Центральный район, г. Тольятти, ул. Толстого, у дома № 20;148,0;Муниципальная казна
136;П1100000029205;63:09:0301136:1117;Земельный участок;Самарская область, Центральный район, г. Тольятти, ул. Толстого, у дома № 13, в квартале № 149;16,0;Муниципальная казна
137;П1100000029433;63:09:0301136:1114;Земельный участок;"Самарская область, Центральный район, г. Тольятти, ул. Толстого, на остановке общественного транспорта ""Улица Л. Толстого""";83,0;Муниципальная казна
138;П1100000028933;63:09:0301166:576;Земельный участок;Самарская область, Центральный район, г. Тольятти, ул. Толстого, между домами №28-30;102,0;Муниципальная казна
139;П1100000029320;63:09:0301166:577;Земельный участок;Самарская область, Центральный район, г. Тольятти, ул. Толстого, между домами № 24 и № 26;71,0;Муниципальная казна
140;П1100000029434;63:09:0301136:1120;Земельный участок;Самарская область, Центральный район, г. Тольятти, ул. Толстого, между домами 11-13, квартал 149;26,0;Муниципальная казна
141;П1100000031116;63:09:0301136:3731;Земельный участок;Самарская область, Центральный район, г. Тольятти, ул. Толстого, земельный участок № 25А;260,0;Муниципальная казна
142;П1100000031126;63:09:0301166:5275;Земельный участок;Самарская область, Центральный район, г. Тольятти, ул. Толстого, земельный участок № 24Б;353,0;Муниципальная казна
143;П1100000031272;63:09:0301166:3488;Земельный участок;Самарская область, Центральный район, г. Тольятти, ул. Толстого, д. 32;2309,0;Муниципальная казна
144;П1100000029451;63:09:0301137:637;Земельный участок;Самарская область, Центральный район, г. Тольятти, ул. Толстого, д. 27;7391,0;Муниципальная казна
145;П1100000029735;63:09:0301166:574;Земельный участок;Самарская область, Центральный район, г. Тольятти, ул. Толстого, д. 24, в квартале 158;57,0;Муниципальная казна
146;П1100000030118;63:09:0301136:1129;Земельный участок;Самарская область, Центральный район, г. Тольятти, ул. Толстого, д. 20;52,0;Муниципальная казна
147;П1100000030120;63:09:0301136:1111;Земельный участок;Самарская область, Центральный район, г. Тольятти, ул. Толстого, д. 20;1577,0;Муниципальная казна
148;П1100000007666;63:09:0301136:1035;Земельный участок;Самарская область, Центральный район, г. Тольятти, ул. Толстого, д. 19, стр. Б;103,0;Муниципальная казна
149;П1100000029438;63:09:0301136:1140;Земельный участок;Самарская область, Центральный район, г. Тольятти, ул. Толстого, д. 18, стр. А;1220,0;Муниципальная казна
150;П1100000029204;63:09:0301136:1112;Земельный участок;Самарская область, Центральный район, г. Тольятти, ул. Толстого, д. 13;26,0;Муниципальная казна
151;П1100000029450;63:09:0301137:1235;Земельный участок;Самарская область, Центральный район, г. Тольятти, ул. Толстого, д. 11;939,0;Муниципальная казна
152;П1100000029206;63:09:0301136:1119;Земельный участок;Самарская область, Центральный район, г. Тольятти, ул. Толстого, в районе дома № 25;91,0;Муниципальная казна
153;П1100000029208;63:09:0301136:1151;Земельный участок;Самарская область, Центральный район, г. Тольятти, ул. Толстого;85,0;Муниципальная казна
154;П1100000029747;63:09:0301167:1383;Земельный участок;Самарская область, Центральный район, г. Тольятти, ул. Тимирязева, д. 51;294,0;Муниципальная казна
155;П1100000029748;63:09:0301167:1395;Земельный участок;Самарская область, Центральный район, г. Тольятти, ул. Тимирязева, д. 34;41,0;Муниципальная казна
156;П1100000030218;63:09:0301167:1432;Земельный участок;Самарская область, Центральный район, г. Тольятти, ул. Тимирязева, д. 17;28,0;Муниципальная казна
157;П1100000029740;63:09:0301167:1356;Земельный участок;Самарская область, Центральный район, г. Тольятти, ул. Тимирязева, д. 105, кв. 1;33,0;Муниципальная казна
158;П1100000025687;63:09:0301160:534;Земельный участок;Самарская область, Центральный район, г. Тольятти, ул. Строителей, д. 12, стр. а, 47 квартал;5377,0;Постоянное (бессрочное) пользование
159;П1100000028056;63:09:0301083:566;Земельный участок;Самарская область, Центральный район, г. Тольятти, ул. Ставропольская, д.27А;54,0;Муниципальная казна
160;П1100000021140;63:09:0301083:517;Земельный участок;Самарская область, Центральный район, г. Тольятти, ул. Ставропольская, д. 19;17695,0;Постоянное (бессрочное) пользование
161;П1100000023438;63:09:0301147:117;Земельный участок;Самарская область, Центральный район, г. Тольятти, ул. Ставропольская, д. 102;6089,0;Постоянное (бессрочное) пользование
162;П1100000030237;63:09:0301168:799;Земельный участок;Самарская область, Центральный район, г. Тольятти, ул. Соловьиная, д. 13;157,0;Муниципальная казна
163;П1100000028977;63:09:0000000:1269;Земельный участок;Самарская область, Центральный район, г. Тольятти, ул. Советская, северо-западнее жилого дома № 67;40,0;Муниципальная казна
164;П1100000030854;63:09:0301164:17;Земельный участок;Самарская область, Центральный район, г. Тольятти, ул. Советская, севернее жилого дома № 71;2172,0;Муниципальная казна
165;П1100000030963;63:09:0301147:2357;Земельный участок;Самарская область, Центральный район, г. Тольятти, ул. Советская, земельный участок № 38А;328,0;Постоянное (бессрочное) пользование
166;П1100000025768;63:09:0301164:530;Земельный участок;Самарская область, Центральный район, г. Тольятти, ул. Советская, д. 81, стр. А;9995,0;Постоянное (бессрочное) пользование
167;П1100000029271;63:09:0301100:3;Земельный участок;Самарская область, Центральный район, г. Тольятти, ул. Советская, д. 78;2060,0;Муниципальная казна
168;П1100000029728;63:09:0301164:538;Земельный участок;Самарская область, Центральный район, г. Тольятти, ул. Советская, д. 71, стр. А;811,0;Муниципальная казна
169;П1100000029274;63:09:0301101:548;Земельный участок;Самарская область, Центральный район, г. Тольятти, ул. Советская, д. 67;14,0;Муниципальная казна
170;П1100000029723;63:09:0301160:599;Земельный участок;Самарская область, Центральный район, г. Тольятти, ул. Советская, д. 57, стр. А/2, гараж № 2;56,0;Муниципальная казна
171;П1100000021136;63:09:0301083:20;Земельный участок;Самарская область, Центральный район, г. Тольятти, ул. Советская, д. 53, стр. А;5134,0;Постоянное (бессрочное) пользование
172;П1100000016311;63:09:0301083:502;Земельный участок;Самарская область, Центральный район, г. Тольятти, ул. Советская, д. 51, стр. а, Отдел образования администрации Центрального района (архив);6988,0;Муниципальная казна
173;П1100000031364;63:09:0301147:2343;Земельный участок;Самарская область, Центральный район, г. Тольятти, ул. Советская, д. 39;534,0;Муниципальная казна
174;П1100000029304;63:09:0301147:1122;Земельный участок;Самарская область, Центральный район, г. Тольятти, ул. Советская, д. 38;393,0;Муниципальная казна
175;П1100000029305;63:09:0301147:1123;Земельный участок;Самарская область, Центральный район, г. Тольятти, ул. Советская, д. 38;254,0;Муниципальная казна
176;П1100000028673;63:09:0301164:551;Земельный участок;Самарская область, Центральный район, г. Тольятти, ул. Советская, в районе дома № 83;89,0;Муниципальная казна
177;П1100000029732;63:09:0301164:590;Земельный участок;Самарская область, Центральный район, г. Тольятти, ул. Советская, 71Б/12, гараж №12;47,0;Муниципальная казна
178;П1100000029322;63:09:0301169:859;Земельный участок;Самарская область, Центральный район, г. Тольятти, ул. Санаторная, д.10-1;153,0;Муниципальная казна
179;П1100000030252;63:09:0301169:870;Земельный участок;Самарская область, Центральный район, г. Тольятти, ул. Санаторная, д. 34;13,0;Муниципальная казна
180;П1100000029329;63:09:0301174:882;Земельный участок;Самарская область, Центральный район, г. Тольятти, ул. Самарская, д. 53;19,0;Муниципальная казна
181;П1100000004435;63:09:0301174:1003;Земельный участок;Самарская область, Центральный район, г. Тольятти, ул. Самарская, 68А;76,0;Муниципальная казна
182;П1100000029007;63:09:0000000:2103;Земельный участок;Самарская область, Центральный район, г. Тольятти, ул. Садовая, д. 36;54,0;Муниципальная казна
183;П1100000031140;63:09:0000000:9553;Земельный участок;Самарская область, Центральный район, г. Тольятти, ул. Родины, земельный участок №7;4007,0;Муниципальная казна
184;П1100000009745;63:09:0304060:585;Земельный участок;Самарская область, Центральный район, г. Тольятти, ул. Родины, д. 50;51,0;Муниципальная казна
185;П1100000028250;63:09:0000000:7435;Земельный участок;Самарская область, Центральный район, г. Тольятти, ул. Родины, д. 5, в лесном квартале 18 Тольяттинского лесничества Ставропольского лесхоза;19454,0;Постоянное (бессрочное) пользование
186;П1100000018911;63:09:0301105:10;Земельный участок;Самарская область, Центральный район, г. Тольятти, ул. Республиканская, д. 1;4179,0;Постоянное (бессрочное) пользование
187;П1100000029275;63:09:0301104:546;Земельный участок;Самарская область, Центральный район, г. Тольятти, ул. Республиканская;45,0;Муниципальная казна
188;П1100000031288;63:09:0302049:1996;Земельный участок;Самарская область, Центральный район, г. Тольятти, ул. Радищева, земельный участок № 49/1;3332,0;Муниципальная казна
189;П1100000028135;63:09:0302049:581;Земельный участок;Самарская область, Центральный район, г. Тольятти, ул. Радищева, д. 49;2784,0;Муниципальная казна
190;П1100000030889;63:09:0302049:27;Земельный участок;Самарская область, Центральный район, г. Тольятти, ул. Радищева, д. 45;9378,0;Муниципальная казна
191;П1100000030589;63:09:0302049:591;Земельный участок;Самарская область, Центральный район, г. Тольятти, ул. Радищева, д. 10, стр. В;797,0;Муниципальная казна
192;П1100000029763;63:09:0000000:2344;Земельный участок;Самарская область, Центральный район, г. Тольятти, ул. Победы, у дома № 50, в квартале № 26;20,0;Муниципальная казна
193;П1100000029755;63:09:0000000:2331;Земельный участок;Самарская область, Центральный район, г. Тольятти, ул. Победы, у дома № 50;22,0;Муниципальная казна
194;П1100000030153;63:09:0000000:2362;Земельный участок;Самарская область, Центральный район, г. Тольятти, ул. Победы, у дома № 43;177,0;Муниципальная казна
195;П1100000028861;63:09:0301157:508;Земельный участок;Самарская область, Центральный район, г. Тольятти, ул. Победы, у дома № 43;77,0;Муниципальная казна
196;П1100000029761;63:09:0000000:2341;Земельный участок;Самарская область, Центральный район, г. Тольятти, ул. Победы, у дома 72;20,0;Муниципальная казна
197;П1100000024381;63:09:0301151:531;Земельный участок;Самарская область, Центральный район, г. Тольятти, ул. Победы, квартал 26;2112,0;Муниципальная казна
198;П1100000028292;63:09:0301151:530;Земельный участок;Самарская область, Центральный район, г. Тольятти, ул. Победы, д. 76;9800,0;Постоянное (бессрочное) пользование
199;П1100000028033;63:09:0301151:16;Земельный участок;Самарская область, Центральный район, г. Тольятти, ул. Победы, д. 64;9932,0;Постоянное (бессрочное) пользование
200;П1100000029765;63:09:0000000:2347;Земельный участок;Самарская область, Центральный район, г. Тольятти, ул. Победы, д. 60;154,0;Муниципальная казна
201;П1100000029503;63:09:0301151:614;Земельный участок;Самарская область, Центральный район, г. Тольятти, ул. Победы, д. 60;1937,0;Муниципальная казна
202;П1100000029756;63:09:0000000:2333;Земельный участок;Самарская область, Центральный район, г. Тольятти, ул. Победы, д. 51;2596,0;Муниципальная казна
203;П1100000028300;63:09:0301151:18;Земельный участок;Самарская область, Центральный район, г. Тольятти, ул. Победы, д. 48;9703,0;Постоянное (бессрочное) пользование
204;П1100000029770;63:09:0000000:2370;Земельный участок;Самарская область, Центральный район, г. Тольятти, ул. Победы, д. 39;16,0;Муниципальная казна
205;П1100000027964;63:09:0301174:3712;Земельный участок;Самарская область, Центральный район, г. Тольятти, ул. Победы, д. 19, стр. А;1410,0;Муниципальная казна
206;П1100000029505;63:09:0301151:619;Земельный участок;Самарская область, Центральный район, г. Тольятти, ул. Победы, в районе дома № 58;260,0;Муниципальная казна
207;П1100000029103;63:09:0000000:2372;Земельный участок;Самарская область, Центральный район, г. Тольятти, ул. Победы, в районе дома № 51;83,0;Муниципальная казна
208;П1100000029760;63:09:0000000:2339;Земельный участок;Самарская область, Центральный район, г. Тольятти, ул. Победы, в районе дома 50;21,4;Муниципальная казна
209;П1100000029584;63:09:0000000:2209;Земельный участок;Самарская область, Центральный район, г. Тольятти, ул. Победы;89,0;Муниципальная казна
210;П1100000028669;63:09:0301140:590;Земельный участок;Самарская область, Центральный район, г. Тольятти, ул. Победы;22,0;Муниципальная казна
211;П1100000028800;63:09:0301174:5008;Земельный участок;Самарская область, Центральный район, г. Тольятти, ул. Октябрьская, юго-восточнее здания, имеющего адрес : ул. Октябрьская, 55;950,0;Муниципальная казна
212;П1100000028616;63:09:0301174:5005;Земельный участок;Самарская область, Центральный район, г. Тольятти, ул. Октябрьская, от улицы Шлютова до улицы Чапаева, западнее здания, имеющего адрес: пр.Суворова, 48;3184,0;Муниципальная казна
213;П1100000028617;63:09:0301139:4683;Земельный участок;Самарская область, Центральный район, г. Тольятти, ул. Октябрьская, от улицы Шлютова до переулка Гражданский, западнее здания, имеющего адрес: ул.Шлютова, 130;809,0;Муниципальная казна
214;П1100000028618;63:09:0301139:4680;Земельный участок;Самарская область, Центральный район, г. Тольятти, ул. Октябрьская, от улицы Шлютова до переулка Гражданский, восточнее здания, имеющего адрес: ул.Октябрьская, 32-а;732,0;Муниципальная казна
215;П1100000028615;63:09:0301139:4679;Земельный участок;Самарская область, Центральный район, г. Тольятти, ул. Октябрьская, от улицы Саратовская до улицы Радищева, западнее здания, имеющего адрес: пр.Сахалинский, 14;2130,0;Муниципальная казна
216;П1100000028614;63:09:0301139:4687;Земельный участок;Самарская область, Центральный район, г. Тольятти, ул. Октябрьская, от улицы Саратовская до переулка Гражданский, западнее здания, имеющего адрес: пр.Шевченко, 100;1072,0;Муниципальная казна
217;П1100000028619;63:09:0301139:4682;Земельный участок;Самарская область, Центральный район, г. Тольятти, ул. Октябрьская, от улицы Саратовская до переулка Гражданский, восточнее здания, имеющего адрес: пр.Шевченко, 98;1795,0;Муниципальная казна
218;П1100000028796;63:09:0301139:4678;Земельный участок;Самарская область, Центральный район, г. Тольятти, ул. Октябрьская, от бульвара 50 лет Октября до улицы Саратовская, восточнее здания имеющего адрес: ул.Октябрьская,1;5536,0;Муниципальная казна
219;П1100000031365;63:09:0301139:4689;Земельный участок;Самарская область, Центральный район, г. Тольятти, ул. Октябрьская, от бульвара 50 лет Октября до улицы Радищева, западнее здания имеющего адрес: бул.50 лет Октября,67;1385,0;Муниципальная казна
220;П1100000001233;63:09:0301174:116;Земельный участок;Самарская область, Центральный район, г. Тольятти, ул. Октябрьская, д. 72;898,0;Муниципальная казна
221;П1100000028470;63:09:0301139:3724;Земельный участок;Самарская область, Центральный район, г. Тольятти, ул. Октябрьская, д. 6;7794,0;Постоянное (бессрочное) пользование
222;П1100000028019;63:09:0301139:3725;Земельный участок;Самарская область, Центральный район, г. Тольятти, ул. Октябрьская, д. 6;1338,0;Постоянное (бессрочное) пользование
223;П1100000028314;63:09:0301174:958;Земельный участок;Самарская область, Центральный район, г. Тольятти, ул. Октябрьская, д. 57;6016,0;Постоянное (бессрочное) пользование
224;П1100000028316;63:09:0301174:3983;Земельный участок;Самарская область, Центральный район, г. Тольятти, ул. Октябрьская, д. 55, стр. Б;116,0;Муниципальная казна
225;П1100000001234;63:09:0301174:118;Земельный участок;Самарская область, Центральный район, г. Тольятти, ул. Октябрьская, д. 55;1384,0;Муниципальная казна
226;П1100000030877;63:09:0301141:507;Земельный участок;Самарская область, Центральный район, г. Тольятти, ул. Октябрьская;96,0;Муниципальная казна
227;П1100000029093;63:09:0000000:1235;Земельный участок;Самарская область, Центральный район, г. Тольятти, ул. Новопромышленная, у дома 9;80,0;Муниципальная казна
228;П1100000002839;63:09:0301140:580;Земельный участок;Самарская область, Центральный район, г. Тольятти, ул. Новопромышленная, д. 20, стр. Б;165,0;Муниципальная казна
229;П1100000030587;63:09:0302049:560;Земельный участок;Самарская область, Центральный район, г. Тольятти, ул. Новопромышленная, д. 14;1585,0;Муниципальная казна
230;П1100000030590;63:09:0302049:592;Земельный участок;Самарская область, Центральный район, г. Тольятти, ул. Новопромышленная, д. 14;4563,0;Муниципальная казна
231;П1100000030591;63:09:0302049:514;Земельный участок;Самарская область, Центральный район, г. Тольятти, ул. Новопромышленная, д. 14;160,0;Муниципальная казна
232;П1100000031541;63:09:0000000:10457;Земельный участок;Самарская область, Центральный район, г. Тольятти, ул. Новопромышленная;52649,0;Муниципальная казна
233;П1100000030669;63:09:0306036:596;Земельный участок;Самарская область, Центральный район, г. Тольятти, ул. Новозаводская, ост. ул. Ларина;44,0;Муниципальная казна
234;П1100000030268;63:09:0302053:713;Земельный участок;"Самарская область, Центральный район, г. Тольятти, ул. Новозаводская, на остановке общественного транспорта ""Центральная проходная ТОАО ""СК"" в северном промузле Центрального района";234,0;Муниципальная казна
235;П1100000031064;63:09:0302049:1933;Земельный участок;Самарская область, Центральный район, г. Тольятти, ул. Новозаводская, земельный участок №51/3;875,0;Муниципальная казна
236;П1100000031065;63:09:0302049:1934;Земельный участок;Самарская область, Центральный район, г. Тольятти, ул. Новозаводская, земельный участок №51/2;656,0;Муниципальная казна
237;П1100000030271;63:09:0306034:505;Земельный участок;Самарская область, Центральный район, г. Тольятти, ул. Новозаводская, д. 9, стр. А;329,0;Муниципальная казна
238;П1100000030263;63:09:0302053:531;Земельный участок;Самарская область, Центральный район, г. Тольятти, ул. Новозаводская, д. 8, стр. К;4707,0;Муниципальная казна
239;П1100000030270;63:09:0306034:3;Земельный участок;Самарская область, Центральный район, г. Тольятти, ул. Новозаводская, д. 7, стр. Г;7156,0;Муниципальная казна
240;П1100000030269;63:09:0302053:715;Земельный участок;Самарская область, Центральный район, г. Тольятти, ул. Новозаводская, д. 6, стр. Е;5541,0;Муниципальная казна
241;П1100000030267;63:09:0302053:558;Земельный участок;Самарская область, Центральный район, г. Тольятти, ул. Новозаводская, д. 6, стр. Г;2396,0;Муниципальная казна
242;П1100000030588;63:09:0302049:567;Земельный участок;Самарская область, Центральный район, г. Тольятти, ул. Новозаводская, д. 51, стр. А;377,0;Муниципальная казна
243;П1100000030256;63:09:0302049:14;Земельный участок;Самарская область, Центральный район, г. Тольятти, ул. Новозаводская, д. 49;4326,0;Муниципальная казна
244;П1100000014952;63:09:0302049:501;Земельный участок;Самарская область, Центральный район, г. Тольятти, ул. Новозаводская, д. 45, стр. Б;1093,0;Муниципальная казна
245;П1100000030258;63:09:0302049:544;Земельный участок;Самарская область, Центральный район, г. Тольятти, ул. Новозаводская, д. 45, стр. А;677,0;Муниципальная казна
246;П1100000016851;63:09:0302053:549;Земельный участок;Самарская область, Центральный район, г. Тольятти, ул. Новозаводская, д. 4, стр. А;921,0;Муниципальная казна
247;П1100000030273;63:09:0306036:538;Земельный участок;Самарская область, Центральный район, г. Тольятти, ул. Новозаводская, д. 37;4285,0;Муниципальная казна
248;П1100000030274;63:09:0306036:643;Земельный участок;Самарская область, Центральный район, г. Тольятти, ул. Новозаводская, д. 25, стр. А;14910,0;Муниципальная казна
249;П1100000030265;63:09:0302053:589;Земельный участок;Самарская область, Центральный район, г. Тольятти, ул. Новозаводская, д. 2, стр. Г;2947,0;Муниципальная казна
250;П1100000030262;63:09:0302053:507;Земельный участок;Самарская область, Центральный район, г. Тольятти, ул. Новозаводская, д. 2, стр. Г;1827,0;Муниципальная казна
251;П1100000030266;63:09:0302053:612;Земельный участок;Самарская область, Центральный район, г. Тольятти, ул. Новозаводская, д. 2, стр. Г;789,0;Муниципальная казна
252;П1100000030264;63:09:0302053:572;Земельный участок;Самарская область, Центральный район, г. Тольятти, ул. Новозаводская, д. 2, стр. Г;819,0;Муниципальная казна
253;П1100000030261;63:09:0302053:5;Земельный участок;Самарская область, Центральный район, г. Тольятти, ул. Новозаводская, д. 2, стр. Г;5756,0;Муниципальная казна
254;П1100000013616;63:09:0306034:511;Земельный участок;"Самарская область, Центральный район, г. Тольятти, ул. Новозаводская, в районе п/о ""Куйбышевфосфор""";212,0;Муниципальная казна
255;П1100000030943;63:09:0302053:2198;Земельный участок;Самарская область, Центральный район, г. Тольятти, ул. Новозаводская;210,0;Муниципальная казна
256;П1100000031273;63:09:0302053:2247;Земельный участок;Самарская область, Центральный район, г. Тольятти, ул. Новозаводская;79,0;Муниципальная казна
257;П1100000031306;63:09:0302053:2246;Земельный участок;Самарская область, Центральный район, г. Тольятти, ул. Новозаводская;296,0;Муниципальная казна
258;П1100000031130;63:09:0302053:2199;Земельный участок;Самарская область, Центральный район, г. Тольятти, ул. Новозаводская;640,0;Муниципальная казна
259;П1100000030857;63:09:0302053:2078;Земельный участок;Самарская область, Центральный район, г. Тольятти, ул. Новозаводская;8841,0;Муниципальная казна
260;П1100000031000;63:09:0302053:2157;Земельный участок;Самарская область, Центральный район, г. Тольятти, ул. Новозаводская;4752,0;Муниципальная казна
261;П1100000031303;63:09:0302053:2235;Земельный участок;Самарская область, Центральный район, г. Тольятти, ул. Новозаводская;79,0;Муниципальная казна
262;П1100000031301;63:09:0302053:2154;Земельный участок;Самарская область, Центральный район, г. Тольятти, ул. Новозаводская;6234,0;Муниципальная казна
263;П1100000029684;63:09:0301152:665;Земельный участок;Самарская область, Центральный район, г. Тольятти, ул. Новозаводская;319,0;Муниципальная казна
264;П1100000029084;63:09:0302053:2035;Земельный участок;Самарская область, Центральный район, г. Тольятти, ул. Новозаводская;843,0;Муниципальная казна
265;П1100000030961;63:09:0302053:2165;Земельный участок;Самарская область, Центральный район, г. Тольятти, ул. Новозаводская;2684,0;Муниципальная казна
266;П1100000031302;63:09:0302053:2234;Земельный участок;Самарская область, Центральный район, г. Тольятти, ул. Новозаводская;6233,0;Муниципальная казна
267;П1100000031305;63:09:0302053:2245;Земельный участок;Самарская область, Центральный район, г. Тольятти, ул. Новозаводская;72,0;Муниципальная казна
268;П1100000031304;63:09:0302053:2236;Земельный участок;Самарская область, Центральный район, г. Тольятти, ул. Новозаводская;1005,0;Муниципальная казна
269;П1100000031069;63:09:0302053:2197;Земельный участок;Самарская область, Центральный район, г. Тольятти, ул. Новозаводская;10115,0;Муниципальная казна
270;П1100000030765;63:09:0302053:2033;Земельный участок;Самарская область, Центральный район, г. Тольятти, ул. Новозаводская;4103,0;Муниципальная казна
271;П1100000030964;63:09:0302053:2166;Земельный участок;Самарская область, Центральный район, г. Тольятти, ул. Новозаводская;9642,0;Муниципальная казна
272;П1100000028547;63:09:0310003:1016;Земельный участок;Самарская область, Центральный район, г. Тольятти, ул. Непорожнего;745,0;Муниципальная казна
273;П1100000028247;63:09:0305025:575;Земельный участок;Самарская область, Центральный район, г. Тольятти, ул. Нагорная, юго-западнее здания №1а;5102,0;Постоянное (бессрочное) пользование
274;П1100000028246;63:09:0305025:576;Земельный участок;Самарская область, Центральный район, г. Тольятти, ул. Нагорная, юго-восточнее здания №1а;15368,0;Муниципальная казна
275;П1100000029445;63:09:0301137:1132;Земельный участок;Самарская область, Центральный район, г. Тольятти, ул. Мичурина, д. 87;17,0;Муниципальная казна
276;П1100000029444;63:09:0301136:1150;Земельный участок;Самарская область, Центральный район, г. Тольятти, ул. Мичурина, д. 44, /ул. Крупской, д.57;24,0;Муниципальная казна
277;П1100000029300;63:09:0301136:1049;Земельный участок;Самарская область, Центральный район, г. Тольятти, ул. Мичурина, д. 43;565,0;Муниципальная казна
278;П1100000030119;63:09:0301136:1045;Земельный участок;Самарская область, Центральный район, г. Тольятти, ул. Мичурина, д. 41;27,0;Муниципальная казна
279;П1100000029202;63:09:0301136:1059;Земельный участок;Самарская область, Центральный район, г. Тольятти, ул. Мичурина, д. 39;43,0;Муниципальная казна
280;П1100000029301;63:09:0301136:1056;Земельный участок;Самарская область, Центральный район, г. Тольятти, ул. Мичурина, д. 33;46,0;Муниципальная казна
281;П1100000029441;63:09:0301136:1147;Земельный участок;Самарская область, Центральный район, г. Тольятти, ул. Мичурина, д. 24, стр. А;5211,0;Муниципальная казна
282;П1100000029207;63:09:0301136:948;Земельный участок;Самарская область, Центральный район, г. Тольятти, ул. Мичурина, д. 24, стр. А;4657,0;Муниципальная казна
283;П1100000029008;63:09:0000000:2112;Земельный участок;Самарская область, Центральный район, г. Тольятти, ул. Мира, ул. Мира, около дома № 56, квартал 88 - 54;623,0;Муниципальная казна
284;П1100000028955;63:09:0301151:621;Земельный участок;Самарская область, Центральный район, г. Тольятти, ул. Мира, у дома №152 в квартале 27А;21,0;Муниципальная казна
285;П1100000029767;63:09:0000000:2350;Земельный участок;Самарская область, Центральный район, г. Тольятти, ул. Мира, у дома №122;12,0;Муниципальная казна
286;П1100000029032;63:09:0000000:2417;Земельный участок;Самарская область, Центральный район, г. Тольятти, ул. Мира, у дома № 95 А в квартале 72;2434,0;Муниципальная казна
287;П1100000030151;63:09:0000000:1250;Земельный участок;Самарская область, Центральный район, г. Тольятти, ул. Мира, у дома № 60 в квартале № 88-54;13,0;Муниципальная казна
288;П1100000028860;63:09:0000000:2152;Земельный участок;Самарская область, Центральный район, г. Тольятти, ул. Мира, у дома № 54;16,4;Муниципальная казна
289;П1100000028956;63:09:0301151:622;Земельный участок;Самарская область, Центральный район, г. Тольятти, ул. Мира, у дома № 158;218,0;Муниципальная казна
290;П1100000029768;63:09:0000000:2351;Земельный участок;Самарская область, Центральный район, г. Тольятти, ул. Мира, у дома № 152;16,4;Муниципальная казна
291;П1100000028896;63:09:0000000:1263;Земельный участок;Самарская область, Центральный район, г. Тольятти, ул. Мира, у дома № 137;83,0;Муниципальная казна
292;П1100000029702;63:09:0301154:544;Земельный участок;Самарская область, Центральный район, г. Тольятти, ул. Мира, у дома № 133 в квартале №73;16,0;Муниципальная казна
293;П1100000029757;63:09:0000000:2336;Земельный участок;Самарская область, Центральный район, г. Тольятти, ул. Мира, у дома № 100;54,0;Муниципальная казна
294;П1100000029764;63:09:0000000:2345;Земельный участок;Самарская область, Центральный район, г. Тольятти, ул. Мира, у дома № 100;31,5;Муниципальная казна
295;П1100000029671;63:09:0301151:643;Земельный участок;Самарская область, Центральный район, г. Тольятти, ул. Мира, у входа в городской парк культуры и отдыха;59,0;Муниципальная казна
296;П1100000029776;63:09:0000000:2382;Земельный участок;Самарская область, Центральный район, г. Тольятти, ул. Мира, с северной стороны дома № 83;123,0;Муниципальная казна
297;П1100000028567;63:09:0000000:1253;Земельный участок;Самарская область, Центральный район, г. Тольятти, ул. Мира, по ул.Мира, в районе дома № 60;17,5;Муниципальная казна
298;П1100000028625;63:09:0000000:2378;Земельный участок;"Самарская область, Центральный район, г. Тольятти, ул. Мира, остановка общественного транспорта ""квартал 27""";223,0;Муниципальная казна
299;П1100000029775;63:09:0000000:2380;Земельный участок;"Самарская область, Центральный район, г. Тольятти, ул. Мира, остановка общественного транспорта ""Горсад""";16,5;Муниципальная казна
300;П1100000029791;63:09:0000000:2411;Земельный участок;"Самарская область, Центральный район, г. Тольятти, ул. Мира, остановка ""Троллейбусное депо""";112,0;Муниципальная казна
301;П1100000028692;63:09:0000000:2151;Земельный участок;"Самарская область, Центральный район, г. Тольятти, ул. Мира, ООТ "" Гидростроевская""";120,0;Муниципальная казна
302;П1100000029666;63:09:0301151:635;Земельный участок;Самарская область, Центральный район, г. Тольятти, ул. Мира, напротив опоры № 124;37,2;Муниципальная казна
303;П1100000028976;63:09:0000000:1267;Земельный участок;"Самарская область, Центральный район, г. Тольятти, ул. Мира, напротив мини-рынка ""Поле чудес""";19,0;Муниципальная казна
304;П1100000029511;63:09:0301151:634;Земельный участок;Самарская область, Центральный район, г. Тольятти, ул. Мира, напротив дома № 94;37,3;Муниципальная казна
305;П1100000029510;63:09:0301151:633;Земельный участок;Самарская область, Центральный район, г. Тольятти, ул. Мира, напротив дома № 90;37,3;Муниципальная казна
306;П1100000029509;63:09:0301151:632;Земельный участок;"Самарская область, Центральный район, г. Тольятти, ул. Мира, на остановке общественного транспорта ""Дом природы""";16,3;Муниципальная казна
307;П1100000028929;63:09:0301100:515;Земельный участок;Самарская область, Центральный район, г. Тольятти, ул. Мира, между домами №51-55 в квартале №61;63,0;Муниципальная казна
308;П1100000029769;63:09:0000000:2364;Земельный участок;Самарская область, Центральный район, г. Тольятти, ул. Мира, между домами № 166 и № 170, в квартале 27А;27,0;Муниципальная казна
309;П1100000029709;63:09:0301155:536;Земельный участок;Самарская область, Центральный район, г. Тольятти, ул. Мира, квартал 72;271,0;Муниципальная казна
310;П1100000030899;63:09:0301151:5130;Земельный участок;Самарская область, Центральный район, г. Тольятти, ул. Мира, земельный участок № 90А/1;91,0;Муниципальная казна
311;П1100000031122;63:09:0301154:4989;Земельный участок;Самарская область, Центральный район, г. Тольятти, ул. Мира, земельный участок № 123В;330,0;Муниципальная казна
312;П1100000031118;63:09:0301152:4569;Земельный участок;Самарская область, Центральный район, г. Тольятти, ул. Мира, земельный участок № 102А;195,0;Муниципальная казна
313;П1100000028058;63:09:0301155:595;Земельный участок;Самарская область, Центральный район, г. Тольятти, ул. Мира, д.89А;98,0;Муниципальная казна
314;П1100000030102;63:09:0301151:560;Земельный участок;Самарская область, Центральный район, г. Тольятти, ул. Мира, д. 96, стр. а;1761,0;Муниципальная казна
315;П1100000029703;63:09:0301155:1;Земельный участок;Самарская область, Центральный район, г. Тольятти, ул. Мира, д. 95, стр. а;120,0;Муниципальная казна
316;П1100000028509;63:09:0301151:9;Земельный участок;Самарская область, Центральный район, г. Тольятти, ул. Мира, д. 92, стр. а;1776,0;Муниципальная казна
317;П1100000028410;63:09:0301155:13;Земельный участок;Самарская область, Центральный район, г. Тольятти, ул. Мира, д. 91, в квартале 72, д/с № 174;11565,0;Постоянное (бессрочное) пользование
318;П1100000029708;63:09:0301155:528;Земельный участок;Самарская область, Центральный район, г. Тольятти, ул. Мира, д. 89, квартал 72;90,0;Муниципальная казна
319;П1100000030637;63:09:0305001:507;Земельный участок;Самарская область, Центральный район, г. Тольятти, ул. Мира, д. 88;256,0;Муниципальная казна
320;П1100000029719;63:09:0301159:2;Земельный участок;Самарская область, Центральный район, г. Тольятти, ул. Мира, д. 86;2050,0;Постоянное (бессрочное) пользование
321;П1100000019212;63:09:0301115:535;Земельный участок;Самарская область, Центральный район, г. Тольятти, ул. Мира, д. 81;10515,0;Постоянное (бессрочное) пользование
322;П1100000029307;63:09:0301147:1178;Земельный участок;Самарская область, Центральный район, г. Тольятти, ул. Мира, д. 8;23,0;Муниципальная казна
323;П1100000029711;63:09:0301156:529;Земельный участок;Самарская область, Центральный район, г. Тольятти, ул. Мира, д. 77;6933,0;Муниципальная казна
324;П1100000029724;63:09:0301160:600;Земельный участок;Самарская область, Центральный район, г. Тольятти, ул. Мира, д. 76;1388,0;Муниципальная казна
325;П1100000025685;63:09:0301160:509;Земельный участок;Самарская область, Центральный район, г. Тольятти, ул. Мира, д. 72;1936,0;Постоянное (бессрочное) пользование
326;П1100000029725;63:09:0301160:601;Земельный участок;Самарская область, Центральный район, г. Тольятти, ул. Мира, д. 70;1508,0;Муниципальная казна
327;П1100000010129;63:09:0301083:572;Земельный участок;Самарская область, Центральный район, г. Тольятти, ул. Мира, д. 60, стр. В;172,0;Муниципальная казна
328;П1100000028858;63:09:0000000:2121;Земельный участок;Самарская область, Центральный район, г. Тольятти, ул. Мира, д. 60, квартал № 88-54;23,0;Муниципальная казна
329;П1100000029580;63:09:0000000:2150;Земельный участок;Самарская область, Центральный район, г. Тольятти, ул. Мира, д. 6;51,0;Муниципальная казна
330;П1100000029786;63:09:0000000:2398;Земельный участок;Самарская область, Центральный район, г. Тольятти, ул. Мира, д. 47;52,0;Муниципальная казна
331;П1100000029589;63:09:0301101:514;Земельный участок;Самарская область, Центральный район, г. Тольятти, ул. Мира, д. 43;20,0;Муниципальная казна
332;П1100000030105;63:09:0301147:1181;Земельный участок;Самарская область, Центральный район, г. Тольятти, ул. Мира, д. 4;23,0;Муниципальная казна
333;П1100000029312;63:09:0301101:520;Земельный участок;Самарская область, Центральный район, г. Тольятти, ул. Мира, д. 39;36,0;Муниципальная казна
334;П1100000007896;63:09:0301101:545;Земельный участок;Самарская область, Центральный район, г. Тольятти, ул. Мира, д. 31, стр. Б;75,0;Муниципальная казна
335;П1100000030098;63:09:0301101:19;Земельный участок;Самарская область, Центральный район, г. Тольятти, ул. Мира, д. 31, стр. а;1361,0;Муниципальная казна
336;П1100000029306;63:09:0301147:1175;Земельный участок;Самарская область, Центральный район, г. Тольятти, ул. Мира, д. 26;14,0;Муниципальная казна
337;П1100000029789;63:09:0000000:2401;Земельный участок;Самарская область, Центральный район, г. Тольятти, ул. Мира, д. 170;20,0;Муниципальная казна
338;П1100000029778;63:09:0301153:536;Земельный участок;Самарская область, Центральный район, г. Тольятти, ул. Мира, д. 170;745,0;Муниципальная казна
339;П1100000028311;63:09:0301153:4;Земельный участок;Самарская область, Центральный район, г. Тольятти, ул. Мира, д. 156;10061,0;Постоянное (бессрочное) пользование
340;П1100000023431;63:09:0301152:577;Земельный участок;Самарская область, Центральный район, г. Тольятти, ул. Мира, д. 142;9653,0;Постоянное (бессрочное) пользование
341;П1100000023605;63:09:0301154:505;Земельный участок;Самарская область, Центральный район, г. Тольятти, ул. Мира, д. 131;10536,0;Постоянное (бессрочное) пользование
342;П1100000029507;63:09:0301151:627;Земельный участок;Самарская область, Центральный район, г. Тольятти, ул. Мира, д. 117;4444,0;Муниципальная казна
343;П1100000023429;63:09:0301152:558;Земельный участок;Самарская область, Центральный район, г. Тольятти, ул. Мира, д. 116;22981,0;Постоянное (бессрочное) пользование
344;П1100000030209;63:09:0301155:514;Земельный участок;Самарская область, Центральный район, г. Тольятти, ул. Мира, д. 107, стр. А;4557,0;Постоянное (бессрочное) пользование
345;П1100000024193;63:09:0301155:525;Земельный участок;Самарская область, Центральный район, г. Тольятти, ул. Мира, д. 105;9159,0;Постоянное (бессрочное) пользование
346;П1100000029690;63:09:0301152:678;Земельный участок;Самарская область, Центральный район, г. Тольятти, ул. Мира, д. 104;3274,0;Муниципальная казна
347;П1100000024194;63:09:0301155:547;Земельный участок;Самарская область, Центральный район, г. Тольятти, ул. Мира, д. 103;10541,0;Постоянное (бессрочное) пользование
348;П1100000029102;63:09:0000000:2352;Земельный участок;Самарская область, Центральный район, г. Тольятти, ул. Мира, д. 100;22,0;Муниципальная казна
349;П1100000029758;63:09:0000000:2337;Земельный участок;Самарская область, Центральный район, г. Тольятти, ул. Мира, д. 100;30,0;Муниципальная казна
350;П1100000029759;63:09:0000000:2338;Земельный участок;Самарская область, Центральный район, г. Тольятти, ул. Мира, д. 100;91,0;Муниципальная казна
351;П1100000028262;63:09:0301147:17;Земельный участок;Самарская область, Центральный район, г. Тольятти, ул. Мира, д. 10;7936,0;Постоянное (бессрочное) пользование
352;П1100000030112;63:09:0301155:12;Земельный участок;"Самарская область, Центральный район, г. Тольятти, ул. Мира, восточнее остановки общественного транспорта, ""27-й квартал""";119,0;Муниципальная казна
353;П1100000028851;63:09:0301151:618;Земельный участок;Самарская область, Центральный район, г. Тольятти, ул. Мира, восточнее жилого дома № 98;27,0;Муниципальная казна
354;П1100000029700;63:09:0301154:527;Земельный участок;"Самарская область, Центральный район, г. Тольятти, ул. Мира, восточнее жилого дома № 117, остановка общественного транспорта ""ул.Карбышева""";760,0;Муниципальная казна
355;П1100000029031;63:09:0000000:2414;Земельный участок;Самарская область, Центральный район, г. Тольятти, ул. Мира, в районе пересечения с ул. Карбышева;1269,0;Муниципальная казна
356;П1100000029792;63:09:0000000:2413;Земельный участок;Самарская область, Центральный район, г. Тольятти, ул. Мира, в районе пересечения с ул. Карбышева;3272,0;Муниципальная казна
357;П1100000030208;63:09:0301154:10;Земельный участок;"Самарская область, Центральный район, г. Тольятти, ул. Мира, в районе остановки общественного транспорта ""ул.Карбышева""";20,0;Муниципальная казна
358;П1100000029705;63:09:0301155:18;Земельный участок;Самарская область, Центральный район, г. Тольятти, ул. Мира, в районе домов № 109 - 111, в квартале № 72;393,0;Муниципальная казна
359;П1100000028857;63:09:0000000:2119;Земельный участок;Самарская область, Центральный район, г. Тольятти, ул. Мира, в районе дома № 56;25,0;Муниципальная казна
360;П1100000029787;63:09:0000000:2399;Земельный участок;Самарская область, Центральный район, г. Тольятти, ул. Мира, в районе дома № 158;160,0;Муниципальная казна
361;П1100000028957;63:09:0301151:628;Земельный участок;Самарская область, Центральный район, г. Тольятти, ул. Мира, в районе дома № 123;20,0;Муниципальная казна
362;П1100000029710;63:09:0301155:7;Земельный участок;Самарская область, Центральный район, г. Тольятти, ул. Мира, в районе дома 101;121,0;Муниципальная казна
363;П1100000028626;63:09:0000000:2418;Земельный участок;Самарская область, Центральный район, г. Тольятти, ул. Мира, в районе д. № 160;113,0;Муниципальная казна
364;П1100000029669;63:09:0301151:640;Земельный участок;Самарская область, Центральный район, г. Тольятти, ул. Мира, в квартале № 89-55, между домами № 39 и № 43;98,0;Муниципальная казна
365;П1100000004437;63:09:0301155:596;Земельный участок;Самарская область, Центральный район, г. Тольятти, ул. Мира, 89Б;94,0;Муниципальная казна
366;П1100000029514;63:09:0301151:626;Земельный участок;Самарская область, Центральный район, г. Тольятти, ул. Мира;3215,0;Муниципальная казна
367;П1100000029781;63:09:0000000:2388;Земельный участок;Самарская область, Центральный район, г. Тольятти, ул. Мира;2413,0;Муниципальная казна
368;П1100000030880;63:09:0301154:4970;Земельный участок;Самарская область, Центральный район, г. Тольятти, ул. Мира;3690,0;Муниципальная казна
369;П1100000030881;63:09:0301154:4971;Земельный участок;Самарская область, Центральный район, г. Тольятти, ул. Мира;525,0;Муниципальная казна
370;П1100000028974;63:09:0000000:1264;Земельный участок;Самарская область, Центральный район, г. Тольятти, ул. Мира;1198,0;Муниципальная казна
371;П1100000031484;63:09:0301172:720;Земельный участок;Самарская область, Центральный район, г. Тольятти, ул. Минская, земельный участок 75/1;292,0;Муниципальная казна
372;П1100000029203;63:09:0301136:1078;Земельный участок;Самарская область, Центральный район, г. Тольятти, ул. Маяковского, д. 59;86,0;Муниципальная казна
373;П1100000030551;63:09:0301172:1317;Земельный участок;Самарская область, Центральный район, г. Тольятти, ул. Марии Ульяновой, д. 108;51,0;Муниципальная казна
374;П1100000029255;63:09:0000000:1227;Земельный участок;Самарская область, Центральный район, г. Тольятти, ул. Лесная, у дома №50;27,0;Муниципальная казна
375;П1100000030096;63:09:0301138:789;Земельный участок;Самарская область, Центральный район, г. Тольятти, ул. Лесная, у дома № 46;156,0;Муниципальная казна
376;П1100000029915;63:09:0000000:2639;Земельный участок;Самарская область, Центральный район, г. Тольятти, ул. Лесная, у дома № 46;96,0;Муниципальная казна
377;П1100000028799;63:09:0301167:1488;Земельный участок;"Самарская область, Центральный район, г. Тольятти, ул. Лесная, садоводческое товарищество института ""Тольяттигражданпроект"", участок №51";28,0;Постоянное (бессрочное) пользование
378;П1100000030219;63:09:0301167:1498;Земельный участок;"Самарская область, Центральный район, г. Тольятти, ул. Лесная, садоводческое товарищество ""Гидростроевец"", участок № 84";60,0;Муниципальная казна
379;П1100000030220;63:09:0301167:1503;Земельный участок;"Самарская область, Центральный район, г. Тольятти, ул. Лесная, садоводческое товарищество ""Гидростроевец"", участок № 20";137,0;Муниципальная казна
380;П1100000028798;63:09:0301167:1459;Земельный участок;"Самарская область, Центральный район, г. Тольятти, ул. Лесная, садоводческое товарищество ""Вишенка"", участок №90";30,0;Муниципальная казна
381;П1100000030944;63:09:0304062:5;Земельный участок;Самарская область, Центральный район, г. Тольятти, ул. Лесная, земельный участок юго-западнее здания, имеющего адрес: ул.Лесная, 1;113260,0;Муниципальная казна
382;П1100000029486;63:09:0301145:1002;Земельный участок;Самарская область, Центральный район, г. Тольятти, ул. Лесная, д. 14;177,0;Муниципальная казна
383;П1100000028098;63:09:0301167:4179;Земельный участок;Самарская область, Центральный район, г. Тольятти, ул. Лесная, д. 13, стр. А;87,0;Муниципальная казна
384;П1100000028153;63:09:0301167:1304;Земельный участок;Самарская область, Центральный район, г. Тольятти, ул. Лесная, д. 1, стр. В;120,0;Муниципальная казна
385;П1100000031438;63:09:0301100:1772;Земельный участок;Самарская область, Центральный район, г. Тольятти, ул. Ленинградская, уч. 54А;2773,0;Муниципальная казна
386;П1100000029285;63:09:0301111:584;Земельный участок;Самарская область, Центральный район, г. Тольятти, ул. Ленинградская, у дома № 55;23,0;Муниципальная казна
387;П1100000029197;63:09:0301111:532;Земельный участок;Самарская область, Центральный район, г. Тольятти, ул. Ленинградская, у дома № 53;283,0;Муниципальная казна
388;П1100000028850;63:09:0301111:534;Земельный участок;Самарская область, Центральный район, г. Тольятти, ул. Ленинградская, у дома № 53;186,0;Муниципальная казна
389;П1100000028780;63:09:0301111:600;Земельный участок;"Самарская область, Центральный район, г. Тольятти, ул. Ленинградская, ООТ ""Театр Колесо""";148,0;Муниципальная казна
390;П1100000029294;63:09:0301111:602;Земельный участок;Самарская область, Центральный район, г. Тольятти, ул. Ленинградская, между домами № 53, 55;16,4;Муниципальная казна
391;П1100000029295;63:09:0301111:603;Земельный участок;Самарская область, Центральный район, г. Тольятти, ул. Ленинградская, между домами № 51 и № 53;22,0;Муниципальная казна
392;П1100000029784;63:09:0000000:2393;Земельный участок;Самарская область, Центральный район, г. Тольятти, ул. Ленинградская, между домами № 50 и № 52;85,0;Муниципальная казна
393;П1100000028868;63:09:0301111:597;Земельный участок;Самарская область, Центральный район, г. Тольятти, ул. Ленинградская, квартал № 89-55, у дома № 44;87,0;Муниципальная казна
394;П1100000031481;63:09:0301164:3932;Земельный участок;Самарская область, Центральный район, г. Тольятти, ул. Ленинградская, земельный участок № 31/4;64,0;Муниципальная казна
395;П1100000030874;63:09:0301164:3684;Земельный участок;Самарская область, Центральный район, г. Тольятти, ул. Ленинградская, земельный участок № 31;7694,0;Постоянное (бессрочное) пользование
396;П1100000029282;63:09:0301111:40;Земельный участок;Самарская область, Центральный район, г. Тольятти, ул. Ленинградская, западнее дома № 55;254,0;Муниципальная казна
397;П1100000015565;63:09:0301100:534;Земельный участок;Самарская область, Центральный район, г. Тольятти, ул. Ленинградская, д. 54;5456,0;Постоянное (бессрочное) пользование
398;П1100000029284;63:09:0301111:583;Земельный участок;Самарская область, Центральный район, г. Тольятти, ул. Ленинградская, д. 53;20,0;Муниципальная казна
399;П1100000028778;63:09:0301100:537;Земельный участок;Самарская область, Центральный район, г. Тольятти, ул. Ленинградская, д. 46;30,0;Муниципальная казна
400;П1100000021397;63:09:0301101:20;Земельный участок;Самарская область, Центральный район, г. Тольятти, ул. Ленинградская, д. 38, квартал 89-55;5426,0;Постоянное (бессрочное) пользование
401;П1100000017042;63:09:0301164:537;Земельный участок;Самарская область, Центральный район, г. Тольятти, ул. Ленинградская, д. 33, стр. а;22455,0;Постоянное (бессрочное) пользование
402;П1100000027962;63:09:0301106:1289;Земельный участок;Самарская область, Центральный район, г. Тольятти, ул. Ленинградская, д. 25;1311,0;Муниципальная казна
403;П1100000029293;63:09:0301111:598;Земельный участок;Самарская область, Центральный район, г. Тольятти, ул. Ленинградская, д. 23;81,0;Муниципальная казна
404;П1100000029590;63:09:0000000:2268;Земельный участок;Самарская область, Центральный район, г. Тольятти, ул. Ленинградская, д. 16;1071,0;Муниципальная казна
405;П1100000029199;63:09:0301111:605;Земельный участок;Самарская область, Центральный район, г. Тольятти, ул. Ленинградская, в районе музыкального училища;26,0;Муниципальная казна
406;П1100000029287;63:09:0301111:590;Земельный участок;Самарская область, Центральный район, г. Тольятти, ул. Ленинградская, в квартале № 75;50,0;Муниципальная казна
407;П1100000029198;63:09:0301111:586;Земельный участок;Самарская область, Центральный район, г. Тольятти, ул. Ленинградская, в квартале 75;68,0;Муниципальная казна
408;П1100000029212;63:09:0301111:601;Земельный участок;Самарская область, Центральный район, г. Тольятти, ул. Ленинградская;229,0;Муниципальная казна
409;П1100000030126;63:09:0000000:2385;Земельный участок;Самарская область, Центральный район, г. Тольятти, ул. Ленинградская;11850,0;Муниципальная казна
410;П1100000029289;63:09:0301111:593;Земельный участок;Самарская область, Центральный район, г. Тольятти, ул. Ленинградская;126,0;Муниципальная казна
411;П1100000029290;63:09:0301111:594;Земельный участок;Самарская область, Центральный район, г. Тольятти, ул. Ленинградская;401,2;Муниципальная казна
412;П1100000030543;63:09:0301171:18;Земельный участок;"Самарская область, Центральный район, г. Тольятти, ул. Ленина, южнее кинотеатра ""Авангард""";43,0;Муниципальная казна
413;П1100000028691;63:09:0000000:2079;Земельный участок;"Самарская область, Центральный район, г. Тольятти, ул. Ленина, у дома № 96 в квартале 14, на остановке общественного транспорта ""Дворец молодежи""";140,0;Муниципальная казна
414;П1100000029498;63:09:0301149:694;Земельный участок;"Самарская область, Центральный район, г. Тольятти, ул. Ленина, у дома № 91, остановка ""Стоматологическая поликлиника""";50,0;Муниципальная казна
415;П1100000030544;63:09:0301171:1198;Земельный участок;Самарская область, Центральный район, г. Тольятти, ул. Ленина, у дома № 60;16,4;Муниципальная казна
416;П1100000029326;63:09:0301173:1467;Земельный участок;Самарская область, Центральный район, г. Тольятти, ул. Ленина, у дома № 53;20,3;Муниципальная казна
417;П1100000028675;63:09:0301171:1194;Земельный участок;Самарская область, Центральный район, г. Тольятти, ул. Ленина, у дома № 53;610,0;Муниципальная казна
418;П1100000030665;63:09:0301143:1;Земельный участок;"Самарская область, Центральный район, г. Тольятти, ул. Ленина, на остановке общественного транспорта ""Магазин ""Северянка""
";130,0;Муниципальная казна
419;П1100000031279;63:09:0301143:990;Земельный участок;Самарская область, Центральный район, г. Тольятти, ул. Ленина, земельный участок № 83В;2007,0;Муниципальная казна
420;П1100000029569;63:09:0000000:2061;Земельный участок;Самарская область, Центральный район, г. Тольятти, ул. Ленина, д. 98;2881,0;Муниципальная казна
421;П1100000028466;63:09:0301149:615;Земельный участок;Самарская область, Центральный район, г. Тольятти, ул. Ленина, д. 95;4231,0;Постоянное (бессрочное) пользование
422;П1100000028337;63:09:0301172:1028;Земельный участок;Самарская область, Центральный район, г. Тольятти, ул. Ленина, д. 58;14500,0;Постоянное (бессрочное) пользование
423;П1100000029302;63:09:0301136:1106;Земельный участок;Самарская область, Центральный район, г. Тольятти, ул. Ленина, д. 57;81,0;Муниципальная казна
424;П1100000030569;63:09:0301173:1468;Земельный участок;Самарская область, Центральный район, г. Тольятти, ул. Ленина, д. 55;15,0;Муниципальная казна
425;П1100000030568;63:09:0301173:1466;Земельный участок;Самарская область, Центральный район, г. Тольятти, ул. Ленина, д. 53, в квартале № 118;18,0;Муниципальная казна
426;П1100000007110;63:09:0301171:1078;Земельный участок;Самарская область, Центральный район, г. Тольятти, ул. Ленина, д. 45;8461,0;Постоянное (бессрочное) пользование
427;П1100000028682;63:09:0303070:530;Земельный участок;Самарская область, Центральный район, г. Тольятти, ул. Ленина, д. 42;1050,0;Муниципальная казна
428;П1100000028608;63:09:0301173:1464;Земельный участок;"Самарская область, Центральный район, г. Тольятти, ул. Ленина, д. 41, в квартале 138 на остановке общественного транспорта ""СПТУ-59""";81,9;Муниципальная казна
429;П1100000006202;63:09:0301136:1032;Земельный участок;Самарская область, Центральный район, г. Тольятти, ул. Ленина, д. 37, стр. б;86,0;Муниципальная казна
430;П1100000029715;63:09:0301158:636;Земельный участок;Самарская область, Центральный район, г. Тольятти, ул. Ленина, д. 131;958,0;Муниципальная казна
431;П1100000028125;63:09:0000000:2368;Земельный участок;Самарская область, Центральный район, г. Тольятти, ул. Ленина, д. 109, 32 квартал;5401,0;Постоянное (бессрочное) пользование
432;П1100000025606;63:09:0301157:522;Земельный участок;Самарская область, Центральный район, г. Тольятти, ул. Ленина, д. 108;22632,0;Постоянное (бессрочное) пользование
433;П1100000031052;63:09:0000000:2340;Земельный участок;"Самарская область, Центральный район, г. Тольятти, ул. Ленина, в районе домов № 114, 118, остановка ""ул. Гагарина""";34,0;Муниципальная казна
434;П1100000028969;63:09:0301143:568;Земельный участок;Самарская область, Центральный район, г. Тольятти, ул. Ленина, в районе дома №75;37,0;Муниципальная казна
435;П1100000028968;63:09:0000000:1233;Земельный участок;Самарская область, Центральный район, г. Тольятти, ул. Ленина, в районе дома № 73;16,0;Муниципальная казна
436;П1100000029251;63:09:0000000:1223;Земельный участок;Самарская область, Центральный район, г. Тольятти, ул. Ленина, в районе дома № 57;30,0;Муниципальная казна
437;П1100000028693;63:09:0000000:2354;Земельный участок;"Самарская область, Центральный район, г. Тольятти, ул. Ленина, в районе дома № 115, остановка общественного транспорта ""ул.Гагарина''";118,0;Муниципальная казна
438;П1100000030567;63:09:0301173:1465;Земельный участок;Самарская область, Центральный район, г. Тольятти, ул. Ленина, в районе № 41;34,0;Муниципальная казна
439;П1100000030652;63:09:0000000:9301;Земельный участок;Самарская область, Центральный район, г. Тольятти, ул. Ларина, от улицы Новопромышленная до улицы Базовая, южнее здания, имеющего адрес: улица Ларина, 144;109962,0;Муниципальная казна
440;П1100000030651;63:09:0000000:9297;Земельный участок;Самарская область, Центральный район, г. Тольятти, ул. Ларина, от улицы Ломоносова до улицы Новопромышленная, южнее здания, имеющего адрес: улица Ларина, 128, строение 11;11539,0;Муниципальная казна
441;П1100000028117;63:09:0301172:86;Земельный участок;Самарская область, Центральный район, г. Тольятти, ул. Ларина, д. 66;2600,0;Постоянное (бессрочное) пользование
442;П1100000030612;63:09:0302051:839;Земельный участок;Самарская область, Центральный район, г. Тольятти, ул. Ларина, д. 187;1129,0;Муниципальная казна
443;П1100000000865;63:09:0302051:82;Земельный участок;Самарская область, Центральный район, г. Тольятти, ул. Ларина, д. 179;1862,0;Муниципальная казна
444;П1100000030548;63:09:0301172:1257;Земельный участок;Самарская область, Центральный район, г. Тольятти, ул. Ларина, д. 114;76,0;Муниципальная казна
445;П1100000030903;63:09:0310003:1649;Земельный участок;Самарская область, Центральный район, г. Тольятти, ул. Лапшева;4,0;Муниципальная казна
446;П1100000030902;63:09:0310003:1652;Земельный участок;Самарская область, Центральный район, г. Тольятти, ул. Лапшева;3,0;Муниципальная казна
447;П1100000030654;63:09:0000000:9308;Земельный участок;Самарская область, Центральный район, г. Тольятти, ул. Кунеевская;66744,0;Постоянное (бессрочное) пользование
448;П1100000028679;63:09:0302051:873;Земельный участок;Самарская область, Центральный район, г. Тольятти, ул. Комсомольская, южнее ГСК № 41/2;69,0;Муниципальная казна
449;П1100000028609;63:09:0302051:33;Земельный участок;"Самарская область, Центральный район, г. Тольятти, ул. Комсомольская, остановка ""НТБ банк""";82,0;Муниципальная казна
450;П1100000029790;63:09:0000000:2404;Земельный участок;Самарская область, Центральный район, г. Тольятти, ул. Комсомольская, Мира, в районе №170;331,0;Муниципальная казна
451;П1100000029473;63:09:0301140:589;Земельный участок;Самарская область, Центральный район, г. Тольятти, ул. Комсомольская, между домами № 80 и № 82;68,3;Муниципальная казна
452;П1100000029478;63:09:0301144:657;Земельный участок;Самарская область, Центральный район, г. Тольятти, ул. Комсомольская, квартал 11;2896,0;Муниципальная казна
453;П1100000031397;63:09:0302051:5245;Земельный участок;Самарская область, Центральный район, г. Тольятти, ул. Комсомольская, земельный участок №90/1;5969,0;Постоянное (бессрочное) пользование
454;П1100000031134;63:09:0301167:5364;Земельный участок;Самарская область, Центральный район, г. Тольятти, ул. Комсомольская, земельный участок № 2Б/1;1194,0;Муниципальная казна
455;П1100000031119;63:09:0301152:4570;Земельный участок;Самарская область, Центральный район, г. Тольятти, ул. Комсомольская, земельный участок № 163Б;171,0;Муниципальная казна
456;П1100000031561;63:09:0302051:5445;Земельный участок;Самарская область, Центральный район, г. Тольятти, ул. Комсомольская, земельный участок 96А;906,0;Муниципальная казна
457;П1100000031563;63:09:0302051:5447;Земельный участок;Самарская область, Центральный район, г. Тольятти, ул. Комсомольская, земельный участок 96/3;1549,0;Муниципальная казна
458;П1100000031564;63:09:0302051:5448;Земельный участок;Самарская область, Центральный район, г. Тольятти, ул. Комсомольская, земельный участок 96/12;3990,0;Муниципальная казна
459;П1100000031562;63:09:0302051:5446;Земельный участок;Самарская область, Центральный район, г. Тольятти, ул. Комсомольская, земельный участок 96/11;439,0;Муниципальная казна
460;П1100000029006;63:09:0000000:2074;Земельный участок;Самарская область, Центральный район, г. Тольятти, ул. Комсомольская, д.159-З/788, гараж №788;31,0;Муниципальная казна
461;П1100000029315;63:09:0301152:673;Земельный участок;Самарская область, Центральный район, г. Тольятти, ул. Комсомольская, д.157Б/8, гараж № 8;44,0;Муниципальная казна
462;П1100000029316;63:09:0301152:677;Земельный участок;Самарская область, Центральный район, г. Тольятти, ул. Комсомольская, д.157/97, гараж № 97;38,0;Муниципальная казна
463;П1100000031493;63:09:0302051:612;Земельный участок;Самарская область, Центральный район, г. Тольятти, ул. Комсомольская, д. 96;46900,0;Муниципальная казна
464;П1100000028782;63:09:0301152:680;Земельный участок;Самарская область, Центральный район, г. Тольятти, ул. Комсомольская, д. 94, в районе пересечения с ул.Баныкина;136,0;Муниципальная казна
465;П1100000029500;63:09:0301149:697;Земельный участок;Самарская область, Центральный район, г. Тольятти, ул. Комсомольская, д. 93;2136,0;Постоянное (бессрочное) пользование
466;П1100000030605;63:09:0302051:618;Земельный участок;Самарская область, Центральный район, г. Тольятти, ул. Комсомольская, д. 88;6606,0;Муниципальная казна
467;П1100000030626;63:09:0302051:886;Земельный участок;Самарская область, Центральный район, г. Тольятти, ул. Комсомольская, д. 86-г/39, гараж № 39;40,0;Муниципальная казна
468;П1100000030623;63:09:0302051:874;Земельный участок;Самарская область, Центральный район, г. Тольятти, ул. Комсомольская, д. 86Г/213, гараж № 213;32,0;Муниципальная казна
469;П1100000030622;63:09:0302051:872;Земельный участок;Самарская область, Центральный район, г. Тольятти, ул. Комсомольская, д. 86, стр. Г, ГСК-1, гаражный бокс 11;33,0;Муниципальная казна
470;П1100000030625;63:09:0302051:881;Земельный участок;Самарская область, Центральный район, г. Тольятти, ул. Комсомольская, д. 86, стр. В;1147,0;Постоянное (бессрочное) пользование
471;П1100000030602;63:09:0302051:593;Земельный участок;Самарская область, Центральный район, г. Тольятти, ул. Комсомольская, д. 86, стр. В;4600,0;Муниципальная казна
472;П1100000030827;63:09:0302051:558;Земельный участок;Самарская область, Центральный район, г. Тольятти, ул. Комсомольская, д. 86, стр. в;9807,0;Постоянное (бессрочное) пользование
473;П1100000030670;63:09:0301142:713;Земельный участок;Самарская область, Центральный район, г. Тольятти, ул. Комсомольская, д. 78;21876,0;Постоянное (бессрочное) пользование
474;П1100000030671;63:09:0301142:714;Земельный участок;Самарская область, Центральный район, г. Тольятти, ул. Комсомольская, д. 76, стр. а;1178,0;Постоянное (бессрочное) пользование
475;П1100000029482;63:09:0301144:671;Земельный участок;Самарская область, Центральный район, г. Тольятти, ул. Комсомольская, д. 66;28,0;Муниципальная казна
476;П1100000029477;63:09:0301144:10;Земельный участок;Самарская область, Центральный район, г. Тольятти, ул. Комсомольская, д. 52;1408,0;Муниципальная казна
477;П1100000029492;63:09:0301146:794;Земельный участок;Самарская область, Центральный район, г. Тольятти, ул. Комсомольская, д. 22;5145,0;Муниципальная казна
478;П1100000029754;63:09:0301167:1352;Земельный участок;Самарская область, Центральный район, г. Тольятти, ул. Комсомольская, д. 2, стр. Б;3125,0;Муниципальная казна
479;П1100000029741;63:09:0301167:1357;Земельный участок;Самарская область, Центральный район, г. Тольятти, ул. Комсомольская, д. 2, стр. А;2471,0;Муниципальная казна
480;П1100000029688;63:09:0301152:671;Земельный участок;Самарская область, Центральный район, г. Тольятти, ул. Комсомольская, д. 159З/881, гараж № 881;31,0;Муниципальная казна
481;П1100000029673;63:09:0301152:10;Земельный участок;Самарская область, Центральный район, г. Тольятти, ул. Комсомольская, д. 159-В/742, гараж № 742;20,0;Муниципальная казна
482;П1100000029686;63:09:0301152:667;Земельный участок;Самарская область, Центральный район, г. Тольятти, ул. Комсомольская, д. 159В/734, гаражный бокс № 734;33,0;Постоянное (бессрочное) пользование
483;П1100000029766;63:09:0000000:2349;Земельный участок;Самарская область, Центральный район, г. Тольятти, ул. Комсомольская, д. 159, стр. Е;2380,0;Муниципальная казна
484;П1100000029696;63:09:0301152:688;Земельный участок;Самарская область, Центральный район, г. Тольятти, ул. Комсомольская, д. 159 Г, гараж № 912;36,0;Постоянное (бессрочное) пользование
485;П1100000029674;63:09:0301152:2;Земельный участок;Самарская область, Центральный район, г. Тольятти, ул. Комсомольская, д. 157Б/2А, гараж № 2-а;20,0;Муниципальная казна
486;П1100000028131;63:09:0301151:649;Земельный участок;Самарская область, Центральный район, г. Тольятти, ул. Комсомольская, д. 155, квартал 26;9571,0;Постоянное (бессрочное) пользование
487;П1100000029689;63:09:0301152:676;Земельный участок;Самарская область, Центральный район, г. Тольятти, ул. Комсомольская, д. 153;2992,0;Муниципальная казна
488;П1100000029572;63:09:0000000:2077;Земельный участок;Самарская область, Центральный район, г. Тольятти, ул. Комсомольская, д. 151;36,0;Муниципальная казна
489;П1100000029672;63:09:0301151:648;Земельный участок;Самарская область, Центральный район, г. Тольятти, ул. Комсомольская, д. 151;4095,0;Муниципальная казна
490;П1100000025071;63:09:0301150:1;Земельный участок;Самарская область, Центральный район, г. Тольятти, ул. Комсомольская, д. 141;11007,0;Постоянное (бессрочное) пользование
491;П1100000025073;63:09:0301150:530;Земельный участок;Самарская область, Центральный район, г. Тольятти, ул. Комсомольская, д. 127;8950,0;Постоянное (бессрочное) пользование
492;П1100000028571;63:09:0000000:2101;Земельный участок;Самарская область, Центральный район, г. Тольятти, ул. Комсомольская, восточнее д. № 40 в квартале 42-44;47,0;Муниципальная казна
493;П1100000028856;63:09:0000000:2107;Земельный участок;Самарская область, Центральный район, г. Тольятти, ул. Комсомольская, в квартале 10;42,0;Муниципальная казна
494;П1100000030624;63:09:0302051:878;Земельный участок;Самарская область, Центральный район, г. Тольятти, ул. Комсомольская, 86-Г/145, гараж № 145;20,0;Муниципальная казна
495;П1100000029685;63:09:0301152:666;Земельный участок;Самарская область, Центральный район, г. Тольятти, ул. Комсомольская, 161К/6, гараж № 6;45,0;Постоянное (бессрочное) пользование
496;П1100000029695;63:09:0301152:686;Земельный участок;Самарская область, Центральный район, г. Тольятти, ул. Комсомольская, 159-З/881, гараж № 881;28,0;Постоянное (бессрочное) пользование
497;П1100000029687;63:09:0301152:669;Земельный участок;Самарская область, Центральный район, г. Тольятти, ул. Комсомольская, 159б/37, гараж № 37;45,0;Муниципальная казна
498;П1100000029683;63:09:0301152:604;Земельный участок;Самарская область, Центральный район, г. Тольятти, ул. Комсомольская, 159/3/825, гаражный бокс № 825;40,0;Постоянное (бессрочное) пользование
499;П1100000029742;63:09:0304062:503;Земельный участок;Самарская область, Центральный район, г. Тольятти, ул. Комсомольская;5029,0;Муниципальная казна
500;П1100000029495;63:09:0301146:973;Земельный участок;Самарская область, Центральный район, г. Тольятти, ул. Комсомольская;3681,0;Муниципальная казна
501;П1100000030528;63:09:0301169:917;Земельный участок;Самарская область, Центральный район, г. Тольятти, ул. Комзина, д.29А/49, гараж № 49.;61,0;Муниципальная казна
502;П1100000030527;63:09:0301169:915;Земельный участок;Самарская область, Центральный район, г. Тольятти, ул. Комзина, д.29А/20, гараж № 20;40,0;Муниципальная казна
503;П1100000030641;63:09:0305025:556;Земельный участок;Самарская область, Центральный район, г. Тольятти, ул. Комзина, д. 6;41641,0;Муниципальная казна
504;П1100000030529;63:09:0301169:919;Земельный участок;Самарская область, Центральный район, г. Тольятти, ул. Комзина, д. 29А/35, гараж № 35;36,0;Муниципальная казна
505;П1100000025467;63:09:0301170:20;Земельный участок;Самарская область, Центральный район, г. Тольятти, ул. Комзина, д. 2, стр. а;12185,0;Муниципальная казна
506;П1100000030246;63:09:0301169:816;Земельный участок;Самарская область, Центральный район, г. Тольятти, ул. Комзина, д. 19, стр. А;311,0;Муниципальная казна
507;П1100000030538;63:09:0301171:1157;Земельный участок;Самарская область, Центральный район, г. Тольятти, ул. Кирова, д. 3, стр. Б;27,0;Муниципальная казна
508;П1100000029743;63:09:0301167:1360;Земельный участок;Самарская область, Центральный район, г. Тольятти, ул. Кирова, д. 14;73,0;Муниципальная казна
509;П1100000029475;63:09:0301143:575;Земельный участок;Самарская область, Центральный район, г. Тольятти, ул. Киевская, д. 11;199,0;Муниципальная казна
510;П1100000028854;63:09:0301158:639;Земельный участок;Самарская область, Центральный район, г. Тольятти, ул. Карла Маркса, южнее д.№68;58,0;Муниципальная казна
511;П1100000030578;63:09:0301173:1492;Земельный участок;Самарская область, Центральный район, г. Тольятти, ул. Карла Маркса, ЦПКиО;1037,0;Муниципальная казна
512;П1100000028789;63:09:0000000:9184;Земельный участок;Самарская область, Центральный район, г. Тольятти, ул. Карла Маркса, участок от улицы Лесная до улицы Комсомольская;45775,0;Муниципальная казна
513;П1100000028790;63:09:0000000:9185;Земельный участок;Самарская область, Центральный район, г. Тольятти, ул. Карла Маркса, участок от улицы Комсомольской до улицы Гагарина;24042,0;Муниципальная казна
514;П1100000028791;63:09:0000000:9196;Земельный участок;Самарская область, Центральный район, г. Тольятти, ул. Карла Маркса, участок от улицы Гагарина до улицы Ленинградской;14712,0;Муниципальная казна
515;П1100000028672;63:09:0301145:783;Земельный участок;Самарская область, Центральный район, г. Тольятти, ул. Карла Маркса, у дома №23;162,0;Муниципальная казна
516;П1100000028783;63:09:0301173:1482;Земельный участок;"Самарская область, Центральный район, г. Тольятти, ул. Карла Маркса, ост. ""к/т Буревестник""";27,0;Муниципальная казна
517;П1100000028684;63:09:0301173:1491;Земельный участок;"Самарская область, Центральный район, г. Тольятти, ул. Карла Маркса, на остановке общественного транспорта ""Кинотеатр ""Космос"" на территории парка культуры и отдыха Центрального района";69,0;Муниципальная казна
518;П1100000028972;63:09:0000000:1260;Земельный участок;"Самарская область, Центральный район, г. Тольятти, ул. Карла Маркса, на остановке общественного транспорта ""Кинотеатр ""Космос""";81,6;Муниципальная казна
519;П1100000028055;63:09:0301158:633;Земельный участок;Самарская область, Центральный район, г. Тольятти, ул. Карла Маркса, д.56А;49,0;Муниципальная казна
520;П1100000029318;63:09:0301159:4;Земельный участок;Самарская область, Центральный район, г. Тольятти, ул. Карла Маркса, д.41-а/10, гараж № 10;31,0;Муниципальная казна
521;П1100000029782;63:09:0000000:2389;Земельный участок;Самарская область, Центральный район, г. Тольятти, ул. Карла Маркса, д. 86, кв. 20, 33;62,0;Муниципальная казна
522;П1100000029718;63:09:0301158:641;Земельный участок;Самарская область, Центральный район, г. Тольятти, ул. Карла Маркса, д. 77;1699,0;Муниципальная казна
523;П1100000029022;63:09:0000000:2355;Земельный участок;Самарская область, Центральный район, г. Тольятти, ул. Карла Маркса, д. 60;122,0;Муниципальная казна
524;П1100000025547;63:09:0301159:11;Земельный участок;Самарская область, Центральный район, г. Тольятти, ул. Карла Маркса, д. 59;14279,0;Постоянное (бессрочное) пользование
525;П1100000029578;63:09:0000000:2129;Земельный участок;Самарская область, Центральный район, г. Тольятти, ул. Карла Маркса, д. 58;25,0;Муниципальная казна
526;П1100000029577;63:09:0000000:2128;Земельный участок;Самарская область, Центральный район, г. Тольятти, ул. Карла Маркса, д. 51;869,0;Муниципальная казна
527;П1100000029261;63:09:0000000:1256;Земельный участок;Самарская область, Центральный район, г. Тольятти, ул. Карла Маркса, д. 47;11,4;Муниципальная казна
528;П1100000029721;63:09:0301159:580;Земельный участок;Самарская область, Центральный район, г. Тольятти, ул. Карла Маркса, д. 45, стр. А, гараж № 1;50,0;Муниципальная казна
529;П1100000027972;63:09:0301149:625;Земельный участок;Самарская область, Центральный район, г. Тольятти, ул. Карла Маркса, д. 42;1044,0;Муниципальная казна
530;П1100000028245;63:09:0301149:1586;Земельный участок;Самарская область, Центральный район, г. Тольятти, ул. Карла Маркса, д. 40, стр. А;1140,0;Муниципальная казна
531;П1100000029720;63:09:0301159:579;Земельный участок;Самарская область, Центральный район, г. Тольятти, ул. Карла Маркса, д. 39;2852,0;Муниципальная казна
532;П1100000024042;63:09:0301146:104;Земельный участок;Самарская область, Центральный район, г. Тольятти, ул. Карла Маркса, д. 27;2605,0;Постоянное (бессрочное) пользование
533;П1100000028298;63:09:0301173:3851;Земельный участок;Самарская область, Центральный район, г. Тольятти, ул. Карла Маркса, д. 16А;2190,0;Муниципальная казна
534;П1100000030561;63:09:0301173:1205;Земельный участок;Самарская область, Центральный район, г. Тольятти, ул. Карла Маркса, д. 16, стр. А;767,0;Муниципальная казна
535;П1100000028671;63:09:0301145:26;Земельный участок;Самарская область, Центральный район, г. Тольятти, ул. Карла Маркса, д. 1;912,0;Муниципальная казна
536;П1100000030818;63:09:0301153:564;Земельный участок;Самарская область, Центральный район, г. Тольятти, ул. Карбышева, севернее дома 111/13;37,0;Муниципальная казна
537;П1100000031120;63:09:0301153:2284;Земельный участок;Самарская область, Центральный район, г. Тольятти, ул. Карбышева, земельный участок № 2Г;457,0;Муниципальная казна
538;П1100000030207;63:09:0301153:558;Земельный участок;Самарская область, Центральный район, г. Тольятти, ул. Карбышева, д. 2;3886,0;Муниципальная казна
539;П1100000015688;63:09:0301155:512;Земельный участок;Самарская область, Центральный район, г. Тольятти, ул. Карбышева, д. 19, стр. А;957,0;Муниципальная казна
540;П1100000028120;63:09:0301154:548;Земельный участок;Самарская область, Центральный район, г. Тольятти, ул. Карбышева, д. 18;10723,0;Постоянное (бессрочное) пользование
541;П1100000028414;63:09:0301155:22;Земельный участок;Самарская область, Центральный район, г. Тольятти, ул. Карбышева, д. 17;3278,0;Муниципальная казна
542;П1100000029317;63:09:0301155:554;Земельный участок;Самарская область, Центральный район, г. Тольятти, ул. Карбышева, в районе хозблока № 17;30,0;Муниципальная казна
543;П1100000028852;63:09:0301153:563;Земельный участок;Самарская область, Центральный район, г. Тольятти, ул. Карбышева, в районе д. № 152;198,0;Муниципальная казна
544;П1100000028326;63:09:0301166:3534;Земельный участок;Самарская область, Центральный район, г. Тольятти, ул. Калмыцкая, земельный участок № 50;12000,0;Постоянное (бессрочное) пользование
545;П1100000028252;63:09:0301166:3514;Земельный участок;Самарская область, Центральный район, г. Тольятти, ул. Калмыцкая, д. 48, стр. А;108,0;Муниципальная казна
546;П1100000030239;63:09:0301168:818;Земельный участок;Самарская область, Центральный район, г. Тольятти, ул. Калиновая, д. 2;242,0;Муниципальная казна
547;П1100000030238;63:09:0301168:817;Земельный участок;Самарская область, Центральный район, г. Тольятти, ул. Калиновая, д. 2;81,0;Муниципальная казна
548;П1100000030240;63:09:0301168:838;Земельный участок;Самарская область, Центральный район, г. Тольятти, ул. Калиновая, д. 10;816,0;Муниципальная казна
549;П1100000030575;63:09:0301173:1484;Земельный участок;Самарская область, Центральный район, г. Тольятти, ул. Калинина;876,0;Муниципальная казна
550;П1100000030244;63:09:0301169:686;Земельный участок;Самарская область, Центральный район, г. Тольятти, ул. Инженерная, д. 74, мкр. Портовый, строение 2;1277,0;Муниципальная казна
551;П1100000030243;63:09:0301169:666;Земельный участок;Самарская область, Центральный район, г. Тольятти, ул. Инженерная, д. 72;1225,0;Муниципальная казна
552;П1100000030253;63:09:0301169:892;Земельный участок;Самарская область, Центральный район, г. Тольятти, ул. Инженерная, д. 52, кв. 1;554,0;Муниципальная казна
553;П1100000030242;63:09:0301169:641;Земельный участок;Самарская область, Центральный район, г. Тольятти, ул. Инженерная, д. 46;207,0;Муниципальная казна
554;П1100000030249;63:09:0301169:854;Земельный участок;Самарская область, Центральный район, г. Тольятти, ул. Инженерная, д. 43;147,0;Муниципальная казна
555;П1100000030533;63:09:0301169:930;Земельный участок;Самарская область, Центральный район, г. Тольятти, ул. Инженерная, д. 40;639,0;Муниципальная казна
556;П1100000028341;63:09:0301169:1421;Земельный участок;Самарская область, Центральный район, г. Тольятти, ул. Инженерная, д. 30;101,0;Муниципальная казна
557;П1100000030532;63:09:0301169:927;Земельный участок;Самарская область, Центральный район, г. Тольятти, ул. Инженерная, д. 27;115,0;Муниципальная казна
558;П1100000030251;63:09:0301169:862;Земельный участок;Самарская область, Центральный район, г. Тольятти, ул. Инженерная, д. 13, стр. /1;61,0;Муниципальная казна
559;П1100000031428;63:09:0302051:5266;Земельный участок;Самарская область, Центральный район, г. Тольятти, ул. Индустриальная, уч. 3Б/1;3961,0;Муниципальная казна
560;П1100000030620;63:09:0302051:866;Земельный участок;Самарская область, Центральный район, г. Тольятти, ул. Индустриальная, Северный промузел;3227,0;Постоянное (бессрочное) пользование
561;П1100000030599;63:09:0302051:534;Земельный участок;Самарская область, Центральный район, г. Тольятти, ул. Индустриальная, д. 9;988,0;Муниципальная казна
562;П1100000030600;63:09:0302051:535;Земельный участок;Самарская область, Центральный район, г. Тольятти, ул. Индустриальная, д. 5;6755,0;Муниципальная казна
563;П1100000030598;63:09:0302051:512;Земельный участок;Самарская область, Центральный район, г. Тольятти, ул. Индустриальная, д. 3, стр. Б;370,0;Муниципальная казна
564;П1100000030595;63:09:0302051:116;Земельный участок;Самарская область, Центральный район, г. Тольятти, ул. Индустриальная, д. 1, стр. а;23926,0;Муниципальная казна
565;П1100000030364;63:09:0201061:1961;Земельный участок;Самарская область, Центральный район, г. Тольятти, ул. Задельная, д. 2;961,0;Муниципальная казна
566;П1100000028895;63:09:0301160:585;Земельный участок;Самарская область, Центральный район, г. Тольятти, ул. Жилина, у дома №17;22,0;Муниципальная казна
567;П1100000029722;63:09:0301159:582;Земельный участок;Самарская область, Центральный район, г. Тольятти, ул. Жилина, у дома № 26;18,0;Муниципальная казна
568;П1100000028971;63:09:0000000:1258;Земельный участок;Самарская область, Центральный район, г. Тольятти, ул. Жилина, северо-восточнее жилого дома № 6;28,0;Муниципальная казна
569;П1100000031115;63:09:0301111:4174;Земельный участок;Самарская область, Центральный район, г. Тольятти, ул. Жилина, земельный участок № 40Б;303,0;Муниципальная казна
570;П1100000029576;63:09:0000000:2120;Земельный участок;Самарская область, Центральный район, г. Тольятти, ул. Жилина, д.15А/2А, гараж №2А;43,0;Муниципальная казна
571;П1100000019102;63:09:0301111:535;Земельный участок;Самарская область, Центральный район, г. Тольятти, ул. Жилина, д. 52;9773,0;Постоянное (бессрочное) пользование
572;П1100000029286;63:09:0301111:585;Земельный участок;Самарская область, Центральный район, г. Тольятти, ул. Жилина, д. 50, стр. А, гаражный бокс № 2.;48,0;Муниципальная казна
573;П1100000019103;63:09:0301111:554;Земельный участок;Самарская область, Центральный район, г. Тольятти, ул. Жилина, д. 50, квартал 75;9902,0;Постоянное (бессрочное) пользование
574;П1100000028360;63:09:0301160:560;Земельный участок;Самарская область, Центральный район, г. Тольятти, ул. Жилина, д. 5;1538,0;Постоянное (бессрочное) пользование
575;П1100000017065;63:09:0301111:582;Земельный участок;Самарская область, Центральный район, г. Тольятти, ул. Жилина, д. 48;10180,0;Постоянное (бессрочное) пользование
576;П1100000017048;63:09:0301162:516;Земельный участок;Самарская область, Центральный район, г. Тольятти, ул. Жилина, д. 32;12471,0;Постоянное (бессрочное) пользование
577;П1100000029783;63:09:0000000:2392;Земельный участок;Самарская область, Центральный район, г. Тольятти, ул. Жилина, д. 25;850,0;Муниципальная казна
578;П1100000029272;63:09:0301100:507;Земельный участок;Самарская область, Центральный район, г. Тольятти, ул. Жилина, д. 25;64,0;Муниципальная казна
579;П1100000029010;63:09:0000000:2118;Земельный участок;Самарская область, Центральный район, г. Тольятти, ул. Жилина, д. 17, стр. А;41,0;Муниципальная казна
580;П1100000029263;63:09:0000000:1259;Земельный участок;Самарская область, Центральный район, г. Тольятти, ул. Жилина, в районе дома № 6;38,0;Муниципальная казна
581;П1100000028973;63:09:0000000:1261;Земельный участок;Самарская область, Центральный район, г. Тольятти, ул. Жилина, в районе дома № 14;19,0;Муниципальная казна
582;П1100000029288;63:09:0301111:592;Земельный участок;Самарская область, Центральный район, г. Тольятти, ул. Жилина, 50-А/3, гараж № 3;21,0;Муниципальная казна
583;П1100000029012;63:09:0000000:2127;Земельный участок;Самарская область, Центральный район, г. Тольятти, ул. Жилина, 20А/9, гараж № 9;49,0;Постоянное (бессрочное) пользование
584;П1100000029011;63:09:0000000:2126;Земельный участок;Самарская область, Центральный район, г. Тольятти, ул. Жилина, 20-А/12, гараж № 12;43,0;Муниципальная казна
585;П1100000029014;63:09:0000000:2131;Земельный участок;Самарская область, Центральный район, г. Тольятти, ул. Жилина, 15-А/2-Б, гараж № 2б;42,0;Муниципальная казна
586;П1100000029098;63:09:0000000:2110;Земельный участок;Самарская область, Центральный район, г. Тольятти, ул. Жилина, 15-А/15, гараж № 15;20,0;Муниципальная казна
587;П1100000029678;63:09:0301152:656;Земельный участок;Самарская область, Центральный район, г. Тольятти, ул. Жигулевская, д. 8/2;74,0;Муниципальная казна
588;П1100000031558;63:09:0310003:987;Земельный участок;Самарская область, Центральный район, г. Тольятти, ул. Грачева, земельный участок 45;3600,0;Муниципальная казна
589;П1100000028784;63:09:0301173:1483;Земельный участок;Самарская область, Центральный район, г. Тольятти, ул. Горького, у дома №36;21,0;Муниципальная казна
590;П1100000028869;63:09:0301140:20;Земельный участок;Самарская область, Центральный район, г. Тольятти, ул. Горького, у дома № 92 в квартале № 21;1804,0;Муниципальная казна
591;П1100000029586;63:09:0000000:2211;Земельный участок;Самарская область, Центральный район, г. Тольятти, ул. Горького, у дома № 92;21,0;Муниципальная казна
592;П1100000029099;63:09:0000000:2215;Земельный участок;Самарская область, Центральный район, г. Тольятти, ул. Горького, у дома № 92;16,0;Муниципальная казна
593;П1100000029256;63:09:0000000:1240;Земельный участок;Самарская область, Центральный район, г. Тольятти, ул. Горького, у дома № 60;27,0;Муниципальная казна
594;П1100000028670;63:09:0301145:1004;Земельный участок;Самарская область, Центральный район, г. Тольятти, ул. Горького, у дома № 47;24,0;Муниципальная казна
595;П1100000030565;63:09:0301173:1454;Земельный участок;Самарская область, Центральный район, г. Тольятти, ул. Горького, ООТ ''Кинотеатр ''Буревестник'';189,0;Муниципальная казна
596;П1100000028040;63:09:0301174:1004;Земельный участок;Самарская область, Центральный район, г. Тольятти, ул. Горького, на земельном участке расположено здание школы (условный номер 63:09:0000000:0000//3:0005192:АА1А2//0065:13:3020:088:0:0, имеющего адрес: Самарская область, г.Тольятти, Центральный район, ул.Горького, 88);15345,0;Постоянное (бессрочное) пользование
597;П1100000030574;63:09:0301173:615;Земельный участок;Самарская область, Центральный район, г. Тольятти, ул. Горького, между домами № 44 и № 46.;96,0;Муниципальная казна
598;П1100000030255;63:09:0301173:1428;Земельный участок;Самарская область, Центральный район, г. Тольятти, ул. Горького, между домами № 38 и № 40;52,0;Муниципальная казна
599;П1100000030573;63:09:0301173:1479;Земельный участок;Самарская область, Центральный район, г. Тольятти, ул. Горького, между домами № 38 и № 40;14,1;Муниципальная казна
600;П1100000029480;63:09:0301144:666;Земельный участок;Самарская область, Центральный район, г. Тольятти, ул. Горького, между домами № 29-31;24,0;Муниципальная казна
601;П1100000030572;63:09:0301173:1477;Земельный участок;Самарская область, Центральный район, г. Тольятти, ул. Горького, между домами 38 и 40, в квартале № 9-84;16,4;Муниципальная казна
602;П1100000029588;63:09:0000000:2218;Земельный участок;"Самарская область, Центральный район, г. Тольятти, ул. Горького, д. 92, в районе маг. ""Весна""";58,0;Муниципальная казна
603;П1100000028859;63:09:0000000:2139;Земельный участок;Самарская область, Центральный район, г. Тольятти, ул. Горького, д. 92, в квартале 21;45,0;Муниципальная казна
604;П1100000029585;63:09:0000000:2210;Земельный участок;Самарская область, Центральный район, г. Тольятти, ул. Горького, д. 92;1659,0;Муниципальная казна
605;П1100000029579;63:09:0000000:2137;Земельный участок;Самарская область, Центральный район, г. Тольятти, ул. Горького, д. 92;29,0;Муниципальная казна
606;П1100000029581;63:09:0000000:2155;Земельный участок;Самарская область, Центральный район, г. Тольятти, ул. Горького, д. 92;24,3;Муниципальная казна
607;П1100000030121;63:09:0000000:2213;Земельный участок;Самарская область, Центральный район, г. Тольятти, ул. Горького, д. 92;23,3;Муниципальная казна
608;П1100000029472;63:09:0301140:588;Земельный участок;Самарская область, Центральный район, г. Тольятти, ул. Горького, д. 66;23,0;Муниципальная казна
609;П1100000029471;63:09:0301140:25;Земельный участок;Самарская область, Центральный район, г. Тольятти, ул. Горького, д. 63;1063,0;Муниципальная казна
610;П1100000030571;63:09:0301173:1476;Земельный участок;Самарская область, Центральный район, г. Тольятти, ул. Горького, д. 60;86,0;Муниципальная казна
611;П1100000001190;63:09:0301173:1125;Земельный участок;Самарская область, Центральный район, г. Тольятти, ул. Горького, д. 56;7881,0;Постоянное (бессрочное) пользование
612;П1100000005491;63:09:0301141:3;Земельный участок;Самарская область, Центральный район, г. Тольятти, ул. Горького, д. 49, 16 квартал;11722,0;Постоянное (бессрочное) пользование
613;П1100000024898;63:09:0301143:545;Земельный участок;Самарская область, Центральный район, г. Тольятти, ул. Горького, д. 39;24226,0;Постоянное (бессрочное) пользование
614;П1100000028624;63:09:0000000:2105;Земельный участок;Самарская область, Центральный район, г. Тольятти, ул. Горького, д. 31, стр. а;76,0;Муниципальная казна
615;П1100000029485;63:09:0301144:680;Земельный участок;Самарская область, Центральный район, г. Тольятти, ул. Горького, д. 29;2947,0;Муниципальная казна
616;П1100000029487;63:09:0301145:1003;Земельный участок;Самарская область, Центральный район, г. Тольятти, ул. Горького, д. 12;16,0;Муниципальная казна
617;П1100000030570;63:09:0301173:1474;Земельный участок;Самарская область, Центральный район, г. Тольятти, ул. Горького, в районе дома № 60;81,0;Муниципальная казна
618;П1100000030562;63:09:0301173:1403;Земельный участок;Самарская область, Центральный район, г. Тольятти, ул. Горького, в районе дома № 58;18,0;Муниципальная казна
619;П1100000029474;63:09:0301141:525;Земельный участок;Самарская область, Центральный район, г. Тольятти, ул. Горького, в районе дома № 47;80,0;Муниципальная казна
620;П1100000028059;63:09:0301173:1383;Земельный участок;Самарская область, Центральный район, г. Тольятти, ул. Горького, 56А;71,0;Муниципальная казна
621;П1100000028931;63:09:0301142:3;Земельный участок;Самарская область, Центральный район, г. Тольятти, ул. Горького;2555,0;Муниципальная казна
622;П1100000029676;63:09:0301152:501;Земельный участок;Самарская область, Центральный район, г. Тольятти, ул. Голосова, у дома № 20;16,0;Муниципальная казна
623;П1100000029200;63:09:0301115:557;Земельный участок;Самарская область, Центральный район, г. Тольятти, ул. Голосова, у дома № 113;87,0;Муниципальная казна
624;П1100000028932;63:09:0301151:616;Земельный участок;Самарская область, Центральный район, г. Тольятти, ул. Голосова, между домами № 59 и № 57;193,0;Муниципальная казна
625;П1100000028781;63:09:0301151:613;Земельный участок;Самарская область, Центральный район, г. Тольятти, ул. Голосова, между домами 59 и 61;29,0;Муниципальная казна
626;П1100000031125;63:09:0301155:4336;Земельный участок;Самарская область, Центральный район, г. Тольятти, ул. Голосова, земельный участок 38А;653,0;Муниципальная казна
627;П1100000028457;63:09:0301115:30;Земельный участок;Самарская область, Центральный район, г. Тольятти, ул. Голосова, д. 99;1537,0;Муниципальная казна
628;П1100000029297;63:09:0301115:509;Земельный участок;Самарская область, Центральный район, г. Тольятти, ул. Голосова, д. 97, стр. А;91,0;Муниципальная казна
629;П1100000024273;63:09:0301151:501;Земельный участок;Самарская область, Центральный район, г. Тольятти, ул. Голосова, д. 83;23652,0;Постоянное (бессрочное) пользование
630;П1100000029773;63:09:0000000:2376;Земельный участок;Самарская область, Центральный район, г. Тольятти, ул. Голосова, д. 44, стр. А;120,0;Муниципальная казна
631;П1100000024192;63:09:0301155:523;Земельный участок;Самарская область, Центральный район, г. Тольятти, ул. Голосова, д. 34;26237,0;Постоянное (бессрочное) пользование
632;П1100000029298;63:09:0301115:538;Земельный участок;Самарская область, Центральный район, г. Тольятти, ул. Голосова, д. 105, стр. А;389,0;Муниципальная казна
633;П1100000004733;63:09:0301115:553;Земельный участок;Самарская область, Центральный район, г. Тольятти, ул. Голосова, д. 101;11094,0;Постоянное (бессрочное) пользование
634;П1100000028569;63:09:0000000:1272;Земельный участок;Самарская область, Центральный район, г. Тольятти, ул. Голосова, в районе дома №97;27,0;Муниципальная казна
635;П1100000029502;63:09:0301151:565;Земельный участок;Самарская область, Центральный район, г. Тольятти, ул. Голосова, в районе дома № 77, квартал 26;27,0;Муниципальная казна
636;П1100000029508;63:09:0301151:631;Земельный участок;Самарская область, Центральный район, г. Тольятти, ул. Голосова, в квартале 71;2836,0;Муниципальная казна
637;П1100000030969;63:09:0310003:1583;Земельный участок;Самарская область, Центральный район, г. Тольятти, ул. Голоднова;141973,0;Муниципальная казна
638;П1100000029446;63:09:0301137:1157;Земельный участок;Самарская область, Центральный район, г. Тольятти, ул. Герцена;3179,0;Муниципальная казна
639;П1100000029454;63:09:0301137:804;Земельный участок;Самарская область, Центральный район, г. Тольятти, ул. Герцена;539,0;Муниципальная казна
640;П1100000029713;63:09:0301157:560;Земельный участок;Самарская область, Центральный район, г. Тольятти, ул. Гагарина, с северной стороны парка культуры и отдыха Центрального района;32,0;Муниципальная казна
641;П1100000028613;63:09:0305001:12;Земельный участок;Самарская область, Центральный район, г. Тольятти, ул. Гагарина, на территории парка культуры и отдыха;74,0;Муниципальная казна
642;П1100000029714;63:09:0301157:561;Земельный участок;Самарская область, Центральный район, г. Тольятти, ул. Гагарина, на территории парка культуры и отдыха;106,0;Муниципальная казна
643;П1100000030638;63:09:0305001:513;Земельный участок;Самарская область, Центральный район, г. Тольятти, ул. Гагарина, д. 3;299,0;Муниципальная казна
644;П1100000029716;63:09:0301158:637;Земельный участок;Самарская область, Центральный район, г. Тольятти, ул. Гагарина, д. 2;1101,0;Муниципальная казна
645;П1100000028035;63:09:0301157:539;Земельный участок;Самарская область, Центральный район, г. Тольятти, ул. Гагарина, д. 12;9800,0;Постоянное (бессрочное) пользование
646;П1100000029712;63:09:0301157:557;Земельный участок;Самарская область, Центральный район, г. Тольятти, ул. Гагарина, д. 10;337,0;Муниципальная казна
647;П1100000029771;63:09:0000000:2371;Земельный участок;Самарская область, Центральный район, г. Тольятти, ул. Гагарина;21,4;Муниципальная казна
648;П1100000030966;63:09:0310003:957;Земельный участок;Самарская область, Центральный район, г. Тольятти, ул. Викторова;4898,0;Муниципальная казна
649;П1100000030236;63:09:0301168:790;Земельный участок;"Самарская область, Центральный район, г. Тольятти, ул. Васильковая, д. 5, (район малоэтажной застройки ""Северо-западный"", участок 48)";206,0;Муниципальная казна
650;П1100000029321;63:09:0301168:787;Земельный участок;Самарская область, Центральный район, г. Тольятти, ул. Васильковая, д. 10, (район малоэтажной застройки ''Северо-западный'', участок № 40);313,0;Муниципальная казна
651;П1100000018967;63:09:0301106:17;Земельный участок;Самарская область, Центральный район, г. Тольятти, ул. Белорусская, д. 8;9427,0;Постоянное (бессрочное) пользование
652;П1100000029592;63:09:0000000:2277;Земельный участок;Самарская область, Центральный район, г. Тольятти, ул. Белорусская, д. 6, стр. А;2407,0;Муниципальная казна
653;П1100000027969;63:09:0301105:722;Земельный участок;Самарская область, Центральный район, г. Тольятти, ул. Белорусская, д. 33;14746,0;Муниципальная казна
654;П1100000029591;63:09:0000000:2275;Земельный участок;"Самарская область, Центральный район, г. Тольятти, ул. Белорусская, в районе бассейна ""Старт""";330,0;Муниципальная казна
655;П1100000017985;63:09:0301105:513;Земельный участок;Самарская область, Центральный район, г. Тольятти, ул. Белорусская, 25А;74,0;Муниципальная казна
656;П1100000029277;63:09:0301109:515;Земельный участок;Самарская область, Центральный район, г. Тольятти, ул. Баныкина, у дома № 28;51,0;Муниципальная казна
657;П1100000029279;63:09:0301109:520;Земельный участок;Самарская область, Центральный район, г. Тольятти, ул. Баныкина, у дома № 14, в квартале № 75;286,0;Муниципальная казна
658;П1100000029196;63:09:0301109:527;Земельный участок;Самарская область, Центральный район, г. Тольятти, ул. Баныкина, сторона леса;709,0;Муниципальная казна
659;П1100000030853;63:09:0301164:16;Земельный участок;Самарская область, Центральный район, г. Тольятти, ул. Баныкина, севернее жилого дома №6;2125,0;Муниципальная казна
660;П1100000028573;63:09:0000000:2416;Земельный участок;Самарская область, Центральный район, г. Тольятти, ул. Баныкина, около дома № 48, квартал 72;126,0;Муниципальная казна
661;П1100000029281;63:09:0301109:525;Земельный участок;Самарская область, Центральный район, г. Тольятти, ул. Баныкина, напротив дома № 38;17,2;Муниципальная казна
662;П1100000028356;63:09:0304060:609;Земельный участок;Самарская область, Центральный район, г. Тольятти, ул. Баныкина, на земельном участке расположено нежилое здание ТП-227, имеющее адрес: г.Тольятти, Центральный р-н, ул.Баныкина, д.9Б;103,0;Постоянное (бессрочное) пользование
663;П1100000028355;63:09:0304060:610;Земельный участок;Самарская область, Центральный район, г. Тольятти, ул. Баныкина, на земельном участке расположено здание-крытый каток с искусственным льдом, имеющее адрес: г.Тольятти, Центральный р-н, ул.Баныкина, 9;16032,0;Постоянное (бессрочное) пользование
664;П1100000028667;63:09:0301109:526;Земельный участок;"Самарская область, Центральный район, г. Тольятти, ул. Баныкина, между насосной станцией и автостоянкой № 6 ООО ""Заря""";53,0;Муниципальная казна
665;П1100000029105;63:09:0000000:2407;Земельный участок;Самарская область, Центральный район, г. Тольятти, ул. Баныкина, между домами № 36 и № 38;70,0;Муниципальная казна
666;П1100000031121;63:09:0301154:4988;Земельный участок;Самарская область, Центральный район, г. Тольятти, ул. Баныкина, земельный участок № 56А;289,0;Муниципальная казна
667;П1100000031124;63:09:0301155:4335;Земельный участок;Самарская область, Центральный район, г. Тольятти, ул. Баныкина, земельный участок № 52А;421,0;Муниципальная казна
668;П1100000031068;63:09:0308008:506;Земельный участок;Самарская область, Центральный район, г. Тольятти, ул. Баныкина, земельный участок № 41/1;356115,0;Муниципальная казна
669;П1100000031123;63:09:0301155:4334;Земельный участок;Самарская область, Центральный район, г. Тольятти, ул. Баныкина, земельный участок № 40А;536,0;Муниципальная казна
670;П1100000012920;63:09:0301109:512;Земельный участок;Самарская область, Центральный район, г. Тольятти, ул. Баныкина, д. 8, стр. Б;204,0;Муниципальная казна
671;П1100000012917;63:09:0301109:511;Земельный участок;Самарская область, Центральный район, г. Тольятти, ул. Баныкина, д. 8, стр. А;203,0;Муниципальная казна
672;П1100000029699;63:09:0301154:513;Земельный участок;Самарская область, Центральный район, г. Тольятти, ул. Баныкина, д. 72;2440,0;Муниципальная казна
673;П1100000029701;63:09:0301154:537;Земельный участок;Самарская область, Центральный район, г. Тольятти, ул. Баныкина, д. 70;97,0;Муниципальная казна
674;П1100000028258;63:09:0301154:519;Земельный участок;Самарская область, Центральный район, г. Тольятти, ул. Баныкина, д. 66;2954,0;Муниципальная казна
675;П1100000028606;63:09:0301154:533;Земельный участок;Самарская область, Центральный район, г. Тольятти, ул. Баныкина, д. 58;15,0;Муниципальная казна
676;П1100000028027;63:09:0304060:596;Земельный участок;Самарская область, Центральный район, г. Тольятти, ул. Баныкина, д. 5, стр. б;313,0;Муниципальная казна
677;П1100000028031;63:09:0304060:595;Земельный участок;Самарская область, Центральный район, г. Тольятти, ул. Баныкина, д. 5, стр. а;1166,0;Муниципальная казна
678;П1100000004065;63:09:0304061:1022;Земельный участок;Самарская область, Центральный район, г. Тольятти, ул. Баныкина, д. 45;2009,0;Муниципальная казна
679;П1100000024190;63:09:0301155:501;Земельный участок;Самарская область, Центральный район, г. Тольятти, ул. Баныкина, д. 44, в 72 кв.;24515,0;Постоянное (бессрочное) пользование
680;П1100000028008;63:09:0301155:3975;Земельный участок;Самарская область, Центральный район, г. Тольятти, ул. Баныкина, д. 42, стр. А;1161,0;Муниципальная казна
681;П1100000025475;63:09:0301164:566;Земельный участок;Самарская область, Центральный район, г. Тольятти, ул. Баныкина, д. 4;23573,0;Постоянное (бессрочное) пользование
682;П1100000029195;63:09:0301109:517;Земельный участок;Самарская область, Центральный район, г. Тольятти, ул. Баныкина, д. 38;20,0;Муниципальная казна
683;П1100000029211;63:09:0304060:517;Земельный участок;Самарская область, Центральный район, г. Тольятти, ул. Баныкина, д. 3, северо-западнее здания диспетчерского пункта;796,0;Муниципальная казна
684;П1100000028340;63:09:0301115:22;Земельный участок;Самарская область, Центральный район, г. Тольятти, ул. Баныкина, д. 22, стр. А;11071,0;Постоянное (бессрочное) пользование
685;П1100000028393;63:09:0301115:559;Земельный участок;Самарская область, Центральный район, г. Тольятти, ул. Баныкина, д. 22, квартал № 71;17494,0;Постоянное (бессрочное) пользование
686;П1100000019034;63:09:0301111:518;Земельный участок;Самарская область, Центральный район, г. Тольятти, ул. Баныкина, д. 12, в 75 квартале;29003,0;Постоянное (бессрочное) пользование
687;П1100000029513;63:09:0301154:552;Земельный участок;Самарская область, Центральный район, г. Тольятти, ул. Баныкина, во дворе дома №68 в квартале №73;108,0;Муниципальная казна
688;П1100000029283;63:09:0301111:545;Земельный участок;Самарская область, Центральный район, г. Тольятти, ул. Баныкина, во дворе дома № 10 в квартале № 75;126,0;Муниципальная казна
689;П1100000028779;63:09:0301109:521;Земельный участок;Самарская область, Центральный район, г. Тольятти, ул. Баныкина, в районе спорткомплекса ''Кристалл'';267,0;Муниципальная казна
690;П1100000028930;63:09:0301109:524;Земельный участок;Самарская область, Центральный район, г. Тольятти, ул. Баныкина, в районе насосной станции № 5;70,0;Муниципальная казна
691;П1100000029104;63:09:0000000:2377;Земельный участок;Самарская область, Центральный район, г. Тольятти, ул. Баныкина, в районе домов №36 и 38;218,0;Муниципальная казна
692;П1100000029106;63:09:0000000:2412;Земельный участок;Самарская область, Центральный район, г. Тольятти, ул. Баныкина, в районе дома № 68;151,0;Муниципальная казна
693;П1100000029276;63:09:0301109:513;Земельный участок;Самарская область, Центральный район, г. Тольятти, ул. Баныкина, в районе дома № 20А;36,0;Муниципальная казна
694;П1100000028954;63:09:0301109:514;Земельный участок;Самарская область, Центральный район, г. Тольятти, ул. Баныкина, в районе дома 14;149,0;Муниципальная казна
695;П1100000017044;63:09:0301154:503;Земельный участок;Самарская область, Центральный район, г. Тольятти, ул. Баныкина, в квартале № 73;23857,0;Постоянное (бессрочное) пользование
696;П1100000008667;63:09:0301109:510;Земельный участок;Самарская область, Центральный район, г. Тольятти, ул. Баныкина, 8В;190,0;Муниципальная казна
697;П1100000009762;63:09:0301154:569;Земельный участок;Самарская область, Центральный район, г. Тольятти, ул. Баныкина, 62А;101,0;Муниципальная казна
698;П1100000029030;63:09:0000000:2408;Земельный участок;Самарская область, Центральный район, г. Тольятти, ул. Баныкина, 60;52,0;Муниципальная казна
699;П1100000029280;63:09:0301109:523;Земельный участок;Самарская область, Центральный район, г. Тольятти, ул. Баныкина - ул. Ушакова, со стороны леса;58,0;Муниципальная казна
700;П1100000029100;63:09:0000000:2265;Земельный участок;Самарская область, Центральный район, г. Тольятти, ул. Баныкина;20,0;Муниципальная казна
701;П1100000029210;63:09:0302051:551;Земельный участок;Самарская область, Центральный район, г. Тольятти, ул. Базовая, северный промузел;1058,0;Муниципальная казна
702;П1100000031542;63:09:0302051:5428;Земельный участок;"Самарская область, Центральный район, г. Тольятти, ул. Базовая, Российская Федерация, Самарская область, городской округ Тольятти, г. Тольятти, улица Базовая,
земельный участок № 12Б/1";1042,0;Муниципальная казна
703;П1100000028803;63:09:0302051:4744;Земельный участок;Самарская область, Центральный район, г. Тольятти, ул. Базовая, от улицы Ларина до здания, имеющего адрес: ул.Базовая, 24-а;32992,0;Муниципальная казна
704;П1100000028802;63:09:0302051:4743;Земельный участок;Самарская область, Центральный район, г. Тольятти, ул. Базовая, от улицы Комсомольская до здания, имеющего адрес: ул.Базовая, 24-а;50333,0;Муниципальная казна
705;П1100000028352;63:09:0302051:4218;Земельный участок;Самарская область, Центральный район, г. Тольятти, ул. Базовая, на земельном участке расположен объект недвижимости, имеющий адрес: ул.Базовая, д.6, строение 1;70,0;Муниципальная казна
706;П1100000031407;63:09:0302051:5250;Земельный участок;Самарская область, Центральный район, г. Тольятти, ул. Базовая, земельный участок № 32/2;1774,0;Муниципальная казна
707;П1100000031367;63:09:0302051:5205;Земельный участок;Самарская область, Центральный район, г. Тольятти, ул. Базовая, земельный участок № 32/1;1311,0;Муниципальная казна
708;П1100000030995;63:09:0302051:4888;Земельный участок;Самарская область, Центральный район, г. Тольятти, ул. Базовая, земельный участок 1/6;570,0;Муниципальная казна
709;П1100000030997;63:09:0302051:4890;Земельный участок;Самарская область, Центральный район, г. Тольятти, ул. Базовая, земельный участок 1/5;279,0;Муниципальная казна
710;П1100000030993;63:09:0302051:4886;Земельный участок;Самарская область, Центральный район, г. Тольятти, ул. Базовая, земельный участок 1/20;6597,0;Муниципальная казна
711;П1100000030996;63:09:0302051:4889;Земельный участок;Самарская область, Центральный район, г. Тольятти, ул. Базовая, земельный участок 1/13;123,0;Муниципальная казна
712;П1100000030609;63:09:0302051:658;Земельный участок;Самарская область, Центральный район, г. Тольятти, ул. Базовая, д. 7;2223,0;Муниципальная казна
713;П1100000030613;63:09:0302051:843;Земельный участок;Самарская область, Центральный район, г. Тольятти, ул. Базовая, д. 6, стр. В;4916,0;Муниципальная казна
714;П1100000030607;63:09:0302051:639;Земельный участок;Самарская область, Центральный район, г. Тольятти, ул. Базовая, д. 38;17210,0;Муниципальная казна
715;П1100000030616;63:09:0302051:857;Земельный участок;Самарская область, Центральный район, г. Тольятти, ул. Базовая, д. 34, северный промузел;2017,0;Муниципальная казна
716;П1100000030617;63:09:0302051:858;Земельный участок;Самарская область, Центральный район, г. Тольятти, ул. Базовая, д. 34;3032,0;Муниципальная казна
717;П1100000030615;63:09:0302051:856;Земельный участок;Самарская область, Центральный район, г. Тольятти, ул. Базовая, д. 32;15754,0;Муниципальная казна
718;П1100000030606;63:09:0302051:636;Земельный участок;Самарская область, Центральный район, г. Тольятти, ул. Базовая, д. 24, стр. А;3548,0;Муниципальная казна
719;П1100000030614;63:09:0302051:848;Земельный участок;Самарская область, Центральный район, г. Тольятти, ул. Базовая, д. 22, стр. Б;1132,0;Муниципальная казна
720;П1100000028047;63:09:0302051:795;Земельный участок;Самарская область, Центральный район, г. Тольятти, ул. Базовая, д. 14, стр. Б;79,0;Муниципальная казна
721;П1100000030666;63:09:0302051:627;Земельный участок;Самарская область, Центральный район, г. Тольятти, ул. Базовая, д. 14, стр. А;5358,0;Муниципальная казна
722;П1100000030878;63:09:0302051:570;Земельный участок;Самарская область, Центральный район, г. Тольятти, ул. Базовая, д. 14;12916,0;Постоянное (бессрочное) пользование
723;П1100000031084;63:09:0302051:573;Земельный участок;Самарская область, Центральный район, г. Тольятти, ул. Базовая, д. 12, стр. Б;2806,0;Муниципальная казна
724;П1100000030601;63:09:0302051:572;Земельный участок;Самарская область, Центральный район, г. Тольятти, ул. Базовая, д. 12;5264,0;Муниципальная казна
725;П1100000030594;63:09:0302051:104;Земельный участок;Самарская область, Центральный район, г. Тольятти, ул. Базовая, д. 1, стр. б;3825,0;Муниципальная казна
726;П1100000030597;63:09:0302051:29;Земельный участок;Самарская область, Центральный район, г. Тольятти, ул. Базовая, д. 1;1685,0;Муниципальная казна
727;П1100000030621;63:09:0302051:867;Земельный участок;Самарская область, Центральный район, г. Тольятти, ул. Базовая;20179,0;Муниципальная казна
728;П1100000031379;63:09:0301166:4585;Земельный участок;Самарская область, Центральный район, г. Тольятти, ул. Александра Кудашева;4366,0;Муниципальная казна
729;П1100000029736;63:09:0301166:575;Земельный участок;Самарская область, Центральный район, г. Тольятти, ул. Александра Кудашева;5059,0;Муниципальная казна
730;П1100000031300;63:09:0301168:1370;Земельный участок;Самарская область, Центральный район, г. Тольятти, ул. Абрикосовая, земельный участок № 2;609,0;Муниципальная казна
731;П1100000030152;63:09:0000000:2343;Земельный участок;Самарская область, Центральный район, г. Тольятти, у дома №100 по ул. Мира, в квартале №26;16,0;Муниципальная казна
732;П1100000016935;63:09:0301167:896;Земельный участок;Самарская область, Центральный район, г. Тольятти, ТТУ-тяговая подстанция № 5 северо-восточнее территории Ставропольской районной больницы;1132,0;Муниципальная казна
733;П1100000029334;63:09:0000000:1302;Земельный участок;Самарская область, Центральный район, г. Тольятти, трасса Тольятти-Ташелка, 1-й км.;2405,0;Муниципальная казна
734;П1100000028612;63:09:0303069:2;Земельный участок;Самарская область, Центральный район, г. Тольятти, северо-западнее села Васильевка, по западной стороне Обводного шоссе;558,0;Муниципальная казна
735;П1100000029545;63:09:0000000:1809;Земельный участок;Самарская область, Центральный район, г. Тольятти, северо-западнее психоневрологического диспансера (строительный № 53а);1647,0;Постоянное (бессрочное) пользование
736;П1100000029075;63:09:0000000:1943;Земельный участок;"Самарская область, Центральный район, г. Тольятти, северо-западнее АО ""Фосфор"", садоводческое товарищество ""Юбилей"", участок № 528";30,0;Постоянное (бессрочное) пользование
737;П1100000029078;63:09:0000000:1977;Земельный участок;"Самарская область, Центральный район, г. Тольятти, северо-западнее АО ""Фосфор"", садоводческое товарищество ""Юбилей"", участок № 18";600,0;Постоянное (бессрочное) пользование
738;П1100000029080;63:09:0000000:1992;Земельный участок;"Самарская область, Центральный район, г. Тольятти, северо-западнее АО ""Фосфор"", садоводческое товарищество ""Химик"", участок № 52";60,0;Постоянное (бессрочное) пользование
739;П1100000029074;63:09:0000000:1935;Земельный участок;"Самарская область, Центральный район, г. Тольятти, северо-западнее АО ""Фосфор"", садоводческое товарищество ""Островок"", участок № 42";51,0;Постоянное (бессрочное) пользование
740;П1100000029076;63:09:0000000:1948;Земельный участок;"Самарская область, Центральный район, г. Тольятти, северо-западнее АО ""Фосфор"", садоводческое товарищество ""Островок"", участок № 179";141,0;Муниципальная казна
741;П1100000031447;63:09:0000000:1936;Земельный участок;"Самарская область, Центральный район, г. Тольятти, северо-западнее АО ""Фосфор"", садоводческое товарищество ""Островок"", участок № 121";370,0;Муниципальная казна
742;П1100000029077;63:09:0000000:1968;Земельный участок;"Самарская область, Центральный район, г. Тольятти, северо-западнее АО ""Фосфор"", садоводческое товарищество ""Горпромторг""";88,0;Муниципальная казна
743;П1100000031074;63:09:0306034:914;Земельный участок;"Самарская область, Центральный район, г. Тольятти, северо-восточнее п. Загородный, ДКП ""Полюшко""";533,0;Муниципальная казна
744;П1100000030958;63:09:0302051:4856;Земельный участок;Самарская область, Центральный район, г. Тольятти, северо-восточнее здания по ул. Комсомольской, 94Б;701,0;Муниципальная казна
745;П1100000030618;63:09:0302051:859;Земельный участок;Самарская область, Центральный район, г. Тольятти, Северный промузел, ул. Базовая, д. 28;8913,0;Муниципальная казна
746;П1100000029267;63:09:0000000:1288;Земельный участок;Самарская область, Центральный район, г. Тольятти, севернее Южного шоссе, по дороге на кирпичный завод;344,0;Муниципальная казна
747;П1100000029265;63:09:0000000:1273;Земельный участок;Самарская область, Центральный район, г. Тольятти, севернее обводной автодороги;1400,0;Муниципальная казна
748;П1100000030772;63:09:0302051:4805;Земельный участок;Самарская область, Центральный район, г. Тольятти, севернее здания, имеющего адрес: улица Новозаводская, 10;415,0;Муниципальная казна
749;П1100000028516;63:09:0301150:2365;Земельный участок;Самарская область, Центральный район, г. Тольятти, севернее здания, имеющего адрес: бульвар Молодежный, 28;1298,0;Постоянное (бессрочное) пользование
750;П1100000029245;63:09:0000000:1214;Земельный участок;Самарская область, Центральный район, г. Тольятти, севернее дома №41 по ул.Ленина;32,0;Муниципальная казна
751;П1100000029081;63:09:0000000:1966;Земельный участок;"Самарская область, Центральный район, г. Тольятти, севернее АО ""Фосфор"", садоводческое товарищество ""Юбилей"", участок № 615";11,0;Постоянное (бессрочное) пользование
752;П1100000029083;63:09:0000000:1988;Земельный участок;"Самарская область, Центральный район, г. Тольятти, севернее АО ""Фосфор"", садоводческое товарищество ""Юбилей"", участок № 534";600,0;Муниципальная казна
753;П1100000029082;63:09:0000000:1987;Земельный участок;"Самарская область, Центральный район, г. Тольятти, севернее АО ""Фосфор"", садоводческое товарищество ""Юбилей"", участок № 402";600,0;Постоянное (бессрочное) пользование
754;П1100000030918;63:09:0306032:2215;Земельный участок;"Самарская область, Центральный район, г. Тольятти, севернее АО ""Фосфор"", с/т "" Юбилей"", участок № 679";600,0;Муниципальная казна
755;П1100000029264;63:09:0000000:1270;Земельный участок;Самарская область, Центральный район, г. Тольятти, северная часть квартала 78;13650,0;Муниципальная казна
756;П1100000029330;63:09:0306032:41;Земельный участок;"Самарская область, Центральный район, г. Тольятти, сдт ""Юбилей"", участок №434 севернее АО ""Фосфор""";598,0;Муниципальная казна
757;П1100000031153;63:09:0306032:16;Земельный участок;"Самарская область, Центральный район, г. Тольятти, сдт ""Юбилей"" уч. № 578, севернее АО ""Фосфор""";600,0;Муниципальная казна
758;П1100000030635;63:09:0304061:704;Земельный участок;"Самарская область, Центральный район, г. Тольятти, садоводческое товарищество ""Энергетик- 4"", участок 187";24,0;Муниципальная казна
759;П1100000028621;63:09:0000000:2032;Земельный участок;"Самарская область, Центральный район, г. Тольятти, садоводческое товарищество ""Участок озеленения СРСУ"", южнее Центральной отопительной котельной, участок № 3";336,0;Муниципальная казна
760;П1100000028485;63:09:0304061:824;Земельный участок;"Самарская область, Центральный район, г. Тольятти, садов.тов. ""Электрик"" ГПИ ""Электропроект"" в коридоре ЛЭП лесных кв.35 и 36, участок № 106";500,0;Муниципальная казна
761;П1100000028483;63:09:0304061:661;Земельный участок;"Самарская область, Центральный район, г. Тольятти, сад.огор.тов. ""Электрик"" ГПИ ""Электропроект"" в коридоре ЛЭП кв 35,36 участок № 85";500,0;Муниципальная казна
762;П1100000028461;63:09:0306032:2551;Земельный участок;"Самарская область, Центральный район, г. Тольятти, с/т №2 СВПО ""Трансформатор"", садовый участок 17";390,0;Муниципальная казна
763;П1100000028429;63:09:0306032:1312;Земельный участок;"Самарская область, Центральный район, г. Тольятти, с/т ""Юбилей"", участок 589";600,0;Муниципальная казна
764;П1100000028473;63:09:0306032:842;Земельный участок;"Самарская область, Центральный район, г. Тольятти, с/т ""Юбилей"", участок 1088";600,0;Муниципальная казна
765;П1100000031100;63:09:0306032:1818;Земельный участок;"Самарская область, Центральный район, г. Тольятти, с/т ""Юбилей"", севернее АО ""Фосфор"", участок №79";600,0;Муниципальная казна
766;П1100000028497;63:09:0306032:1104;Земельный участок;"Самарская область, Центральный район, г. Тольятти, с/т ""Юбилей"", севернее АО ""Фосфор"", № участка 429";600,0;Муниципальная казна
767;П1100000028474;63:09:0306032:2658;Земельный участок;"Самарская область, Центральный район, г. Тольятти, с/т ""Юбилей"", садовый участок № 586";600,0;Муниципальная казна
768;П1100000028475;63:09:0306032:1087;Земельный участок;"Самарская область, Центральный район, г. Тольятти, с/т ""Юбилей"", садовый участок 573";600,0;Муниципальная казна
769;П1100000028496;63:09:0306032:680;Земельный участок;"Самарская область, Центральный район, г. Тольятти, с/т ""Юбилей"", садовый участок 538";600,0;Муниципальная казна
770;П1100000030916;63:09:0304061:999;Земельный участок;"Самарская область, Центральный район, г. Тольятти, С/т ""Энергетик-4"" Горэлектросети, садовый участок № 172";366,0;Муниципальная казна
771;П1100000030923;63:09:0304061:636;Земельный участок;"Самарская область, Центральный район, г. Тольятти, С/т ""Энергетик-4"" Горэлектросети, садовый участок 77а";400,0;Муниципальная казна
772;П1100000028490;63:09:0304061:733;Земельный участок;"Самарская область, Центральный район, г. Тольятти, с/т ""Электромонтажник"" р-н п/ст ""Левобережная"", садовый участок 10";400,0;Муниципальная казна
773;П1100000030855;63:09:0304061:584;Земельный участок;"Самарская область, Центральный район, г. Тольятти, С/т ""Электрик"" ГПИ ""Электропроект"", садовый участок 37";500,0;Муниципальная казна
774;П1100000028501;63:09:0304061:517;Земельный участок;"Самарская область, Центральный район, г. Тольятти, С/т ""Электрик"" ГПИ ""Электропроект"" в коридоре ЛЭП лесных кв.35 и 36";500,0;Муниципальная казна
775;П1100000028338;63:09:0304061:520;Земельный участок;"Самарская область, Центральный район, г. Тольятти, с/т ""Участок озеленения СРСУ"" , южное Ц.О.К., участок № 17";478,0;Муниципальная казна
776;П1100000029542;63:09:0000000:1787;Земельный участок;Самарская область, Центральный район, г. Тольятти, район объекта 1601, участок №117;1340,0;Муниципальная казна
777;П1100000029543;63:09:0000000:1793;Земельный участок;Самарская область, Центральный район, г. Тольятти, район объекта 1601, участок № 116;1423,0;Муниципальная казна
778;П1100000029548;63:09:0000000:1820;Земельный участок;Самарская область, Центральный район, г. Тольятти, район объекта 1601, участок № 105;900,0;Постоянное (бессрочное) пользование
779;П1100000030890;63:09:0303071:590;Земельный участок;"Самарская область, Центральный район, г. Тольятти, район малоэтажной застройки ""Кирпичный"", мкр 1, жилой дом 98";1060,0;Муниципальная казна
780;П1100000029490;63:09:0301145:997;Земельный участок;Самарская область, Центральный район, г. Тольятти, проезд Школьный, д. 10;66,0;Муниципальная казна
781;П1100000031554;63:09:0301138:3108;Земельный участок;Самарская область, Центральный район, г. Тольятти, проезд Шевченко, д. 28;523,0;Муниципальная казна
782;П1100000030103;63:09:0301144:663;Земельный участок;Самарская область, Центральный район, г. Тольятти, проезд Хлебный, д. 8;130,0;Муниципальная казна
783;П1100000031117;63:09:0301146:2709;Земельный участок;Самарская область, Центральный район, г. Тольятти, проезд Учительский, земельный участок № 25Б;128,0;Муниципальная казна
784;П1100000029496;63:09:0301146:994;Земельный участок;Самарская область, Центральный район, г. Тольятти, проезд Учительский, д. 29;19,0;Муниципальная казна
785;П1100000030549;63:09:0301172:1277;Земельный участок;Самарская область, Центральный район, г. Тольятти, проезд Урожайный, д. 65;40,0;Муниципальная казна
786;П1100000006373;63:09:0306036:778;Земельный участок;Самарская область, Центральный район, г. Тольятти, проезд Тупиковый, д. 36;546,0;Муниципальная казна
787;П1100000028433;63:09:0306036:4;Земельный участок;Самарская область, Центральный район, г. Тольятти, проезд Тупиковый, д. 3;56016,0;Муниципальная казна
788;П1100000030642;63:09:0306036:834;Земельный участок;Самарская область, Центральный район, г. Тольятти, проезд Тупиковый, д. 24;9954,0;Муниципальная казна
789;П1100000030644;63:09:0306036:837;Земельный участок;Самарская область, Центральный район, г. Тольятти, проезд Тупиковый, д. 2;10925,0;Муниципальная казна
790;П1100000030643;63:09:0306036:836;Земельный участок;Самарская область, Центральный район, г. Тольятти, проезд Тупиковый, д. 2;421,0;Муниципальная казна
791;П1100000029309;63:09:0301147:1195;Земельный участок;Самарская область, Центральный район, г. Тольятти, проезд Свободы, д. 4;626,0;Муниципальная казна
792;П1100000029484;63:09:0301144:678;Земельный участок;Самарская область, Центральный район, г. Тольятти, проезд Рыночный, д. 18;179,0;Постоянное (бессрочное) пользование
793;П1100000030563;63:09:0301173:1422;Земельный участок;Самарская область, Центральный район, г. Тольятти, проезд Рабочий, д. 50;29,0;Муниципальная казна
794;П1100000030566;63:09:0301173:1457;Земельный участок;Самарская область, Центральный район, г. Тольятти, проезд Рабочий, д. 10;89,0;Муниципальная казна
795;П1100000029436;63:09:0301136:1137;Земельный участок;Самарская область, Центральный район, г. Тольятти, проезд Пугачевский 2-й, д.56;149,0;Муниципальная казна
796;П1100000029917;63:09:0000000:2661;Земельный участок;Самарская область, Центральный район, г. Тольятти, проезд Профсоюзов, д. 50;46,0;Муниципальная казна
797;П1100000029494;63:09:0301146:966;Земельный участок;Самарская область, Центральный район, г. Тольятти, проезд Пионерский, д. 9;373,0;Муниципальная казна
798;П1100000029573;63:09:0000000:2092;Земельный участок;Самарская область, Центральный район, г. Тольятти, проезд Пионерский, д. 16, кв.1;50,0;Муниципальная казна
799;П1100000029455;63:09:0301137:993;Земельный участок;Самарская область, Центральный район, г. Тольятти, проезд Печорский, д. 22;63,0;Муниципальная казна
800;П1100000029749;63:09:0301167:1407;Земельный участок;Самарская область, Центральный район, г. Тольятти, проезд Пехотный, д. 66;67,0;Муниципальная казна
801;П1100000029744;63:09:0301167:1366;Земельный участок;Самарская область, Центральный район, г. Тольятти, проезд Пехотный, д. 62;51,0;Муниципальная казна
802;П1100000029461;63:09:0301138:965;Земельный участок;Самарская область, Центральный район, г. Тольятти, проезд Озерный 2-й, д.2;166,0;Муниципальная казна
803;П1100000030582;63:09:0301174:863;Земельный участок;Самарская область, Центральный район, г. Тольятти, проезд Некрасова, д. 59;45,0;Муниципальная казна
804;П1100000029582;63:09:0301174:2;Земельный участок;Самарская область, Центральный район, г. Тольятти, проезд Некрасова, д. 13;19,0;Муниципальная казна
805;П1100000030580;63:09:0301174:1;Земельный участок;Самарская область, Центральный район, г. Тольятти, проезд Некрасова, д. 13;279,0;Муниципальная казна
806;П1100000028548;63:09:0000000:869;Земельный участок;Самарская область, Центральный район, г. Тольятти, проезд Надежды;964,0;Муниципальная казна
807;П1100000029918;63:09:0000000:2673;Земельный участок;Самарская область, Центральный район, г. Тольятти, проезд Молодогвардейский, д. 19;42,0;Муниципальная казна
808;П1100000029449;63:09:0301137:1230;Земельный участок;Самарская область, Центральный район, г. Тольятти, проезд Минский 2-й, д.44, лит.А;295,0;Муниципальная казна
809;П1100000029448;63:09:0301137:1209;Земельный участок;Самарская область, Центральный район, г. Тольятти, проезд Минский 2-й, д.28;77,0;Муниципальная казна
810;П1100000029489;63:09:0301145:86;Земельный участок;Самарская область, Центральный район, г. Тольятти, проезд Лесной 5-й, д.20;311,0;Муниципальная казна
811;П1100000029583;63:09:0000000:2171;Земельный участок;Самарская область, Центральный район, г. Тольятти, проезд Кутузова, д. 9;14,0;Муниципальная казна
812;П1100000030581;63:09:0301174:1026;Земельный участок;Самарская область, Центральный район, г. Тольятти, проезд Кутузова, д. 15;115,0;Муниципальная казна
813;П1100000030106;63:09:0000000:2072;Земельный участок;Самарская область, Центральный район, г. Тольятти, проезд Красный, д. 5;225,0;Муниципальная казна
814;П1100000029574;63:09:0000000:2098;Земельный участок;Самарская область, Центральный район, г. Тольятти, проезд Коммунальный, д. 7;28,0;Муниципальная казна
815;П1100000030217;63:09:0301167:1430;Земельный участок;Самарская область, Центральный район, г. Тольятти, проезд Кавалерийский, д. 18;930,0;Муниципальная казна
816;П1100000029328;63:09:0301173:38;Земельный участок;Самарская область, Центральный район, г. Тольятти, проезд Дорожный, д. 3;76,0;Муниципальная казна
817;П1100000028523;63:09:0301169:657;Земельный участок;Самарская область, Центральный район, г. Тольятти, проезд Волжский 4-й, д.16;140,0;Муниципальная казна
818;П1100000030531;63:09:0301169:926;Земельный участок;Самарская область, Центральный район, г. Тольятти, проезд Волжский 2-й, д.8;87,0;Муниципальная казна
819;П1100000030530;63:09:0301169:925;Земельный участок;Самарская область, Центральный район, г. Тольятти, проезд Волжский 2-й, д.4;92,0;Муниципальная казна
820;П1100000030241;63:09:0301169:616;Земельный участок;Самарская область, Центральный район, г. Тольятти, проезд Волжский 1-й, д.4;101,0;Муниципальная казна
821;П1100000031099;63:09:0301172:1337;Земельный участок;Самарская область, Центральный район, г. Тольятти, проезд 9 Января, д. 88;600,0;Муниципальная казна
822;П1100000029260;63:09:0000000:1252;Земельный участок;Самарская область, Центральный район, г. Тольятти, по улице Ставропольской, между домами № 23 и № 29;83,0;Муниципальная казна
823;П1100000029107;63:09:0301154:539;Земельный участок;Самарская область, Центральный район, г. Тольятти, по ул.Мира у дома № 133 в квартале № 73;88,0;Муниципальная казна
824;П1100000028808;63:09:0000000:1249;Земельный участок;Самарская область, Центральный район, г. Тольятти, по ул.Ленина, в районе домов №№ 94, 96;32,0;Муниципальная казна
825;П1100000028897;63:09:0000000:2122;Земельный участок;Самарская область, Центральный район, г. Тольятти, по ул.Жилина на пересечении с ул.Чуковского;78,0;Муниципальная казна
826;П1100000028689;63:09:0000000:1271;Земельный участок;Самарская область, Центральный район, г. Тольятти, по ул.Баныкина;145,0;Муниципальная казна
827;П1100000028687;63:09:0000000:1232;Земельный участок;Самарская область, Центральный район, г. Тольятти, по ул. Ленина у дома № 73, в квартале 83-б;37,0;Муниципальная казна
828;П1100000029691;63:09:0301152:679;Земельный участок;Самарская область, Центральный район, г. Тольятти, по ул. Комсомольской, южнее левобережной подстанции;157,6;Муниципальная казна
829;П1100000028622;63:09:0000000:2073;Земельный участок;"Самарская область, Центральный район, г. Тольятти, по ул. Горького, в районе ООТ ""Северянка"", квартал № 6";21,0;Муниципальная казна
830;П1100000028610;63:09:0302051:870;Земельный участок;Самарская область, Центральный район, г. Тольятти, по ул. Базовой, северный промузел;86,0;Муниципальная казна
831;П1100000028785;63:09:0303065:543;Земельный участок;Самарская область, Центральный район, г. Тольятти, по Обводному шоссе, южнее с.Васильевка, на ООТ ''Село Васильевка'';196,0;Муниципальная казна
832;П1100000028611;63:09:0303065:541;Земельный участок;Самарская область, Центральный район, г. Тольятти, по Обводной дороге юго-восточнее пересечения с Хрящевским шоссе;33,0;Муниципальная казна
833;П1100000030627;63:09:0303063:502;Земельный участок;Самарская область, Центральный район, г. Тольятти, по Обводной дороге на пересечении с Хрящевским шоссе;1740,0;Муниципальная казна
834;П1100000028677;63:09:0302049:566;Земельный участок;Самарская область, Центральный район, г. Тольятти, по бульвару 50 лет Октября;791,0;Муниципальная казна
835;П1100000029029;63:09:0000000:2391;Земельный участок;Самарская область, Центральный район, г. Тольятти, пл. Центральная, д. 8;2754,0;Муниципальная казна
836;П1100000004196;63:09:0301163:2;Земельный участок;Самарская область, Центральный район, г. Тольятти, пл. Центральная, д. 4;2997,0;Постоянное (бессрочное) пользование
837;П1100000028099;63:09:0301148:554;Земельный участок;Самарская область, Центральный район, г. Тольятти, пл. Свободы, западнее пересечения ул. Карла Маркса и Молодежного бульвара;12516,0;Муниципальная казна
838;П1100000027960;63:09:0301148:553;Земельный участок;Самарская область, Центральный район, г. Тольятти, пл. Свободы, д. 4;9787,0;Муниципальная казна
839;П1100000028361;63:09:0301148:502;Земельный участок;Самарская область, Центральный район, г. Тольятти, пл. Свободы, д. 2;8922,0;Постоянное (бессрочное) пользование
840;П1100000028039;63:09:0301148:557;Земельный участок;Самарская область, Центральный район, г. Тольятти, пл. Свободы;28766,0;Постоянное (бессрочное) пользование
841;П1100000029491;63:09:0301146:698;Земельный участок;Самарская область, Центральный район, г. Тольятти, переулок Кирилла Белова/ул. Садовая, д.10/д.32;33,0;Муниципальная казна
842;П1100000029266;63:09:0000000:1276;Земельный участок;Самарская область, Центральный район, г. Тольятти, пересечение Южного шоссе и Обводной дороги;22,0;Муниципальная казна
843;П1100000005477;63:09:0303063:56;Земельный участок;Самарская область, Центральный район, г. Тольятти, пересечение Южного шоссе и Обводногого шоссе;24174,0;Муниципальная казна
844;П1100000030215;63:09:0301167:1427;Земельный участок;Самарская область, Центральный район, г. Тольятти, пересечение Южного шоссе и Автозаводского шоссе (Центральный район);4,9;Муниципальная казна
845;П1100000030649;63:09:0000000:9295;Земельный участок;Самарская область, Центральный район, г. Тольятти, пересечение улицы Ларина и улицы Новопромышленная;1164,0;Муниципальная казна
846;П1100000029250;63:09:0000000:1222;Земельный участок;Самарская область, Центральный район, г. Тольятти, пересечение ул. Лесной и 50 лет Октября;33,0;Муниципальная казна
847;П1100000028676;63:09:0301174:598;Земельный участок;Самарская область, Центральный район, г. Тольятти, пересечение ул. Ленина и ул. Горького, ЧП Медведева В.И.;84,0;Муниципальная казна
848;П1100000025014;63:09:0301138:101;Земельный участок;Самарская область, Центральный район, г. Тольятти, пер. Чернышевского, д. 2, стр. А;1509,0;Муниципальная казна
849;П1100000025013;63:09:0301138:100;Земельный участок;Самарская область, Центральный район, г. Тольятти, пер. Чернышевского, д. 2;1689,0;Муниципальная казна
850;П1100000029560;63:09:0000000:1964;Земельный участок;Самарская область, Центральный район, г. Тольятти, п.Портовый, южнее Комсомольского шоссе;2222,0;Муниципальная казна
851;П1100000030924;63:32:2801001:5;Земельный участок;Самарская область, Центральный район, г. Тольятти, п. Загородный, ул. Рабочая, уч. 29;2400,0;Муниципальная казна
852;П1100000031321;63:09:0303071:1525;Земельный участок;Самарская область, Центральный район, г. Тольятти, от Хрящевского шоссе, юго-восточнее здания по адресу: Хрящевское шоссе, 3, до территории сквернее здания по адресу: Хрящевское шоссе, 5, строение 19;2947,0;Муниципальная казна
853;П1100000031418;63:09:0000000:10149;Земельный участок;Самарская область, Центральный район, г. Тольятти, от улицы Дмитрия Ульянова до улицы Садовой, юго-западнее здания, имеющего адрес: ул. Садовая, 42А;13690,0;Муниципальная казна
854;П1100000028411;63:09:0301167:5207;Земельный участок;Самарская область, Центральный район, г. Тольятти, от ул.Тимирязева до ул.Васильевская, южнее кварталов 143,123,124,125,126,127,128,129,130,131 - на участке от Автозаводского шоссе до ул.Тимирязева;7502,0;Муниципальная казна
855;П1100000029331;63:09:0305025:2022;Земельный участок;"Самарская область, Центральный район, г. Тольятти, от здания, имеющего адрес: Лесопарковое шоссе, 16, до здания, имеющего адрес: ул. Комзина, 21
";73328,0;Муниципальная казна
856;П1100000030535;63:09:0301171:1099;Земельный участок;"Самарская область, Центральный район, г. Тольятти, Обводное шоссе, район автомагазина ЗАО ""Восток-Лада""";12,6;Муниципальная казна
857;П1100000031090;63:09:0303070:1384;Земельный участок;Самарская область, Центральный район, г. Тольятти, Обводное шоссе, земельный участок № 53/5;77439,0;Постоянное (бессрочное) пользование
858;П1100000031089;63:09:0303070:1383;Земельный участок;Самарская область, Центральный район, г. Тольятти, Обводное шоссе, земельный участок № 53/4;219141,0;Постоянное (бессрочное) пользование
859;П1100000031088;63:09:0303070:1382;Земельный участок;Самарская область, Центральный район, г. Тольятти, Обводное шоссе, земельный участок № 53/3;92360,0;Постоянное (бессрочное) пользование
860;П1100000031087;63:09:0303070:1381;Земельный участок;Самарская область, Центральный район, г. Тольятти, Обводное шоссе, земельный участок № 53/2;160438,0;Постоянное (бессрочное) пользование
861;П1100000031086;63:09:0303070:1380;Земельный участок;Самарская область, Центральный район, г. Тольятти, Обводное шоссе, земельный участок № 53/1;37503,0;Постоянное (бессрочное) пользование
862;П1100000030537;63:09:0301171:1101;Земельный участок;Самарская область, Центральный район, г. Тольятти, Обводное шоссе, д.97;11755,0;Муниципальная казна
863;П1100000030546;63:09:0301171:1200;Земельный участок;Самарская область, Центральный район, г. Тольятти, Обводное шоссе, в районе ж/д переезда;40,0;Муниципальная казна
864;П1100000028500;63:09:0302053:674;Земельный участок;Самарская область, Центральный район, г. Тольятти, Обводное шоссе;195931,0;Муниципальная казна
865;П1100000031071;63:09:0303070:976;Земельный участок;Самарская область, Центральный район, г. Тольятти, Обводное шоссе;10806,0;Муниципальная казна
866;П1100000028235;63:09:0000000:861;Земельный участок;Самарская область, Центральный район, г. Тольятти, Обводное шоссе;7888,0;Муниципальная казна
867;П1100000030536;63:09:0301171:1100;Земельный участок;Самарская область, Центральный район, г. Тольятти, Обводное шоссе;5406,0;Муниципальная казна
868;П1100000028681;63:09:0303065:507;Земельный участок;Самарская область, Центральный район, г. Тольятти, Обводная дорога, дом 70;15181,0;Муниципальная казна
869;П1100000030631;63:09:0303065:540;Земельный участок;Самарская область, Центральный район, г. Тольятти, Обводная дорога, д. 70;870,0;Муниципальная казна
870;П1100000029314;63:09:0301140:512;Земельный участок;Самарская область, Центральный район, г. Тольятти, на территории прилегающей к дому № 19 по ул. Новопромышленной, в квартале 19;27,0;Муниципальная казна
871;П1100000015693;63:09:0305001:509;Земельный участок;Самарская область, Центральный район, г. Тольятти, на территории парка Центрального района;962,0;Муниципальная казна
872;П1100000014946;63:09:0304064:31;Земельный участок;"Самарская область, Центральный район, г. Тольятти, на территории водозабора ""Соцгородской""";2115,0;Муниципальная казна
873;П1100000007895;63:09:0304060:541;Земельный участок;"Самарская область, Центральный район, г. Тольятти, на территории водозабора ""Прибрежный""";239,0;Муниципальная казна
874;П1100000017887;63:09:0304060:540;Земельный участок;"Самарская область, Центральный район, г. Тольятти, на территории водозабора ""Прибрежный""";763,0;Муниципальная казна
875;П1100000028690;63:09:0000000:1316;Земельный участок;Самарская область, Центральный район, г. Тольятти, на пересечении ул.Ленина и ул.Гагарина, на территории ЦПКиО;127,0;Муниципальная казна
876;П1100000029259;63:09:0000000:1248;Земельный участок;Самарская область, Центральный район, г. Тольятти, на пересечении ул.Комсомольской и Новопромышленной;344,0;Муниципальная казна
877;П1100000030117;63:09:0301136:1149;Земельный участок;Самарская область, Центральный район, г. Тольятти, на пересечении ул. Л.Толстого и дороги на с. Тимофеевка;304,0;Муниципальная казна
878;П1100000030619;63:09:0302051:861;Земельный участок;Самарская область, Центральный район, г. Тольятти, на пересечении ул. Базовой и ул. Комсомольской;355,0;Муниципальная казна
879;П1100000030545;63:09:0301171:1199;Земельный участок;"Самарская область, Центральный район, г. Тольятти, на пересечении бульвара 50 Лет Октября и ул. Герцена
";190,0;Муниципальная казна
880;П1100000028388;63:09:0301166:4209;Земельный участок;Самарская область, Центральный район, г. Тольятти, на земельном участке расположено здание, имеющее адрес: ул.Толстого, д.26А;26591,0;Постоянное (бессрочное) пользование
881;П1100000028417;63:09:0301172:3583;Земельный участок;Самарская область, Центральный район, г. Тольятти, на земельном участке расположен объект, имеющий адрес: Самарская область, г.Тольятти, Центральный район, ул.Ларина, д.66, строение 1;3700,0;Постоянное (бессрочное) пользование
882;П1100000020181;63:09:0304064:17;Земельный участок;"Самарская область, Центральный район, г. Тольятти, мкр. Портовый, водозабор ""Портовый""";5727,0;Муниципальная казна
883;П1100000030647;63:09:0000000:9292;Земельный участок;Самарская область, Центральный район, г. Тольятти, между улицей Толстого и улицей Гагарина, западнее кварталов 159а, 152, 137, 128, 117, 104-112, 83-в, 5а, 7, 14, 30;114441,0;Муниципальная казна
884;П1100000028383;63:09:0301140:2842;Земельный участок;Самарская область, Центральный район, г. Тольятти, между улицей Голосова и бульваром 50 лет Октября, восточнее кварталов 26,19,21,22,23,24- на участке от ул.Комсомольской до ул.Шлютова;19914,0;Муниципальная казна
885;П1100000028460;63:09:0301136:3602;Земельный участок;Самарская область, Центральный район, г. Тольятти, между ул.Тимирязева и проездом Енисейский, севернее кварталов 142-141, 140-139, 138, 137, 136, 135, 133 - на участке от Автозаводского шоссе до ул.Интернациональной;4264,0;Муниципальная казна
886;П1100000031151;63:09:0000000:9025;Земельный участок;Самарская область, Центральный район, г. Тольятти, между площадью Свободы и Баныкина, западнее кварталов 38,36,62,75;68002,0;Муниципальная казна
887;П1100000030640;63:09:0305025:507;Земельный участок;Самарская область, Центральный район, г. Тольятти, Комсомольское шоссе, на земельном участке расположен объект, имеющий адрес: Комсомольское шоссе, 36-а;2085,0;Муниципальная казна
888;П1100000030122;63:09:0301164:589;Земельный участок;Самарская область, Центральный район, г. Тольятти, квартал № 96, ул. Ушакова, у дома № 48;93,0;Муниципальная казна
889;П1100000029313;63:09:0301151:639;Земельный участок;Самарская область, Центральный район, г. Тольятти, квартал № 89-55, по ул. Мира, у дома № 37;21,0;Муниципальная казна
890;П1100000029694;63:09:0301152:685;Земельный участок;Самарская область, Центральный район, г. Тольятти, квартал № 27, ул. Комсомольская, д159В/663, гараж № 663;32,0;Постоянное (бессрочное) пользование
891;П1100000029692;63:09:0301152:683;Земельный участок;Самарская область, Центральный район, г. Тольятти, квартал № 27, ул. Комсомольская, 159/З/806, гаражный бокс № 806;34,0;Постоянное (бессрочное) пользование
892;П1100000029788;63:09:0000000:2400;Земельный участок;Самарская область, Центральный район, г. Тольятти, квартал № 27 А, по ул. Комсомольской;450,0;Муниципальная казна
893;П1100000029697;63:09:0301152:8;Земельный участок;Самарская область, Центральный район, г. Тольятти, квартал № 27;117,0;Муниципальная казна
894;П1100000028572;63:09:0301140:506;Земельный участок;Самарская область, Центральный район, г. Тольятти, квартал № 21, по ул. Горького, у дома № 92, на территории мини-рынка;17,0;Муниципальная казна
895;П1100000028607;63:09:0301166:573;Земельный участок;"Самарская область, Центральный район, г. Тольятти, квартал № 157, ул. Толстого, ООТ ""Гостиница Ставрополь""";219,0;Муниципальная казна
896;П1100000029324;63:09:0301171:1147;Земельный участок;Самарская область, Центральный район, г. Тольятти, квартал № 123, по Автозаводскому шоссе;151,0;Муниципальная казна
897;П1100000029092;63:09:0000000:1215;Земельный участок;Самарская область, Центральный район, г. Тольятти, квартал № 123, на пересечении ул.Кирова и Автозаводского шоссе;101,0;Муниципальная казна
898;П1100000028970;63:09:0000000:1251;Земельный участок;Самарская область, Центральный район, г. Тольятти, квартал 88-54, у дома №60 по ул.Мира;12,0;Муниципальная казна
899;П1100000028809;63:09:0000000:2188;Земельный участок;"Самарская область, Центральный район, г. Тольятти, квартал 83б, по ул.Ленина, между домами № 71 и № 73, остановка общественного транспорта ""Детский мир""";26,0;Муниципальная казна
900;П1100000029296;63:09:0301111:604;Земельный участок;Самарская область, Центральный район, г. Тольятти, квартал 75, по ул. Ленинградская;153,0;Муниципальная казна
901;П1100000028688;63:09:0000000:1265;Земельный участок;Самарская область, Центральный район, г. Тольятти, квартал 73, по ул. Мира, в районе дома № 117;58,0;Муниципальная казна
902;П1100000028975;63:09:0000000:1266;Земельный участок;Самарская область, Центральный район, г. Тольятти, квартал 72, по ул. Мира, в районе дома № 101;119,0;Муниципальная казна
903;П1100000029706;63:09:0301155:509;Земельный участок;Самарская область, Центральный район, г. Тольятти, квартал 72, по ул. Голосова;145,0;Муниципальная казна
904;П1100000028898;63:09:0000000:2409;Земельный участок;Самарская область, Центральный район, г. Тольятти, квартал 72, между домами № 52 и № 54 по улице Баныкина;84,0;Муниципальная казна
905;П1100000029667;63:09:0301151:636;Земельный участок;"Самарская область, Центральный район, г. Тольятти, квартал 71, по ул. Мира, в районе остановки ""Дом природы""";22,0;Муниципальная казна
906;П1100000030559;63:09:0301172:1364;Земельный участок;Самарская область, Центральный район, г. Тольятти, квартал 71, по ул. Ленинградской на пересечении с бульваром Ленина;325,0;Муниципальная казна
907;П1100000030116;63:09:0301111:595;Земельный участок;Самарская область, Центральный район, г. Тольятти, квартал 71, по ул. Ленинградской;93,0;Муниципальная казна
908;П1100000029292;63:09:0301111:596;Земельный участок;Самарская область, Центральный район, г. Тольятти, квартал 71, по ул. Ленинградской;244,0;Муниципальная казна
909;П1100000029670;63:09:0301151:641;Земельный участок;Самарская область, Центральный район, г. Тольятти, квартал 71, по ул. Голосова, у дома № 99;59,0;Муниципальная казна
910;П1100000028666;63:09:0301109:522;Земельный участок;Самарская область, Центральный район, г. Тольятти, квартал 71, по ул. Баныкина, в районе дома № 30;84,0;Муниципальная казна
911;П1100000029785;63:09:0000000:2396;Земельный участок;Самарская область, Центральный район, г. Тольятти, квартал 71, по бульвару Ленина, 3А;1545,0;Муниципальная казна
912;П1100000030210;63:09:0301156:520;Земельный участок;Самарская область, Центральный район, г. Тольятти, квартал 71, в районе пересечения ул. Голосова и ул. Ленинградской;253,0;Муниципальная казна
913;П1100000029476;63:09:0301143:578;Земельный участок;Самарская область, Центральный район, г. Тольятти, квартал 7, на пересечении ул. Ленина и ул. Комсомольской;1468,0;Муниципальная казна
914;П1100000029668;63:09:0301151:637;Земельный участок;Самарская область, Центральный район, г. Тольятти, квартал 61, ул. Мира, между домами № 51 и № 55;77,0;Муниципальная казна
915;П1100000029262;63:09:0000000:1257;Земельный участок;Самарская область, Центральный район, г. Тольятти, квартал 38, по ул. Чуковского, 6;130,0;Муниципальная казна
916;П1100000028605;63:09:0301151:612;Земельный участок;Самарская область, Центральный район, г. Тольятти, квартал 30, у дома № 45 по ул.Победы;174,0;Муниципальная казна
917;П1100000028810;63:09:0000000:2334;Земельный участок;"Самарская область, Центральный район, г. Тольятти, квартал 30, по ул.Победы, 39, остановка общественного транспорта ""Синтетика""";30,1;Муниципальная казна
918;П1100000028853;63:09:0301157:559;Земельный участок;"Самарская область, Центральный район, г. Тольятти, квартал 30, по ул. Гагарина, в районе дома № 8, на остановке ООТ ""Гостиница ""Волга""";64,0;Муниципальная казна
919;П1100000028568;63:09:0000000:1262;Земельный участок;"Самарская область, Центральный район, г. Тольятти, квартал 27а, по ул. Мира, в районе дома № 152, у магазина ""Овощи""";20,0;Муниципальная казна
920;П1100000029506;63:09:0301151:623;Земельный участок;Самарская область, Центральный район, г. Тольятти, квартал 27а, по ул. Мира, 170;283,0;Муниципальная казна
921;П1100000029693;63:09:0301152:684;Земельный участок;Самарская область, Центральный район, г. Тольятти, квартал 27, ул. Комсомольская, 159Б/240, гараж № 240;40,0;Постоянное (бессрочное) пользование
922;П1100000029512;63:09:0301151:7;Земельный участок;Самарская область, Центральный район, г. Тольятти, квартал 26, по ул. Комсомольской, у дома №151;42,0;Муниципальная казна
923;П1100000030592;63:09:0302049:596;Земельный участок;Самарская область, Центральный район, г. Тольятти, квартал 24, бульвар 50 Лет Октября;7301,0;Муниципальная казна
924;П1100000029094;63:09:0301140:581;Земельный участок;Самарская область, Центральный район, г. Тольятти, квартал 21, по ул. Горького;81,0;Муниципальная казна
925;П1100000029439;63:09:0301136:1142;Земельный участок;Самарская область, Центральный район, г. Тольятти, квартал 159, по ул. Толстого, в районе дома № 12;16,0;Муниципальная казна
926;П1100000029547;63:09:0000000:1816;Земельный участок;Самарская область, Центральный район, г. Тольятти, квартал 155, пересечение ул. Мичурина и проезда Енисейского;9,0;Муниципальная казна
927;П1100000029546;63:09:0000000:1810;Земельный участок;Самарская область, Центральный район, г. Тольятти, квартал 153;671,0;Муниципальная казна
928;П1100000029442;63:09:0301136:1148;Земельный участок;Самарская область, Центральный район, г. Тольятти, квартал 147, Автозаводское шоссе (Центральный район);80,0;Муниципальная казна
929;П1100000029097;63:09:0000000:1808;Земельный участок;Самарская область, Центральный район, г. Тольятти, квартал 143-146, пересечение Автозаводского шоссе и ул. Мичурина;149,0;Муниципальная казна
930;П1100000029252;63:09:0000000:1224;Земельный участок;Самарская область, Центральный район, г. Тольятти, квартал 130, пересечение ул. Ларина и пр. Урожайный;24,0;Муниципальная казна
931;П1100000028623;63:09:0000000:2075;Земельный участок;Самарская область, Центральный район, г. Тольятти, квартал 12, по ул. Карла Маркса, в районе дома № 48;120,0;Муниципальная казна
932;П1100000028934;63:09:0000000:2599;Земельный участок;Самарская область, Центральный район, г. Тольятти, квартал 100, по ул. Лесной, у дома № 60;110,0;Муниципальная казна
933;П1100000029481;63:09:0301144:668;Земельный участок;Самарская область, Центральный район, г. Тольятти, квартал 10, по ул. Комсомольской, на территории Центрального рынка;29,0;Муниципальная казна
934;П1100000029680;63:09:0301152:658;Земельный участок;Самарская область, Центральный район, г. Тольятти, квартал 10, на территории колхозного рынка;37,0;Муниципальная казна
935;П1100000029681;63:09:0301152:659;Земельный участок;Самарская область, Центральный район, г. Тольятти, квартал 10, на территории колхозного рынка;305,0;Муниципальная казна
936;П1100000027954;63:09:0305025:925;Земельный участок;Самарская область, Центральный район, г. Тольятти, зона отдыха, набережная;5505,0;Муниципальная казна
937;П1100000020335;63:09:0305025:32;Земельный участок;Самарская область, Центральный район, г. Тольятти, зона отдыха;9322,0;Постоянное (бессрочное) пользование
938;П1100000030876;63:09:0301164:3686;Земельный участок;Самарская область, Центральный район, г. Тольятти, земельный участок западнее здания, расположенного по адресу: ул. Ленинградская, № 31;2124,0;Муниципальная казна
939;П1100000030875;63:09:0301164:3685;Земельный участок;Самарская область, Центральный район, г. Тольятти, земельный участок восточнее здания, расположенного по адресу: ул. Ленинградская, № 31;16190,0;Муниципальная казна
940;П1100000028118;63:09:0000000:132;Земельный участок;Самарская область, Центральный район, г. Тольятти, западнее мужского монастыря;16634,0;Муниципальная казна
941;П1100000030956;63:09:0301141:1868;Земельный участок;Самарская область, Центральный район, г. Тольятти, западнее здания, имеющего адрес: улица Победы, 29а;2013,0;Муниципальная казна
942;П1100000028124;63:09:0301156:530;Земельный участок;Самарская область, Центральный район, г. Тольятти, западнее здания, имеющего адрес: бульвар Ленина, д.1;38908,0;Муниципальная казна
943;П1100000030965;63:09:0310003:905;Земельный участок;"Самарская область, Центральный район, г. Тольятти, жилой район ""Северный"", 8-ой микрорайон, участок раздела №5";1390,0;Муниципальная казна
944;П1100000031441;63:09:0306034:1050;Земельный участок;"Самарская область, Центральный район, г. Тольятти, ДПК ""Полюшко"", участок № 139";677,0;Муниципальная казна
945;П1100000031062;63:09:0303070:517;Земельный участок;Самарская область, Центральный район, г. Тольятти, городское кладбище;400000,0;Муниципальная казна
946;П1100000030938;63:09:0306032:31;Земельный участок;"Самарская область, Центральный район, г. Тольятти, г. Тольятти, р-н Центральный, сдт ""Юбилей"" уч. № 944, севернее АО ""Фосфор""";600,0;Муниципальная казна
947;П1100000028023;63:09:0306034:924;Земельный участок;Самарская область, Центральный район, г. Тольятти, восточнее здания, имеющего адрес: ул. Новозаводская, 5-Г;2867,0;Муниципальная казна
948;П1100000028012;63:09:0301153:2040;Земельный участок;Самарская область, Центральный район, г. Тольятти, восточнее жилого дома, имеющего адрес: ул. Мира, д. 154;3817,0;Муниципальная казна
949;П1100000017659;63:09:0000000:67;Земельный участок;Самарская область, Центральный район, г. Тольятти, водозабор Соцгородской, скважины № 157а, 159г;2368,0;Муниципальная казна
950;П1100000020185;63:09:0304064:23;Земельный участок;Самарская область, Центральный район, г. Тольятти, водозабор Соцгородской, скважина № 204;2434,0;Муниципальная казна
951;П1100000020169;63:09:0304062:26;Земельный участок;Самарская область, Центральный район, г. Тольятти, водозабор Соцгородской, скважина № 161в;1792,0;Муниципальная казна
952;П1100000020186;63:09:0304064:24;Земельный участок;Самарская область, Центральный район, г. Тольятти, водозабор Соцгородской, скважина 201;2278,0;Муниципальная казна
953;П1100000020183;63:09:0304064:21;Земельный участок;Самарская область, Центральный район, г. Тольятти, водозабор Соцгородской, скважина 179;2112,0;Муниципальная казна
954;П1100000020160;63:09:0304062:15;Земельный участок;Самарская область, Центральный район, г. Тольятти, водозабор Соцгородской, скважина 165-Б;2421,0;Муниципальная казна
955;П1100000020164;63:09:0304062:20;Земельный участок;Самарская область, Центральный район, г. Тольятти, водозабор Соцгородской, скважина 164-А;1395,0;Муниципальная казна
956;П1100000020166;63:09:0304062:23;Земельный участок;Самарская область, Центральный район, г. Тольятти, водозабор Соцгородской, скважина 163-А;860,0;Муниципальная казна
957;П1100000020162;63:09:0304062:18;Земельный участок;Самарская область, Центральный район, г. Тольятти, водозабор Соцгородской, скважина 162;2249,0;Муниципальная казна
958;П1100000020168;63:09:0304062:25;Земельный участок;Самарская область, Центральный район, г. Тольятти, водозабор Соцгородской, скважина 161-Б;2618,0;Муниципальная казна
959;П1100000028452;63:09:0000000:63;Земельный участок;Самарская область, Центральный район, г. Тольятти, водозабор Соцгородской;41863,0;Муниципальная казна
960;П1100000028082;63:09:0304060:522;Земельный участок;Самарская область, Центральный район, г. Тольятти, водозабор Прибрежный, скважины 200, 200а, 200б;9607,0;Муниципальная казна
961;П1100000028081;63:09:0304060:38;Земельный участок;Самарская область, Центральный район, г. Тольятти, водозабор Прибрежный, скважины 194, 194а, 194б;10093,0;Муниципальная казна
962;П1100000027970;63:09:0304060:40;Земельный участок;Самарская область, Центральный район, г. Тольятти, водозабор Прибрежный, скважины 189, 189а;10488,0;Муниципальная казна
963;П1100000028092;63:09:0304060:525;Земельный участок;Самарская область, Центральный район, г. Тольятти, водозабор Прибрежный, скважина 195б;1054,0;Муниципальная казна
964;П1100000028083;63:09:0304060:41;Земельный участок;Самарская область, Центральный район, г. Тольятти, водозабор Прибрежный, скважина 191а, 191б;10841,0;Муниципальная казна
965;П1100000017306;63:09:0304060:524;Земельный участок;Самарская область, Центральный район, г. Тольятти, водозабор Прибрежный, скважина 187;2700,0;Муниципальная казна
966;П1100000028088;63:09:0304060:521;Земельный участок;Самарская область, Центральный район, г. Тольятти, водозабор Прибрежный, скважина 186, 186а;9583,0;Муниципальная казна
967;П1100000028251;63:09:0304060:39;Земельный участок;Самарская область, Центральный район, г. Тольятти, водозабор Прибрежный скважина 187а, 195а;813,0;Муниципальная казна
968;П1100000020188;63:09:0304064:26;Земельный участок;Самарская область, Центральный район, г. Тольятти, водозабор Портовый, скважина № 610 б;469,0;Муниципальная казна
969;П1100000020180;63:09:0304064:16;Земельный участок;Самарская область, Центральный район, г. Тольятти, водозабор Портовый, скважина № 5;817,0;Муниципальная казна
970;П1100000020179;63:09:0304064:15;Земельный участок;Самарская область, Центральный район, г. Тольятти, водозабор Портовый, скважина № 3;1977,0;Муниципальная казна
971;П1100000020167;63:09:0304062:24;Земельный участок;"Самарская область, Центральный район, г. Тольятти, водозабор ""Соцгородской"", скважина №163-Б";1996,0;Муниципальная казна
972;П1100000020165;63:09:0304062:21;Земельный участок;"Самарская область, Центральный район, г. Тольятти, водозабор ""Соцгородской"", скважина №159 В, 156 Г";5164,0;Муниципальная казна
973;П1100000020177;63:09:0304064:13;Земельный участок;"Самарская область, Центральный район, г. Тольятти, водозабор ""Соцгородской"", скважина № 203";2310,0;Муниципальная казна
974;П1100000020184;63:09:0304064:22;Земельный участок;"Самарская область, Центральный район, г. Тольятти, водозабор ""Соцгородской"", скважина № 202 А";1393,0;Муниципальная казна
975;П1100000020176;63:09:0304064:12;Земельный участок;"Самарская область, Центральный район, г. Тольятти, водозабор ""Соцгородской"", скважина № 159а";2525,0;Муниципальная казна
976;П1100000028449;63:09:0304062:16;Земельный участок;"Самарская область, Центральный район, г. Тольятти, водозабор ""Соцгородской"", скважина № 158а";2004,0;Муниципальная казна
977;П1100000020178;63:09:0304064:14;Земельный участок;"Самарская область, Центральный район, г. Тольятти, водозабор ""Соцгородской"", скважина 182-А";2208,0;Муниципальная казна
978;П1100000020182;63:09:0304064:18;Земельный участок;"Самарская область, Центральный район, г. Тольятти, водозабор ""Соцгородской"", скважина 180, 180а";2166,0;Муниципальная казна
979;П1100000020161;63:09:0304062:17;Земельный участок;"Самарская область, Центральный район, г. Тольятти, водозабор ""Соцгородской"", скважина 162-А";931,0;Муниципальная казна
980;П1100000020163;63:09:0304062:19;Земельный участок;"Самарская область, Центральный район, г. Тольятти, водозабор ""Соцгородской"" скважина № 158б";1262,0;Муниципальная казна
981;П1100000028094;63:09:0304060:519;Земельный участок;"Самарская область, Центральный район, г. Тольятти, водозабор ""Прибрежный"", скважина 193б,193в";9841,0;Муниципальная казна
982;П1100000028084;63:09:0304060:523;Земельный участок;"Самарская область, Центральный район, г. Тольятти, водозабор ""Прибрежный"", скважина 192, 192а, 192б";10292,0;Муниципальная казна
983;П1100000028089;63:09:0304060:50;Земельный участок;"Самарская область, Центральный район, г. Тольятти, водозабор ""Прибрежный"", скважина 188, 188а";10324,0;Муниципальная казна
984;П1100000028436;63:09:0304060:36;Земельный участок;"Самарская область, Центральный район, г. Тольятти, водозабор ""Прибрежный""";33362,0;Муниципальная казна
985;П1100000020187;63:09:0304064:25;Земельный участок;"Самарская область, Центральный район, г. Тольятти, водозабор ""Портовый"", скважина 4а";2964,0;Муниципальная казна
986;П1100000016714;63:09:0304060:501;Земельный участок;Самарская область, Центральный район, г. Тольятти, вдоль троллейбусной линии на Потрпоселок Центрального района;1067,0;Муниципальная казна
987;П1100000031135;63:09:0306036:18;Земельный участок;Самарская область, Центральный район, г. Тольятти, в северном пром. узле Центрального района, по ул. Новозаводская, 29;10194,0;Муниципальная казна
988;П1100000028491;63:09:0304061:667;Земельный участок;"Самарская область, Центральный район, г. Тольятти, в сад.огор.тов.""Электрик"" ГПИ ""Электропроект"", садовый участок 121";500,0;Муниципальная казна
989;П1100000028680;63:09:0302051:887;Земельный участок;Самарская область, Центральный район, г. Тольятти, в районе пересечения ул.Новозаводская и ул.Комсомольская;556,0;Муниципальная казна
990;П1100000029257;63:09:0000000:1241;Земельный участок;Самарская область, Центральный район, г. Тольятти, в квартале № 83, между домами № 79 и № 81 по ул.Ленина;97,0;Муниципальная казна
991;П1100000029101;63:09:0000000:2332;Земельный участок;Самарская область, Центральный район, г. Тольятти, в квартале 89-55 по ул. Ленинградской, у дома № 24;87,0;Муниципальная казна
992;П1100000029278;63:09:0301109:518;Земельный участок;Самарская область, Центральный район, г. Тольятти, в квартале 72 по ул. Баныкина;404,0;Муниципальная казна
993;П1100000030577;63:09:0301173:1489;Земельный участок;Самарская область, Центральный район, г. Тольятти, б-р Молодежный, у дома № 38;93,0;Муниципальная казна
994;П1100000029499;63:09:0301149:695;Земельный участок;Самарская область, Центральный район, г. Тольятти, б-р Молодежный, д. 5, стр. А, гаражный бокс № 30;36,0;Муниципальная казна
995;П1100000029501;63:09:0301150:548;Земельный участок;Самарская область, Центральный район, г. Тольятти, б-р Молодежный, д. 30А;906,0;Муниципальная казна
996;П1100000025072;63:09:0301150:502;Земельный участок;Самарская область, Центральный район, г. Тольятти, б-р Молодежный, д. 28;19528,0;Постоянное (бессрочное) пользование
997;П1100000028313;63:09:0301157:3136;Земельный участок;Самарская область, Центральный район, г. Тольятти, б-р Молодежный, д. 27;6173,0;Постоянное (бессрочное) пользование
998;П1100000029762;63:09:0000000:2342;Земельный участок;Самарская область, Центральный район, г. Тольятти, б-р Молодежный, в районе дома № 35;52,0;Муниципальная казна
999;П1100000029024;63:09:0000000:2357;Земельный участок;Самарская область, Центральный район, г. Тольятти, б-р Молодежный, 5-А/74, гаражный бокс № 74;53,0;Муниципальная казна
1000;П1100000029025;63:09:0000000:2360;Земельный участок;Самарская область, Центральный район, г. Тольятти, б-р Молодежный, 5-А/67, гараж № 67;38,0;Муниципальная казна
1001;П1100000029017;63:09:0000000:2263;Земельный участок;Самарская область, Центральный район, г. Тольятти, б-р Молодежный, 5А/6, гаражный бокс № 6;37,0;Муниципальная казна
1002;П1100000029015;63:09:0000000:2212;Земельный участок;Самарская область, Центральный район, г. Тольятти, б-р Молодежный, 5А/53, гараж № 53;43,0;Муниципальная казна
1003;П1100000029028;63:09:0000000:2367;Земельный участок;Самарская область, Центральный район, г. Тольятти, б-р Молодежный, 5А/28, гараж № 28;37,0;Постоянное (бессрочное) пользование
1004;П1100000029016;63:09:0000000:2214;Земельный участок;Самарская область, Центральный район, г. Тольятти, б-р Молодежный, 5А/1, гаражный бокс № 1;64,0;Постоянное (бессрочное) пользование
1005;П1100000028057;63:09:0301150:551;Земельный участок;Самарская область, Центральный район, г. Тольятти, б-р Молодежный, 26А;71,0;Муниципальная казна
1006;П1100000029026;63:09:0000000:2361;Земельный участок;Самарская область, Центральный район, г. Тольятти, б-р Молодежный, 11-А/4, гараж № 4;35,0;Муниципальная казна
1007;П1100000029717;63:09:0301158:640;Земельный участок;Самарская область, Центральный район, г. Тольятти, б-р Молодежный, 11А/30, гараж № 30;43,0;Муниципальная казна
1008;П1100000029327;63:09:0301173:1469;Земельный участок;Самарская область, Центральный район, г. Тольятти, б-р Ленина, у дома № 74;156,0;Муниципальная казна
1009;П1100000030558;63:09:0301172:1363;Земельный участок;Самарская область, Центральный район, г. Тольятти, б-р Ленина, у дома № 5 А;25,0;Муниципальная казна
1010;П1100000030547;63:09:0301172:1238;Земельный участок;Самарская область, Центральный район, г. Тольятти, б-р Ленина, у дома № 22;136,0;Муниципальная казна
1011;П1100000030125;63:09:0000000:2383;Земельный участок;Самарская область, Центральный район, г. Тольятти, б-р Ленина, напротив дома № 3;187,0;Муниципальная казна
1012;П1100000029774;63:09:0000000:2379;Земельный участок;Самарская область, Центральный район, г. Тольятти, б-р Ленина, напротив гостиницы ''Жигули'';264,0;Муниципальная казна
1013;П1100000018170;63:09:0000000:784;Земельный участок;Самарская область, Центральный район, г. Тольятти, б-р Ленина, на земельном участке расположено нежилое здание, имеющее адрес: бульв.Ленина, 21-а;108,0;Муниципальная казна
1014;П1100000028428;63:09:0301114:507;Земельный участок;Самарская область, Центральный район, г. Тольятти, б-р Ленина, на земельном участке расположен объект недвижимости, имеющий адрес: бульвар Ленина, 15;5747,0;Муниципальная казна
1015;П1100000019197;63:09:0301115:506;Земельный участок;Самарская область, Центральный район, г. Тольятти, б-р Ленина, д. 17;11449,0;Постоянное (бессрочное) пользование
1016;П1100000030557;63:09:0301172:1362;Земельный участок;Самарская область, Центральный район, г. Тольятти, б-р Ленина, д. 10;15,0;Муниципальная казна
1017;П1100000029333;63:09:0301111:588;Земельный участок;Самарская область, Центральный район, г. Тольятти, б-р Ленина, д. 10;13675,0;Муниципальная казна
1018;П1100000004436;63:09:0301114:513;Земельный участок;Самарская область, Центральный район, г. Тольятти, б-р Ленина, 19Б;84,0;Муниципальная казна
1019;П1100000028668;63:09:0301139:1127;Земельный участок;"Самарская область, Центральный район, г. Тольятти, б-р 50 лет Октября, у дома №69, в квартале 110а, на остановке общественного транспорта ""Улица Октябрьская""";45,2;Муниципальная казна
1020;П1100000029253;63:09:0000000:1225;Земельный участок;Самарская область, Центральный район, г. Тольятти, б-р 50 лет Октября, у дома № 38;16,4;Муниципальная казна
1021;П1100000030541;63:09:0301171:1192;Земельный участок;Самарская область, Центральный район, г. Тольятти, б-р 50 лет Октября, у дома № 18;136,0;Муниципальная казна
1022;П1100000029254;63:09:0000000:1226;Земельный участок;"Самарская область, Центральный район, г. Тольятти, б-р 50 лет Октября, рядом с опорой № 123
";14,0;Муниципальная казна
1023;П1100000029468;63:09:0301139:1295;Земельный участок;"Самарская область, Центральный район, г. Тольятти, б-р 50 лет Октября, остановка общественного транспорта ""Техучилище""";69,0;Муниципальная казна
1024;П1100000030542;63:09:0301171:1193;Земельный участок;"Самарская область, Центральный район, г. Тольятти, б-р 50 лет Октября, остановка общественного транспорта ""Кинотеатр ""Авангард""";59,0;Муниципальная казна
1025;П1100000030552;63:09:0301172:1319;Земельный участок;"Самарская область, Центральный район, г. Тольятти, б-р 50 лет Октября, остановка ""Украинская"", в квартале № 115";73,0;Муниципальная казна
1026;П1100000029469;63:09:0301139:1306;Земельный участок;"Самарская область, Центральный район, г. Тольятти, б-р 50 лет Октября, ООТ ""Украинская""";124,0;Муниципальная казна
1027;П1100000030556;63:09:0301172:1361;Земельный участок;Самарская область, Центральный район, г. Тольятти, б-р 50 лет Октября, напротив дома № 67;18,0;Муниципальная казна
1028;П1100000030886;63:09:0000000:9391;Земельный участок;Самарская область, Центральный район, г. Тольятти, б-р 50 лет Октября, земельный участок от улицы Лесная до улицы Ленина;59919,0;Муниципальная казна
1029;П1100000031292;63:09:0302049:2002;Земельный участок;Самарская область, Центральный район, г. Тольятти, б-р 50 лет Октября, земельный участок № 77А/1;54,0;Муниципальная казна
1030;П1100000031271;63:09:0301139:4761;Земельный участок;Самарская область, Центральный район, г. Тольятти, б-р 50 лет Октября, земельный участок № 71А;3823,0;Муниципальная казна
1031;П1100000028028;63:09:0301139:3729;Земельный участок;Самарская область, Центральный район, г. Тольятти, б-р 50 лет Октября, д. 63, стр. А;93,0;Муниципальная казна
1032;П1100000028418;63:09:0301139:23;Земельный участок;Самарская область, Центральный район, г. Тольятти, б-р 50 лет Октября, д. 61, квартал № 111;13329,0;Постоянное (бессрочное) пользование
1033;П1100000030584;63:09:0302049:3;Земельный участок;Самарская область, Центральный район, г. Тольятти, б-р 50 лет Октября, д. 58;1000,0;Муниципальная казна
1034;П1100000029456;63:09:0301138:914;Земельный участок;Самарская область, Центральный район, г. Тольятти, б-р 50 лет Октября, д. 58;1566,0;Муниципальная казна
1035;П1100000029458;63:09:0301138:916;Земельный участок;Самарская область, Центральный район, г. Тольятти, б-р 50 лет Октября, д. 58;3685,0;Муниципальная казна
1036;П1100000030583;63:09:0302049:1;Земельный участок;Самарская область, Центральный район, г. Тольятти, б-р 50 лет Октября, д. 58;3458,0;Муниципальная казна
1037;П1100000029457;63:09:0301138:915;Земельный участок;Самарская область, Центральный район, г. Тольятти, б-р 50 лет Октября, д. 58;227,0;Муниципальная казна
1038;П1100000030586;63:09:0302049:554;Земельный участок;Самарская область, Центральный район, г. Тольятти, б-р 50 лет Октября, д. 54;6104,0;Муниципальная казна
1039;П1100000028401;63:09:0302049:504;Земельный участок;Самарская область, Центральный район, г. Тольятти, б-р 50 лет Октября, д. 50;11704,0;Муниципальная казна
1040;П1100000029325;63:09:0301172:1341;Земельный участок;Самарская область, Центральный район, г. Тольятти, б-р 50 лет Октября, д. 42, остановка ''Октябрьская'';43,5;Муниципальная казна
1041;П1100000025488;63:09:0301172:803;Земельный участок;Самарская область, Центральный район, г. Тольятти, б-р 50 лет Октября, д. 40;9517,0;Постоянное (бессрочное) пользование
1042;П1100000030560;63:09:0301172:713;Земельный участок;Самарская область, Центральный район, г. Тольятти, б-р 50 лет Октября, д. 36, стр. А;838,0;Муниципальная казна
1043;П1100000030553;63:09:0301172:1326;Земельный участок;Самарская область, Центральный район, г. Тольятти, б-р 50 лет Октября, д. 30;3383,0;Муниципальная казна
1044;П1100000030550;63:09:0301172:1305;Земельный участок;Самарская область, Центральный район, г. Тольятти, б-р 50 лет Октября, д. 24, стр. А/6, гараж № 6;56,0;Муниципальная казна
1045;П1100000024670;63:09:0301138:621;Земельный участок;Самарская область, Центральный район, г. Тольятти, б-р 50 лет Октября, д. 23;22805,0;Постоянное (бессрочное) пользование
1046;П1100000024804;63:09:0301138:799;Земельный участок;Самарская область, Центральный район, г. Тольятти, б-р 50 лет Октября, д. 21;9950,0;Постоянное (бессрочное) пользование
1047;П1100000030539;63:09:0301171:1160;Земельный участок;Самарская область, Центральный район, г. Тольятти, б-р 50 лет Октября, д. 2;21,0;Муниципальная казна
1048;П1100000018210;63:09:0301138:754;Земельный участок;Самарская область, Центральный район, г. Тольятти, б-р 50 лет Октября, д. 17;9573,0;Постоянное (бессрочное) пользование
1049;П1100000016600;63:09:0301171:837;Земельный участок;Самарская область, Центральный район, г. Тольятти, б-р 50 лет Октября, д. 12;3968,0;Постоянное (бессрочное) пользование
1050;П1100000030540;63:09:0301171:1188;Земельный участок;Самарская область, Центральный район, г. Тольятти, б-р 50 лет Октября, в районе дома № 20;47,0;Муниципальная казна
1051;П1100000029459;63:09:0301138:920;Земельный участок;Самарская область, Центральный район, г. Тольятти, б-р 50 лет Октября, (разд. полоса);12,2;Муниципальная казна
1052;П1100000030554;63:09:0301172:1338;Земельный участок;Самарская область, Центральный район, г. Тольятти, б-р 50 лет Октября;5531,0;Муниципальная казна
1053;П1100000028855;63:09:0302049:597;Земельный участок;Самарская область, Центральный район, г. Тольятти, б-р 50 лет Октября;851,0;Муниципальная казна
1054;П1100000028678;63:09:0302049:598;Земельный участок;Самарская область, Центральный район, г. Тольятти, б-р 50 лет Октября;112,0;Муниципальная казна
1055;П1100000029727;63:09:0301163:543;Земельный участок;Самарская область, Центральный район, г. Тольятти, 69 квартал , ул. Мира, д. 71;281,0;Муниципальная казна
1056;П1100000029675;63:09:0301152:21;Земельный участок;Самарская область, Центральный район, г. Тольятти, 27 квартал, ул. Карбышева, у дома № 9;252,0;Муниципальная казна
1057;П1100000028347;63:09:0301167:5174;Земельный участок;Самарская область, Центральный район, г. Тольятти;17787,0;Муниципальная казна
1058;П1100000030971;63:09:0310003:1706;Земельный участок;Самарская область, Центральный район, г. Тольятти;394,0;Муниципальная казна
1059;П1100000031198;63:09:0305025:969;Земельный участок;Самарская область, Центральный район, г. Тольятти;51739,0;Муниципальная казна
1060;П1100000031219;63:09:0305025:990;Земельный участок;Самарская область, Центральный район, г. Тольятти;1138,0;Муниципальная казна
1061;П1100000031162;63:09:0305025:1008;Земельный участок;Самарская область, Центральный район, г. Тольятти;966,0;Муниципальная казна
1062;П1100000030667;63:09:0304061:783;Земельный участок;Самарская область, Центральный район, г. Тольятти;600,0;Муниципальная казна
1063;П1100000031155;63:09:0305025:1001;Земельный участок;Самарская область, Центральный район, г. Тольятти;627,0;Муниципальная казна
1064;П1100000031160;63:09:0305025:1006;Земельный участок;Самарская область, Центральный район, г. Тольятти;600,0;Муниципальная казна
1065;П1100000031209;63:09:0305025:980;Земельный участок;Самарская область, Центральный район, г. Тольятти;600,0;Муниципальная казна
1066;П1100000031214;63:09:0305025:985;Земельный участок;Самарская область, Центральный район, г. Тольятти;600,0;Муниципальная казна
1067;П1100000031218;63:09:0305025:989;Земельный участок;Самарская область, Центральный район, г. Тольятти;600,0;Муниципальная казна
1068;П1100000031210;63:09:0305025:981;Земельный участок;Самарская область, Центральный район, г. Тольятти;974,0;Муниципальная казна
1069;П1100000031216;63:09:0305025:987;Земельный участок;Самарская область, Центральный район, г. Тольятти;977,0;Муниципальная казна
1070;П1100000028322;63:09:0305001:523;Земельный участок;Самарская область, Центральный район, г. Тольятти;600,0;Постоянное (бессрочное) пользование
1071;П1100000031159;63:09:0305025:1005;Земельный участок;Самарская область, Центральный район, г. Тольятти;600,0;Муниципальная казна
1072;П1100000031220;63:09:0305025:991;Земельный участок;Самарская область, Центральный район, г. Тольятти;84232,0;Муниципальная казна
1073;П1100000031217;63:09:0305025:988;Земельный участок;Самарская область, Центральный район, г. Тольятти;1040,0;Муниципальная казна
1074;П1100000031448;63:09:0306032:715;Земельный участок;Самарская область, Центральный район, г. Тольятти;600,0;Муниципальная казна
1075;П1100000031203;63:09:0305025:974;Земельный участок;Самарская область, Центральный район, г. Тольятти;400,0;Муниципальная казна
1076;П1100000031165;63:09:0305025:1011;Земельный участок;Самарская область, Центральный район, г. Тольятти;1819,0;Муниципальная казна
1077;П1100000028324;63:09:0305001:525;Земельный участок;Самарская область, Центральный район, г. Тольятти;600,0;Постоянное (бессрочное) пользование
1078;П1100000031224;63:09:0305025:995;Земельный участок;Самарская область, Центральный район, г. Тольятти;520,0;Муниципальная казна
1079;П1100000031205;63:09:0305025:976;Земельный участок;Самарская область, Центральный район, г. Тольятти;438,0;Муниципальная казна
1080;П1100000031161;63:09:0305025:1007;Земельный участок;Самарская область, Центральный район, г. Тольятти;600,0;Муниципальная казна
1081;П1100000030955;63:09:0306032:2952;Земельный участок;Самарская область, Центральный район, г. Тольятти;870,0;Муниципальная казна
1082;П1100000031197;63:09:0305025:968;Земельный участок;Самарская область, Центральный район, г. Тольятти;600,0;Муниципальная казна
1083;П1100000031200;63:09:0305025:971;Земельный участок;Самарская область, Центральный район, г. Тольятти;600,0;Муниципальная казна
1084;П1100000031211;63:09:0305025:982;Земельный участок;Самарская область, Центральный район, г. Тольятти;1047,0;Муниципальная казна
1085;П1100000031080;63:09:0304061:955;Земельный участок;Самарская область, Центральный район, г. Тольятти;108646,0;Муниципальная казна
1086;П1100000031222;63:09:0305025:993;Земельный участок;Самарская область, Центральный район, г. Тольятти;600,0;Муниципальная казна
1087;П1100000031226;63:09:0305025:997;Земельный участок;Самарская область, Центральный район, г. Тольятти;600,0;Муниципальная казна
1088;П1100000031228;63:09:0305025:999;Земельный участок;Самарская область, Центральный район, г. Тольятти;600,0;Муниципальная казна
1089;П1100000031221;63:09:0305025:992;Земельный участок;Самарская область, Центральный район, г. Тольятти;600,0;Муниципальная казна
1090;П1100000031213;63:09:0305025:984;Земельный участок;Самарская область, Центральный район, г. Тольятти;6700,0;Муниципальная казна
1091;П1100000031085;63:09:0304061:658;Земельный участок;Самарская область, Центральный район, г. Тольятти;1065,0;Муниципальная казна
1092;П1100000031154;63:09:0305025:1000;Земельный участок;Самарская область, Центральный район, г. Тольятти;600,0;Муниципальная казна
1093;П1100000028545;63:09:0304061:850;Земельный участок;Самарская область, Центральный район, г. Тольятти;1288,0;Муниципальная казна
1094;П1100000031163;63:09:0305025:1009;Земельный участок;Самарская область, Центральный район, г. Тольятти;902,0;Муниципальная казна
1095;П1100000031280;63:09:0302053:2238;Земельный участок;Самарская область, Центральный район, г. Тольятти;938,0;Муниципальная казна
1096;П1100000031157;63:09:0305025:1003;Земельный участок;Самарская область, Центральный район, г. Тольятти;1070,0;Муниципальная казна
1097;П1100000028346;63:09:0301167:5173;Земельный участок;Самарская область, Центральный район, г. Тольятти;790,0;Муниципальная казна
1098;П1100000031201;63:09:0305025:972;Земельный участок;Самарская область, Центральный район, г. Тольятти;600,0;Муниципальная казна
1099;П1100000031207;63:09:0305025:978;Земельный участок;Самарская область, Центральный район, г. Тольятти;732,0;Муниципальная казна
1100;П1100000031208;63:09:0305025:979;Земельный участок;Самарская область, Центральный район, г. Тольятти;600,0;Муниципальная казна
1101;П1100000031158;63:09:0305025:1004;Земельный участок;Самарская область, Центральный район, г. Тольятти;1209,0;Муниципальная казна
1102;П1100000031223;63:09:0305025:994;Земельный участок;Самарская область, Центральный район, г. Тольятти;756,0;Муниципальная казна
1103;П1100000030797;63:09:0306032:1428;Земельный участок;Самарская область, Центральный район, г. Тольятти;500,0;Муниципальная казна
1104;П1100000031212;63:09:0305025:983;Земельный участок;Самарская область, Центральный район, г. Тольятти;600,0;Муниципальная казна
1105;П1100000031204;63:09:0305025:975;Земельный участок;Самарская область, Центральный район, г. Тольятти;342,0;Муниципальная казна
1106;П1100000031156;63:09:0305025:1002;Земельный участок;Самарская область, Центральный район, г. Тольятти;950,0;Муниципальная казна
1107;П1100000031166;63:09:0305025:1012;Земельный участок;Самарская область, Центральный район, г. Тольятти;600,0;Муниципальная казна
1108;П1100000031227;63:09:0305025:998;Земельный участок;Самарская область, Центральный район, г. Тольятти;600,0;Муниципальная казна
1109;П1100000030796;63:09:0304061:844;Земельный участок;Самарская область, Центральный район, г. Тольятти;1254,0;Муниципальная казна
1110;П1100000031215;63:09:0305025:986;Земельный участок;Самарская область, Центральный район, г. Тольятти;717,0;Муниципальная казна
1111;П1100000031202;63:09:0305025:973;Земельный участок;Самарская область, Центральный район, г. Тольятти;400,0;Муниципальная казна
1112;П1100000031199;63:09:0305025:970;Земельный участок;Самарская область, Центральный район, г. Тольятти;600,0;Муниципальная казна
1113;П1100000031167;63:09:0305025:1013;Земельный участок;Самарская область, Центральный район, г. Тольятти;1008,0;Муниципальная казна
1114;П1100000031225;63:09:0305025:996;Земельный участок;Самарская область, Центральный район, г. Тольятти;600,0;Муниципальная казна
1115;П1100000031206;63:09:0305025:977;Земельный участок;Самарская область, Центральный район, г. Тольятти;14130,0;Муниципальная казна
1116;П1100000031164;63:09:0305025:1010;Земельный участок;Самарская область, Центральный район, г. Тольятти;600,0;Муниципальная казна
1117;П1100000030798;63:09:0306032:3095;Земельный участок;Самарская область, Центральный район, г. Тольятти;1157,0;Муниципальная казна
1118;П1100000028232;63:09:0000000:865;Земельный участок;Самарская область, Центральный район, г. Тольятти;400,0;Муниципальная казна
1119;П1100000030942;63:09:0304061:809;Земельный участок;Самарская область, Центральный район, г. Тольятти;1031,0;Муниципальная казна
1120;П1100000028323;63:09:0305001:524;Земельный участок;Самарская область, Центральный район, г. Тольятти;600,0;Постоянное (бессрочное) пользование
1121;П1100000031540;63:09:0302051:5453;Земельный участок;Самарская область, Тольятти г.о, г Тольятти, ул Базовая;6218,0;Муниципальная казна
1122;П1100000031574;63:09:0102161:979;Земельный участок;Самарская область, Самарская область, г. Тольятти, Автозаводский район;32388,0;Муниципальная казна
1123;П1100000031470;63:09:0102161:983;Земельный участок;Самарская область, Самарская область, г. Тольятти, Автозаводский район;49713,0;Муниципальная казна
1124;П1100000031572;63:09:0102161:981;Земельный участок;Самарская область, Самарская область, г. Тольятти, Автозаводский район;150,0;Муниципальная казна
1125;П1100000031079;63:32:1801002:33;Земельный участок;Самарская область, муниципальный район Ставропольский, сельское поселение Васильевка, 1800 м восточнее границы села Васильевка;638,0;Муниципальная казна
1126;П1100000029336;63:09:0000000:1361;Земельный участок;"Самарская область, Комсомольский район, г. Тольятти, южнее территории УР 65/16, садоводческое товарищество ""Вера"", участок № 18";397,0;Муниципальная казна
1127;П1100000029225;63:09:0000000:1150;Земельный участок;Самарская область, Комсомольский район, г. Тольятти, южная сторона кольцевой развязки ул.Матросова и ул.Громовой;37,0;Муниципальная казна
1128;П1100000028508;63:09:0201057:14518;Земельный участок;Самарская область, Комсомольский район, г. Тольятти, юго-западнее здания, имеющего адрес: ул.Матросова, дом 37;6561,0;Постоянное (бессрочное) пользование
1129;П1100000028042;63:09:0204068:22;Земельный участок;Самарская область, Комсомольский район, г. Тольятти, ш. Поволжское, юго-западнее здания № 6 по Поволжскому шоссе;9235,0;Муниципальная казна
1130;П1100000027936;63:09:0000000:7139;Земельный участок;Самарская область, Комсомольский район, г. Тольятти, ш. Поволжское, на земельном участке расположен объект, имеющий адрес: Поволжское шоссе,5;782423,0;Муниципальная казна
1131;П1100000031391;63:09:0204068:833;Земельный участок;Самарская область, Комсомольский район, г. Тольятти, ш. Поволжское, земельный участок № 6а;321653,0;Муниципальная казна
1132;П1100000031362;63:09:0204065:734;Земельный участок;Самарская область, Комсомольский район, г. Тольятти, ш. Поволжское, земельный участок № 5/3;99,0;Муниципальная казна
1133;П1100000028304;63:09:0204066:502;Земельный участок;Самарская область, Комсомольский район, г. Тольятти, ш. Поволжское, д. 8;601,0;Муниципальная казна
1134;П1100000028037;63:09:0204068:507;Земельный участок;Самарская область, Комсомольский район, г. Тольятти, ш. Поволжское, д. 6;767,0;Муниципальная казна
1135;П1100000029337;63:09:0000000:1362;Земельный участок;"Самарская область, Комсомольский район, г. Тольятти, Федоровские луга, садоводческое товарищество, ""Сигнал-1"", участок № 43";89,0;Муниципальная казна
1136;П1100000030518;63:09:0206061:2141;Земельный участок;Самарская область, Комсомольский район, г. Тольятти, Федоровские луга, садоводческое товарищество ''Луч'', 10-ая Яблоневая, участок № 2;103,0;Муниципальная казна
1137;П1100000030475;63:09:0206057:2313;Земельный участок;"Самарская область, Комсомольский район, г. Тольятти, Федоровские луга, садоводческое товарищество ""Яблонька"", участок № 9";64,0;Муниципальная казна
1138;П1100000028990;63:09:0000000:1493;Земельный участок;"Самарская область, Комсомольский район, г. Тольятти, Федоровские луга, садоводческое товарищество ""Яблонька"", участок № 74";19,0;Постоянное (бессрочное) пользование
1139;П1100000030113;63:09:0000000:1836;Земельный участок;"Самарская область, Комсомольский район, г. Тольятти, Федоровские луга, садоводческое товарищество ""Яблонька"", участок № 63";121,0;Муниципальная казна
1140;П1100000029343;63:09:0000000:1509;Земельный участок;"Самарская область, Комсомольский район, г. Тольятти, Федоровские луга, садоводческое товарищество ""Ставропольское"", участок № 1";352,0;Муниципальная казна
1141;П1100000028980;63:09:0000000:1327;Земельный участок;"Самарская область, Комсомольский район, г. Тольятти, Федоровские луга, садоводческое товарищество ""Сигнал-1"", ул. 2-ая Яблоневая, участок № 13";171,0;Постоянное (бессрочное) пользование
1142;П1100000030463;63:09:0206055:1203;Земельный участок;"Самарская область, Комсомольский район, г. Тольятти, Федоровские луга, садоводческое товарищество ""Озерное"", участок № 2";187,0;Муниципальная казна
1143;П1100000029000;63:09:0206061:1856;Земельный участок;"Самарская область, Комсомольский район, г. Тольятти, Федоровские луга, садоводческое товарищество ""Луч"", ул. 15-я Яблоневая, участок № 20";72,0;Муниципальная казна
1144;П1100000030517;63:09:0206061:2130;Земельный участок;"Самарская область, Комсомольский район, г. Тольятти, Федоровские луга, садоводческое товарищество ""Луч"", ул. 14-ая Яблоневая, участок № 18";70,0;Муниципальная казна
1145;П1100000029049;63:09:0000000:1660;Земельный участок;"Самарская область, Комсомольский район, г. Тольятти, Федоровские луга, садоводческое товарищество ""Луч"", 11-я Яблоневая, участок №4";91,0;Постоянное (бессрочное) пользование
1146;П1100000028998;63:09:0000000:1538;Земельный участок;"Самарская область, Комсомольский район, г. Тольятти, Федоровские луга, садоводческое товарищество ""ДРСУ"", участок №11";457,0;Муниципальная казна
1147;П1100000029752;63:09:0000000:1835;Земельный участок;"Самарская область, Комсомольский район, г. Тольятти, Федоровские луга, возле СДТ ""Урожай""";84,0;Муниципальная казна
1148;П1100000030770;63:09:0202052:778;Земельный участок;"Самарская область, Комсомольский район, г. Тольятти, уч-к по ул. Энергетиков, между ГСК-43 и ГСК-44 ""Микрон""";24,0;Муниципальная казна
1149;П1100000028543;63:09:0202049:601;Земельный участок;"Самарская область, Комсомольский район, г. Тольятти, установлено относительно ориентира, расположенного в границах участка. Ориентир С/т ""Поляна"", садовый участок 49. Почтовый адрес ориентира: Самарская область, г.Тольятти";385,0;Муниципальная казна
1150;П1100000031053;63:09:0202049:638;Земельный участок;"Самарская область, Комсомольский район, г. Тольятти, установлено относительно ориентира С/т ""Поляна"" , садовый участок 19";478,0;Муниципальная казна
1151;П1100000030456;63:09:0201063:543;Земельный участок;Самарская область, Комсомольский район, г. Тольятти, ул.Линейная 2-я, д.56;165,0;Муниципальная казна
1152;П1100000030403;63:09:0202053:571;Земельный участок;Самарская область, Комсомольский район, г. Тольятти, ул. Ярославская, опора № 11;14,0;Муниципальная казна
1153;П1100000028765;63:09:0201059:750;Земельный участок;"Самарская область, Комсомольский район, г. Тольятти, ул. Ярославская, ООТ ""Мясокомбинат""";90,0;Муниципальная казна
1154;П1100000027658;63:09:0201059:512;Земельный участок;Самарская область, Комсомольский район, г. Тольятти, ул. Ярославская, д. 47;9642,0;Постоянное (бессрочное) пользование
1155;П1100000028764;63:09:0201059:749;Земельный участок;Самарская область, Комсомольский район, г. Тольятти, ул. Ярославская, д. 31;144,0;Муниципальная казна
1156;П1100000027731;63:09:0201059:623;Земельный участок;Самарская область, Комсомольский район, г. Тольятти, ул. Ярославская, д. 19;9216,0;Постоянное (бессрочное) пользование
1157;П1100000030817;63:09:0202053:514;Земельный участок;Самарская область, Комсомольский район, г. Тольятти, ул. Ярославская, д. 12;1802,0;Муниципальная казна
1158;П1100000030410;63:09:0202053:582;Земельный участок;Самарская область, Комсомольский район, г. Тольятти, ул. Ярославская, д. 12;683,0;Муниципальная казна
1159;П1100000030404;63:09:0202053:573;Земельный участок;"Самарская область, Комсомольский район, г. Тольятти, ул. Ярославская, в районе остановки ""Мясокомбинат"" (со стороны мясокомбината)";15,1;Муниципальная казна
1160;П1100000028763;63:09:0201059:745;Земельный участок;Самарская область, Комсомольский район, г. Тольятти, ул. Ярославская, в районе дома № 35;48,0;Муниципальная казна
1161;П1100000028762;63:09:0201059:744;Земельный участок;Самарская область, Комсомольский район, г. Тольятти, ул. Ярославская;108,0;Муниципальная казна
1162;П1100000028126;63:09:0201060:95;Земельный участок;Самарская область, Комсомольский район, г. Тольятти, ул. Энергетиков, д. 5;10310,0;Постоянное (бессрочное) пользование
1163;П1100000028380;63:09:0201060:1044;Земельный участок;Самарская область, Комсомольский район, г. Тольятти, ул. Энергетиков, д. 23;8831,0;Муниципальная казна
1164;П1100000028305;63:09:0201060:14714;Земельный участок;Самарская область, Комсомольский район, г. Тольятти, ул. Энергетиков, д. 17, стр. Б;93,0;Муниципальная казна
1165;П1100000027591;63:09:0201060:796;Земельный участок;Самарская область, Комсомольский район, г. Тольятти, ул. Энергетиков, д. 17;24880,0;Постоянное (бессрочное) пользование
1166;П1100000028425;63:09:0201060:45;Земельный участок;Самарская область, Комсомольский район, г. Тольятти, ул. Энергетиков, д. 13, мкр.Шлюзовой;419,0;Муниципальная казна
1167;П1100000028045;63:09:0201060:1018;Земельный участок;Самарская область, Комсомольский район, г. Тольятти, ул. Энергетиков, 17А;744,0;Муниципальная казна
1168;П1100000004165;63:09:0201060:1030;Земельный участок;Самарская область, Комсомольский район, г. Тольятти, ул. Шлюзовая, д.8А;53,0;Муниципальная казна
1169;П1100000028264;63:09:0201060:11;Земельный участок;Самарская область, Комсомольский район, г. Тольятти, ул. Шлюзовая, д. 37;11238,0;Постоянное (бессрочное) пользование
1170;П1100000016480;63:09:0201060:731;Земельный участок;Самарская область, Комсомольский район, г. Тольятти, ул. Шлюзовая, д. 3;2414,0;Постоянное (бессрочное) пользование
1171;П1100000030342;63:09:0201060:98;Земельный участок;Самарская область, Комсомольский район, г. Тольятти, ул. Шлюзовая, д. 14;1992,0;Муниципальная казна
1172;П1100000027752;63:09:0201060:554;Земельный участок;Самарская область, Комсомольский район, г. Тольятти, ул. Шлюзовая, д. 13, стр. А;5251,0;Постоянное (бессрочное) пользование
1173;П1100000027973;63:09:0201057:539;Земельный участок;Самарская область, Комсомольский район, г. Тольятти, ул. Шевцовой, д. 6;2630,0;Муниципальная казна
1174;П1100000027961;63:09:0201057:14246;Земельный участок;Самарская область, Комсомольский район, г. Тольятти, ул. Шевцовой, д. 26;712,0;Муниципальная казна
1175;П1100000030384;63:09:0201062:1577;Земельный участок;Самарская область, Комсомольский район, г. Тольятти, ул. Фадеева, д. 61;55,0;Муниципальная казна
1176;П1100000030378;63:09:0201062:1481;Земельный участок;Самарская область, Комсомольский район, г. Тольятти, ул. Фадеева, д. 52;245,0;Муниципальная казна
1177;П1100000031352;63:09:0201062:5850;Земельный участок;Самарская область, Комсомольский район, г. Тольятти, ул. Телеграфная, земельный участок № 4/1;5011,0;Постоянное (бессрочное) пользование
1178;П1100000030373;63:09:0201062:1464;Земельный участок;Самарская область, Комсомольский район, г. Тольятти, ул. Телеграфная, д. 56;850,0;Муниципальная казна
1179;П1100000029182;63:09:0201062:19;Земельный участок;Самарская область, Комсомольский район, г. Тольятти, ул. Телеграфная, д. 54;600,0;Муниципальная казна
1180;П1100000030372;63:09:0201062:1463;Земельный участок;Самарская область, Комсомольский район, г. Тольятти, ул. Телеграфная, д. 50;955,0;Муниципальная казна
1181;П1100000002763;63:09:0201062:162;Земельный участок;Самарская область, Комсомольский район, г. Тольятти, ул. Телеграфная, д. 4, мкр.Жигулевское море;11959,0;Муниципальная казна
1182;П1100000027997;63:09:0204067:1033;Земельный участок;Самарская область, Комсомольский район, г. Тольятти, ул. Телеграфная, д. 34, стр. Б;52,0;Муниципальная казна
1183;П1100000030369;63:09:0201062:1429;Земельный участок;Самарская область, Комсомольский район, г. Тольятти, ул. Телеграфная, д. 16;1202,0;Муниципальная казна
1184;П1100000030278;63:09:0201055:1032;Земельный участок;Самарская область, Комсомольский район, г. Тольятти, ул. Сиреневая, д. 9;1151,0;Муниципальная казна
1185;П1100000030281;63:09:0201055:1050;Земельный участок;Самарская область, Комсомольский район, г. Тольятти, ул. Сиреневая, д. 15;68,0;Муниципальная казна
1186;П1100000030280;63:09:0201055:1041;Земельный участок;Самарская область, Комсомольский район, г. Тольятти, ул. Сиреневая, д. 15;1068,0;Муниципальная казна
1187;П1100000028049;63:09:0201055:4446;Земельный участок;Самарская область, Комсомольский район, г. Тольятти, ул. Сиреневая;30231,0;Постоянное (бессрочное) пользование
1188;П1100000030326;63:09:0201060:1066;Земельный участок;Самарская область, Комсомольский район, г. Тольятти, ул. Севастопольская, д. 3, стр. А;190,0;Муниципальная казна
1189;П1100000004261;63:09:0201060:1011;Земельный участок;Самарская область, Комсомольский район, г. Тольятти, ул. Севастопольская, д. 1, кв-л 7, школа №2;8746,0;Постоянное (бессрочное) пользование
1190;П1100000030349;63:09:0201061:1854;Земельный участок;Самарская область, Комсомольский район, г. Тольятти, ул. Родниковая, д. 5;196,0;Муниципальная казна
1191;П1100000030348;63:09:0201061:1853;Земельный участок;Самарская область, Комсомольский район, г. Тольятти, ул. Родниковая, д. 5;304,0;Муниципальная казна
1192;П1100000030419;63:09:0202054:651;Земельный участок;Самарская область, Комсомольский район, г. Тольятти, ул. Ровная, д. 16, стр. -1;1354,0;Муниципальная казна
1193;П1100000030418;63:09:0202054:650;Земельный участок;Самарская область, Комсомольский район, г. Тольятти, ул. Ровная, д. 16;544,0;Муниципальная казна
1194;П1100000030356;63:09:0201061:1905;Земельный участок;Самарская область, Комсомольский район, г. Тольятти, ул. Пушкина, д. 9;143,0;Муниципальная казна
1195;П1100000030358;63:09:0201061:1913;Земельный участок;Самарская область, Комсомольский район, г. Тольятти, ул. Пушкина, д. 23, стр. -2;1130,0;Муниципальная казна
1196;П1100000009378;63:09:0201055:4448;Земельный участок;Самарская область, Комсомольский район, г. Тольятти, ул. Полевая, д. 20;8411,0;Постоянное (бессрочное) пользование
1197;П1100000030286;63:09:0201055:994;Земельный участок;Самарская область, Комсомольский район, г. Тольятти, ул. Полевая, д. 19;132,8;Муниципальная казна
1198;П1100000028600;63:09:0201055:1043;Земельный участок;Самарская область, Комсомольский район, г. Тольятти, ул. Полевая, в районе дома № 16;223,0;Муниципальная казна
1199;П1100000029180;63:09:0201061:1358;Земельный участок;Самарская область, Комсомольский район, г. Тольятти, ул. Подгорная, д. 3, пос.Федоровка;197,0;Муниципальная казна
1200;П1100000030354;63:09:0201061:1889;Земельный участок;Самарская область, Комсомольский район, г. Тольятти, ул. Пионерская, д. 3;78,0;Муниципальная казна
1201;П1100000030350;63:09:0201061:1865;Земельный участок;Самарская область, Комсомольский район, г. Тольятти, ул. Песчаная, д. 25;147,0;Муниципальная казна
1202;П1100000030163;63:09:0201055:1000;Земельный участок;Самарская область, Комсомольский район, г. Тольятти, ул. Пескалинская, д. 69, пос. Поволжский;202,0;Муниципальная казна
1203;П1100000030279;63:09:0201055:1037;Земельный участок;Самарская область, Комсомольский район, г. Тольятти, ул. Пескалинская, д. 51, пос. Поволжский;1228,0;Муниципальная казна
1204;П1100000030282;63:09:0201055:1052;Земельный участок;Самарская область, Комсомольский район, г. Тольятти, ул. Пескалинская, д. 51, п. Поволжский;38,0;Муниципальная казна
1205;П1100000009395;63:09:0201055:4450;Земельный участок;Самарская область, Комсомольский район, г. Тольятти, ул. Олимпийская, д. 60;8102,0;Муниципальная казна
1206;П1100000009377;63:09:0201055:4449;Земельный участок;Самарская область, Комсомольский район, г. Тольятти, ул. Олимпийская, д. 33;9871,0;Постоянное (бессрочное) пользование
1207;П1100000030338;63:09:0201060:526;Земельный участок;"Самарская область, Комсомольский район, г. Тольятти, ул. Носова, район ДК ""Русич""";159,0;Муниципальная казна
1208;П1100000028777;63:09:0201060:1071;Земельный участок;Самарская область, Комсомольский район, г. Тольятти, ул. Носова, микрорайон Шлюзовой, в районе дома № 17;135,0;Муниципальная казна
1209;П1100000028359;63:09:0201060:730;Земельный участок;Самарская область, Комсомольский район, г. Тольятти, ул. Носова, д. 10;2793,0;Постоянное (бессрочное) пользование
1210;П1100000030330;63:09:0201060:1072;Земельный участок;Самарская область, Комсомольский район, г. Тольятти, ул. Носова, в районе дома № 17;376,0;Муниципальная казна
1211;П1100000030275;63:09:0201055:1007;Земельный участок;Самарская область, Комсомольский район, г. Тольятти, ул. Новосадовая, п. Поволжский, в районе дома № 13;23,0;Муниципальная казна
1212;П1100000017987;63:09:0201055:986;Земельный участок;Самарская область, Комсомольский район, г. Тольятти, ул. Новосадовая, д.9а;94,0;Муниципальная казна
1213;П1100000027956;63:09:0201055:4453;Земельный участок;Самарская область, Комсомольский район, г. Тольятти, ул. Новосадовая, д. 23;2633,0;Муниципальная казна
1214;П1100000030287;63:09:0201055:995;Земельный участок;Самарская область, Комсомольский район, г. Тольятти, ул. Новосадовая, д. 13;14,0;Муниципальная казна
1215;П1100000030277;63:09:0201055:1020;Земельный участок;Самарская область, Комсомольский район, г. Тольятти, ул. Новосадовая, в районе дома № 5А;180,0;Муниципальная казна
1216;П1100000028148;63:09:0201060:76;Земельный участок;Самарская область, Комсомольский район, г. Тольятти, ул. Никонова, севернее жилых домов № 19 и №21;13291,0;Постоянное (бессрочное) пользование
1217;П1100000031263;63:09:0201060:16285;Земельный участок;Самарская область, Комсомольский район, г. Тольятти, ул. Никонова, земельный участок № 1А/3;21862,0;Муниципальная казна
1218;П1100000004416;63:09:0206060:3186;Земельный участок;Самарская область, Комсомольский район, г. Тольятти, ул. Никонова, д. 51;3469,0;Муниципальная казна
1219;П1100000028107;63:09:0202054:634;Земельный участок;Самарская область, Комсомольский район, г. Тольятти, ул. Никонова, д. 18, квартал 2;19430,0;Постоянное (бессрочное) пользование
1220;П1100000030335;63:09:0201060:26;Земельный участок;Самарская область, Комсомольский район, г. Тольятти, ул. Никонова, д. 1, стр. А;23171,0;Муниципальная казна
1221;П1100000030329;63:09:0201060:1070;Земельный участок;"Самарская область, Комсомольский район, г. Тольятти, ул. Никонова, в районе остановки ""Магазин ""Рябинушка""";21,0;Муниципальная казна
1222;П1100000028849;63:09:0201060:1069;Земельный участок;"Самарская область, Комсомольский район, г. Тольятти, ул. Никонова, в районе ост. ''М-н ""Рябинушка''";148,0;Муниципальная казна
1223;П1100000030334;63:09:0201060:1084;Земельный участок;Самарская область, Комсомольский район, г. Тольятти, ул. Никонова, 1В/21, гараж № 24;42,0;Муниципальная казна
1224;П1100000030331;63:09:0201060:1081;Земельный участок;Самарская область, Комсомольский район, г. Тольятти, ул. Никонова, 1В/21, гараж № 21;48,0;Муниципальная казна
1225;П1100000030658;63:09:0201060:16233;Земельный участок;Самарская область, Комсомольский район, г. Тольятти, ул. Никонова, (от ул.Крылова до площади Никонова);4139,0;Муниципальная казна
1226;П1100000030834;63:09:0000000:9302;Земельный участок;Самарская область, Комсомольский район, г. Тольятти, ул. Никонова, (от ул.Железнодорожная до здания, имеющего адрес: ул.Никонова, 51);63715,0;Муниципальная казна
1227;П1100000030657;63:09:0201060:16232;Земельный участок;Самарская область, Комсомольский район, г. Тольятти, ул. Никонова, (от ул. Макарова до ул. Крылова);4794,0;Муниципальная казна
1228;П1100000030648;63:09:0000000:9294;Земельный участок;Самарская область, Комсомольский район, г. Тольятти, ул. Никонова, (от площади Никонова до ул. Железнодорожная);23308,0;Муниципальная казна
1229;П1100000030828;63:09:0000000:9299;Земельный участок;Самарская область, Комсомольский район, г. Тольятти, ул. Никонова, (от здания, имеющего адрес: ул.Никонова, 51 до ул. Ингельберга);88331,0;Муниципальная казна
1230;П1100000030656;63:09:0201060:16231;Земельный участок;Самарская область, Комсомольский район, г. Тольятти, ул. Никонова, (от западной границы участка до ул. Макарова);4196,0;Муниципальная казна
1231;П1100000030311;63:09:0201057:999;Земельный участок;Самарская область, Комсомольский район, г. Тольятти, ул. Мурысева, южнее дома № 57;27,0;Муниципальная казна
1232;П1100000028965;63:09:0000000:1159;Земельный участок;Самарская область, Комсомольский район, г. Тольятти, ул. Мурысева, юго-восточнее жилого дома №86;33,0;Муниципальная казна
1233;П1100000030289;63:09:0201057:1003;Земельный участок;Самарская область, Комсомольский район, г. Тольятти, ул. Мурысева, напротив д.52, за нарсудом;1156,0;Муниципальная казна
1234;П1100000029174;63:09:0201057:1044;Земельный участок;Самарская область, Комсомольский район, г. Тольятти, ул. Мурысева, западнее дома № 54;353,0;Муниципальная казна
1235;П1100000028066;63:09:0201059:732;Земельный участок;Самарская область, Комсомольский район, г. Тольятти, ул. Мурысева, д.83В;98,0;Муниципальная казна
1236;П1100000028075;63:09:0201057:967;Земельный участок;Самарская область, Комсомольский район, г. Тольятти, ул. Мурысева, д.67-а;339,0;Муниципальная казна
1237;П1100000027563;63:09:0201059:75;Земельный участок;Самарская область, Комсомольский район, г. Тольятти, ул. Мурысева, д. 89, стр. а;25396,0;Постоянное (бессрочное) пользование
1238;П1100000006511;63:09:0201059:680;Земельный участок;Самарская область, Комсомольский район, г. Тольятти, ул. Мурысева, д. 87, стр. А;1003,0;Муниципальная казна
1239;П1100000027975;63:09:0201059:12837;Земельный участок;Самарская область, Комсомольский район, г. Тольятти, ул. Мурысева, д. 76, стр. Б;438,0;Муниципальная казна
1240;П1100000028366;63:09:0201057:51;Земельный участок;Самарская область, Комсомольский район, г. Тольятти, ул. Мурысева, д. 62, стр. а, в кварталах 2-3;406,0;Муниципальная казна
1241;П1100000028036;63:09:0201057:973;Земельный участок;Самарская область, Комсомольский район, г. Тольятти, ул. Мурысева, д. 61;22456,0;Постоянное (бессрочное) пользование
1242;П1100000004394;63:09:0201057:870;Земельный участок;Самарская область, Комсомольский район, г. Тольятти, ул. Мурысева, д. 60;9138,0;Постоянное (бессрочное) пользование
1243;П1100000027953;63:09:0201057:14245;Земельный участок;Самарская область, Комсомольский район, г. Тольятти, ул. Мурысева, д. 52, стр. А;715,0;Муниципальная казна
1244;П1100000028241;63:09:0201057:14569;Земельный участок;Самарская область, Комсомольский район, г. Тольятти, ул. Мурысева, д. 49;22000,0;Постоянное (бессрочное) пользование
1245;П1100000027657;63:09:0201057:797;Земельный участок;Самарская область, Комсомольский район, г. Тольятти, ул. Мурысева, д. 47, мкр №1;9832,0;Постоянное (бессрочное) пользование
1246;П1100000030314;63:09:0201059:592;Земельный участок;Самарская область, Комсомольский район, г. Тольятти, ул. Мурысева, д. 102;2988,0;Муниципальная казна
1247;П1100000028760;63:09:0201057:994;Земельный участок;Самарская область, Комсомольский район, г. Тольятти, ул. Мурысева, в районе дома №67;137,0;Муниципальная казна
1248;П1100000029171;63:09:0201057:1008;Земельный участок;Самарская область, Комсомольский район, г. Тольятти, ул. Мурысева, в районе дома № 72/9;16,0;Муниципальная казна
1249;П1100000030310;63:09:0201057:998;Земельный участок;Самарская область, Комсомольский район, г. Тольятти, ул. Мурысева, в районе ДК ''40 лет ВЛКСМ'';17,0;Муниципальная казна
1250;П1100000030302;63:09:0201057:1053;Земельный участок;Самарская область, Комсомольский район, г. Тольятти, ул. Мурысева, в районе д.85;210,0;Муниципальная казна
1251;П1100000028073;63:09:0201059:734;Земельный участок;Самарская область, Комсомольский район, г. Тольятти, ул. Мурысева, 81А;104,0;Муниципальная казна
1252;П1100000029176;63:09:0201057:671;Земельный участок;"Самарская область, Комсомольский район, г. Тольятти, ул. Механизаторов, севернее магазина № 29 ""Овощи""";22,0;Муниципальная казна
1253;П1100000028964;63:09:0000000:1157;Земельный участок;Самарская область, Комсомольский район, г. Тольятти, ул. Механизаторов, севернее д.№4;22,0;Муниципальная казна
1254;П1100000028761;63:09:0201057:997;Земельный участок;Самарская область, Комсомольский район, г. Тольятти, ул. Механизаторов, напротив д. № 20а;20,0;Муниципальная казна
1255;П1100000031269;63:09:0201057:16207;Земельный участок;Самарская область, Комсомольский район, г. Тольятти, ул. Механизаторов, земельный участок №20А;1218,0;Муниципальная казна
1256;П1100000028067;63:09:0201057:969;Земельный участок;Самарская область, Комсомольский район, г. Тольятти, ул. Механизаторов, д.29-а;143,0;Муниципальная казна
1257;П1100000028373;63:09:0201057:45;Земельный участок;Самарская область, Комсомольский район, г. Тольятти, ул. Механизаторов, д. 5, стр. а;642,0;Муниципальная казна
1258;П1100000017439;63:09:0201057:73;Земельный участок;Самарская область, Комсомольский район, г. Тольятти, ул. Механизаторов, д. 26, стр. а;869,0;Муниципальная казна
1259;П1100000002823;63:09:0201057:866;Земельный участок;Самарская область, Комсомольский район, г. Тольятти, ул. Механизаторов, д. 23;11267,0;Постоянное (бессрочное) пользование
1260;П1100000030307;63:09:0201057:974;Земельный участок;Самарская область, Комсомольский район, г. Тольятти, ул. Механизаторов, д. 18;691,0;Муниципальная казна
1261;П1100000028375;63:09:0201057:47;Земельный участок;Самарская область, Комсомольский район, г. Тольятти, ул. Механизаторов, д. 17, стр. а;439,0;Муниципальная казна
1262;П1100000030291;63:09:0201057:1005;Земельный участок;"Самарская область, Комсомольский район, г. Тольятти, ул. Механизаторов, в районе ост. ""3 квартал""";27,0;Муниципальная казна
1263;П1100000028745;63:09:0201057:1037;Земельный участок;"Самарская область, Комсомольский район, г. Тольятти, ул. Механизаторов, в районе ООТ ""8-ая медсанчасть""";54,0;Муниципальная казна
1264;П1100000010783;63:09:0201057:964;Земельный участок;Самарская область, Комсомольский район, г. Тольятти, ул. Механизаторов, 24А;84,0;Муниципальная казна
1265;П1100000028068;63:09:0201057:968;Земельный участок;Самарская область, Комсомольский район, г. Тольятти, ул. Механизаторов, 11Б;97,0;Муниципальная казна
1266;П1100000028662;63:09:0201057:1026;Земельный участок;Самарская область, Комсомольский район, г. Тольятти, ул. Матросова, южнее д. 49;48,0;Муниципальная казна
1267;П1100000028744;63:09:0201057:1034;Земельный участок;Самарская область, Комсомольский район, г. Тольятти, ул. Матросова, севернее ЦТП № 7;20,0;Муниципальная казна
1268;П1100000029175;63:09:0201057:1057;Земельный участок;Самарская область, Комсомольский район, г. Тольятти, ул. Матросова, район горгаза со стороны гаражных кооперативов;39,0;Муниципальная казна
1269;П1100000030298;63:09:0201057:1027;Земельный участок;Самарская область, Комсомольский район, г. Тольятти, ул. Матросова, разделительная полоса напротив дома № 36;14,0;Муниципальная казна
1270;П1100000028743;63:09:0201057:1028;Земельный участок;"Самарская область, Комсомольский район, г. Тольятти, ул. Матросова, остановка ""ГПТУ-30""";35,0;Муниципальная казна
1271;П1100000030913;63:09:0201059:610;Земельный участок;Самарская область, Комсомольский район, г. Тольятти, ул. Матросова, напротив дома № 46;80,0;Муниципальная казна
1272;П1100000031114;63:09:0201057:16210;Земельный участок;Самарская область, Комсомольский район, г. Тольятти, ул. Матросова, земельный участок 19В;520,0;Муниципальная казна
1273;П1100000030301;63:09:0201057:1048;Земельный участок;Самарская область, Комсомольский район, г. Тольятти, ул. Матросова, западнее д. № 3;44,0;Муниципальная казна
1274;П1100000028070;63:09:0201057:971;Земельный участок;Самарская область, Комсомольский район, г. Тольятти, ул. Матросова, д.23А;87,0;Муниципальная казна
1275;П1100000030313;63:09:0201059:544;Земельный участок;Самарская область, Комсомольский район, г. Тольятти, ул. Матросова, д. 6, стр. -б/, гараж № 11;36,0;Муниципальная казна
1276;П1100000030460;63:09:0204069:543;Земельный участок;Самарская область, Комсомольский район, г. Тольятти, ул. Матросова, д. 55;2090,0;Постоянное (бессрочное) пользование
1277;П1100000018024;63:09:0201057:813;Земельный участок;Самарская область, Комсомольский район, г. Тольятти, ул. Матросова, д. 5;9586,0;Муниципальная казна
1278;П1100000030297;63:09:0201057:1025;Земельный участок;Самарская область, Комсомольский район, г. Тольятти, ул. Матросова, д. 41, стр. А;187,0;Муниципальная казна
1279;П1100000030315;63:09:0201059:751;Земельный участок;Самарская область, Комсомольский район, г. Тольятти, ул. Матросова, д. 4, стр. а;1070,0;Муниципальная казна
1280;П1100000030294;63:09:0201057:1013;Земельный участок;Самарская область, Комсомольский район, г. Тольятти, ул. Матросова, д. 3, стр. А/1, гараж № 11;21,0;Муниципальная казна
1281;П1100000018215;63:09:0201059:742;Земельный участок;Самарская область, Комсомольский район, г. Тольятти, ул. Матросова, д. 26;10875,0;Постоянное (бессрочное) пользование
1282;П1100000028663;63:09:0201057:699;Земельный участок;Самарская область, Комсомольский район, г. Тольятти, ул. Матросова, д. 21;20,0;Муниципальная казна
1283;П1100000028011;63:09:0201059:12833;Земельный участок;Самарская область, Комсомольский район, г. Тольятти, ул. Матросова, д. 16, стр. а;99,0;Муниципальная казна
1284;П1100000030390;63:09:0202051:2;Земельный участок;Самарская область, Комсомольский район, г. Тольятти, ул. Матросова, д. 134;5360,0;Муниципальная казна
1285;П1100000030392;63:09:0202051:536;Земельный участок;Самарская область, Комсомольский район, г. Тольятти, ул. Матросова, д. 112, стр. А;408,0;Муниципальная казна
1286;П1100000030309;63:09:0201057:992;Земельный участок;Самарская область, Комсомольский район, г. Тольятти, ул. Матросова, в районе остановки ''Ул. Чайкиной'';27,0;Муниципальная казна
1287;П1100000030305;63:09:0201057:1059;Земельный участок;Самарская область, Комсомольский район, г. Тольятти, ул. Матросова, в районе кольцевой развязки с ул. Громовой;37,0;Муниципальная казна
1288;П1100000028756;63:09:0201057:988;Земельный участок;Самарская область, Комсомольский район, г. Тольятти, ул. Матросова, в районе дома № 46;65,0;Муниципальная казна
1289;П1100000030304;63:09:0201057:1058;Земельный участок;Самарская область, Комсомольский район, г. Тольятти, ул. Матросова, в районе ГСК;15,0;Муниципальная казна
1290;П1100000017986;63:09:0201059:735;Земельный участок;Самарская область, Комсомольский район, г. Тольятти, ул. Матросова, 36Б;102,0;Муниципальная казна
1291;П1100000030937;63:09:0201059:13918;Земельный участок;Самарская область, Комсомольский район, г. Тольятти, ул. Матросова;2061,0;Муниципальная казна
1292;П1100000028749;63:09:0201057:1050;Земельный участок;Самарская область, Комсомольский район, г. Тольятти, ул. Матросова;90,0;Муниципальная казна
1293;П1100000028318;63:09:0201060:21;Земельный участок;Самарская область, Комсомольский район, г. Тольятти, ул. Макарова, д. 6;6150,0;Постоянное (бессрочное) пользование
1294;П1100000030325;63:09:0201060:1064;Земельный участок;Самарская область, Комсомольский район, г. Тольятти, ул. Макарова, д. 14;755,0;Муниципальная казна
1295;П1100000028538;63:09:0201060:14665;Земельный участок;Самарская область, Комсомольский район, г. Тольятти, ул. Макарова;1591,0;Муниципальная казна
1296;П1100000031268;63:09:0202052:1517;Земельный участок;Самарская область, Комсомольский район, г. Тольятти, ул. Магистральная, земельный участок № 7/2;914,0;Муниципальная казна
1297;П1100000031267;63:09:0202052:1516;Земельный участок;Самарская область, Комсомольский район, г. Тольятти, ул. Магистральная, земельный участок № 7/1;512,0;Муниципальная казна
1298;П1100000030422;63:09:0202052:1424;Земельный участок;Самарская область, Комсомольский район, г. Тольятти, ул. Магистральная, земельный участок № 7;57439,0;Муниципальная казна
1299;П1100000000651;63:09:0202052:75;Земельный участок;Самарская область, Комсомольский район, г. Тольятти, ул. Магистральная, д. 5, стр. Б;1176,0;Муниципальная казна
1300;П1100000030882;63:09:0202052:904;Земельный участок;Самарская область, Комсомольский район, г. Тольятти, ул. Магистральная, д. 3;561,0;Муниципальная казна
1301;П1100000028334;63:09:0202052:1251;Земельный участок;Самарская область, Комсомольский район, г. Тольятти, ул. Магистральная;1218,0;Муниципальная казна
1302;П1100000029187;63:09:0202053:537;Земельный участок;Самарская область, Комсомольский район, г. Тольятти, ул. Лизы Чайкиной, севернее котельной № 1;2690,0;Муниципальная казна
1303;П1100000028755;63:09:0201057:986;Земельный участок;Самарская область, Комсомольский район, г. Тольятти, ул. Лизы Чайкиной, с торца дома № 55;12,0;Муниципальная казна
1304;П1100000031270;63:09:0201059:14110;Земельный участок;Самарская область, Комсомольский район, г. Тольятти, ул. Лизы Чайкиной, земельный участок № 71А;3320,0;Муниципальная казна
1305;П1100000028046;63:09:0201059:737;Земельный участок;Самарская область, Комсомольский район, г. Тольятти, ул. Лизы Чайкиной, д.87А;74,0;Муниципальная казна
1306;П1100000027677;63:09:0201059:556;Земельный участок;Самарская область, Комсомольский район, г. Тольятти, ул. Лизы Чайкиной, д. 87;9593,0;Постоянное (бессрочное) пользование
1307;П1100000028374;63:09:0201059:41;Земельный участок;Самарская область, Комсомольский район, г. Тольятти, ул. Лизы Чайкиной, д. 77, стр. а;283,0;Муниципальная казна
1308;П1100000004438;63:09:0201059:736;Земельный участок;Самарская область, Комсомольский район, г. Тольятти, ул. Лизы Чайкиной, д. 75, стр. А;84,0;Муниципальная казна
1309;П1100000027558;63:09:0201059:53;Земельный участок;Самарская область, Комсомольский район, г. Тольятти, ул. Лизы Чайкиной, д. 73, стр. а;9003,0;Постоянное (бессрочное) пользование
1310;П1100000027979;63:09:0202053:966;Земельный участок;Самарская область, Комсомольский район, г. Тольятти, ул. Лизы Чайкиной, д. 72;5331,0;Муниципальная казна
1311;П1100000027525;63:09:0201057:606;Земельный участок;Самарская область, Комсомольский район, г. Тольятти, ул. Лизы Чайкиной, д. 65;5120,0;Постоянное (бессрочное) пользование
1312;П1100000028233;63:09:0201059:550;Земельный участок;Самарская область, Комсомольский район, г. Тольятти, ул. Лизы Чайкиной, д. 64, в квартале №4;9152,0;Муниципальная казна
1313;П1100000028240;63:09:0201059:590;Земельный участок;Самарская область, Комсомольский район, г. Тольятти, ул. Лизы Чайкиной, д. 60;9744,0;Постоянное (бессрочное) пользование
1314;П1100000028369;63:09:0201059:40;Земельный участок;Самарская область, Комсомольский район, г. Тольятти, ул. Лизы Чайкиной, д. 56, стр. а;255,0;Муниципальная казна
1315;П1100000004417;63:09:0201057:876;Земельный участок;Самарская область, Комсомольский район, г. Тольятти, ул. Лизы Чайкиной, д. 51;12039,0;Постоянное (бессрочное) пользование
1316;П1100000029173;63:09:0201057:1032;Земельный участок;"Самарская область, Комсомольский район, г. Тольятти, ул. Лизы Чайкиной, д. 50, остановка ""Поликлиника""";92,0;Муниципальная казна
1317;П1100000028758;63:09:0201057:990;Земельный участок;Самарская область, Комсомольский район, г. Тольятти, ул. Лизы Чайкиной, д. 50;16,0;Муниципальная казна
1318;П1100000028391;63:09:0201057:46;Земельный участок;Самарская область, Комсомольский район, г. Тольятти, ул. Лизы Чайкиной, д. 41, стр. а;347,0;Муниципальная казна
1319;П1100000028759;63:09:0201057:993;Земельный участок;"Самарская область, Комсомольский район, г. Тольятти, ул. Лизы Чайкиной, в районе остановки ""Парк""";22,0;Муниципальная казна
1320;П1100000030299;63:09:0201057:1029;Земельный участок;Самарская область, Комсомольский район, г. Тольятти, ул. Лизы Чайкиной, в районе дома № 73;173,0;Муниципальная казна
1321;П1100000028757;63:09:0201057:989;Земельный участок;Самарская область, Комсомольский район, г. Тольятти, ул. Лизы Чайкиной, в районе дома № 69;55,0;Муниципальная казна
1322;П1100000028742;63:09:0201057:1024;Земельный участок;Самарская область, Комсомольский район, г. Тольятти, ул. Лизы Чайкиной, в районе дома № 39;68,0;Муниципальная казна
1323;П1100000028847;63:09:0201057:984;Земельный участок;Самарская область, Комсомольский район, г. Тольятти, ул. Лизы Чайкиной, в районе дома № 27;247,0;Муниципальная казна
1324;П1100000027656;63:09:0201057:791;Земельный участок;Самарская область, Комсомольский район, г. Тольятти, ул. Лизы Чайкиной;66242,0;Постоянное (бессрочное) пользование
1325;П1100000029178;63:09:0201060:1077;Земельный участок;Самарская область, Комсомольский район, г. Тольятти, ул. Куйбышева, микрорайон Жигулевское море, в районе кольцевой развязки и ж/д моста;701,0;Постоянное (бессрочное) пользование
1326;П1100000028766;63:09:0201060:1033;Земельный участок;Самарская область, Комсомольский район, г. Тольятти, ул. Куйбышева, микрорайон Жигулевское море, в районе дома № 18;110,0;Муниципальная казна
1327;П1100000031363;63:09:0204066:725;Земельный участок;Самарская область, Комсомольский район, г. Тольятти, ул. Куйбышева, земельный участок № 1;144928,0;Муниципальная казна
1328;П1100000028377;63:09:0201060:46;Земельный участок;Самарская область, Комсомольский район, г. Тольятти, ул. Куйбышева, д. 44, стр. а;284,0;Муниципальная казна
1329;П1100000016929;63:09:0201060:857;Земельный участок;Самарская область, Комсомольский район, г. Тольятти, ул. Куйбышева, д. 24;21877,0;Постоянное (бессрочное) пользование
1330;П1100000030662;63:09:0201062:63;Земельный участок;Самарская область, Комсомольский район, г. Тольятти, ул. Куйбышева, д. 18, стр. А;1055,0;Муниципальная казна
1331;П1100000029190;63:09:0204068:11;Земельный участок;Самарская область, Комсомольский район, г. Тольятти, ул. Куйбышева, д. 17;7400,0;Муниципальная казна
1332;П1100000030441;63:09:0201063:1198;Земельный участок;Самарская область, Комсомольский район, г. Тольятти, ул. Краснознаменная, д. 72;130,0;Муниципальная казна
1333;П1100000030442;63:09:0201063:1206;Земельный участок;Самарская область, Комсомольский район, г. Тольятти, ул. Краснознаменная, д. 60;14,0;Муниципальная казна
1334;П1100000030428;63:09:0201063:1142;Земельный участок;Самарская область, Комсомольский район, г. Тольятти, ул. Кооперативная, пос. Федоровка;403,0;Муниципальная казна
1335;П1100000030437;63:09:0201063:1179;Земельный участок;Самарская область, Комсомольский район, г. Тольятти, ул. Кооперативная, д. 99;32,0;Муниципальная казна
1336;П1100000030449;63:09:0201063:1245;Земельный участок;Самарская область, Комсомольский район, г. Тольятти, ул. Кооперативная, д. 9;14,0;Муниципальная казна
1337;П1100000030435;63:09:0201063:1171;Земельный участок;Самарская область, Комсомольский район, г. Тольятти, ул. Кооперативная, д. 72;774,0;Муниципальная казна
1338;П1100000030448;63:09:0201063:1243;Земельный участок;Самарская область, Комсомольский район, г. Тольятти, ул. Кооперативная, д. 51;38,0;Муниципальная казна
1339;П1100000030446;63:09:0201063:1231;Земельный участок;Самарская область, Комсомольский район, г. Тольятти, ул. Кооперативная, д. 30;126,0;Муниципальная казна
1340;П1100000030450;63:09:0201063:1250;Земельный участок;Самарская область, Комсомольский район, г. Тольятти, ул. Кооперативная, д. 21;47,0;Муниципальная казна
1341;П1100000030427;63:09:0201063:1141;Земельный участок;Самарская область, Комсомольский район, г. Тольятти, ул. Кооперативная, д. 178;700,0;Муниципальная казна
1342;П1100000030432;63:09:0201063:1153;Земельный участок;Самарская область, Комсомольский район, г. Тольятти, ул. Кооперативная, д. 175;123,0;Муниципальная казна
1343;П1100000030429;63:09:0201063:1144;Земельный участок;Самарская область, Комсомольский район, г. Тольятти, ул. Кооперативная, д. 128;60,0;Муниципальная казна
1344;П1100000030430;63:09:0201063:1147;Земельный участок;Самарская область, Комсомольский район, г. Тольятти, ул. Кооперативная, д. 123;119,0;Муниципальная казна
1345;П1100000030431;63:09:0201063:1151;Земельный участок;Самарская область, Комсомольский район, г. Тольятти, ул. Кооперативная, д. 121;106,0;Муниципальная казна
1346;П1100000030436;63:09:0201063:1178;Земельный участок;Самарская область, Комсомольский район, г. Тольятти, ул. Кооперативная, д. 113, п.Федоровка;122,0;Муниципальная казна
1347;П1100000030434;63:09:0201063:1167;Земельный участок;Самарская область, Комсомольский район, г. Тольятти, ул. Кооперативная, д. 111;712,0;Муниципальная казна
1348;П1100000030426;63:09:0201063:1128;Земельный участок;Самарская область, Комсомольский район, г. Тольятти, ул. Кооперативная, д. 110, пос.Федоровка;99,0;Муниципальная казна
1349;П1100000030433;63:09:0201063:1162;Земельный участок;Самарская область, Комсомольский район, г. Тольятти, ул. Кооперативная, д. 100, пос.Федоровка;51,0;Муниципальная казна
1350;П1100000030458;63:09:0201063:62;Земельный участок;Самарская область, Комсомольский район, г. Тольятти, ул. Кооперативная, д. 10, поселок Федоровка;318,0;Муниципальная казна
1351;П1100000030303;63:09:0201057:1054;Земельный участок;"Самарская область, Комсомольский район, г. Тольятти, ул. Коммунистическая, южнее к/т ""Маяк""";65,0;Муниципальная казна
1352;П1100000031465;63:09:0204068:838;Земельный участок;Самарская область, Комсомольский район, г. Тольятти, ул. Коммунистическая, участок 115/1;2090,0;Муниципальная казна
1353;П1100000030425;63:09:0201057:1056;Земельный участок;Самарская область, Комсомольский район, г. Тольятти, ул. Коммунистическая, напротив дома №31;132,0;Муниципальная казна
1354;П1100000028746;63:09:0201057:1040;Земельный участок;Самарская область, Комсомольский район, г. Тольятти, ул. Коммунистическая, напротив дома № 35;27,0;Муниципальная казна
1355;П1100000029192;63:09:0204068:544;Земельный участок;Самарская область, Комсомольский район, г. Тольятти, ул. Коммунистическая, земельный участок № 134;515,0;Муниципальная казна
1356;П1100000030960;63:09:0204068:613;Земельный участок;Самарская область, Комсомольский район, г. Тольятти, ул. Коммунистическая, земельный участок № 117А;7307,0;Муниципальная казна
1357;П1100000030959;63:09:0204068:612;Земельный участок;Самарская область, Комсомольский район, г. Тольятти, ул. Коммунистическая, земельный участок № 117;4141,0;Муниципальная казна
1358;П1100000030413;63:09:0202053:588;Земельный участок;Самарская область, Комсомольский район, г. Тольятти, ул. Коммунистическая, д.101-А/4, гараж №4;41,0;Постоянное (бессрочное) пользование
1359;П1100000030414;63:09:0202053:589;Земельный участок;Самарская область, Комсомольский район, г. Тольятти, ул. Коммунистическая, д.101-А/3, гараж №3;42,0;Муниципальная казна
1360;П1100000031568;63:09:0000000:1160;Земельный участок;Самарская область, Комсомольский район, г. Тольятти, ул. Коммунистическая, д. земельный участок 32Г;4885,0;Муниципальная казна
1361;П1100000004166;63:09:0201059:73;Земельный участок;Самарская область, Комсомольский район, г. Тольятти, ул. Коммунистическая, д. 93;4851,0;Постоянное (бессрочное) пользование
1362;П1100000030415;63:09:0202053:590;Земельный участок;Самарская область, Комсомольский район, г. Тольятти, ул. Коммунистическая, д. 90;4019,0;Муниципальная казна
1363;П1100000004158;63:09:0201059:741;Земельный участок;Самарская область, Комсомольский район, г. Тольятти, ул. Коммунистическая, д. 87, стр. А;5891,0;Муниципальная казна
1364;П1100000030836;63:09:0201059:540;Земельный участок;Самарская область, Комсомольский район, г. Тольятти, ул. Коммунистическая, д. 83;3198,0;Муниципальная казна
1365;П1100000030293;63:09:0201057:1012;Земельный участок;Самарская область, Комсомольский район, г. Тольятти, ул. Коммунистическая, д. 55, стр. А/1, гараж № 1;51,0;Муниципальная казна
1366;П1100000028750;63:09:0201057:549;Земельный участок;Самарская область, Комсомольский район, г. Тольятти, ул. Коммунистическая, д. 53;116,0;Муниципальная казна
1367;П1100000028367;63:09:0201057:49;Земельный участок;Самарская область, Комсомольский район, г. Тольятти, ул. Коммунистическая, д. 39, стр. А, квартал 2-3;300,0;Муниципальная казна
1368;П1100000030292;63:09:0201057:1006;Земельный участок;Самарская область, Комсомольский район, г. Тольятти, ул. Коммунистическая, д. 39;1262,0;Муниципальная казна
1369;П1100000030312;63:09:0201058:2;Земельный участок;Самарская область, Комсомольский район, г. Тольятти, ул. Коммунистическая, д. 34, стр. Б;14364,0;Муниципальная казна
1370;П1100000030202;63:09:0201057:1042;Земельный участок;Самарская область, Комсомольский район, г. Тольятти, ул. Коммунистическая, д. 33;2154,0;Муниципальная казна
1371;П1100000027725;63:09:0201058:14;Земельный участок;Самарская область, Комсомольский район, г. Тольятти, ул. Коммунистическая, д. 32;6343,0;Постоянное (бессрочное) пользование
1372;П1100000029177;63:09:0201058:12;Земельный участок;Самарская область, Комсомольский район, г. Тольятти, ул. Коммунистическая, д. 26, стр. Б;13749,0;Муниципальная казна
1373;П1100000028368;63:09:0201058:6;Земельный участок;Самарская область, Комсомольский район, г. Тольятти, ул. Коммунистическая, д. 26, стр. А;508,0;Муниципальная казна
1374;П1100000030397;63:09:0202052:10;Земельный участок;Самарская область, Комсомольский район, г. Тольятти, ул. Коммунистическая, д. 130;5229,0;Муниципальная казна
1375;П1100000028051;63:09:0202052:1235;Земельный участок;Самарская область, Комсомольский район, г. Тольятти, ул. Коммунистическая, д. 122;22059,0;Муниципальная казна
1376;П1100000030408;63:09:0202053:579;Земельный участок;Самарская область, Комсомольский район, г. Тольятти, ул. Коммунистическая, д. 115;5202,0;Муниципальная казна
1377;П1100000027933;63:09:0201057:854;Земельный участок;Самарская область, Комсомольский район, г. Тольятти, ул. Коммунистическая, д. 11;10934,0;Постоянное (бессрочное) пользование
1378;П1100000028510;63:09:0202053:512;Земельный участок;Самарская область, Комсомольский район, г. Тольятти, ул. Коммунистическая, д. 103;11774,0;Муниципальная казна
1379;П1100000030423;63:09:0201057:1016;Земельный участок;Самарская область, Комсомольский район, г. Тольятти, ул. Коммунистическая, в районе строящегося ДК ТоАЗа;4445,0;Муниципальная казна
1380;П1100000030459;63:09:0204068:542;Земельный участок;Самарская область, Комсомольский район, г. Тольятти, ул. Коммунистическая, в районе РОВД;40,0;Муниципальная казна
1381;П1100000028952;63:09:0201057:1015;Земельный участок;Самарская область, Комсомольский район, г. Тольятти, ул. Коммунистическая, в районе ост. ''Маяк'';23,0;Муниципальная казна
1382;П1100000028748;63:09:0201057:1043;Земельный участок;"Самарская область, Комсомольский район, г. Тольятти, ул. Коммунистическая, в районе ост. ""ул.Космодемьянской""";27,0;Муниципальная казна
1383;П1100000028747;63:09:0201057:716;Земельный участок;"Самарская область, Комсомольский район, г. Тольятти, ул. Коммунистическая, в районе ост. ""ул. Зои Космодемьянской""";97,0;Муниципальная казна
1384;П1100000029188;63:09:0202053:591;Земельный участок;"Самарская область, Комсомольский район, г. Тольятти, ул. Коммунистическая, в районе ост. ""Речной вокзал""";80,0;Муниципальная казна
1385;П1100000030295;63:09:0201057:1017;Земельный участок;"Самарская область, Комсомольский район, г. Тольятти, ул. Коммунистическая, в районе д/п ""Есенина""";25,0;Муниципальная казна
1386;П1100000017984;63:09:0202052:897;Земельный участок;Самарская область, Комсомольский район, г. Тольятти, ул. Коммунистическая, 122А;120,0;Муниципальная казна
1387;П1100000029126;63:09:0000000:93;Земельный участок;Самарская область, Комсомольский район, г. Тольятти, ул. Коммунистическая, 110-а, причальная стенка;8658,0;Муниципальная казна
1388;П1100000030411;63:09:0202053:585;Земельный участок;Самарская область, Комсомольский район, г. Тольятти, ул. Коммунистическая, 101-А/1, гараж № 1;42,0;Муниципальная казна
1389;П1100000030201;63:09:0201057:1039;Земельный участок;Самарская область, Комсомольский район, г. Тольятти, ул. Коммунистическая;3284,0;Муниципальная казна
1390;П1100000030345;63:09:0201061:1784;Земельный участок;Самарская область, Комсомольский район, г. Тольятти, ул. Кольцова, д. 77, пос. Федоровка;343,0;Муниципальная казна
1391;П1100000028074;63:09:0201055:982;Земельный участок;Самарская область, Комсомольский район, г. Тольятти, ул. Кожевенная, д.12А;132,0;Муниципальная казна
1392;П1100000030381;63:09:0201062:1559;Земельный участок;Самарская область, Комсомольский район, г. Тольятти, ул. Калужская, д. 50;79,0;Муниципальная казна
1393;П1100000030371;63:09:0201062:1444;Земельный участок;Самарская область, Комсомольский район, г. Тольятти, ул. Калужская, д. 42;204,0;Муниципальная казна
1394;П1100000029951;63:09:0000000:2743;Земельный участок;Самарская область, Комсомольский район, г. Тольятти, ул. Калужская, д. 36, стр. А;59,0;Муниципальная казна
1395;П1100000029183;63:09:0201063:1160;Земельный участок;Самарская область, Комсомольский район, г. Тольятти, ул. Ингельберга, поселок Федоровка, в районе конечной остановки;39,0;Муниципальная казна
1396;П1100000028424;63:09:0201061:139;Земельный участок;Самарская область, Комсомольский район, г. Тольятти, ул. Ингельберга, д. 9, стр. А, поселок Федоровка, 406 квартал;953,0;Муниципальная казна
1397;П1100000030869;63:09:0201063:1193;Земельный участок;Самарская область, Комсомольский район, г. Тольятти, ул. Ингельберга, д. 61, пос.Федоровка;110,0;Муниципальная казна
1398;П1100000030443;63:09:0201063:1209;Земельный участок;Самарская область, Комсомольский район, г. Тольятти, ул. Ингельберга, д. 2, стр. Б;1641,0;Муниципальная казна
1399;П1100000030353;63:09:0201061:1883;Земельный участок;Самарская область, Комсомольский район, г. Тольятти, ул. Ингельберга, д. 173;139,0;Муниципальная казна
1400;П1100000030361;63:09:0201061:1928;Земельный участок;Самарская область, Комсомольский район, г. Тольятти, ул. Ингельберга, д. 115, стр. А;531,0;Муниципальная казна
1401;П1100000030359;63:09:0201061:1925;Земельный участок;Самарская область, Комсомольский район, г. Тольятти, ул. Ингельберга, д. 109, поселок Федоровка;197,0;Муниципальная казна
1402;П1100000028003;63:09:0201061:3145;Земельный участок;Самарская область, Комсомольский район, г. Тольятти, ул. Ингельберга, д. 1, стр. в;1840,0;Муниципальная казна
1403;П1100000030365;63:09:0201061:1963;Земельный участок;Самарская область, Комсомольский район, г. Тольятти, ул. Ингельберга, д. 1, стр. Б;63,0;Муниципальная казна
1404;П1100000030650;63:09:0000000:9296;Земельный участок;Самарская область, Комсомольский район, г. Тольятти, ул. Ингельберга, (от ул. Никонова до переулка Ученический);51384,0;Муниципальная казна
1405;П1100000030653;63:09:0000000:9307;Земельный участок;Самарская область, Комсомольский район, г. Тольятти, ул. Ингельберга, (от переулка Ученический до ул. Кооперативная);21446,0;Муниципальная казна
1406;П1100000031553;63:09:0204067:1106;Земельный участок;Самарская область, Комсомольский район, г. Тольятти, ул. Ивана Красюка, земельный участок 20 (Самарская область, г. Тольятти, Комсомольский район, мкр. Жигулевское море, уч. № 73);799,0;Муниципальная казна
1407;П1100000028378;63:09:0201060:53;Земельный участок;Самарская область, Комсомольский район, г. Тольятти, ул. Зеленая, д. 8, микрорайона Шлюзовой;1478,0;Муниципальная казна
1408;П1100000030328;63:09:0201060:1068;Земельный участок;Самарская область, Комсомольский район, г. Тольятти, ул. Зеленая, в районе дома № 4;27,0;Муниципальная казна
1409;П1100000028665;63:09:0201060:1051;Земельный участок;Самарская область, Комсомольский район, г. Тольятти, ул. Железнодорожная, мкр. Шлюзовой, в районе дома № 23;20,0;Муниципальная казна
1410;П1100000028953;63:09:0201060:1078;Земельный участок;Самарская область, Комсомольский район, г. Тольятти, ул. Железнодорожная, мкр. Шлюзовой;1207,0;Муниципальная казна
1411;П1100000028072;63:09:0201060:1013;Земельный участок;Самарская область, Комсомольский район, г. Тольятти, ул. Железнодорожная, д.19А;100,0;Муниципальная казна
1412;П1100000027574;63:09:0201060:41;Земельный участок;Самарская область, Комсомольский район, г. Тольятти, ул. Железнодорожная, д. 7;7562,0;Постоянное (бессрочное) пользование
1413;П1100000028270;63:09:0201060:14621;Земельный участок;Самарская область, Комсомольский район, г. Тольятти, ул. Железнодорожная, д. 45;1588,0;Муниципальная казна
1414;П1100000028771;63:09:0201060:1046;Земельный участок;Самарская область, Комсомольский район, г. Тольятти, ул. Железнодорожная, д. 25;158,0;Муниципальная казна
1415;П1100000030318;63:09:0201060:1045;Земельный участок;Самарская область, Комсомольский район, г. Тольятти, ул. Железнодорожная, д. 25;1875,0;Муниципальная казна
1416;П1100000028772;63:09:0201060:1047;Земельный участок;Самарская область, Комсомольский район, г. Тольятти, ул. Железнодорожная, в районе ж/д вокзала;167,6;Муниципальная казна
1417;П1100000030320;63:09:0201060:1054;Земельный участок;Самарская область, Комсомольский район, г. Тольятти, ул. Железнодорожная, в районе дома № 33;210,0;Муниципальная казна
1418;П1100000028767;63:09:0201060:1035;Земельный участок;Самарская область, Комсомольский район, г. Тольятти, ул. Железнодорожная, в районе дома № 1А;61,3;Муниципальная казна
1419;П1100000030416;63:09:0202054:1854;Земельный участок;Самарская область, Комсомольский район, г. Тольятти, ул. Железнодорожная;1268,0;Муниципальная казна
1420;П1100000028602;63:09:0201057:1062;Земельный участок;Самарская область, Комсомольский район, г. Тольятти, ул. Есенина, со стороны лесного массива, с противоположной стороны ГСК и д.12 по ул.Есенина;2555,0;Муниципальная казна
1421;П1100000028069;63:09:0201057:959;Земельный участок;Самарская область, Комсомольский район, г. Тольятти, ул. Есенина, д.2-а;105,0;Муниципальная казна
1422;П1100000027165;63:09:0201057:19;Земельный участок;Самарская область, Комсомольский район, г. Тольятти, ул. Есенина, д. 18;27601,0;Постоянное (бессрочное) пользование
1423;П1100000017989;63:09:0201058:540;Земельный участок;Самарская область, Комсомольский район, г. Тольятти, ул. Есенина, д. 1;30900,0;Постоянное (бессрочное) пользование
1424;П1100000028951;63:09:0201057:1001;Земельный участок;Самарская область, Комсомольский район, г. Тольятти, ул. Есенина, в районе дома № 10;116,0;Муниципальная казна
1425;П1100000030355;63:09:0201061:52;Земельный участок;Самарская область, Комсомольский район, г. Тольятти, ул. Димитрова, д. 41;167,0;Муниципальная казна
1426;П1100000030344;63:09:0201061:1485;Земельный участок;Самарская область, Комсомольский район, г. Тольятти, ул. Дачная, д. 34;207,0;Муниципальная казна
1427;П1100000028926;63:09:0201057:1019;Земельный участок;Самарская область, Комсомольский район, г. Тольятти, ул. Громовой, севернее жилого дома №12;48,0;Муниципальная казна
1428;П1100000030393;63:09:0202051:574;Земельный участок;Самарская область, Комсомольский район, г. Тольятти, ул. Громовой, рядом с опорой №9;14,0;Муниципальная казна
1429;П1100000030296;63:09:0201057:1020;Земельный участок;Самарская область, Комсомольский район, г. Тольятти, ул. Громовой, остановка ''ул. Механизаторов'' (со стороны жилого массива);166,0;Муниципальная казна
1430;П1100000028844;63:09:0201057:1060;Земельный участок;"Самарская область, Комсомольский район, г. Тольятти, ул. Громовой, остановка ""ул. Механизаторов"" (с противоположной стороны жилого массива)";119,0;Муниципальная казна
1431;П1100000028845;63:09:0201057:1061;Земельный участок;"Самарская область, Комсомольский район, г. Тольятти, ул. Громовой, остановка ""Ул. Громовой"" (с противоположной стороны жил. массива)";135,0;Муниципальная казна
1432;П1100000028753;63:09:0201057:982;Земельный участок;"Самарская область, Комсомольский район, г. Тольятти, ул. Громовой, напротив дома № 10, в районе остановки ""ул.Громовой''";17,0;Муниципальная казна
1433;П1100000028048;63:09:0201059:731;Земельный участок;Самарская область, Комсомольский район, г. Тольятти, ул. Громовой, д.48а;89,0;Муниципальная казна
1434;П1100000028064;63:09:0202051:570;Земельный участок;Самарская область, Комсомольский район, г. Тольятти, ул. Громовой, д.29Е;83,0;Муниципальная казна
1435;П1100000002515;63:09:0202053:33;Земельный участок;Самарская область, Комсомольский район, г. Тольятти, ул. Громовой, д. 78;1144,0;Муниципальная казна
1436;П1100000031289;63:09:0202053:527;Земельный участок;Самарская область, Комсомольский район, г. Тольятти, ул. Громовой, д. 60, стр. А;4819,0;Муниципальная казна
1437;П1100000030405;63:09:0202053:576;Земельный участок;Самарская область, Комсомольский район, г. Тольятти, ул. Громовой, д. 60, стр. А;4054,0;Муниципальная казна
1438;П1100000030406;63:09:0202053:577;Земельный участок;Самарская область, Комсомольский район, г. Тольятти, ул. Громовой, д. 60;11006,0;Муниципальная казна
1439;П1100000028394;63:09:0201057:48;Земельный участок;Самарская область, Комсомольский район, г. Тольятти, ул. Громовой, д. 6, стр. а;407,0;Муниципальная казна
1440;П1100000017895;63:09:0204068:518;Земельный участок;Самарская область, Комсомольский район, г. Тольятти, ул. Громовой, д. 55;48917,0;Муниципальная казна
1441;П1100000029191;63:09:0204068:540;Земельный участок;Самарская область, Комсомольский район, г. Тольятти, ул. Громовой, д. 51, стр. а;2587,0;Муниципальная казна
1442;П1100000028342;63:09:0202051:899;Земельный участок;Самарская область, Комсомольский район, г. Тольятти, ул. Громовой, д. 43;35088,0;Муниципальная казна
1443;П1100000027678;63:09:0201059:558;Земельный участок;Самарская область, Комсомольский район, г. Тольятти, ул. Громовой, д. 42, стр. а;22681,0;Постоянное (бессрочное) пользование
1444;П1100000027564;63:09:0201059:503;Земельный участок;Самарская область, Комсомольский район, г. Тольятти, ул. Громовой, д. 38;19801,0;Постоянное (бессрочное) пользование
1445;П1100000030394;63:09:0202051:576;Земельный участок;Самарская область, Комсомольский район, г. Тольятти, ул. Громовой, д. 33;6652,0;Муниципальная казна
1446;П1100000030391;63:09:0202051:507;Земельный участок;Самарская область, Комсомольский район, г. Тольятти, ул. Громовой, д. 31, стр. В;1947,0;Муниципальная казна
1447;П1100000027982;63:09:0201059:12842;Земельный участок;Самарская область, Комсомольский район, г. Тольятти, ул. Громовой, д. 30, стр. А;9229,0;Постоянное (бессрочное) пользование
1448;П1100000017049;63:09:0201057:848;Земельный участок;Самарская область, Комсомольский район, г. Тольятти, ул. Громовой, д. 2;12489,0;Постоянное (бессрочное) пользование
1449;П1100000016712;63:09:0204069:507;Земельный участок;Самарская область, Комсомольский район, г. Тольятти, ул. Громовой, д. 13;1066,0;Муниципальная казна
1450;П1100000028752;63:09:0201057:981;Земельный участок;Самарская область, Комсомольский район, г. Тольятти, ул. Громовой, д. 10, стр. а;7,2;Муниципальная казна
1451;П1100000029172;63:09:0201057:1021;Земельный участок;"Самарская область, Комсомольский район, г. Тольятти, ул. Громовой, в районе остановки ""Улица Громовой""";20,0;Муниципальная казна
1452;П1100000028661;63:09:0201057:1022;Земельный участок;"Самарская область, Комсомольский район, г. Тольятти, ул. Громовой, в районе остановки ""ул. Громовой""";14,0;Муниципальная казна
1453;П1100000030396;63:09:0202051:581;Земельный участок;"Самарская область, Комсомольский район, г. Тольятти, ул. Громовой, в районе остановки ""Колхозный рынок""";18,0;Муниципальная казна
1454;П1100000030879;63:09:0202053:572;Земельный участок;"Самарская область, Комсомольский район, г. Тольятти, ул. Громовой, в районе остановки ""Колхозный рынок""";20,0;Муниципальная казна
1455;П1100000028867;63:09:0201057:1031;Земельный участок;Самарская область, Комсомольский район, г. Тольятти, ул. Громовой, в районе дома №40;95,0;Муниципальная казна
1456;П1100000030300;63:09:0201057:1030;Земельный участок;Самарская область, Комсомольский район, г. Тольятти, ул. Громовой, в районе дома № 36;29,0;Муниципальная казна
1457;П1100000028754;63:09:0201057:983;Земельный участок;Самарская область, Комсомольский район, г. Тольятти, ул. Громовой, в районе дома № 2а;21,0;Муниципальная казна
1458;П1100000028102;63:09:0204068:576;Земельный участок;Самарская область, Комсомольский район, г. Тольятти, ул. Громовой, 49;4266,0;Муниципальная казна
1459;П1100000028065;63:09:0201059:733;Земельный участок;Самарская область, Комсомольский район, г. Тольятти, ул. Громовой, 48Б;95,0;Муниципальная казна
1460;П1100000030395;63:09:0202051:579;Земельный участок;Самарская область, Комсомольский район, г. Тольятти, ул. Громовой;715,0;Муниципальная казна
1461;П1100000031005;63:09:0202051:1073;Земельный участок;Самарская область, Комсомольский район, г. Тольятти, ул. Громовой;63,3;Муниципальная казна
1462;П1100000030367;63:09:0201061:1971;Земельный участок;Самарская область, Комсомольский район, г. Тольятти, ул. Горная, д. 9;110,0;Муниципальная казна
1463;П1100000028848;63:09:0201060:1057;Земельный участок;Самарская область, Комсомольский район, г. Тольятти, ул. Гидротехническая, у дома № 32;80,0;Муниципальная казна
1464;П1100000030323;63:09:0201060:1062;Земельный участок;Самарская область, Комсомольский район, г. Тольятти, ул. Гидротехническая, севернее д. № 33;27,0;Муниципальная казна
1465;П1100000030317;63:09:0201060:1041;Земельный участок;"Самарская область, Комсомольский район, г. Тольятти, ул. Гидротехническая, остановка ""Ул. Куйбышева''";176,0;Муниципальная казна
1466;П1100000030332;63:09:0201060:1082;Земельный участок;Самарская область, Комсомольский район, г. Тольятти, ул. Гидротехническая, напротив дома № 23;229,0;Муниципальная казна
1467;П1100000028769;63:09:0201060:1040;Земельный участок;Самарская область, Комсомольский район, г. Тольятти, ул. Гидротехническая, мкр. Шлюзовой, в районе дома №6;153,0;Муниципальная казна
1468;П1100000028664;63:09:0201060:1043;Земельный участок;Самарская область, Комсомольский район, г. Тольятти, ул. Гидротехническая, микрорайон Шлюзовой, в районе дома №24;513,0;Муниципальная казна
1469;П1100000028776;63:09:0201060:1061;Земельный участок;Самарская область, Комсомольский район, г. Тольятти, ул. Гидротехническая, микрорайон Шлюзовой, в районе дома № 40;49,0;Муниципальная казна
1470;П1100000028071;63:09:0201060:1014;Земельный участок;Самарская область, Комсомольский район, г. Тольятти, ул. Гидротехническая, д.39А;88,0;Муниципальная казна
1471;П1100000030816;63:09:0201060:599;Земельный участок;Самарская область, Комсомольский район, г. Тольятти, ул. Гидротехническая, д. 9, стр. б;1477,0;Муниципальная казна
1472;П1100000004444;63:09:0201060:1023;Земельный участок;Самарская область, Комсомольский район, г. Тольятти, ул. Гидротехническая, д. 8;9813,0;Постоянное (бессрочное) пользование
1473;П1100000030825;63:09:0201060:584;Земельный участок;Самарская область, Комсомольский район, г. Тольятти, ул. Гидротехническая, д. 6;705,0;Муниципальная казна
1474;П1100000030316;63:09:0201060:1036;Земельный участок;Самарская область, Комсомольский район, г. Тольятти, ул. Гидротехническая, д. 5, стр. Б;336,0;Муниципальная казна
1475;П1100000030337;63:09:0201060:44;Земельный участок;Самарская область, Комсомольский район, г. Тольятти, ул. Гидротехническая, д. 43, стр. Б;418,0;Муниципальная казна
1476;П1100000030341;63:09:0201060:78;Земельный участок;Самарская область, Комсомольский район, г. Тольятти, ул. Гидротехническая, д. 37;2824,0;Муниципальная казна
1477;П1100000028423;63:09:0201060:43;Земельный участок;Самарская область, Комсомольский район, г. Тольятти, ул. Гидротехническая, д. 33, стр. б, в микрорайоне Шлюзовой;470,0;Муниципальная казна
1478;П1100000029270;63:09:0201060:747;Земельный участок;Самарская область, Комсомольский район, г. Тольятти, ул. Гидротехническая, д. 33, стр. А;3829,5;Муниципальная казна
1479;П1100000028807;63:09:0201060:16199;Земельный участок;Самарская область, Комсомольский район, г. Тольятти, ул. Гидротехническая, д. 31, стр. а;755,0;Постоянное (бессрочное) пользование
1480;П1100000028806;63:09:0201060:16198;Земельный участок;Самарская область, Комсомольский район, г. Тольятти, ул. Гидротехническая, д. 31;21008,0;Постоянное (бессрочное) пользование
1481;П1100000030339;63:09:0201060:74;Земельный участок;Самарская область, Комсомольский район, г. Тольятти, ул. Гидротехническая, д. 28, стр. Г;1154,0;Муниципальная казна
1482;П1100000028774;63:09:0201060:1052;Земельный участок;Самарская область, Комсомольский район, г. Тольятти, ул. Гидротехническая, д. 27;26,0;Муниципальная казна
1483;П1100000028129;63:09:0201060:100;Земельный участок;Самарская область, Комсомольский район, г. Тольятти, ул. Гидротехническая, д. 25;10850,0;Постоянное (бессрочное) пользование
1484;П1100000028266;63:09:0201060:40;Земельный участок;Самарская область, Комсомольский район, г. Тольятти, ул. Гидротехническая, д. 21, мкр. Шлюзовой;11238,0;Постоянное (бессрочное) пользование
1485;П1100000028407;63:09:0201060:42;Земельный участок;Самарская область, Комсомольский район, г. Тольятти, ул. Гидротехническая, д. 19, стр. Б, в мкр. Шлюзовой;275,0;Муниципальная казна
1486;П1100000028370;63:09:0201060:47;Земельный участок;Самарская область, Комсомольский район, г. Тольятти, ул. Гидротехническая, д. 13, мкр. Шлюзовой;634,0;Муниципальная казна
1487;П1100000028773;63:09:0201060:1050;Земельный участок;"Самарская область, Комсомольский район, г. Тольятти, ул. Гидротехническая, в районе магазина ООО ""Надежда""";25,0;Муниципальная казна
1488;П1100000028768;63:09:0201060:1038;Земельный участок;Самарская область, Комсомольский район, г. Тольятти, ул. Гидротехническая, в районе дома №6;27,0;Муниципальная казна
1489;П1100000028775;63:09:0201060:1053;Земельный участок;Самарская область, Комсомольский район, г. Тольятти, ул. Гидротехническая, в районе дома №27;86,0;Муниципальная казна
1490;П1100000030336;63:09:0201060:3;Земельный участок;Самарская область, Комсомольский район, г. Тольятти, ул. Гидротехническая, в районе дома № 40;64,0;Муниципальная казна
1491;П1100000029179;63:09:0201060:676;Земельный участок;Самарская область, Комсомольский район, г. Тольятти, ул. Гидротехническая, в районе дома № 40;135,0;Муниципальная казна
1492;П1100000030322;63:09:0201060:1059;Земельный участок;Самарская область, Комсомольский район, г. Тольятти, ул. Гидротехническая, в районе дома № 32;5,0;Муниципальная казна
1493;П1100000030319;63:09:0201060:1048;Земельный участок;Самарская область, Комсомольский район, г. Тольятти, ул. Гидротехническая, в районе дома № 19;5,0;Муниципальная казна
1494;П1100000030324;63:09:0201060:1063;Земельный участок;Самарская область, Комсомольский район, г. Тольятти, ул. Гидротехническая, в районе бани;48,0;Муниципальная казна
1495;П1100000028103;63:09:0201060:1086;Земельный участок;Самарская область, Комсомольский район, г. Тольятти, ул. Гидротехническая, 9А;571,0;Муниципальная казна
1496;П1100000028770;63:09:0201060:1042;Земельный участок;Самарская область, Комсомольский район, г. Тольятти, ул. Гидротехническая, 24;248,0;Муниципальная казна
1497;П1100000030333;63:09:0201060:1083;Земельный участок;Самарская область, Комсомольский район, г. Тольятти, ул. Гидротехническая;86,0;Муниципальная казна
1498;П1100000028827;63:09:0000000:2750;Земельный участок;Самарская область, Комсомольский район, г. Тольятти, ул. Гидротехническая;465,0;Муниципальная казна
1499;П1100000030203;63:09:0201060:1049;Земельный участок;"Самарская область, Комсомольский район, г. Тольятти, ул. Вокзальная, в районе остановки ""Железнодорожный вокзал""";70,0;Муниципальная казна
1500;П1100000031383;63:09:0205030:1987;Земельный участок;Самарская область, Комсомольский район, г. Тольятти, ул. Бурлацкая, земельный участок № 58/1;676,0;Муниципальная казна
1501;П1100000030380;63:09:0201062:1546;Земельный участок;Самарская область, Комсомольский район, г. Тольятти, ул. Брестская, д. 69;95,0;Муниципальная казна
1502;П1100000030376;63:09:0201062:1473;Земельный участок;Самарская область, Комсомольский район, г. Тольятти, ул. Белинского, д. 50;378,0;Муниципальная казна
1503;П1100000030375;63:09:0201062:1471;Земельный участок;Самарская область, Комсомольский район, г. Тольятти, ул. Белинского, д. 39;22,0;Муниципальная казна
1504;П1100000030840;63:09:0201055:5274;Земельный участок;Самарская область, Комсомольский район, г. Тольятти, ул. Академика Скрябина, микрорайон Поволжский;4360,0;Муниципальная казна
1505;П1100000028044;63:09:0201055:983;Земельный участок;Самарская область, Комсомольский район, г. Тольятти, ул. Академика Скрябина, 15а;132,0;Муниципальная казна
1506;П1100000028054;63:09:0201055:976;Земельный участок;Самарская область, Комсомольский район, г. Тольятти, ул. Академика Вавилова, д.23а;64,0;Муниципальная казна
1507;П1100000030284;63:09:0201055:737;Земельный участок;Самарская область, Комсомольский район, г. Тольятти, ул. Академика Вавилова, д. 82;202,0;Муниципальная казна
1508;П1100000027310;63:09:0201055:520;Земельный участок;Самарская область, Комсомольский район, г. Тольятти, ул. Академика Вавилова, д. 64;10992,0;Постоянное (бессрочное) пользование
1509;П1100000030285;63:09:0201055:759;Земельный участок;Самарская область, Комсомольский район, г. Тольятти, ул. Академика Вавилова, д. 6;1035,0;Муниципальная казна
1510;П1100000030283;63:09:0201055:1056;Земельный участок;Самарская область, Комсомольский район, г. Тольятти, ул. Академика Вавилова, д. 42, стр. а;183,0;Муниципальная казна
1511;П1100000030276;63:09:0201055:1017;Земельный участок;Самарская область, Комсомольский район, г. Тольятти, ул. 60 лет СССР, пос. Поволжский;22,0;Муниципальная казна
1512;П1100000031569;63:09:0201055:5842;Земельный участок;Самарская область, Комсомольский район, г. Тольятти, ул. 60 лет СССР, земельный участок 17А;765,0;Муниципальная казна
1513;П1100000028052;63:09:0201055:984;Земельный участок;Самарская область, Комсомольский район, г. Тольятти, ул. 60 лет СССР, д.19а;85,0;Муниципальная казна
1514;П1100000028303;63:09:0201055:4533;Земельный участок;Самарская область, Комсомольский район, г. Тольятти, ул. 60 лет СССР, д. 19;18223,0;Постоянное (бессрочное) пользование
1515;П1100000028143;63:09:0201055:941;Земельный участок;Самарская область, Комсомольский район, г. Тольятти, ул. 60 лет СССР, д. 17;11857,0;Постоянное (бессрочное) пользование
1516;П1100000028660;63:09:0201055:992;Земельный участок;Самарская область, Комсомольский район, г. Тольятти, ул. 60 лет СССР, в районе д.42;20,0;Муниципальная казна
1517;П1100000029243;63:09:0000000:1211;Земельный участок;"Самарская область, Комсомольский район, г. Тольятти, трасса Москва-Самара,в районе остановки ""5 ВСО""";1396,0;Муниципальная казна
1518;П1100000029091;63:09:0000000:1209;Земельный участок;Самарская область, Комсомольский район, г. Тольятти, трасса Москва-Самара, напротив войсковой части;69,0;Постоянное (бессрочное) пользование
1519;П1100000030826;63:09:0202052:694;Земельный участок;"Самарская область, Комсомольский район, г. Тольятти, трасса Москва-Самара, между мини-рынком ""Автозапчасть"" и павильоном ООО""Оригинал""";1476,0;Муниципальная казна
1520;П1100000029002;63:09:0000000:1162;Земельный участок;"Самарская область, Комсомольский район, г. Тольятти, трасса Москва-Самара, в районе остановки ""Жигулевское море""";26,0;Постоянное (бессрочное) пользование
1521;П1100000029189;63:09:0204067:535;Земельный участок;"Самарская область, Комсомольский район, г. Тольятти, трасса Москва-Самара, в районе остановки ""Жигулевское море""";97,0;Муниципальная казна
1522;П1100000029229;63:09:0000000:1163;Земельный участок;"Самарская область, Комсомольский район, г. Тольятти, трасса Москва-Самара, в районе остановки ""Жигулевское море""";81,0;Муниципальная казна
1523;П1100000030766;63:32:0000000:9310;Земельный участок;Самарская область, Комсомольский район, г. Тольятти, трасса Москва-Самара, в районе ВСО- 5;26,0;Муниципальная казна
1524;П1100000029553;63:09:0000000:1830;Земельный участок;"Самарская область, Комсомольский район, г. Тольятти, трасса М-5, перед поворотом на Обводную дорогу
";9,0;Муниципальная казна
1525;П1100000029557;63:09:0000000:1841;Земельный участок;Самарская область, Комсомольский район, г. Тольятти, трасса М-5, в сторону г. Самары, в районе моста;31,0;Муниципальная казна
1526;П1100000029550;63:09:0000000:1827;Земельный участок;Самарская область, Комсомольский район, г. Тольятти, трасса М-5, в сторону г. Самары;24,0;Муниципальная казна
1527;П1100000029552;63:09:0000000:1829;Земельный участок;"Самарская область, Комсомольский район, г. Тольятти, трасса М-5, в сторону г. Самара, в 50 м. от въездного знака ""Тольятти""";18,4;Муниципальная казна
1528;П1100000029186;63:09:0202052:751;Земельный участок;Самарская область, Комсомольский район, г. Тольятти, трасса М-5, в районе кольцевой развязки ул.Магистральной, ул.Железнодорожной и ул.Куйбышева;122,0;Муниципальная казна
1529;П1100000029551;63:09:0000000:1828;Земельный участок;"Самарская область, Комсомольский район, г. Тольятти, трасса М-5 в сторону г. Самара, 600 м от въездного знака ""Тольятти""";18,4;Муниципальная казна
1530;П1100000029241;63:09:0000000:1207;Земельный участок;Самарская область, Комсомольский район, г. Тольятти, трасса М-5 в сторону г. Самара;18,2;Муниципальная казна
1531;П1100000030014;63:09:0000000:958;Земельный участок;Самарская область, Комсомольский район, г. Тольятти, трасса М-5 (в сторону Самары, перед поворотом на Автозаводский район);9,0;Муниципальная казна
1532;П1100000029554;63:09:0000000:1832;Земельный участок;Самарская область, Комсомольский район, г. Тольятти, трасса М-5;14,9;Муниципальная казна
1533;П1100000028141;63:09:0000000:852;Земельный участок;Самарская область, Комсомольский район, г. Тольятти, точка начала от Газового колодца №2 в районе Пожарного Депо Промзоны до мкр. Поволжский ГРП №109;368,0;Муниципальная казна
1534;П1100000030482;63:09:0206059:698;Земельный участок;"Самарская область, Комсомольский район, г. Тольятти, ст. Жигулевское море, садоводческое товарищество ""Сосенка"", участок № 39";18,0;Постоянное (бессрочное) пользование
1535;П1100000029056;63:09:0000000:1751;Земельный участок;"Самарская область, Комсомольский район, г. Тольятти, ст. Жигулевское море, садоводческое товарищество ""Лесное"", участок № 19";67,0;Постоянное (бессрочное) пользование
1536;П1100000031322;63:09:0206055:1516;Земельный участок;Самарская область, Комсомольский район, г. Тольятти, СНТ «Приозерный», участок № 234;682,0;Муниципальная казна
1537;П1100000028459;63:09:0201057:14490;Земельный участок;Самарская область, Комсомольский район, г. Тольятти, северо-восточнее здания, имеющего адрес: ул.Мурысева, д.55А;2251,0;Муниципальная казна
1538;П1100000028384;63:09:0204065:515;Земельный участок;Самарская область, Комсомольский район, г. Тольятти, северо-восточнее здания, имеющего адрес: Поволжское шоссе,5;269998,0;Постоянное (бессрочное) пользование
1539;П1100000029227;63:09:0000000:1155;Земельный участок;Самарская область, Комсомольский район, г. Тольятти, севернее строящегося прихода церкви святого Тихона в МКР 1;119,0;Муниципальная казна
1540;П1100000028387;63:09:0201059:13876;Земельный участок;Самарская область, Комсомольский район, г. Тольятти, севернее здания. имеющего адрес: ул.Мурысева,83;2059,0;Муниципальная казна
1541;П1100000027980;63:09:0204069:919;Земельный участок;Самарская область, Комсомольский район, г. Тольятти, севернее здания, имеющего адрес: ул. Громовой, 16;768,0;Муниципальная казна
1542;П1100000029239;63:09:0000000:1204;Земельный участок;Самарская область, Комсомольский район, г. Тольятти, северная сторона кольцевой развязки ул. Матросова и ул. Громовой;37,0;Муниципальная казна
1543;П1100000030847;63:09:0202049:647;Земельный участок;"Самарская область, Комсомольский район, г. Тольятти, сдт ""Поляна"", в районе п/о ""Тольяттиазот"", уч. № 26";395,0;Муниципальная казна
1544;П1100000030843;63:09:0202049:590;Земельный участок;"Самарская область, Комсомольский район, г. Тольятти, сдт ""Поляна"" участок № 77 в районе п/о ""Тольяттиазот""";511,0;Муниципальная казна
1545;П1100000030865;63:09:0202049:505;Земельный участок;"Самарская область, Комсомольский район, г. Тольятти, сдт ""Поляна"" уч. № 47 в районе п/о ""Тольяттиазот""";319,0;Муниципальная казна
1546;П1100000031141;63:09:0206059:763;Земельный участок;"Самарская область, Комсомольский район, г. Тольятти, садово-огородное товарищество ""Лесное"", в р-не ст. Жиг. Море, участок № 33";500,0;Муниципальная казна
1547;П1100000030852;63:09:0206059:619;Земельный участок;"Самарская область, Комсомольский район, г. Тольятти, садовое товарищество № 1 с/т ""Сосенка"" Жиг. дист. эл. снабж. КБШЖД - в р-не ст. ""Жигулевское море""";400,0;Муниципальная казна
1548;П1100000030483;63:09:0206059:779;Земельный участок;Самарская область, Комсомольский район, г. Тольятти, садоводческое товарищество ''Лесное'', участок № 18;561,0;Муниципальная казна
1549;П1100000030498;63:09:0206060:3287;Земельный участок;Самарская область, Комсомольский район, г. Тольятти, садоводческое товарищество ''Дачное-1'', линия Лесная, участок № 9;99,0;Муниципальная казна
1550;П1100000028981;63:09:0000000:1339;Земельный участок;"Самарская область, Комсомольский район, г. Тольятти, садоводческое товарищество ""Урожай"" ПМК-10, участок № 33";52,0;Муниципальная казна
1551;П1100000030488;63:09:0206060:3012;Земельный участок;"Самарская область, Комсомольский район, г. Тольятти, садоводческое товарищество ""Труд"", участок № 48";34,0;Постоянное (бессрочное) пользование
1552;П1100000029344;63:09:0000000:1554;Земельный участок;"Самарская область, Комсомольский район, г. Тольятти, садоводческое товарищество ""Труд"", участок № 137";22,0;Муниципальная казна
1553;П1100000029039;63:09:0000000:1560;Земельный участок;"Самарская область, Комсомольский район, г. Тольятти, садоводческое товарищество ""Снабженец"", участок №21";9,0;Постоянное (бессрочное) пользование
1554;П1100000029095;63:09:0000000:1351;Земельный участок;"Самарская область, Комсомольский район, г. Тольятти, садоводческое товарищество ""Сигнал-1"" АТП-2 (АТУ-5 КГС), участок №41";25,0;Муниципальная казна
1555;П1100000030489;63:09:0206060:3253;Земельный участок;"Самарская область, Комсомольский район, г. Тольятти, садоводческое товарищество ""Нефтяник"", участок № 111";280,0;Муниципальная казна
1556;П1100000030417;63:09:0202054:504;Земельный участок;"Самарская область, Комсомольский район, г. Тольятти, садоводческое товарищество ""Надежда"", участок № 94";504,0;Муниципальная казна
1557;П1100000029335;63:09:0000000:1354;Земельный участок;"Самарская область, Комсомольский район, г. Тольятти, садоводческое товарищество ""Надежда"", участок № 67";739,0;Муниципальная казна
1558;П1100000030424;63:09:0202054:594;Земельный участок;"Самарская область, Комсомольский район, г. Тольятти, садоводческое товарищество ""Надежда"", участок № 64";579,0;Муниципальная казна
1559;П1100000029001;63:09:0000000:1549;Земельный участок;"Самарская область, Комсомольский район, г. Тольятти, садоводческое товарищество ""Медик"", участок №46";40,0;Муниципальная казна
1560;П1100000028997;63:09:0000000:1537;Земельный участок;"Самарская область, Комсомольский район, г. Тольятти, садоводческое товарищество ""Медик"", участок 19";61,0;Муниципальная казна
1561;П1100000029349;63:09:0000000:1694;Земельный участок;"Самарская область, Комсомольский район, г. Тольятти, садоводческое товарищество ""Луч"", участок №46, ул. 8-ая Яблоневая";134,0;Муниципальная казна
1562;П1100000029043;63:09:0000000:1588;Земельный участок;"Самарская область, Комсомольский район, г. Тольятти, садоводческое товарищество ""Карьер"", участок № 16";147,0;Муниципальная казна
1563;П1100000030764;63:09:0206060:1798;Земельный участок;"Самарская область, Комсомольский район, г. Тольятти, садоводческое товарищество ""Дачное-2"", участок №55, 7-ая линия";17,0;Постоянное (бессрочное) пользование
1564;П1100000030507;63:09:0206060:3336;Земельный участок;"Самарская область, Комсомольский район, г. Тольятти, садоводческое товарищество ""Водник-2"", участок № 47";15,0;Муниципальная казна
1565;П1100000030502;63:09:0206060:3302;Земельный участок;"Самарская область, Комсомольский район, г. Тольятти, садоводческое товарищество ""Водник-2"", участок № 20";17,0;Муниципальная казна
1566;П1100000029544;63:09:0000000:1806;Земельный участок;"Самарская область, Комсомольский район, г. Тольятти, садоводческое товарищество ""Водник-2"", участок № 13";113,0;Муниципальная казна
1567;П1100000028795;63:09:0206060:3337;Земельный участок;"Самарская область, Комсомольский район, г. Тольятти, садоводческое товарищество ""Водник-2"", район Нижних шлюзов, участок №99";165,0;Муниципальная казна
1568;П1100000030906;63:09:0202049:720;Земельный участок;"Самарская область, Комсомольский район, г. Тольятти, Сад/кооп. ""Поляна"", район П/О ""Тольяттиазот"", номер участка 74";531,0;Муниципальная казна
1569;П1100000030842;63:09:0202049:584;Земельный участок;"Самарская область, Комсомольский район, г. Тольятти, сад/кооп. ""Поляна"", в р-не п/о ""Тольяттиазот"", уч-к № 50";600,0;Муниципальная казна
1570;П1100000030920;63:09:0202049:502;Земельный участок;"Самарская область, Комсомольский район, г. Тольятти, сад/кооп. ""Поляна"", в р-не п/о ""Тольяттиазот"", уч-к № 112";600,0;Муниципальная казна
1571;П1100000028489;63:09:0202049:639;Земельный участок;"Самарская область, Комсомольский район, г. Тольятти, сад/кооп. ""Поляна"", в р-не п/о ""Тольяттиазот"", участок № 73";376,0;Муниципальная казна
1572;П1100000030925;63:09:0202049:574;Земельный участок;"Самарская область, Комсомольский район, г. Тольятти, сад/кооп. ""Поляна"", в р-не ""Тольяттиазот"", уч-к № 113";269,0;Муниципальная казна
1573;П1100000030915;63:09:0202049:635;Земельный участок;"Самарская область, Комсомольский район, г. Тольятти, сад/кооп. ""Поляна"" в р-не п/о ""Тольяттиазот"", уч-к №221";547,0;Муниципальная казна
1574;П1100000029432;63:09:0202049:702;Земельный участок;"Самарская область, Комсомольский район, г. Тольятти, сад/кооп. ""Поляна"" в р-не п/о ""Тольяттиазот"" уч-к № 104";440,0;Муниципальная казна
1575;П1100000030848;63:09:0202049:649;Земельный участок;"Самарская область, Комсомольский район, г. Тольятти, сад/кооп. ""Поляна"" , в р-не п/о ""Тольяттиазот"", уч-к № 91";445,0;Муниципальная казна
1576;П1100000028492;63:09:0202049:691;Земельный участок;"Самарская область, Комсомольский район, г. Тольятти, сад.кооп. ""Поляна"" в р-не п/о ""Тольяттиазот"", участок № 93";435,0;Муниципальная казна
1577;П1100000028553;63:09:0202049:690;Земельный участок;"Самарская область, Комсомольский район, г. Тольятти, сад./кооп.""Поляна"", в р-не п/о ""Тольяттиазот"", участок №117";600,0;Муниципальная казна
1578;П1100000030851;63:09:0206057:221;Земельный участок;"Самарская область, Комсомольский район, г. Тольятти, с/т ""Яблонька"" участок № 8 восточнее пос. Федоровка";30,0;Муниципальная казна
1579;П1100000031430;63:09:0205030:527;Земельный участок;"Самарская область, Комсомольский район, г. Тольятти, С/т ""Шлюзовик"", п-ов Копылово, участок № 157";600,0;Муниципальная казна
1580;П1100000030907;63:09:0206059:707;Земельный участок;"Самарская область, Комсомольский район, г. Тольятти, С/т ""Сосенка"", садовый участок 59";500,0;Муниципальная казна
1581;П1100000028542;63:09:0202049:623;Земельный участок;"Самарская область, Комсомольский район, г. Тольятти, С/т ""Поляна"", садовый участок № 168";242,0;Муниципальная казна
1582;П1100000028541;63:09:0202049:642;Земельный участок;"Самарская область, Комсомольский район, г. Тольятти, С/т ""Поляна"", садовый участок 95";287,0;Муниципальная казна
1583;П1100000028511;63:09:0202049:705;Земельный участок;"Самарская область, Комсомольский район, г. Тольятти, С/т ""Поляна"", садовый участок 65";337,0;Муниципальная казна
1584;П1100000030802;63:09:0202049:693;Земельный участок;"Самарская область, Комсомольский район, г. Тольятти, С/т ""Поляна"", в р-не п/о ""Тольяттиазот"", участок № 212";476,0;Муниципальная казна
1585;П1100000028494;63:09:0202049:724;Земельный участок;"Самарская область, Комсомольский район, г. Тольятти, с/т ""Поляна"", в р-не п/о ""Тольяттиазот"", садовый участок №218";194,0;Муниципальная казна
1586;П1100000028345;63:09:0202049:742;Земельный участок;"Самарская область, Комсомольский район, г. Тольятти, С/Т ""Поляна"", в районе п/о ""Тольяттиазот"", участок № 52";495,0;Муниципальная казна
1587;П1100000030846;63:09:0202049:597;Земельный участок;"Самарская область, Комсомольский район, г. Тольятти, С/т ""Поляна"" , садовый участок 77";32,0;Муниципальная казна
1588;П1100000028493;63:09:0202049:701;Земельный участок;"Самарская область, Комсомольский район, г. Тольятти, С/к ""Поляна"", П/о ""Тольяттиазот"", участок №218";600,0;Муниципальная казна
1589;П1100000030845;63:09:0202049:594;Земельный участок;"Самарская область, Комсомольский район, г. Тольятти, с/к ""Поляна"", в р-не п/о ""Тольяттиазот"", уч.№ 50";335,0;Муниципальная казна
1590;П1100000028550;63:09:0202049:663;Земельный участок;"Самарская область, Комсомольский район, г. Тольятти, с/к ""Поляна"", в р-не п/о ""Тольяттиазот"", уч. № 165";437,0;Муниципальная казна
1591;П1100000028488;63:09:0202049:675;Земельный участок;"Самарская область, Комсомольский район, г. Тольятти, С/к ""Поляна"", в р-е п/о ""Тольяттиазот"", участок №73";124,0;Муниципальная казна
1592;П1100000030921;63:09:0202049:611;Земельный участок;"Самарская область, Комсомольский район, г. Тольятти, с/к ""Поляна"" в р-не п/о ""Тольяттиазот"", участок № 112";75,0;Муниципальная казна
1593;П1100000030841;63:09:0202049:569;Земельный участок;"Самарская область, Комсомольский район, г. Тольятти, с/к ""Поляна"" в р-не п/о ""Тольяттиазот"", уч. № 161";454,0;Муниципальная казна
1594;П1100000028544;63:09:0202049:692;Земельный участок;"Самарская область, Комсомольский район, г. Тольятти, с/к ""Поляна"" в районе п/о ""Тольяттиазот"", участок №163";329,0;Муниципальная казна
1595;П1100000028512;63:09:0201056:63;Земельный участок;Самарская область, Комсомольский район, г. Тольятти, с. Новоматюшкино, участок №083;1000,0;Муниципальная казна
1596;П1100000030801;63:09:0201056:45;Земельный участок;Самарская область, Комсомольский район, г. Тольятти, с. Новоматюшкино, уч. № 020;1170,0;Муниципальная казна
1597;П1100000028963;63:09:0000000:1154;Земельный участок;Самарская область, Комсомольский район, г. Тольятти, р-н дома №52 по ул.Л.Чайкиной и дома №28 по ул.Матросова, севернее ТП 517;27,0;Муниципальная казна
1598;П1100000030485;63:09:0206060:2225;Земельный участок;"Самарская область, Комсомольский район, г. Тольятти, район Тольяттинской нефтебазы, садоводческое товарищество ""Нефтяник"", участок № 166/34";613,0;Муниципальная казна
1599;П1100000028986;63:09:0000000:1394;Земельный участок;"Самарская область, Комсомольский район, г. Тольятти, район Тольяттинской нефтебазы, садоводческое товарищество ""Березка"", участок № 45";198,0;Муниципальная казна
1600;П1100000029063;63:09:0000000:1856;Земельный участок;"Самарская область, Комсомольский район, г. Тольятти, район Судоходного канала, садоводческое товарищество ""Рассвет"", участок № 21";60,0;Постоянное (бессрочное) пользование
1601;П1100000029064;63:09:0000000:1861;Земельный участок;"Самарская область, Комсомольский район, г. Тольятти, район судоходного канала, садоводческое товарищество ""Рассвет"", участок № 19";38,0;Постоянное (бессрочное) пользование
1602;П1100000029042;63:09:0000000:1583;Земельный участок;"Самарская область, Комсомольский район, г. Тольятти, район Судоходного канала, садоводческое товарищество ""Маяк"", участок №94";46,0;Муниципальная казна
1603;П1100000029055;63:09:0000000:1722;Земельный участок;"Самарская область, Комсомольский район, г. Тольятти, район порт-элеватора, садоводческое товарищество ""Химэнергострой"", участок № 3";33,0;Постоянное (бессрочное) пользование
1604;П1100000029058;63:09:0000000:1767;Земельный участок;"Самарская область, Комсомольский район, г. Тольятти, район Порт-Элеватора, садоводческое товарищество ""Механизатор"", участок №24";171,0;Постоянное (бессрочное) пользование
1605;П1100000029231;63:09:0000000:1173;Земельный участок;Самарская область, Комсомольский район, г. Тольятти, район пересечения ул. Гидротехнической и ул. Макарова;79,0;Муниципальная казна
1606;П1100000029061;63:09:0000000:1826;Земельный участок;"Самарская область, Комсомольский район, г. Тольятти, район п/о ""Тольяттиазот"", садоводческое товарищество ""Поляна"", участок №38";10,0;Муниципальная казна
1607;П1100000030849;63:09:0202049:660;Земельный участок;"Самарская область, Комсомольский район, г. Тольятти, район п/о ""Тольяттиазот"", с/т ""Поляна"", участок 134";56,0;Муниципальная казна
1608;П1100000030501;63:09:0206060:3301;Земельный участок;"Самарская область, Комсомольский район, г. Тольятти, район нижних шлюзов, садоводческое товарищество ""Водник-2"", участок № 39";178,0;Муниципальная казна
1609;П1100000030503;63:09:0206060:3303;Земельный участок;"Самарская область, Комсомольский район, г. Тольятти, район нижних шлюзов, садоводческое товарищество ""Водник-2"", участок № 18";48,0;Муниципальная казна
1610;П1100000030506;63:09:0206060:3333;Земельный участок;"Самарская область, Комсомольский район, г. Тольятти, район нижних шлюзов, садоводческое товарищество ""Водник-2"", участок № 16";92,0;Муниципальная казна
1611;П1100000028604;63:09:0206060:3306;Земельный участок;"Самарская область, Комсомольский район, г. Тольятти, район нефтебазы, садоводческое товарищество ""Нефтяник"", участок №41";41,0;Постоянное (бессрочное) пользование
1612;П1100000030420;63:09:0206060:3311;Земельный участок;"Самарская область, Комсомольский район, г. Тольятти, район нефтебазы, садоводческое товарищество ""Нефтяник"", участок № 6/138";119,0;Муниципальная казна
1613;П1100000030487;63:09:0206060:2824;Земельный участок;"Самарская область, Комсомольский район, г. Тольятти, район нефтебазы, садоводческое товарищество ""Нефтяник"", участок № 22/154";35,0;Муниципальная казна
1614;П1100000030504;63:09:0206060:3307;Земельный участок;"Самарская область, Комсомольский район, г. Тольятти, район нефтебазы, садоводческое товарищество ""Нефтяник"", участок № 15/147";119,0;Муниципальная казна
1615;П1100000028982;63:09:0000000:1375;Земельный участок;"Самарская область, Комсомольский район, г. Тольятти, район нефтебазы, садоводческое товарищество ""Нефтяник"", участок № 105";183,0;Постоянное (бессрочное) пользование
1616;П1100000030478;63:09:0206057:2387;Земельный участок;"Самарская область, Комсомольский район, г. Тольятти, район нефтебазы, садоводческое товарищество ""Вишенка-2"", участок №119";131,0;Муниципальная казна
1617;П1100000028978;63:09:0000000:1317;Земельный участок;"Самарская область, Комсомольский район, г. Тольятти, район ЛЗЖБИ, садоводческое товарищество ""Вишневый сад"", участок №50";66,0;Муниципальная казна
1618;П1100000030505;63:09:0206060:3332;Земельный участок;"Самарская область, Комсомольский район, г. Тольятти, район ЛЗЖБИ, садоводческое товарищество ""Вишневый сад"" участок № 34";29,0;Муниципальная казна
1619;П1100000029226;63:09:0000000:1152;Земельный участок;Самарская область, Комсомольский район, г. Тольятти, разделительная полоса севернее перекрестка ул. Матросова и ул. Чайкиной;37,0;Муниципальная казна
1620;П1100000030343;63:09:0201061:1159;Земельный участок;Самарская область, Комсомольский район, г. Тольятти, проезд Тракторный 5-й, д.2;220,0;Муниципальная казна
1621;П1100000030347;63:09:0201061:1837;Земельный участок;Самарская область, Комсомольский район, г. Тольятти, проезд Тракторный 4-й, д.7;122,0;Муниципальная казна
1622;П1100000030346;63:09:0201061:1833;Земельный участок;Самарская область, Комсомольский район, г. Тольятти, проезд Тракторный 1-й, д.29;36,0;Муниципальная казна
1623;П1100000030999;63:09:0201063:2015;Земельный участок;Самарская область, Комсомольский район, г. Тольятти, проезд Сибирский, земельный участок № 21;381,0;Муниципальная казна
1624;П1100000029953;63:09:0000000:2745;Земельный участок;Самарская область, Комсомольский район, г. Тольятти, проезд Розы Люксембург, д. 23;46,0;Муниципальная казна
1625;П1100000029181;63:09:0201062:1346;Земельный участок;Самарская область, Комсомольский район, г. Тольятти, проезд Осиновый, д. 66;71,0;Муниципальная казна
1626;П1100000030388;63:09:0201062:596;Земельный участок;Самарская область, Комсомольский район, г. Тольятти, проезд Мирный 3-й, д.57;128,0;Муниципальная казна
1627;П1100000030379;63:09:0201062:1515;Земельный участок;Самарская область, Комсомольский район, г. Тольятти, проезд Мирный 2-й, д.42;600,0;Муниципальная казна
1628;П1100000030382;63:09:0201062:1561;Земельный участок;Самарская область, Комсомольский район, г. Тольятти, проезд Мирный 1-й, д.53, кв.1;425,0;Муниципальная казна
1629;П1100000028146;63:09:0201062:1390;Земельный участок;Самарская область, Комсомольский район, г. Тольятти, проезд Майский, д. 7, стр. а;3442,0;Постоянное (бессрочное) пользование
1630;П1100000028329;63:09:0201062:14;Земельный участок;Самарская область, Комсомольский район, г. Тольятти, проезд Майский, д. 7;22555,0;Постоянное (бессрочное) пользование
1631;П1100000028376;63:09:0201062:92;Земельный участок;Самарская область, Комсомольский район, г. Тольятти, проезд Майский, д. 64, стр. В, мкр. Железнодорожный;537,0;Муниципальная казна
1632;П1100000029952;63:09:0000000:2744;Земельный участок;Самарская область, Комсомольский район, г. Тольятти, проезд Майский, д. 28;30,0;Муниципальная казна
1633;П1100000028371;63:09:0201062:93;Земельный участок;Самарская область, Комсомольский район, г. Тольятти, проезд Майский, д. 11, стр. А, мкр. Жигулевское море;838,0;Муниципальная казна
1634;П1100000030383;63:09:0201062:1562;Земельный участок;Самарская область, Комсомольский район, г. Тольятти, проезд Майский, д. 11, кв. 161;46,0;Муниципальная казна
1635;П1100000030370;63:09:0201062:1432;Земельный участок;Самарская область, Комсомольский район, г. Тольятти, проезд Майский, д. 1, стр. А;834,0;Муниципальная казна
1636;П1100000028144;63:09:0201062:1433;Земельный участок;Самарская область, Комсомольский район, г. Тольятти, проезд Майский, д. 1;12302,0;Постоянное (бессрочное) пользование
1637;П1100000030387;63:09:0201062:1590;Земельный участок;Самарская область, Комсомольский район, г. Тольятти, проезд Достоевского, д. 54;51,0;Муниципальная казна
1638;П1100000030385;63:09:0201062:1579;Земельный участок;Самарская область, Комсомольский район, г. Тольятти, проезд Достоевского, д. 48;107,0;Муниципальная казна
1639;П1100000030454;63:09:0201063:1270;Земельный участок;Самарская область, Комсомольский район, г. Тольятти, проезд Береговой, д. 29;324,0;Муниципальная казна
1640;П1100000030453;63:09:0201063:1269;Земельный участок;Самарская область, Комсомольский район, г. Тольятти, проезд Береговой, д. 23;219,0;Муниципальная казна
1641;П1100000030452;63:09:0201063:1266;Земельный участок;Самарская область, Комсомольский район, г. Тольятти, проезд Береговой 2-й, д.3;147,0;Муниципальная казна
1642;П1100000029340;63:09:0000000:1454;Земельный участок;"Самарская область, Комсомольский район, г. Тольятти, поселок Федоровка, садоводческое товарищество ""Строитель"", участок №55";35,0;Муниципальная казна
1643;П1100000029045;63:09:0000000:1606;Земельный участок;"Самарская область, Комсомольский район, г. Тольятти, поселок Федоровка, садоводческое товарищество ""Озерное"", ул. 15-я Дачная, участок № 18";129,0;Постоянное (бессрочное) пользование
1644;П1100000030520;63:09:0206061:2167;Земельный участок;"Самарская область, Комсомольский район, г. Тольятти, поселок Федоровка, садоводческое товарищество ""Маяк"", участок № 36";86,0;Муниципальная казна
1645;П1100000030519;63:09:0206061:2147;Земельный участок;"Самарская область, Комсомольский район, г. Тольятти, поселок Федоровка, в районе судоходного канала, садоводческое товарищество ""Маяк"", участок № 100";70,0;Муниципальная казна
1646;П1100000028101;63:09:0201063:972;Земельный участок;Самарская область, Комсомольский район, г. Тольятти, поселок Федоровка;47299,0;Постоянное (бессрочное) пользование
1647;П1100000029053;63:09:0000000:1699;Земельный участок;"Самарская область, Комсомольский район, г. Тольятти, поселок Тракторный, садоводческое товарищество ""Труд"", участок № 6";69,0;Постоянное (бессрочное) пользование
1648;П1100000030883;63:09:0206060:3281;Земельный участок;"Самарская область, Комсомольский район, г. Тольятти, поселок Тракторный, садоводческое товарищество ""Труд"", участок № 10";69,0;Постоянное (бессрочное) пользование
1649;П1100000028993;63:09:0000000:1520;Земельный участок;"Самарская область, Комсомольский район, г. Тольятти, поселок Тракторный, садоводческое товарищество ""Снабженец"", участок № 6";14,0;Постоянное (бессрочное) пользование
1650;П1100000029912;63:09:0000000:2627;Земельный участок;"Самарская область, Комсомольский район, г. Тольятти, поселок Тракторный, садоводческое товарищество ""Механизатор"", участок № 2";39,0;Муниципальная казна
1651;П1100000029054;63:09:0000000:1703;Земельный участок;"Самарская область, Комсомольский район, г. Тольятти, поселок Тракторный, садоводческое товарищество ""Медик"", участок № 21";27,0;Муниципальная казна
1652;П1100000030486;63:09:0206060:2720;Земельный участок;"Самарская область, Комсомольский район, г. Тольятти, поселок Тракторный, садоводческое товарищество ""Медик"", участок № 18";39,0;Муниципальная казна
1653;П1100000030512;63:09:0206060:3358;Земельный участок;"Самарская область, Комсомольский район, г. Тольятти, поселок Тракторный, садоводческое товарищество ""Дачное-1"", 3-я линия, участок № 8";26,0;Постоянное (бессрочное) пользование
1654;П1100000029044;63:09:0000000:1599;Земельный участок;"Самарская область, Комсомольский район, г. Тольятти, поселок Тракторный, садоводческое товарищество ""Дачное-1"", 1-ая Линия, участок № 33";105,0;Постоянное (бессрочное) пользование
1655;П1100000029346;63:09:0000000:1608;Земельный участок;"Самарская область, Комсомольский район, г. Тольятти, поселок Тракторный, садоводческое товарищество ""Дачное"", 6-я линия, участок № 1";120,0;Муниципальная казна
1656;П1100000028994;63:09:0000000:1531;Земельный участок;"Самарская область, Комсомольский район, г. Тольятти, поселок Тракторный, садоводческое товарищество ""Гидромеханизатор-2"", кв. 209, линия 9, участок № 24";153,0;Постоянное (бессрочное) пользование
1657;П1100000029046;63:09:0000000:1609;Земельный участок;"Самарская область, Комсомольский район, г. Тольятти, поселок Тракторный, садоводческое товарищество ""Гидромеханизатор-1"", участок № 55";8,0;Постоянное (бессрочное) пользование
1658;П1100000029051;63:09:0000000:1677;Земельный участок;"Самарская область, Комсомольский район, г. Тольятти, поселок Тракторный, садоводческое товарищество ""Автомобилист"", участок № 31";9,0;Постоянное (бессрочное) пользование
1659;П1100000029052;63:09:0000000:1683;Земельный участок;"Самарская область, Комсомольский район, г. Тольятти, поселок Тракторный, садоводческое товарищество ""Автомобилист"", садовый участок № 35";20,0;Постоянное (бессрочное) пользование
1660;П1100000029234;63:09:0000000:1195;Земельный участок;Самарская область, Комсомольский район, г. Тольятти, поселок Поволжский, на пересечении ул. Ново-Садовой и ул. Олимпийской;17,0;Муниципальная казна
1661;П1100000028794;63:09:0206060:3323;Земельный участок;"Самарская область, Комсомольский район, г. Тольятти, пос.Тракторный, садоводческое товарищество ""Дачное-2"", 5-ая линия, участок №40";43,0;Постоянное (бессрочное) пользование
1662;П1100000028992;63:09:0206060:1381;Земельный участок;"Самарская область, Комсомольский район, г. Тольятти, пос.Тракторный, с/т ""Снабженец"" , участок № 12";147,0;Постоянное (бессрочное) пользование
1663;П1100000028659;63:09:0201055:1006;Земельный участок;Самарская область, Комсомольский район, г. Тольятти, пос.Поволжский, ул.Ново-Садовая, в районе дома №23;113,0;Муниципальная казна
1664;П1100000028601;63:09:0201055:655;Земельный участок;Самарская область, Комсомольский район, г. Тольятти, пос.Поволжский, на пересечении ул.Новосадовой и ул.Олимпийской;184,0;Муниципальная казна
1665;П1100000030516;63:09:0206061:1102;Земельный участок;"Самарская область, Комсомольский район, г. Тольятти, пос. Федоровка, садоводческое товарищество ""ДСК-1"", участок № 63";84,0;Муниципальная казна
1666;П1100000030496;63:09:0206060:3283;Земельный участок;"Самарская область, Комсомольский район, г. Тольятти, пос. Тракторный,. садоводческое товарищество ""Гидромеханизатор-1"", участок № 9";47,0;Постоянное (бессрочное) пользование
1667;П1100000029347;63:09:0000000:1622;Земельный участок;Самарская область, Комсомольский район, г. Тольятти, пос. Тракторный, участок № 108;171,0;Муниципальная казна
1668;П1100000030500;63:09:0206060:3294;Земельный участок;"Самарская область, Комсомольский район, г. Тольятти, пос. Тракторный, садоводческое товарищество ""Труд"", участок № 15";90,0;Муниципальная казна
1669;П1100000028999;63:09:0000000:1540;Земельный участок;"Самарская область, Комсомольский район, г. Тольятти, пос. Тракторный, садоводческое товарищество ""Труд"", участок № 146";23,0;Муниципальная казна
1670;П1100000028985;63:09:0000000:1392;Земельный участок;"Самарская область, Комсомольский район, г. Тольятти, пос. Тракторный, садоводческое товарищество ""Транспортник"", участок № 36";300,0;Муниципальная казна
1671;П1100000028984;63:09:0000000:1383;Земельный участок;"Самарская область, Комсомольский район, г. Тольятти, пос. Тракторный, садоводческое товарищество ""Нефтяник"", участок № 77";36,0;Постоянное (бессрочное) пользование
1672;П1100000030400;63:09:0202052:922;Земельный участок;"Самарская область, Комсомольский район, г. Тольятти, пос. Тракторный, садоводческое товарищество ""Механизатор"", 16-ая линия, участок № 8";196,0;Муниципальная казна
1673;П1100000030763;63:09:0206060:1776;Земельный участок;"Самарская область, Комсомольский район, г. Тольятти, пос. Тракторный, садоводческое товарищество ""Медик"", участок № 44";15,0;Постоянное (бессрочное) пользование
1674;П1100000030497;63:09:0206060:3286;Земельный участок;"Самарская область, Комсомольский район, г. Тольятти, пос. Тракторный, садоводческое товарищество ""Дачное-2"", 9-я линия, участок № 13";64,0;Постоянное (бессрочное) пользование
1675;П1100000030492;63:09:0206060:3266;Земельный участок;"Самарская область, Комсомольский район, г. Тольятти, пос. Тракторный, садоводческое товарищество ""Дачное-2"", 9-ая линия, участок № 11";14,0;Муниципальная казна
1676;П1100000030509;63:09:0206060:3351;Земельный участок;"Самарская область, Комсомольский район, г. Тольятти, пос. Тракторный, садоводческое товарищество ""Дачное-2"", 8-я линия, участок № 2";321,0;Муниципальная казна
1677;П1100000030510;63:09:0206060:3353;Земельный участок;"Самарская область, Комсомольский район, г. Тольятти, пос. Тракторный, садоводческое товарищество ""Дачное-2"", 7-я линия, участок № 10";77,0;Муниципальная казна
1678;П1100000029048;63:09:0000000:1641;Земельный участок;"Самарская область, Комсомольский район, г. Тольятти, пос. Тракторный, садоводческое товарищество ""Дачное-2"", 5 линия, участок № 28";182,0;Муниципальная казна
1679;П1100000029047;63:09:0000000:1616;Земельный участок;"Самарская область, Комсомольский район, г. Тольятти, пос. Тракторный, садоводческое товарищество ""Дачное-2"", 10 линия, участок №4";124,0;Муниципальная казна
1680;П1100000030494;63:09:0206060:3274;Земельный участок;"Самарская область, Комсомольский район, г. Тольятти, пос. Тракторный, садоводческое товарищество ""Дачное-1"", 5 линия, участок № 33";13,0;Муниципальная казна
1681;П1100000029041;63:09:0000000:1566;Земельный участок;"Самарская область, Комсомольский район, г. Тольятти, пос. Тракторный, садоводческое товарищество ""Дачное-1"", 2-ая линия, участок № 28";40,0;Муниципальная казна
1682;П1100000030508;63:09:0206060:3338;Земельный участок;"Самарская область, Комсомольский район, г. Тольятти, пос. Тракторный, садоводческое товарищество ""Гидромеханизатор-1"", участок № 24";131,0;Постоянное (бессрочное) пользование
1683;П1100000028950;63:09:0201055:1058;Земельный участок;Самарская область, Комсомольский район, г. Тольятти, пос. Поволжский, ул. Ново-Садовая, в районе дома № 13;26,0;Муниципальная казна
1684;П1100000028686;63:09:0000000:1161;Земельный участок;Самарская область, Комсомольский район, г. Тольятти, пос. Жигулевское море, в районе ООТ ''Туб. диспансер'';72,0;Муниципальная казна
1685;П1100000004325;63:09:0206057:2237;Земельный участок;"Самарская область, Комсомольский район, г. Тольятти, полуостров Копылово, спортивная база ""Плес""";13961,0;Постоянное (бессрочное) пользование
1686;П1100000029070;63:09:0000000:1903;Земельный участок;"Самарская область, Комсомольский район, г. Тольятти, полуостров Копылово, садоводческое товарищество""Мираж"", участок №160";12,0;Муниципальная казна
1687;П1100000029193;63:09:0206056:1099;Земельный участок;Самарская область, Комсомольский район, г. Тольятти, полуостров Копылово, садоводческое товарищество ''Островок'', участок № 10;98,0;Муниципальная казна
1688;П1100000028991;63:09:0000000:1512;Земельный участок;"Самарская область, Комсомольский район, г. Тольятти, полуостров Копылово, садоводческое товарищество ""Яблонька"", участок №40";68,0;Муниципальная казна
1689;П1100000030762;63:09:0205030:669;Земельный участок;"Самарская область, Комсомольский район, г. Тольятти, полуостров Копылово, садоводческое товарищество ""Шлюзовик"", участок №13";156,0;Муниципальная казна
1690;П1100000030466;63:09:0206056:8119;Земельный участок;"Самарская область, Комсомольский район, г. Тольятти, полуостров Копылово, садоводческое товарищество ""Чайка-3"", участок № 71";40,0;Муниципальная казна
1691;П1100000030476;63:09:0206057:2320;Земельный участок;"Самарская область, Комсомольский район, г. Тольятти, полуостров Копылово, садоводческое товарищество ""Чайка-2"", участок № 206";176,0;Муниципальная казна
1692;П1100000029072;63:09:0000000:1913;Земельный участок;"Самарская область, Комсомольский район, г. Тольятти, полуостров Копылово, садоводческое товарищество ""Стройиндустрия"", участок №303";22,0;Муниципальная казна
1693;П1100000029071;63:09:0000000:1905;Земельный участок;"Самарская область, Комсомольский район, г. Тольятти, полуостров Копылово, садоводческое товарищество ""Стройиндустрия"", участок №287";19,0;Муниципальная казна
1694;П1100000029342;63:09:0000000:1468;Земельный участок;"Самарская область, Комсомольский район, г. Тольятти, полуостров Копылово, садоводческое товарищество ""Стройиндустрия"", участок №249а";100,0;Муниципальная казна
1695;П1100000028989;63:09:0000000:1451;Земельный участок;"Самарская область, Комсомольский район, г. Тольятти, полуостров Копылово, садоводческое товарищество ""Стройиндустрия"", участок №110";83,0;Муниципальная казна
1696;П1100000030664;63:09:0206057:2151;Земельный участок;"Самарская область, Комсомольский район, г. Тольятти, полуостров Копылово, садоводческое товарищество ""Стройиндустрия"", участок № 293";27,0;Постоянное (бессрочное) пользование
1697;П1100000029069;63:09:0000000:1900;Земельный участок;"Самарская область, Комсомольский район, г. Тольятти, полуостров Копылово, садоводческое товарищество ""Стройиндустрия"", участок № 288";23,0;Муниципальная казна
1698;П1100000029339;63:09:0000000:1444;Земельный участок;"Самарская область, Комсомольский район, г. Тольятти, полуостров Копылово, садоводческое товарищество ""Стройиндустрия"", участок № 17";155,0;Муниципальная казна
1699;П1100000030474;63:09:0206056:8186;Земельный участок;"Самарская область, Комсомольский район, г. Тольятти, полуостров Копылово, садоводческое товарищество ""Полесье"", участок № 113";100,0;Муниципальная казна
1700;П1100000030473;63:09:0206056:8170;Земельный участок;"Самарская область, Комсомольский район, г. Тольятти, полуостров Копылово, садоводческое товарищество ""Островок"", участок №15";41,0;Муниципальная казна
1701;П1100000029068;63:09:0000000:1895;Земельный участок;"Самарская область, Комсомольский район, г. Тольятти, полуостров Копылово, садоводческое товарищество ""Островок"", участок № 289";435,0;Постоянное (бессрочное) пользование
1702;П1100000029073;63:09:0000000:1926;Земельный участок;"Самарская область, Комсомольский район, г. Тольятти, полуостров Копылово, садоводческое товарищество ""Мираж"", участок №157";27,0;Муниципальная казна
1703;П1100000030472;63:09:0206056:8162;Земельный участок;"Самарская область, Комсомольский район, г. Тольятти, полуостров Копылово, садоводческое товарищество ""Мираж"", участок № 87";8,0;Муниципальная казна
1704;П1100000030468;63:09:0206056:8128;Земельный участок;"Самарская область, Комсомольский район, г. Тольятти, полуостров Копылово, садоводческое товарищество ""Мираж"", участок № 79";62,0;Муниципальная казна
1705;П1100000030470;63:09:0206056:8144;Земельный участок;"Самарская область, Комсомольский район, г. Тольятти, полуостров Копылово, садоводческое товарищество ""Мираж"", участок № 177";45,0;Постоянное (бессрочное) пользование
1706;П1100000029065;63:09:0000000:1883;Земельный участок;"Самарская область, Комсомольский район, г. Тольятти, полуостров Копылово, садоводческое товарищество ""Мираж"", участок № 106";165,0;Постоянное (бессрочное) пользование
1707;П1100000030471;63:09:0206056:8153;Земельный участок;"Самарская область, Комсомольский район, г. Тольятти, полуостров Копылово, садоводческое товарищество ""Мираж"", участок № 103";62,0;Постоянное (бессрочное) пользование
1708;П1100000029067;63:09:0000000:1886;Земельный участок;"Самарская область, Комсомольский район, г. Тольятти, полуостров Копылово, садоводческое товарищество ""Мираж"", участок № 102";67,0;Муниципальная казна
1709;П1100000029559;63:09:0000000:1878;Земельный участок;"Самарская область, Комсомольский район, г. Тольятти, полуостров Копылово, садоводческое товарищество ""Маячок"", участок №44";28,0;Муниципальная казна
1710;П1100000030477;63:09:0206057:2329;Земельный участок;"Самарская область, Комсомольский район, г. Тольятти, полуостров Копылово, садоводческое товарищество ""Лада"", участок №49/59";61,0;Муниципальная казна
1711;П1100000030464;63:09:0206056:690;Земельный участок;"Самарская область, Комсомольский район, г. Тольятти, полуостров Копылово, садоводческое товарищество ""Золотые пески"", участок № 16";10,0;Постоянное (бессрочное) пользование
1712;П1100000029338;63:09:0000000:1421;Земельный участок;"Самарская область, Комсомольский район, г. Тольятти, полуостров Копылово, садоводческое товарищество ""Дружба"", участок №140";40,0;Муниципальная казна
1713;П1100000028988;63:09:0000000:1417;Земельный участок;"Самарская область, Комсомольский район, г. Тольятти, полуостров Копылово, садоводческое товарищество ""Дружба"" ВЦМ, участок №34";19,0;Постоянное (бессрочное) пользование
1714;П1100000030462;63:09:0205030:722;Земельный участок;"Самарская область, Комсомольский район, г. Тольятти, полуостров Копылово, садоводческое товарищество ""Гидромеханизатор"", участок № 88";74,0;Муниципальная казна
1715;П1100000030480;63:09:0206057:2418;Земельный участок;"Самарская область, Комсомольский район, г. Тольятти, полуостров Копылово, садоводческое товарищество ""Вишенка"", участок № 4";48,0;Муниципальная казна
1716;П1100000030481;63:09:0206057:2420;Земельный участок;"Самарская область, Комсомольский район, г. Тольятти, полуостров Копылово, садоводческое товарищество ""Вишенка"", участок № 134";142,0;Муниципальная казна
1717;П1100000030479;63:09:0206057:2399;Земельный участок;"Самарская область, Комсомольский район, г. Тольятти, полуостров Копылово, садоводческое товарищество ""Вишенка"", участок № 131";33,0;Муниципальная казна
1718;П1100000029066;63:09:0000000:1884;Земельный участок;"Самарская область, Комсомольский район, г. Тольятти, полуостров Копылово, садоводческое товарищество ""Весна"", участок № 73";62,0;Постоянное (бессрочное) пользование
1719;П1100000030465;63:09:0206056:7;Земельный участок;"Самарская область, Комсомольский район, г. Тольятти, полуостров Копылово, садоводческое товарищество ""Весна"", участок № 67";174,0;Муниципальная казна
1720;П1100000030469;63:09:0206056:8143;Земельный участок;"Самарская область, Комсомольский район, г. Тольятти, полуостров Копылово, садоводческое товарищество ""Весна"", участок № 132";500,0;Муниципальная казна
1721;П1100000028434;63:09:0205030:15;Земельный участок;Самарская область, Комсомольский район, г. Тольятти, полуостров Копылово;34489,0;Муниципальная казна
1722;П1100000029538;63:09:0000000:1730;Земельный участок;Самарская область, Комсомольский район, г. Тольятти, полуостров Копылово;14274,0;Муниципальная казна
1723;П1100000029549;63:09:0000000:1823;Земельный участок;Самарская область, Комсомольский район, г. Тольятти, полуостров Копылово;33724,0;Муниципальная казна
1724;П1100000030467;63:09:0206056:8126;Земельный участок;"Самарская область, Комсомольский район, г. Тольятти, полуостров ""Копылово"", садоводческое товарищество ""Весна"", участок № 66";18,0;Постоянное (бессрочное) пользование
1725;П1100000029350;63:09:0000000:1726;Земельный участок;"Самарская область, Комсомольский район, г. Тольятти, п-ов Копылово, садоводческое товарищество ""Гидроспецстрой"", участок №5";56,0;Муниципальная казна
1726;П1100000031356;63:09:0205030:671;Земельный участок;Самарская область, Комсомольский район, г. Тольятти, п-ов Копылово;18800,0;Муниципальная казна
1727;П1100000030308;63:09:0201057:985;Земельный участок;Самарская область, Комсомольский район, г. Тольятти, по ул. Чайкиной, в районе дома № 27;29,0;Муниципальная казна
1728;П1100000030290;63:09:0201057:1004;Земельный участок;"Самарская область, Комсомольский район, г. Тольятти, по ул. Коммунистической, в районе между д. № 41 и остановкой ""Ул. З. Космодемьянской""";117,0;Муниципальная казна
1729;П1100000027955;63:09:0201060:14209;Земельный участок;Самарская область, Комсомольский район, г. Тольятти, площадь Никонова, юго-западнее пересечения ул. Никонова и ул. Шлюзовая;871,0;Муниципальная казна
1730;П1100000028712;63:09:0000000:2703;Земельный участок;Самарская область, Комсомольский район, г. Тольятти, пересечение ул.Чайкиной и ул.Ярославской;64,0;Муниципальная казна
1731;П1100000030374;63:09:0201062:1465;Земельный участок;Самарская область, Комсомольский район, г. Тольятти, пересечение ул.Телеграфной и Белинского;27,0;Муниципальная казна
1732;П1100000030409;63:09:0202053:580;Земельный участок;Самарская область, Комсомольский район, г. Тольятти, пересечение ул. Громовой и трассы М-5;32,0;Муниципальная казна
1733;П1100000030357;63:09:0201061:1909;Земельный участок;Самарская область, Комсомольский район, г. Тольятти, пер. Ученический, д. 5, п. Федоровка;60,0;Муниципальная казна
1734;П1100000030439;63:09:0201063:1189;Земельный участок;Самарская область, Комсомольский район, г. Тольятти, пер. Ученический, д. 31, пос.Федоровка;665,0;Муниципальная казна
1735;П1100000030438;63:09:0201063:1188;Земельный участок;Самарская область, Комсомольский район, г. Тольятти, пер. Ученический, д. 27;68,0;Муниципальная казна
1736;П1100000030352;63:09:0201061:1873;Земельный участок;Самарская область, Комсомольский район, г. Тольятти, пер. Горный 1-й, д.8, поселок Федоровка;205,0;Муниципальная казна
1737;П1100000001814;63:09:0205030:35;Земельный участок;Самарская область, Комсомольский район, г. Тольятти, п/о Копылово;13801,0;Муниципальная казна
1738;П1100000031066;63:09:0206057:1279;Земельный участок;Самарская область, Комсомольский район, г. Тольятти, п/о Копылово;29720,0;Муниципальная казна
1739;П1100000028658;63:09:0104015:600;Земельный участок;"Самарская область, Комсомольский район, г. Тольятти, п.Федоровка, садоводческое товарищество ""Озерное"", ул. 14-ая Дачная, участок № 16";117,0;Муниципальная казна
1740;П1100000029348;63:09:0000000:1624;Земельный участок;"Самарская область, Комсомольский район, г. Тольятти, п.Тракторный, садоводческое товарищество ""Механизатор"", участок №25";130,0;Муниципальная казна
1741;П1100000029236;63:09:0000000:1201;Земельный участок;Самарская область, Комсомольский район, г. Тольятти, п.Поволжский, квартал 6, участок №30;813,0;Муниципальная казна
1742;П1100000030455;63:09:0201063:52;Земельный участок;"Самарская область, Комсомольский район, г. Тольятти, п. Федоровка, садоводческое товарищество ""Нептун"", участок № 5";77,0;Муниципальная казна
1743;П1100000030445;63:09:0201063:1221;Земельный участок;"Самарская область, Комсомольский район, г. Тольятти, п. Федоровка, садоводческое товарищество ""Молодежный"", участок № 16";61,0;Муниципальная казна
1744;П1100000028987;63:09:0000000:1399;Земельный участок;"Самарская область, Комсомольский район, г. Тольятти, п. Федоровка, садоводческое товарищество ""ДСК-1 КГС"", участок № 5";364,0;Муниципальная казна
1745;П1100000029050;63:09:0000000:1669;Земельный участок;"Самарская область, Комсомольский район, г. Тольятти, п. Тракторный, садоводческое товарищество ""Труд"", участок № 181";84,0;Постоянное (бессрочное) пользование
1746;П1100000030511;63:09:0206060:3357;Земельный участок;"Самарская область, Комсомольский район, г. Тольятти, п. Тракторный, садоводческое товарищество ""Труд"", участок № 178";95,0;Постоянное (бессрочное) пользование
1747;П1100000028995;63:09:0000000:1533;Земельный участок;"Самарская область, Комсомольский район, г. Тольятти, п. Тракторный, садоводческое товарищество ""Снабженец"", участок № 10";7,0;Постоянное (бессрочное) пользование
1748;П1100000030401;63:09:0202052:929;Земельный участок;"Самарская область, Комсомольский район, г. Тольятти, п. Тракторный, садоводческое товарищество ""Механизатор"", участок № 9";107,0;Муниципальная казна
1749;П1100000030495;63:09:0206060:3278;Земельный участок;"Самарская область, Комсомольский район, г. Тольятти, п. Тракторный, садоводческое товарищество ""Медик"", участок № 60";22,0;Постоянное (бессрочное) пользование
1750;П1100000028996;63:09:0000000:1534;Земельный участок;"Самарская область, Комсомольский район, г. Тольятти, п. Тракторный, садоводческое товарищество ""Карьер"", участок № 17";125,0;Постоянное (бессрочное) пользование
1751;П1100000030490;63:09:0206060:3263;Земельный участок;"Самарская область, Комсомольский район, г. Тольятти, п. Тракторный, садоводческое товарищество ""Дачное-2"", 6-ая линия, участок № 37";16,0;Муниципальная казна
1752;П1100000030491;63:09:0206060:3265;Земельный участок;"Самарская область, Комсомольский район, г. Тольятти, п. Тракторный, садоводческое товарищество ""Дачное-1"", 3 линия, участок № 38";13,0;Постоянное (бессрочное) пользование
1753;П1100000029040;63:09:0000000:1565;Земельный участок;"Самарская область, Комсомольский район, г. Тольятти, п. Тракторный, садоводческое товарищество ""Дачное-1"", 1-ая линия, участок № 5";155,0;Муниципальная казна
1754;П1100000030513;63:09:0206060:3364;Земельный участок;"Самарская область, Комсомольский район, г. Тольятти, п. Тракторный, садоводческое товарищество ""Дачное-1"", 1 линия, участок № 19";166,0;Муниципальная казна
1755;П1100000030514;63:09:0206060:3377;Земельный участок;"Самарская область, Комсомольский район, г. Тольятти, п. Тракторный, садоводческое товарищество ""Гидромеханизатор-1"", участок № 56";9,0;Постоянное (бессрочное) пользование
1756;П1100000029170;63:09:0201055:1054;Земельный участок;Самарская область, Комсомольский район, г. Тольятти, п. Поволжский, ул. Ново-Садовая, в районе дома № 17;48,0;Муниципальная казна
1757;П1100000029235;63:09:0000000:1196;Земельный участок;Самарская область, Комсомольский район, г. Тольятти, п. Поволжский, на Центральной площади;23,0;Муниципальная казна
1758;П1100000028566;63:09:0000000:1198;Земельный участок;Самарская область, Комсомольский район, г. Тольятти, п. Поволжский, в районе Центральной площади;19,0;Муниципальная казна
1759;П1100000030017;63:09:0000000:961;Земельный участок;Самарская область, Комсомольский район, г. Тольятти, п. Жигулевское море, у дороги на тубдиспансер;18,0;Муниципальная казна
1760;П1100000031299;63:09:0202052:1521;Земельный участок;Самарская область, Комсомольский район, г. Тольятти, от улицы Коммунистической, юго-западнее здания по адресу: ул. Коммунистическая, 100, северо-восточнее здания по адресу: ул. Коммунистическая, 106, до территории западнее здания по адресу: ул. Коммунистическая, 108;16861,0;Муниципальная казна
1761;П1100000029230;63:09:0000000:1164;Земельный участок;"Самарская область, Комсомольский район, г. Тольятти, ООТ ""Жигулевское море""";27,0;Муниципальная казна
1762;П1100000028927;63:09:0202053:581;Земельный участок;Самарская область, Комсомольский район, г. Тольятти, на пересечении ул. Громовой и тр. Москва-Самара;153,0;Муниципальная казна
1763;П1100000028389;63:09:0201057:15977;Земельный участок;Самарская область, Комсомольский район, г. Тольятти, на земельном участке расположено нежилое здание, имеющее адрес: ул. Лизы Чайкиной, д. 57;23632,0;Постоянное (бессрочное) пользование
1764;П1100000028416;63:09:0201057:16015;Земельный участок;Самарская область, Комсомольский район, г. Тольятти, на земельном участке расположен спортивный комплекс, имеющий адрес: ул.Матросова, д.5-А;3346,0;Постоянное (бессрочное) пользование
1765;П1100000030754;63:09:0000000:1181;Земельный участок;Самарская область, Комсомольский район, г. Тольятти, Молодежный городок, д.11;2659,0;Муниципальная казна
1766;П1100000029228;63:09:0000000:1158;Земельный участок;Самарская область, Комсомольский район, г. Тольятти, МКР-1, на пересечении ул. Чайкиной и ул.Тюленина;5500,0;Муниципальная казна
1767;П1100000030922;63:09:0202052:1483;Земельный участок;Самарская область, Комсомольский район, г. Тольятти, мкр.Шлюзовой;36,0;Постоянное (бессрочное) пользование
1768;П1100000028295;63:09:0201056:842;Земельный участок;Самарская область, Комсомольский район, г. Тольятти, мкр.Новоматюшкино, 314 м северо-западнее от пересечения ул.Раздольная и ул.Автомобилистов;6833,0;Муниципальная казна
1769;П1100000031486;63:09:0204067:1172;Земельный участок;Самарская область, Комсомольский район, г. Тольятти, мкр.Жигулевское море, уч.116;22857,0;Постоянное (бессрочное) пользование
1770;П1100000028966;63:09:0000000:1167;Земельный участок;Самарская область, Комсомольский район, г. Тольятти, мкр.Жигулевское море;41,0;Муниципальная казна
1771;П1100000029233;63:09:0000000:1176;Земельный участок;Самарская область, Комсомольский район, г. Тольятти, мкр. Шлюзовой, пересечение ул. Гидротехнической и ул. Шлюзовой;2673,0;Муниципальная казна
1772;П1100000030101;63:09:0202052:649;Земельный участок;Самарская область, Комсомольский район, г. Тольятти, мкр. Шлюзовой, 5-ВСО, в районе открытой автостоянки ПАТП-3;1002,0;Муниципальная казна
1773;П1100000030016;63:09:0000000:960;Земельный участок;Самарская область, Комсомольский район, г. Тольятти, мкр. Жигулевское море, в районе АЗС фирмы ''Акми'' и домом № 18 по ул. Куйбышева;3192,0;Муниципальная казна
1774;П1100000031576;63:09:0201062:827;Земельный участок;Самарская область, Комсомольский район, г. Тольятти, местоположение установлено относительно ориентира, расположенного в границах участка. Почтовый адрес ориентира: Самарская область, г. Тольятти, проезд Мирный 2-й, д. 33;622,0;Муниципальная казна
1775;П1100000029242;63:09:0000000:1208;Земельный участок;Самарская область, Комсомольский район, г. Тольятти, между ул. Громовой и АТП-3;5299,0;Муниципальная казна
1776;П1100000028565;63:09:0000000:1153;Земельный участок;Самарская область, Комсомольский район, г. Тольятти, между домами № 50 по ул.Громовой и № 59 по ул.Ярославской;53,0;Муниципальная казна
1777;П1100000030131;63:09:0000000:956;Земельный участок;Самарская область, Комсомольский район, г. Тольятти, между д. № 50 по ул. Мурысева и д. № 39 по ул. Коммунистической;23,0;Муниципальная казна
1778;П1100000029238;63:09:0000000:1203;Земельный участок;Самарская область, Комсомольский район, г. Тольятти, западнее с. Васильевка;648696,0;Муниципальная казна
1779;П1100000029345;63:09:0000000:1593;Земельный участок;"Самарская область, Комсомольский район, г. Тольятти, западнее п.Фёдоровка, садоводческое товарищество ""Дачное-2"", участок № 13, 7 линия";142,0;Муниципальная казна
1780;П1100000029062;63:09:0000000:1851;Земельный участок;Самарская область, Комсомольский район, г. Тольятти, западнее п.Федоровка;2570,0;Муниципальная казна
1781;П1100000028404;63:09:0201059:13903;Земельный участок;Самарская область, Комсомольский район, г. Тольятти, западнее здания, имеющего адрес: ул.Матросова,22;813,0;Муниципальная казна
1782;П1100000030810;63:09:0204067:548;Земельный участок;Самарская область, Комсомольский район, г. Тольятти, западнее здания № 18 по улице Куйбышева;608,0;Муниципальная казна
1783;П1100000029540;63:09:0000000:1766;Земельный участок;Самарская область, Комсомольский район, г. Тольятти, дорога на ТОАЗ, в районе городского кладбища;371,0;Муниципальная казна
1784;П1100000029541;63:09:0000000:1784;Земельный участок;Самарская область, Комсомольский район, г. Тольятти, дорога на ТоАЗ, в районе городского кладбища;421,0;Муниципальная казна
1785;П1100000030663;63:09:0206055:846;Земельный участок;"Самарская область, Комсомольский район, г. Тольятти, ВСО-1, садоводческое товарищество ""Урожай"", участок № 31";65,0;Муниципальная казна
1786;П1100000029539;63:09:0000000:1743;Земельный участок;"Самарская область, Комсомольский район, г. Тольятти, ВСО-1, садоводческое товарищество ""Грушовка"", участок № 22";14,0;Муниципальная казна
1787;П1100000029194;63:09:0206059:778;Земельный участок;"Самарская область, Комсомольский район, г. Тольятти, восточнее территории УР 65/16, садоводческое товарищество ""Лесное"", участок № 17";482,0;Муниципальная казна
1788;П1100000030521;63:09:0206061:730;Земельный участок;"Самарская область, Комсомольский район, г. Тольятти, восточнее пос.Федоровка, садоводческое товарищество ""Луч"", ул.15-ая Яблоневая, участок №21";242,0;Муниципальная казна
1789;П1100000030484;63:09:0206060:1428;Земельный участок;"Самарская область, Комсомольский район, г. Тольятти, возле базы № 3 ЗАО ""Стройснаб""
";752,0;Муниципальная казна
1790;П1100000027667;63:09:0201061:298;Земельный участок;Самарская область, Комсомольский район, г. Тольятти, водозабор Федоровский, скважины 3,4;9975,0;Муниципальная казна
1791;П1100000027669;63:09:0201061:300;Земельный участок;Самарская область, Комсомольский район, г. Тольятти, водозабор Федоровский, скважина 2-а;2692,0;Муниципальная казна
1792;П1100000028438;63:09:0201061:301;Земельный участок;Самарская область, Комсомольский район, г. Тольятти, водозабор Федоровский, скважина 1а;901,0;Муниципальная казна
1793;П1100000027668;63:09:0201061:299;Земельный участок;Самарская область, Комсомольский район, г. Тольятти, водозабор Федоровский, резервуар;2216,0;Муниципальная казна
1794;П1100000028448;63:09:0202051:39;Земельный участок;Самарская область, Комсомольский район, г. Тольятти, водозабор Комсомольский;15856,0;Муниципальная казна
1795;П1100000028041;63:09:0202054:45;Земельный участок;"Самарская область, Комсомольский район, г. Тольятти, водозабор ""Зеленовский""";6316,0;Муниципальная казна
1796;П1100000001537;63:09:0204067:28;Земельный участок;"Самарская область, Комсомольский район, г. Тольятти, водозабор ""Жигулевское море"", скважина № 10";1581,0;Муниципальная казна
1797;П1100000001534;63:09:0204067:25;Земельный участок;"Самарская область, Комсомольский район, г. Тольятти, водозабор ""Жигулевское море"", скважина 13";579,0;Муниципальная казна
1798;П1100000001531;63:09:0204067:21;Земельный участок;"Самарская область, Комсомольский район, г. Тольятти, водозабор ""Жигулевское море"", скважина 12";505,0;Муниципальная казна
1799;П1100000001536;63:09:0204067:27;Земельный участок;"Самарская область, Комсомольский район, г. Тольятти, водозабор ""Жигулевское море"", скважина 11";1976,0;Муниципальная казна
1800;П1100000001535;63:09:0204067:26;Земельный участок;"Самарская область, Комсомольский район, г. Тольятти, водозабор ""Жигулевское море"", резервуар";3953,0;Муниципальная казна
1801;П1100000001533;63:09:0204067:24;Земельный участок;"Самарская область, Комсомольский район, г. Тольятти, водозабор ""Жигулевское море""";23534,0;Муниципальная казна
1802;П1100000030015;63:09:0000000:959;Земельный участок;Самарская область, Комсомольский район, г. Тольятти, вдоль автодороги Москва-Самара;2360,0;Муниципальная казна
1803;П1100000030930;63:09:0206056:1389;Земельный участок;"Самарская область, Комсомольский район, г. Тольятти, в сад. тов-ве ""Золотые пески"", ЗБСК на п-ове Копылово, участок № 19";39,0;Муниципальная казна
1804;П1100000028486;63:09:0206057:2116;Земельный участок;"Самарская область, Комсомольский район, г. Тольятти, в с/т ""Стройиндустрия"", на полуострове Копылово, садовый участок № 101д";500,0;Муниципальная казна
1805;П1100000028549;63:09:0202049:641;Земельный участок;"Самарская область, Комсомольский район, г. Тольятти, в с/к ""Поляна"", в р-не п/о ""Тольяттиазот"", уч. № 165";133,0;Муниципальная казна
1806;П1100000030850;63:09:0202049:683;Земельный участок;"Самарская область, Комсомольский район, г. Тольятти, в р-не п/о ""Тольяттиазот"", С/т ""Поляна"", участок № 134";600,0;Муниципальная казна
1807;П1100000030844;63:09:0202049:591;Земельный участок;"Самарская область, Комсомольский район, г. Тольятти, в р-не п/о ""Тольяттиазот"", в с/к ""Поляна"", участок № 161";133,0;Муниципальная казна
1808;П1100000028603;63:09:0201057:658;Земельный участок;Самарская область, Комсомольский район, г. Тольятти, в районе ул. Мурысева и ул. Механизаторов;223,0;Муниципальная казна
1809;П1100000030499;63:09:0206060:3292;Земельный участок;"Самарская область, Комсомольский район, г. Тольятти, в районе пос. Тракторный, садоводческое товарищество ""Дачное-2"", 7-я линия, участок № 54";84,0;Постоянное (бессрочное) пользование
1810;П1100000029090;63:09:0000000:1206;Земельный участок;Самарская область, Комсомольский район, г. Тольятти, в районе пересечения улицы Громовой и трассы Москва-Челябинск;691,0;Муниципальная казна
1811;П1100000030366;63:09:0201061:1970;Земельный участок;Самарская область, Комсомольский район, г. Тольятти, в районе пересечения ул.Ингельберга и ул.Гаражной;79,0;Муниципальная казна
1812;П1100000029240;63:09:0000000:1205;Земельный участок;Самарская область, Комсомольский район, г. Тольятти, в районе пересечения ул.Громовой и трассы Москва-Челябинск;4247,0;Муниципальная казна
1813;П1100000030321;63:09:0201060:1058;Земельный участок;"Самарская область, Комсомольский район, г. Тольятти, в районе пересечения ул.Гидротехнической и ул. Макарова, около мини-рынка ""Шлюзовой""";22,0;Муниципальная казна
1814;П1100000030402;63:09:0202053:536;Земельный участок;Самарская область, Комсомольский район, г. Тольятти, в районе пересечения ул. Чайкиной и ул. Ярославской;232,0;Муниципальная казна
1815;П1100000028908;63:09:0000000:955;Земельный участок;Самарская область, Комсомольский район, г. Тольятти, в районе пересечения ул. Механизаторов и ул. Л.Чайкиной;22,0;Муниципальная казна
1816;П1100000030013;63:09:0000000:957;Земельный участок;"Самарская область, Комсомольский район, г. Тольятти, в районе пересечения ул. Матросова и ул. Чайкиной, южнее к/т ""Октябрь""";41,0;Муниципальная казна
1817;П1100000030204;63:09:0201060:527;Земельный участок;Самарская область, Комсомольский район, г. Тольятти, в районе пересечения ул. Куйбышева и ул. Энергетиков;82,0;Муниципальная казна
1818;П1100000030340;63:09:0201060:77;Земельный участок;Самарская область, Комсомольский район, г. Тольятти, в районе пересечения ул. Железнодорожной и ул. Шлюзовой;1956,0;Муниципальная казна
1819;П1100000029232;63:09:0000000:1175;Земельный участок;Самарская область, Комсомольский район, г. Тольятти, в районе пересечения ул. Гидротехнической и ул. Шлюзовой.;85,0;Муниципальная казна
1820;П1100000029954;63:09:0000000:2749;Земельный участок;Самарская область, Комсомольский район, г. Тольятти, в районе пересечения ул. Гидротехнической и ул. Куйбышева, около дома № 32;79,0;Муниципальная казна
1821;П1100000029089;63:09:0000000:1171;Земельный участок;Самарская область, Комсомольский район, г. Тольятти, в районе пересечения ул. Гидротехнической и ул. Куйбышева;106,0;Муниципальная казна
1822;П1100000031422;63:09:0201063:644;Земельный участок;"Самарская область, Комсомольский район, г. Тольятти, в районе п. Федоровка, с/т ""Астра"" СВПО ""Трансформатор"", садовый участок 6";400,0;Муниципальная казна
1823;П1100000029060;63:09:0000000:1822;Земельный участок;"Самарская область, Комсомольский район, г. Тольятти, в районе Нижних шлюзов, садоводческое товарищество ""Водник-2"", участок №40";63,0;Муниципальная казна
1824;П1100000029059;63:09:0000000:1811;Земельный участок;"Самарская область, Комсомольский район, г. Тольятти, в районе Нижних шлюзов, садоводческое товарищество ""Водник-2"", участок №40";600,0;Муниципальная казна
1825;П1100000028983;63:09:0000000:1378;Земельный участок;"Самарская область, Комсомольский район, г. Тольятти, в районе нефтебазы, садоводческое товарищество ""Труд"", участок №13";173,0;Муниципальная казна
1826;П1100000030515;63:09:0206060:946;Земельный участок;"Самарская область, Комсомольский район, г. Тольятти, в районе нефтебазы, садоводческое товарищество ""Нефтяник"", участок № 23/155";191,0;Постоянное (бессрочное) пользование
1827;П1100000030863;63:09:0000000:108;Земельный участок;Самарская область, Комсомольский район, г. Тольятти, в районе набережной;200967,0;Муниципальная казна
1828;П1100000028979;63:09:0206060:2246;Земельный участок;"Самарская область, Комсомольский район, г. Тольятти, в районе ЛЗЖБИ, садоводческое товарищество ""Вишневый сад"", участок №39";25,0;Постоянное (бессрочное) пользование
1829;П1100000028751;63:09:0201057:980;Земельный участок;Самарская область, Комсомольский район, г. Тольятти, в районе дома № 12 по ул. Громовой;27,0;Муниципальная казна
1830;П1100000029237;63:09:0000000:1202;Земельный участок;"Самарская область, Комсомольский район, г. Тольятти, в районе ""ТОАЗ""";209,0;Муниципальная казна
1831;П1100000031373;63:09:0202052:1752;Земельный участок;Самарская область, Комсомольский район, г. Тольятти;8563,0;Муниципальная казна
1832;П1100000031414;63:09:0202052:1774;Земельный участок;Самарская область, Комсомольский район, г. Тольятти;157,0;Постоянное (бессрочное) пользование
1833;П1100000031371;63:09:0202052:1750;Земельный участок;Самарская область, Комсомольский район, г. Тольятти;402,0;Постоянное (бессрочное) пользование
1834;П1100000031415;63:09:0000000:10116;Земельный участок;Самарская область, Комсомольский район, г. Тольятти;172,0;Муниципальная казна
1835;П1100000031372;63:09:0202052:1751;Земельный участок;Самарская область, Комсомольский район, г. Тольятти;19468,0;Постоянное (бессрочное) пользование
1836;П1100000030697;63:09:0000000:9321;Земельный участок;"Самарская область, городской округ Тольятти, Тольяттинское участковое лесничество Тольяттинского лесничества, часть квартала 15, выделы 3,11,12,13,14,15,16,17,18,19,22,23,24, части выделов 1,2,4,7,8,9,10; часть квартала №16, выделы 3,4,5,8,19,22,23,24,25,26,28,29,30, части выделов 1,2,6,7,9,10,12,13,14,15,16,17,18,20,21; часть квартала №17, выделы 2,3,4,5,6,7,8,9,10,11,12,13,14,15,16,17,18,20,25,28,29,30,33,34,35,36,37,39,40,41,42, части выделов 1,19,21,22,23,24,26,27,31,32,38";2448729,0;Муниципальная казна
1837;П1100000029526;63:09:0204069:973;Земельный участок;Самарская область, городской округ Тольятти, Тольяттинское участковое лесничество Тольяттинского лесничества, квартал № 47, выделы 1,2,3,4,5,6,7,8,9,10,11,12,13,14,15,16,17,18,19,20,21;525050,0;Муниципальная казна
1838;П1100000031539;63:09:0101178:1223;Земельный участок;Самарская область, городской округ Тольятти, г.Тольятти, ул. Революционная, земельный участок №80;114125,0;Постоянное (бессрочное) пользование
1839;П1100000031538;63:09:0102153:5418;Земельный участок;Самарская область, городской округ Тольятти, г. Тольятти, ул. Борковская, земельный участок № 78;22841,0;Муниципальная казна
1840;П1100000029516;63:09:0000000:9189;Земельный участок;Самарская область, городской округ Тольятти, Васильевское участковое лесничество Тольяттинского лесничества, квартал № 11, выделы 1,2,3,4,5,6,7,8,9,10,11,12,13;215603,0;Муниципальная казна
1841;П1100000029519;63:09:0000000:9194;Земельный участок;Самарская область, городской округ Тольятти, Васильевское участковое лесничество Тольяттинского лесничества городского округа Тольятти Самарской области, квартал № 28, выделы 1,2,3,4,5,6,7,8,9,10,11,12,13,14,15,16,17,18,19,20,21,22,23,24,25,26,27,28,29,30;586331,0;Муниципальная казна
1842;П1100000029518;63:09:0000000:9192;Земельный участок;Самарская область, городской округ Тольятти, Васильевское участковое лесничество Тольяттинского лесничества городского округа Тольятти Самарской области, квартал № 21, выделы 1,2,3,4,5,6,7,8,9,10,11,12,13,14,15,16,17,18,19,20,21,22;580395,0;Муниципальная казна
1843;П1100000031575;63:09:0306033:1147;Земельный участок;Самарская область, г. Тольятти, ш. Комсомольское, земельный участок 22;2107,0;Муниципальная казна
1844;П1100000031464;63:09:0303071:642;Земельный участок;"Самарская область, г. Тольятти, установлено относительно ориентира, расположенного в границах участка, почтовый адрес ориентира: район малоэтажной застройки ""Кирпичный"" , мкр 1, участок 14";900,0;Муниципальная казна
1845;П1100000031295;63:09:0306032:2094;Земельный участок;"Самарская область, г. Тольятти, установлено относительно ориентира С/т N2 ДСК-1 (СМУ-3 КГС) в обществе ""Любитель"" , садовый участок 10, по пр.7 линии, адрес ориентира: г. Тольятти";400,0;Муниципальная казна
1846;П1100000031432;63:09:0306032:1460;Земельный участок;"Самарская область, г. Тольятти, установлено относительно ориентира С/т ""Юбилей"", садовый участок 1366";600,0;Муниципальная казна
1847;П1100000031536;63:09:0306032:2018;Земельный участок;"Самарская область, г. Тольятти, установлено относительно ориентира С/т ""Юбилей"" , садовый участок 295, адрес ориентира: г. Тольятти";600,0;Муниципальная казна
1848;П1100000031547;63:09:0306032:2838;Земельный участок;"Самарская область, г. Тольятти, установлено относительно ориентира С/т ""Юбилей"" , садовый участок 263, адрес ориентира: г. Тольятти";621,0;Муниципальная казна
1849;П1100000031443;63:09:0304061:803;Земельный участок;"Самарская область, г. Тольятти, установлено относительно ориентира С/т ""Энергетик-4"" Горэлектросети, садовый участок 22, адрес ориентира: г. Тольятти";400,0;Муниципальная казна
1850;П1100000031380;63:09:0304061:765;Земельный участок;"Самарская область, г. Тольятти, установлено относительно ориентира С/т ""Энергетик-4"" Горэлектросети, садовый участок 160, адрес ориентира: г. Тольятти";400,0;Муниципальная казна
1851;П1100000031472;63:09:0304061:949;Земельный участок;"Самарская область, г. Тольятти, установлено относительно ориентира С/т ""Электромонтажник"" р-н п/ст ""Левобережная"", садовый участок 19, адрес ориентира: г. Тольятти";400,0;Муниципальная казна
1852;П1100000031294;63:09:0304061:932;Земельный участок;"Самарская область, г. Тольятти, установлено относительно ориентира С/т ""Электромонтажник"" р-н п/ст ""Левобережная"" , садовый участок 39, адрес ориентира: г. Тольятти";400,0;Муниципальная казна
1853;П1100000031483;63:09:0304061:664;Земельный участок;"Самарская область, г. Тольятти, установлено относительно ориентира С/т ""Электромонтажник"" р-н п/ст ""Левобережная"" , садовый участок 27, адрес ориентира: г. Тольятти";400,0;Муниципальная казна
1854;П1100000031560;63:09:0306032:1135;Земельный участок;"Самарская область, г. Тольятти, установлено относительно ориентира С/т ""Химик"" АО ""Фосфор"" , садовый участок 55, адрес ориентира: г. Тольятти";600,0;Муниципальная казна
1855;П1100000031533;63:09:0306032:2359;Земельный участок;"Самарская область, г. Тольятти, установлено относительно ориентира С/т ""Спецавтохозяйство"" в обществе ""Любитель"" , садовый участок 6, адрес ориентира: г. Тольятти";500,0;Муниципальная казна
1856;П1100000031537;63:09:0202049:580;Земельный участок;"Самарская область, г. Тольятти, установлено относительно ориентира С/т ""Поляна"" , садовый участок 136, адрес ориентира: г. Тольятти";600,0;Муниципальная казна
1857;П1100000031552;63:09:0206060:700;Земельный участок;"Самарская область, г. Тольятти, установлено относительно ориентира С/т ""Механизатор-2"" , садовый участок 73, адрес ориентира: г. Тольятти";600,0;Муниципальная казна
1858;П1100000031395;63:09:0303071:536;Земельный участок;"Самарская область, г. Тольятти, установлено относительно ориентира район малоэтажной застройки ""Кирпичный"" , мкр 1, жилой дом 121, адрес ориентира: г. Тольятти";985,0;Муниципальная казна
1859;П1100000031445;63:09:0000000:10226;Земельный участок;Самарская область, г. Тольятти, ул.Земляничная от улицы 40 лет Победы через пересечение проезда Ореховый и проезда Светлый, до проезда Хвойный;5025,0;Муниципальная казна
1860;П1100000031482;63:09:0202052:885;Земельный участок;Самарская область, г. Тольятти, ул. Коммунистическая, земельный участок расположен в западной части квартала 63:09:0202052, вид разрешенного использования: для строительства жилого дома переменной этажности с нежилыми помещениями, подземной автостоянкой, инженерно-техническим обеспечением и трансформаторной подстанции (ТП-598);376,0;Муниципальная казна
1861;П1100000030753;63:09:0000000:9316;Земельный участок;Самарская область, г. Тольятти, Тольяттинское участковое лесничество Тольяттинского лесничества, часть квартала 10, часть выдела 46;1931,0;Муниципальная казна
1862;П1100000031312;63:09:0201060:16295;Земельный участок;Самарская область, г. Тольятти, Тольяттинское участковое лесничество Тольяттинского лесничества городского округа Тольятти Самарской области, квартал №44, выдел 51;55905,0;Муниципальная казна
1863;П1100000031319;63:09:0202051:1092;Земельный участок;Самарская область, г. Тольятти, Тольяттинское участковое лесничество Тольяттинского лесничества городского округа Тольятти Самарской области, выделы 1-22, 24-27, 29-43, 45-51, части выделов 23, 28, 44 квартала 44;715887,0;Муниципальная казна
1864;П1100000031320;63:09:0000000:9590;Земельный участок;Самарская область, г. Тольятти, Тольяттинское участковое лесничество Тольяттинского лесничества городского округа Тольятти Самарской области, выделы 1, 2, 4-19, 21-29 квартала 31, выделы 1-14 квартала 35, выделы 1-29 квартала 36;1751260,0;Муниципальная казна
1865;П1100000031412;63:09:0304061:770;Земельный участок;"Самарская область, г. Тольятти, С/т ""Электромонтажник"" р-н п/ст ""Левобережная"" , садовый участок 23";500,0;Муниципальная казна
1866;П1100000031439;63:09:0205030:661;Земельный участок;"Самарская область, г. Тольятти, С/т ""Жигули"", садовый участок 2";600,0;Муниципальная казна
1867;П1100000031473;63:09:0306036:2478;Земельный участок;Самарская область, г. Тольятти, от улицы Новозаводская, севернее объекта, имеющего адрес: улица Новозаводская, 25 — до объекта, имеющего адрес: проезд Тупиковый, 2 строение 3;16462,0;Муниципальная казна
1868;П1100000031524;63:09:0000000:10038;Земельный участок;Самарская область, г. Тольятти, Набережная Автозаводского района;5224,0;Муниципальная казна
1869;П1100000031509;63:09:0105019:892;Земельный участок;Самарская область, г. Тольятти, Набережная Автозаводского района;3627,0;Муниципальная казна
1870;П1100000031520;63:09:0105020:1084;Земельный участок;Самарская область, г. Тольятти, Набережная Автозаводского района;55546,0;Муниципальная казна
1871;П1100000031567;63:09:0301173:1214;Земельный участок;Самарская область, г. Тольятти, г. Тольятти, р-н Центральный пр. Зеленый, дом 4;450,0;Муниципальная казна
1872;П1100000031513;63:09:0105020:1086;Земельный участок;Самарская область, г. Тольятти;710,0;Муниципальная казна
1873;П1100000031543;63:09:0303071:1822;Земельный участок;Самарская область, г. Тольятти;78,0;Муниципальная казна
1874;П1100000031565;63:09:0103035:9105;Земельный участок;Самарская область, г. Тольятти;6253,0;Муниципальная казна
1875;П1100000030698;63:09:0000000:9324;Земельный участок;Самарская область, Васильевское участковое лесничество Тольяттинского лесничества городского округа Тольятти, часть квартала № 26, выделы 5,19,20,22,24,25,26, части выделов 1,2,3,4,6,7,9,11,18,21,23;163281,0;Муниципальная казна
1876;П1100000029401;63:09:0101155:565;Земельный участок;Самарская область, Автозаводский район, г. Тольятти, Южное шоссе, у опоры № 163;38,5;Муниципальная казна
1877;П1100000029404;63:09:0101155:568;Земельный участок;Самарская область, Автозаводский район, г. Тольятти, Южное шоссе, у опоры № 159;30,8;Муниципальная казна
1878;П1100000030071;63:09:0102155:622;Земельный участок;Самарская область, Автозаводский район, г. Тольятти, Южное шоссе, у опоры № 156;30,8;Муниципальная казна
1879;П1100000030070;63:09:0102155:621;Земельный участок;Самарская область, Автозаводский район, г. Тольятти, Южное шоссе, у опоры № 146;30,8;Муниципальная казна
1880;П1100000029403;63:09:0101155:567;Земельный участок;Самарская область, Автозаводский район, г. Тольятти, Южное шоссе, у опоры № 145;30,8;Муниципальная казна
1881;П1100000030069;63:09:0102155:620;Земельный участок;Самарская область, Автозаводский район, г. Тольятти, Южное шоссе, у опоры № 138;30,8;Муниципальная казна
1882;П1100000029406;63:09:0101155:570;Земельный участок;Самарская область, Автозаводский район, г. Тольятти, Южное шоссе, у опоры 155;39,0;Муниципальная казна
1883;П1100000029407;63:09:0101155:572;Земельный участок;Самарская область, Автозаводский район, г. Тольятти, Южное шоссе, у опоры 125;22,0;Муниципальная казна
1884;П1100000031324;63:09:0102159:636;Земельный участок;"Самарская область, Автозаводский район, г. Тольятти, Южное шоссе, северо-западнее КПП-6 ОАО ""АВТОВАЗ""";10007,0;Муниципальная казна
1885;П1100000031325;63:09:0102159:638;Земельный участок;"Самарская область, Автозаводский район, г. Тольятти, Южное шоссе, северо-западнее КПП-5 ОАО ""АВТОВАЗ""";15192,0;Муниципальная казна
1886;П1100000031326;63:09:0102159:639;Земельный участок;"Самарская область, Автозаводский район, г. Тольятти, Южное шоссе, северо-западнее КПП-4 ОАО ""АВТОВАЗ""";15798,0;Муниципальная казна
1887;П1100000028328;63:09:0102159:640;Земельный участок;"Самарская область, Автозаводский район, г. Тольятти, Южное шоссе, северо-западнее КПП-3 ОАО ""АВТОВАЗ""";15410,0;Муниципальная казна
1888;П1100000028325;63:09:0102159:641;Земельный участок;"Самарская область, Автозаводский район, г. Тольятти, Южное шоссе, северо-западнее КПП-2 ОАО ""АВТОВАЗ""";14498,0;Муниципальная казна
1889;П1100000031323;63:09:0102159:635;Земельный участок;"Самарская область, Автозаводский район, г. Тольятти, Южное шоссе, северо-восточнее КПП-24 ОАО ""АВТОВАЗ""";13236,0;Муниципальная казна
1890;П1100000029414;63:09:0101155:584;Земельный участок;Самарская область, Автозаводский район, г. Тольятти, Южное шоссе, севернее дома № 35;23,0;Муниципальная казна
1891;П1100000029079;63:09:0000000:1989;Земельный участок;"Самарская область, Автозаводский район, г. Тольятти, Южное шоссе, санитарно-защитная зона, севернее территории питомника АО ""АвтоВАЗагро""";4488,0;Муниципальная казна
1892;П1100000030041;63:09:0102161:4;Земельный участок;"Самарская область, Автозаводский район, г. Тольятти, Южное шоссе, санитарно-защитная зона ОАО ""АВТОВАЗ""";14428,0;Муниципальная казна
1893;П1100000030146;63:09:0102161:8;Земельный участок;Самарская область, Автозаводский район, г. Тольятти, Южное шоссе, санитарно-защитная зона ВАЗа;73208,0;Муниципальная казна
1894;П1100000030144;63:09:0102161:5;Земельный участок;Самарская область, Автозаводский район, г. Тольятти, Южное шоссе, санитарно-защитная зона ВАЗа;17703,0;Муниципальная казна
1895;П1100000030181;63:09:0102152:692;Земельный участок;Самарская область, Автозаводский район, г. Тольятти, Южное шоссе, санитарно-защитная зона ВАЗа;9014,0;Муниципальная казна
1896;П1100000030197;63:09:0102161:538;Земельный участок;Самарская область, Автозаводский район, г. Тольятти, Южное шоссе, санитарно-защитная зона ВАЗа;16199,0;Муниципальная казна
1897;П1100000030182;63:09:0102161:9;Земельный участок;Самарская область, Автозаводский район, г. Тольятти, Южное шоссе, санитарно-защитная зона ВАЗа;18890,0;Муниципальная казна
1898;П1100000030145;63:09:0102161:7;Земельный участок;Самарская область, Автозаводский район, г. Тольятти, Южное шоссе, санитарно-защитная зона ВАЗа;57654,0;Муниципальная казна
1899;П1100000030038;63:09:0102152:696;Земельный участок;Самарская область, Автозаводский район, г. Тольятти, Южное шоссе, санитарно-защитная зона Ваза;15825,0;Муниципальная казна
1900;П1100000029410;63:09:0101155:576;Земельный участок;"Самарская область, Автозаводский район, г. Тольятти, Южное шоссе, с южной стороны на ООТ ""19 квартал""";75,0;Муниципальная казна
1901;П1100000030912;63:09:0102151:565;Земельный участок;"Самарская область, Автозаводский район, г. Тольятти, Южное шоссе, район транспортного управления ОА ""АвтоВАЗ""";6025,0;Муниципальная казна
1902;П1100000030183;63:09:0102155:623;Земельный участок;"Самарская область, Автозаводский район, г. Тольятти, Южное шоссе, район производственной базы ""Соцкультбыта""";3447,0;Муниципальная казна
1903;П1100000029003;63:09:0000000:1289;Земельный участок;Самарская область, Автозаводский район, г. Тольятти, Южное шоссе, район пересечения с Хрящевским шоссе;22,0;Муниципальная казна
1904;П1100000030161;63:09:0101155:618;Земельный участок;Самарская область, Автозаводский район, г. Тольятти, Южное шоссе, район пересечения с ул.Тополиной;30,8;Муниципальная казна
1905;П1100000029411;63:09:0101155:577;Земельный участок;Самарская область, Автозаводский район, г. Тольятти, Южное шоссе, район пересечения с ул.Тополиной;36,0;Муниципальная казна
1906;П1100000029408;63:09:0101155:573;Земельный участок;Самарская область, Автозаводский район, г. Тольятти, Южное шоссе, район пересечения с ул. Тополиной;36,8;Муниципальная казна
1907;П1100000029409;63:09:0101155:574;Земельный участок;Самарская область, Автозаводский район, г. Тольятти, Южное шоссе, район пересечения с ул. Тополиной;36,8;Муниципальная казна
1908;П1100000029405;63:09:0101155:569;Земельный участок;Самарская область, Автозаводский район, г. Тольятти, Южное шоссе, район пересечения с ул. Ворошилова;31,0;Муниципальная казна
1909;П1100000029133;63:09:0101155:621;Земельный участок;Самарская область, Автозаводский район, г. Тольятти, Южное шоссе, район пересечения с Автозаводским шоссе;36,8;Муниципальная казна
1910;П1100000030235;63:09:0301168:785;Земельный участок;Самарская область, Автозаводский район, г. Тольятти, Южное шоссе, напротив опоры № 84;36,9;Муниципальная казна
1911;П1100000030227;63:09:0301168:777;Земельный участок;Самарская область, Автозаводский район, г. Тольятти, Южное шоссе, напротив опоры № 68;36,9;Муниципальная казна
1912;П1100000030226;63:09:0301168:776;Земельный участок;Самарская область, Автозаводский район, г. Тольятти, Южное шоссе, напротив опоры № 64;36,8;Муниципальная казна
1913;П1100000030231;63:09:0301168:781;Земельный участок;Самарская область, Автозаводский район, г. Тольятти, Южное шоссе, напротив опоры № 60;36,8;Муниципальная казна
1914;П1100000030229;63:09:0301168:779;Земельный участок;Самарская область, Автозаводский район, г. Тольятти, Южное шоссе, напротив опоры № 52;36,9;Муниципальная казна
1915;П1100000030232;63:09:0301168:782;Земельный участок;Самарская область, Автозаводский район, г. Тольятти, Южное шоссе, напротив опоры № 48;36,9;Муниципальная казна
1916;П1100000030230;63:09:0301168:780;Земельный участок;Самарская область, Автозаводский район, г. Тольятти, Южное шоссе, напротив опоры № 44;36,9;Муниципальная казна
1917;П1100000030228;63:09:0301168:778;Земельный участок;Самарская область, Автозаводский район, г. Тольятти, Южное шоссе, напротив опоры № 28;36,9;Муниципальная казна
1918;П1100000030233;63:09:0301168:783;Земельный участок;Самарская область, Автозаводский район, г. Тольятти, Южное шоссе, напротив опоры № 112;36,9;Муниципальная казна
1919;П1100000030072;63:09:0102155:625;Земельный участок;Самарская область, Автозаводский район, г. Тольятти, Южное шоссе, напротив 18 квартала;18,4;Муниципальная казна
1920;П1100000030887;63:09:0000000:9392;Земельный участок;Самарская область, Автозаводский район, г. Тольятти, Южное шоссе, на участке от ул. Автостроителей до ул. Тополиная;39259,0;Муниципальная казна
1921;П1100000028463;63:09:0102161:631;Земельный участок;Самарская область, Автозаводский район, г. Тольятти, Южное шоссе, на земельном участке расположено здание, имеющее адрес: Самарская область, г.Тольятти, Южное шоссе, д.137;235468,0;Постоянное (бессрочное) пользование
1922;П1100000028792;63:09:0000000:9198;Земельный участок;"Самарская область, Автозаводский район, г. Тольятти, Южное шоссе, между улицей Борковской и автодорогой вдоль западной границы АО ""АвтоВАЗ""";503678,0;Постоянное (бессрочное) пользование
1923;П1100000029423;63:09:0101155:612;Земельный участок;Самарская область, Автозаводский район, г. Тольятти, Южное шоссе, между опорой 151 и 153;30,8;Муниципальная казна
1924;П1100000030234;63:09:0301168:784;Земельный участок;Самарская область, Автозаводский район, г. Тольятти, Южное шоссе, между опорами №№90-92;36,8;Муниципальная казна
1925;П1100000029402;63:09:0101155:566;Земельный участок;Самарская область, Автозаводский район, г. Тольятти, Южное шоссе, между опорами 137 и 139;36,0;Муниципальная казна
1926;П1100000030225;63:09:0301168:775;Земельный участок;Самарская область, Автозаводский район, г. Тольятти, Южное шоссе, между оп. 78 и 80;23,0;Муниципальная казна
1927;П1100000028719;63:09:0101155:586;Земельный участок;Самарская область, Автозаводский район, г. Тольятти, Южное шоссе, квартал 21;110,0;Муниципальная казна
1928;П1100000029412;63:09:0101155:581;Земельный участок;"Самарская область, Автозаводский район, г. Тольятти, Южное шоссе, квартал 20, район пересечения с Рябиновым бульваром
";36,9;Муниципальная казна
1929;П1100000029214;63:09:0101155:580;Земельный участок;Самарская область, Автозаводский район, г. Тольятти, Южное шоссе, квартал 20, район жилого дома № 39;18,0;Муниципальная казна
1930;П1100000029413;63:09:0101155:583;Земельный участок;Самарская область, Автозаводский район, г. Тольятти, Южное шоссе, квартал 20, район жилого дома 35;16,3;Муниципальная казна
1931;П1100000028644;63:09:0101155:620;Земельный участок;Самарская область, Автозаводский район, г. Тольятти, Южное шоссе, квартал 20, ООТ ''20 квартал'';167,0;Муниципальная казна
1932;П1100000028866;63:09:0101155:585;Земельный участок;Самарская область, Автозаводский район, г. Тольятти, Южное шоссе, квартал 20;69,0;Муниципальная казна
1933;П1100000029596;63:09:0101156:531;Земельный участок;"Самарская область, Автозаводский район, г. Тольятти, Южное шоссе, квартал 19, северо-восточнее жилого дома № 59, ООО ""Стройматерик""";151,0;Муниципальная казна
1934;П1100000029424;63:09:0101155:613;Земельный участок;Самарская область, Автозаводский район, г. Тольятти, Южное шоссе, квартал 19, район жилого дома № 67;2583,0;Муниципальная казна
1935;П1100000028911;63:09:0101155:575;Земельный участок;Самарская область, Автозаводский район, г. Тольятти, Южное шоссе, квартал 19, западнее жилого дома № 51;249,0;Муниципальная казна
1936;П1100000029426;63:09:0101155:616;Земельный участок;Самарская область, Автозаводский район, г. Тольятти, Южное шоссе, квартал 19;36,8;Муниципальная казна
1937;П1100000030888;63:09:0000000:9393;Земельный участок;Самарская область, Автозаводский район, г. Тольятти, Южное шоссе, земельный участок от улицы Тополиная до улицы Льва Яшина;64978,0;Муниципальная казна
1938;П1100000030884;63:09:0000000:9387;Земельный участок;Самарская область, Автозаводский район, г. Тольятти, Южное шоссе, земельный участок от улицы Полякова до проезда Кузнечный;7792,0;Муниципальная казна
1939;П1100000030885;63:09:0000000:9390;Земельный участок;Самарская область, Автозаводский район, г. Тольятти, Южное шоссе, земельный участок от улицы Льва Яшина до шоссе Автозаводское;91171,0;Муниципальная казна
1940;П1100000031369;63:09:0102161:747;Земельный участок;Самарская область, Автозаводский район, г. Тольятти, Южное шоссе, земельный участок №143А;244662,0;Муниципальная казна
1941;П1100000031436;63:09:0102161:968;Земельный участок;Самарская область, Автозаводский район, г. Тольятти, Южное шоссе, земельный участок № 135;48516,0;Муниципальная казна
1942;П1100000029415;63:09:0101155:587;Земельный участок;Самарская область, Автозаводский район, г. Тольятти, Южное шоссе, западнее пересечения с Автозаводским шоссе;35,4;Муниципальная казна
1943;П1100000030179;63:09:0102151:578;Земельный участок;Самарская область, Автозаводский район, г. Тольятти, Южное шоссе, д.99, санитарно-защитная зона;4342,0;Муниципальная казна
1944;П1100000009692;63:09:0102159:502;Земельный участок;Самарская область, Автозаводский район, г. Тольятти, Южное шоссе, д.46;300,0;Муниципальная казна
1945;П1100000031359;63:09:0101157:570;Земельный участок;Самарская область, Автозаводский район, г. Тольятти, Южное шоссе, д.39;7884,0;Муниципальная казна
1946;П1100000031394;63:09:0101157:583;Земельный участок;Самарская область, Автозаводский район, г. Тольятти, Южное шоссе, д.37;12822,0;Муниципальная казна
1947;П1100000030800;63:09:0102159:508;Земельный участок;"Самарская область, Автозаводский район, г. Тольятти, Южное шоссе, д.36, в западной части головного предприятия ОАО ""АвтоВАЗ""";5586,0;Муниципальная казна
1948;П1100000030065;63:09:0102155:544;Земельный участок;Самарская область, Автозаводский район, г. Тольятти, Южное шоссе, д.30, лит.Б;3065,0;Муниципальная казна
1949;П1100000030526;63:09:0102155:1366;Земельный участок;Самарская область, Автозаводский район, г. Тольятти, Южное шоссе, д.28;55661,0;Муниципальная казна
1950;П1100000030525;63:09:0102155:1365;Земельный участок;Самарская область, Автозаводский район, г. Тольятти, Южное шоссе, д.28;740,0;Муниципальная казна
1951;П1100000030522;63:09:0102155:1362;Земельный участок;Самарская область, Автозаводский район, г. Тольятти, Южное шоссе, д.28;2535,0;Муниципальная казна
1952;П1100000030075;63:09:0102155:632;Земельный участок;Самарская область, Автозаводский район, г. Тольятти, Южное шоссе, д.24, лит.Б;1060,0;Муниципальная казна
1953;П1100000029989;63:09:0000000:6;Земельный участок;Самарская область, Автозаводский район, г. Тольятти, Южное шоссе, д.24;569,0;Муниципальная казна
1954;П1100000030080;63:09:0102155:69;Земельный участок;Самарская область, Автозаводский район, г. Тольятти, Южное шоссе, д.20, лит.А;1942,0;Муниципальная казна
1955;П1100000030198;63:09:0102161:539;Земельный участок;Самарская область, Автозаводский район, г. Тольятти, Южное шоссе, д.155;2707,0;Муниципальная казна
1956;П1100000011252;63:09:0102161:506;Земельный участок;Самарская область, Автозаводский район, г. Тольятти, Южное шоссе, д.145, лит.А;447,0;Муниципальная казна
1957;П1100000015326;63:09:0102153:519;Земельный участок;Самарская область, Автозаводский район, г. Тольятти, Южное шоссе, д.121, лит.А;1524,0;Муниципальная казна
1958;П1100000028655;63:09:0102152:707;Земельный участок;Самарская область, Автозаводский район, г. Тольятти, Южное шоссе, д.107;1164,0;Муниципальная казна
1959;П1100000030178;63:09:0102151:573;Земельный участок;"Самарская область, Автозаводский район, г. Тольятти, Южное шоссе, д.105, лит.А, ООТ ""Транспортное управление""";179,0;Муниципальная казна
1960;П1100000029157;63:09:0102151:575;Земельный участок;Самарская область, Автозаводский район, г. Тольятти, Южное шоссе, д.103, лит.А;133,0;Муниципальная казна
1961;П1100000030177;63:09:0102151:566;Земельный участок;Самарская область, Автозаводский район, г. Тольятти, Южное шоссе, в санитарно-защитной зоне;3562,0;Муниципальная казна
1962;П1100000030077;63:09:0102155:637;Земельный участок;Самарская область, Автозаводский район, г. Тольятти, Южное шоссе, в I очереди промышленно-коммунальной зоны;764,0;Муниципальная казна
1963;П1100000031375;63:09:0303063:541;Земельный участок;Самарская область, Автозаводский район, г. Тольятти, Южное шоссе;3329,0;Муниципальная казна
1964;П1100000031337;63:09:0102159:586;Земельный участок;Самарская область, Автозаводский район, г. Тольятти, Южное шоссе;4348,0;Муниципальная казна
1965;П1100000031368;63:09:0303063:595;Земельный участок;Самарская область, Автозаводский район, г. Тольятти, Южное шоссе;3498,0;Муниципальная казна
1966;П1100000030904;63:09:0101155:9368;Земельный участок;Самарская область, Автозаводский район, г. Тольятти, Южное шоссе;4987,0;Постоянное (бессрочное) пользование
1967;П1100000030866;63:09:0101155:9357;Земельный участок;Самарская область, Автозаводский район, г. Тольятти, Южное шоссе;56,0;Постоянное (бессрочное) пользование
1968;П1100000031339;63:09:0102159:606;Земельный участок;Самарская область, Автозаводский район, г. Тольятти, Южное шоссе;11000,0;Муниципальная казна
1969;П1100000031338;63:09:0102159:595;Земельный участок;Самарская область, Автозаводский район, г. Тольятти, Южное шоссе;5073,0;Муниципальная казна
1970;П1100000031336;63:09:0102159:580;Земельный участок;Самарская область, Автозаводский район, г. Тольятти, Южное шоссе;30254,0;Постоянное (бессрочное) пользование
1971;П1100000031340;63:09:0102159:609;Земельный участок;Самарская область, Автозаводский район, г. Тольятти, Южное шоссе;640,0;Муниципальная казна
1972;П1100000031333;63:09:0102159:569;Земельный участок;Самарская область, Автозаводский район, г. Тольятти, Южное шоссе;2874,0;Муниципальная казна
1973;П1100000031334;63:09:0102159:570;Земельный участок;Самарская область, Автозаводский район, г. Тольятти, Южное шоссе;11090,0;Постоянное (бессрочное) пользование
1974;П1100000029431;63:09:0101155:634;Земельный участок;Самарская область, Автозаводский район, г. Тольятти, Южное шоссе;5829,0;Муниципальная казна
1975;П1100000030040;63:09:0102159:507;Земельный участок;Самарская область, Автозаводский район, г. Тольятти, Южное шоссе;2937,0;Муниципальная казна
1976;П1100000031335;63:09:0102159:579;Земельный участок;Самарская область, Автозаводский район, г. Тольятти, Южное шоссе;65603,0;Муниципальная казна
1977;П1100000031498;63:09:0000000:779;Земельный участок;Самарская область, Автозаводский район, г. Тольятти, южнее улицы Спортивной до Куйбышевского водохранилища;1164,0;Муниципальная казна
1978;П1100000031504;63:09:0000000:777;Земельный участок;Самарская область, Автозаводский район, г. Тольятти, южнее улицы Спортивной до Куйбышевского водохранилища;931,0;Муниципальная казна
1979;П1100000031499;63:09:0105019:510;Земельный участок;Самарская область, Автозаводский район, г. Тольятти, южнее улицы Спортивной до Куйбышевского водохранилища;31097,0;Муниципальная казна
1980;П1100000031497;63:09:0000000:780;Земельный участок;Самарская область, Автозаводский район, г. Тольятти, южнее улицы Спортивной до Куйбышевского водохранилища;12480,0;Муниципальная казна
1981;П1100000031500;63:09:0105020:510;Земельный участок;Самарская область, Автозаводский район, г. Тольятти, южнее улицы Спортивной до Куйбышевского водохранилища;1221,0;Муниципальная казна
1982;П1100000031502;63:09:0105019:514;Земельный участок;Самарская область, Автозаводский район, г. Тольятти, южнее улицы Спортивной до Куйбышевского водохранилища;4481,0;Муниципальная казна
1983;П1100000031501;63:09:0105019:513;Земельный участок;Самарская область, Автозаводский район, г. Тольятти, южнее улицы Спортивной до Куйбышевского водохранилища;43582,0;Муниципальная казна
1984;П1100000029986;63:09:0104013:509;Земельный участок;Самарская область, Автозаводский район, г. Тольятти, южнее ул. Спортивной;4945,0;Муниципальная казна
1985;П1100000030007;63:09:0104013:503;Земельный участок;"Самарская область, Автозаводский район, г. Тольятти, южнее профилактория ""Прилесье""";4531,0;Муниципальная казна
1986;П1100000014704;63:09:0101178:510;Земельный участок;Самарская область, Автозаводский район, г. Тольятти, южнее Приморского бульвара и восточнее Московского проспекта;632,0;Муниципальная казна
1987;П1100000029859;63:09:0101169:582;Земельный участок;"Самарская область, Автозаводский район, г. Тольятти, южнее квартала 6 по Приморскому бульвару, остановка общественного транспорта ""УСК""";96,0;Муниципальная казна
1988;П1100000029982;63:09:0101178:542;Земельный участок;Самарская область, Автозаводский район, г. Тольятти, южнее квартала 6 по Приморскому бульвару, 43Г;16301,0;Муниципальная казна
1989;П1100000028504;63:09:0101178:850;Земельный участок;Самарская область, Автозаводский район, г. Тольятти, южнее здания, имеющего адрес: улица Революционная, 80;2308,0;Постоянное (бессрочное) пользование
1990;П1100000028925;63:09:0102164:508;Земельный участок;Самарская область, Автозаводский район, г. Тольятти, южнее здания, имеющего адрес: улица Заставная, 20;1201,0;Муниципальная казна
1991;П1100000027963;63:09:0101162:9789;Земельный участок;Самарская область, Автозаводский район, г. Тольятти, южнее здания, имеющего адрес: ул.Дзержинского, д.35А;3402,0;Муниципальная казна
1992;П1100000028007;63:09:0101152:10904;Земельный участок;Самарская область, Автозаводский район, г. Тольятти, южнее здания, имеющего адрес: ул. 70 лет Октября, 59;6626,0;Муниципальная казна
1993;П1100000028408;63:09:0101170:10410;Земельный участок;Самарская область, Автозаводский район, г. Тольятти, южнее здания, имеющего адрес: бул.Буденного,8;3229,0;Муниципальная казна
1994;П1100000030909;63:09:0101156:11343;Земельный участок;Самарская область, Автозаводский район, г. Тольятти, южнее здания по адресу: улица 70 лет Октября, 38;736,0;Муниципальная казна
1995;П1100000029956;63:09:0000000:2752;Земельный участок;Самарская область, Автозаводский район, г. Тольятти, южнее Дворца спорта;9411,0;Муниципальная казна
1996;П1100000030087;63:09:0102158:542;Земельный участок;Самарская область, Автозаводский район, г. Тольятти, южнее базы УМТС Куйбышевгидростроя;6035,0;Муниципальная казна
1997;П1100000028805;63:09:0101153:14878;Земельный участок;Самарская область, Автозаводский район, г. Тольятти, юго-западнее здания, имеющего адрес: Цветной бульвар, 13;2000,0;Постоянное (бессрочное) пользование
1998;П1100000028639;63:09:0000000:9030;Земельный участок;Самарская область, Автозаводский район, г. Тольятти, юго-западнее здания, имеющего адрес: ул.Дзержинского, 34;3194,0;Муниципальная казна
1999;П1100000028830;63:09:0000000:920;Земельный участок;Самарская область, Автозаводский район, г. Тольятти, юго-западнее Дворца спорта;3175,0;Муниципальная казна
2000;П1100000028788;63:09:0000000:9175;Земельный участок;Самарская область, Автозаводский район, г. Тольятти, юго-восточнее здания, имеющего адрес: улица Автостроителей, 104;22279,0;Муниципальная казна
2001;П1100000028382;63:09:0000000:8803;Земельный участок;Самарская область, Автозаводский район, г. Тольятти, юго-восточнее здания, имеющего адрес: ул.Дзержинского, 10;10620,0;Муниципальная казна
2002;П1100000031522;63:09:0000000:8976;Земельный участок;Самарская область, Автозаводский район, г. Тольятти, юго-восточнее здания, имеющего адрес: ул. Спортивная, 31;1757,0;Муниципальная казна
2003;П1100000030523;63:09:0102155:1363;Земельный участок;Самарская область, Автозаводский район, г. Тольятти, ш. Южное, д. 28, стр. 4;3247,0;Муниципальная казна
2004;П1100000030141;63:09:0102160:684;Земельный участок;Самарская область, Автозаводский район, г. Тольятти, ш. Хрящевское, д. 14, 3-я очередь промкомзоны;4435,0;Муниципальная казна
2005;П1100000030139;63:09:0102160:681;Земельный участок;Самарская область, Автозаводский район, г. Тольятти, ш. Хрящевское, д. 14, 3-я очередь промкомзоны;1213,0;Муниципальная казна
2006;П1100000028597;63:09:0102160:691;Земельный участок;Самарская область, Автозаводский район, г. Тольятти, ш. Обводное, южнее здания таможни;25529,0;Муниципальная казна
2007;П1100000031357;63:09:0303070:1945;Земельный участок;Самарская область, Автозаводский район, г. Тольятти, ш. Обводное, земельный участок № 53/6;1429,0;Муниципальная казна
2008;П1100000018211;63:09:0000000:835;Земельный участок;Самарская область, Автозаводский район, г. Тольятти, ш. Обводное;6103,0;Муниципальная казна
2009;П1100000029988;63:09:0105019:560;Земельный участок;Самарская область, Автозаводский район, г. Тольятти, ш. Лесопарковое, на земельном участке расположен дом для отдыха с условным номером 63-63-09/033/2005-211;2395,0;Муниципальная казна
2010;П1100000029827;63:09:0101164:528;Земельный участок;Самарская область, Автозаводский район, г. Тольятти, ул. Юбилейная, южнее дворца Спорта;11998,0;Муниципальная казна
2011;П1100000031570;63:09:0101179:1528;Земельный участок;Самарская область, Автозаводский район, г. Тольятти, ул. Юбилейная, уч. 38/2;524,0;Муниципальная казна
2012;П1100000029922;63:09:0000000:2694;Земельный участок;Самарская область, Автозаводский район, г. Тольятти, ул. Юбилейная, район ТЦ-IX-Ц;142,0;Муниципальная казна
2013;П1100000029110;63:09:0101161:551;Земельный участок;Самарская область, Автозаводский район, г. Тольятти, ул. Юбилейная, район торгового центра XII-Ц;16,0;Муниципальная казна
2014;П1100000029153;63:09:0101170:639;Земельный участок;Самарская область, Автозаводский район, г. Тольятти, ул. Юбилейная, район ООТ ''Парк Победы'';106,0;Муниципальная казна
2015;П1100000029826;63:09:0101164:527;Земельный участок;Самарская область, Автозаводский район, г. Тольятти, ул. Юбилейная, парк Победы. (первый карман на пересечении Приморского бульвара и ул. Юбилейной);88,0;Муниципальная казна
2016;П1100000029825;63:09:0101170:507;Земельный участок;"Самарская область, Автозаводский район, г. Тольятти, ул. Юбилейная, О.О.Т. ""Кафе ""Салют""";102,0;Муниципальная казна
2017;П1100000030975;63:09:0101179:708;Земельный участок;Самарская область, Автозаводский район, г. Тольятти, ул. Юбилейная, земельный участок №38;32472,0;Муниципальная казна
2018;П1100000029828;63:09:0101164:529;Земельный участок;Самарская область, Автозаводский район, г. Тольятти, ул. Юбилейная, д. 81, стр. А, ГСК 68;4571,0;Постоянное (бессрочное) пользование
2019;П1100000028151;63:09:0101180:504;Земельный участок;Самарская область, Автозаводский район, г. Тольятти, ул. Юбилейная, д. 81, 8 квартал;30374,0;Постоянное (бессрочное) пользование
2020;П1100000029824;63:09:0101173:503;Земельный участок;Самарская область, Автозаводский район, г. Тольятти, ул. Юбилейная, д. 8;1435,0;Муниципальная казна
2021;П1100000004548;63:09:0101173:509;Земельный участок;Самарская область, Автозаводский район, г. Тольятти, ул. Юбилейная, д. 8;78324,0;Муниципальная казна
2022;П1100000027514;63:09:0101180:28;Земельный участок;Самарская область, Автозаводский район, г. Тольятти, ул. Юбилейная, д. 71;10345,0;Постоянное (бессрочное) пользование
2023;П1100000029096;63:09:0000000:14;Земельный участок;Самарская область, Автозаводский район, г. Тольятти, ул. Юбилейная, д. 67, стр. А;1586,0;Муниципальная казна
2024;П1100000031329;63:09:0101170:638;Земельный участок;Самарская область, Автозаводский район, г. Тольятти, ул. Юбилейная, д. 61, стр. А;2648,0;Постоянное (бессрочное) пользование
2025;П1100000027373;63:09:0101164:15;Земельный участок;Самарская область, Автозаводский район, г. Тольятти, ул. Юбилейная, д. 6, стр. б;12067,0;Постоянное (бессрочное) пользование
2026;П1100000027302;63:09:0101170:31;Земельный участок;Самарская область, Автозаводский район, г. Тольятти, ул. Юбилейная, д. 47;8579,0;Муниципальная казна
2027;П1100000029876;63:09:0101172:526;Земельный участок;Самарская область, Автозаводский район, г. Тольятти, ул. Юбилейная, д. 31, стр. Д;6244,0;Муниципальная казна
2028;П1100000027700;63:09:0101161:8;Земельный участок;Самарская область, Автозаводский район, г. Тольятти, ул. Юбилейная, д. 3, квартал 4;12695,0;Муниципальная казна
2029;П1100000029836;63:09:0101165:644;Земельный участок;Самарская область, Автозаводский район, г. Тольятти, ул. Юбилейная, д. 25, район ТЦ-IX;161,0;Муниципальная казна
2030;П1100000028824;63:09:0000000:2693;Земельный участок;Самарская область, Автозаводский район, г. Тольятти, ул. Юбилейная, д. 25;94,0;Муниципальная казна
2031;П1100000029835;63:09:0101165:643;Земельный участок;Самарская область, Автозаводский район, г. Тольятти, ул. Юбилейная, д. 25;6860,0;Муниципальная казна
2032;П1100000030795;63:09:0101160:4;Земельный участок;Самарская область, Автозаводский район, г. Тольятти, ул. Юбилейная, д. 2, стр. Б;11552,0;Муниципальная казна
2033;П1100000027701;63:09:0101161:12;Земельный участок;Самарская область, Автозаводский район, г. Тольятти, ул. Юбилейная, д. 15, 4 квартал;10645,0;Муниципальная казна
2034;П1100000029111;63:09:0000000:2457;Земельный участок;Самарская область, Автозаводский район, г. Тольятти, ул. Юбилейная, восточнее ТЦ-XII;7,0;Муниципальная казна
2035;П1100000029829;63:09:0101165:1;Земельный участок;Самарская область, Автозаводский район, г. Тольятти, ул. Юбилейная;1350,0;Муниципальная казна
2036;П1100000028649;63:09:0101160:519;Земельный участок;Самарская область, Автозаводский район, г. Тольятти, ул. Юбилейная;30,0;Муниципальная казна
2037;П1100000028108;63:09:0101177:5;Земельный участок;Самарская область, Автозаводский район, г. Тольятти, ул. Юбилейная;180,0;Постоянное (бессрочное) пользование
2038;П1100000029630;63:09:0101160:520;Земельный участок;Самарская область, Автозаводский район, г. Тольятти, ул. Юбилейная;112,0;Муниципальная казна
2039;П1100000028594;63:09:0101170:588;Земельный участок;Самарская область, Автозаводский район, г. Тольятти, ул. Юбилейная;174017,0;Муниципальная казна
2040;П1100000028526;63:09:0102159:565;Земельный участок;Самарская область, Автозаводский район, г. Тольятти, ул. Цеховая;355,0;Муниципальная казна
2041;П1100000028529;63:09:0102159:590;Земельный участок;Самарская область, Автозаводский район, г. Тольятти, ул. Цеховая;3638,0;Муниципальная казна
2042;П1100000028531;63:09:0102159:596;Земельный участок;Самарская область, Автозаводский район, г. Тольятти, ул. Цеховая;348,0;Муниципальная казна
2043;П1100000028527;63:09:0102159:566;Земельный участок;Самарская область, Автозаводский район, г. Тольятти, ул. Цеховая;1771,0;Муниципальная казна
2044;П1100000028532;63:09:0102159:597;Земельный участок;Самарская область, Автозаводский район, г. Тольятти, ул. Цеховая;4466,0;Муниципальная казна
2045;П1100000028535;63:09:0102159:610;Земельный участок;Самарская область, Автозаводский район, г. Тольятти, ул. Цеховая;282,0;Муниципальная казна
2046;П1100000029145;63:09:0101168:576;Земельный участок;Самарская область, Автозаводский район, г. Тольятти, ул. Фрунзе, северо-западнее ТЦ-24;110,0;Муниципальная казна
2047;П1100000029846;63:09:0101168:574;Земельный участок;Самарская область, Автозаводский район, г. Тольятти, ул. Фрунзе, севернее ТЦ ''СОРРЕНТО'';32,0;Муниципальная казна
2048;П1100000028654;63:09:0101168:569;Земельный участок;Самарская область, Автозаводский район, г. Тольятти, ул. Фрунзе, севернее жилого дома №1;600,0;Муниципальная казна
2049;П1100000029144;63:09:0101168:571;Земельный участок;Самарская область, Автозаводский район, г. Тольятти, ул. Фрунзе, севернее жилого дома № 15;480,0;Муниципальная казна
2050;П1100000029852;63:09:0101168:587;Земельный участок;Самарская область, Автозаводский район, г. Тольятти, ул. Фрунзе, севернее жилого дома 7;499,0;Муниципальная казна
2051;П1100000029152;63:09:0101170:609;Земельный участок;Самарская область, Автозаводский район, г. Тольятти, ул. Фрунзе, севернее ГУМ ''Сорренто'';38,0;Муниципальная казна
2052;П1100000031296;63:09:0101176:10870;Земельный участок;Самарская область, Автозаводский район, г. Тольятти, ул. Фрунзе, земельный участок № 35/1;338,0;Муниципальная казна
2053;П1100000029972;63:09:0101176:5;Земельный участок;Самарская область, Автозаводский район, г. Тольятти, ул. Фрунзе, д. 43, стр. А;4402,0;Муниципальная казна
2054;П1100000029851;63:09:0101168:585;Земельный участок;Самарская область, Автозаводский район, г. Тольятти, ул. Фрунзе, д. 3;2916,0;Муниципальная казна
2055;П1100000029958;63:09:0000000:2755;Земельный участок;Самарская область, Автозаводский район, г. Тольятти, ул. Фрунзе, д. 2, стр. а;254,0;Муниципальная казна
2056;П1100000027258;63:09:0101168:20;Земельный участок;Самарская область, Автозаводский район, г. Тольятти, ул. Фрунзе, д. 2;19820,0;Постоянное (бессрочное) пользование
2057;П1100000027303;63:09:0101170:32;Земельный участок;Самарская область, Автозаводский район, г. Тольятти, ул. Фрунзе, д. 19;10047,0;Муниципальная казна
2058;П1100000029967;63:09:0101174:504;Земельный участок;Самарская область, Автозаводский район, г. Тольятти, ул. Фрунзе, д. 16, стр. Б;1693,0;Муниципальная казна
2059;П1100000027324;63:09:0101171:508;Земельный участок;Самарская область, Автозаводский район, г. Тольятти, ул. Фрунзе, д. 12;27575,0;Постоянное (бессрочное) пользование
2060;П1100000029869;63:09:0101170:546;Земельный участок;Самарская область, Автозаводский район, г. Тольятти, ул. Фрунзе, восточнее жилого дома № 29;30,0;Муниципальная казна
2061;П1100000029847;63:09:0101168:577;Земельный участок;Самарская область, Автозаводский район, г. Тольятти, ул. Фрунзе;91,0;Муниципальная казна
2062;П1100000029867;63:09:0101170:512;Земельный участок;Самарская область, Автозаводский район, г. Тольятти, ул. Фрунзе;435,0;Муниципальная казна
2063;П1100000030768;63:09:0101175:510;Земельный участок;Самарская область, Автозаводский район, г. Тольятти, ул. Фрунзе;34,0;Муниципальная казна
2064;П1100000028939;63:09:0101168:590;Земельный участок;Самарская область, Автозаводский район, г. Тольятти, ул. Фрунзе;4416,0;Муниципальная казна
2065;П1100000029843;63:09:0101168:563;Земельный участок;Самарская область, Автозаводский район, г. Тольятти, ул. Фрунзе;28,0;Муниципальная казна
2066;П1100000030076;63:09:0102155:634;Земельный участок;Самарская область, Автозаводский район, г. Тольятти, ул. Транспортная, промышленно-коммунальная зона, восточнее пожарной части № 69;1545,0;Муниципальная казна
2067;П1100000030066;63:09:0102155:551;Земельный участок;Самарская область, Автозаводский район, г. Тольятти, ул. Транспортная, д. 23, стр. А;989,0;Муниципальная казна
2068;П1100000030108;63:09:0102155:47;Земельный участок;Самарская область, Автозаводский район, г. Тольятти, ул. Транспортная, д. 21, стр. А;3610,0;Муниципальная казна
2069;П1100000004074;63:09:0102155:578;Земельный участок;Самарская область, Автозаводский район, г. Тольятти, ул. Транспортная, д. 12, стр. а;3000,0;Муниципальная казна
2070;П1100000004073;63:09:0102155:577;Земельный участок;Самарская область, Автозаводский район, г. Тольятти, ул. Транспортная, д. 12, стр. а;60253,0;Муниципальная казна
2071;П1100000009996;63:09:0102155:607;Земельный участок;Самарская область, Автозаводский район, г. Тольятти, ул. Транспортная;32,0;Муниципальная казна
2072;П1100000028699;63:09:0000000:2527;Земельный участок;Самарская область, Автозаводский район, г. Тольятти, ул. Тополиная, южнее ХХХ-ма-2;14,0;Муниципальная казна
2073;П1100000029123;63:09:0000000:2595;Земельный участок;Самарская область, Автозаводский район, г. Тольятти, ул. Тополиная, севернее дома № 48а;18,0;Муниципальная казна
2074;П1100000029394;63:09:0101153:686;Земельный участок;Самарская область, Автозаводский район, г. Тольятти, ул. Тополиная, севернее дома № 41;287,0;Муниципальная казна
2075;П1100000029883;63:09:0000000:2528;Земельный участок;Самарская область, Автозаводский район, г. Тольятти, ул. Тополиная, район жилого дома № 48А;25,0;Муниципальная казна
2076;П1100000028645;63:09:0101156:620;Земельный участок;Самарская область, Автозаводский район, г. Тольятти, ул. Тополиная, район жилого дома 6;165,0;Муниципальная казна
2077;П1100000029396;63:09:0101154:554;Земельный участок;"Самарская область, Автозаводский район, г. Тольятти, ул. Тополиная, ООТ ""Школьная""";30,0;Муниципальная казна
2078;П1100000029888;63:09:0000000:2537;Земельный участок;Самарская область, Автозаводский район, г. Тольятти, ул. Тополиная, квартал 17, восточнее жилого дома №29;4669,0;Муниципальная казна
2079;П1100000031138;63:09:0101154:7552;Земельный участок;Самарская область, Автозаводский район, г. Тольятти, ул. Тополиная, земельный участок №25Б;213,0;Муниципальная казна
2080;П1100000027996;63:09:0101157:10875;Земельный участок;Самарская область, Автозаводский район, г. Тольятти, ул. Тополиная, д. 5;33253,0;Постоянное (бессрочное) пользование
2081;П1100000029383;63:09:0101153:23;Земельный участок;Самарская область, Автозаводский район, г. Тольятти, ул. Тополиная, д. 26, квартал 16;3127,0;Муниципальная казна
2082;П1100000030911;63:09:0101153:685;Земельный участок;Самарская область, Автозаводский район, г. Тольятти, ул. Тополиная, д. 24, стр. А;9677,0;Муниципальная казна
2083;П1100000029600;63:09:0101156:632;Земельный участок;Самарская область, Автозаводский район, г. Тольятти, ул. Тополиная, д. 14;4450,0;Муниципальная казна
2084;П1100000030110;63:09:0101156:42;Земельный участок;Самарская область, Автозаводский район, г. Тольятти, ул. Тополиная, д. 12, квартал 19;875,0;Муниципальная казна
2085;П1100000029604;63:09:0101157:503;Земельный участок;Самарская область, Автозаводский район, г. Тольятти, ул. Тополиная, д. 1;5917,0;Постоянное (бессрочное) пользование
2086;П1100000028633;63:09:0000000:2580;Земельный участок;Самарская область, Автозаводский район, г. Тольятти, ул. Тополиная, в районе О.О.Т.;190,0;Муниципальная казна
2087;П1100000028716;63:09:0101153:580;Земельный участок;Самарская область, Автозаводский район, г. Тольятти, ул. Тополиная;63179,0;Муниципальная казна
2088;П1100000028717;63:09:0101153:673;Земельный участок;Самарская область, Автозаводский район, г. Тольятти, ул. Тополиная;1051,0;Муниципальная казна
2089;П1100000029393;63:09:0101153:684;Земельный участок;Самарская область, Автозаводский район, г. Тольятти, ул. Тополиная;377,0;Муниципальная казна
2090;П1100000028584;63:09:0101157:597;Земельный участок;Самарская область, Автозаводский район, г. Тольятти, ул. Тополиная;102,0;Муниципальная казна
2091;П1100000029385;63:09:0101153:576;Земельный участок;Самарская область, Автозаводский район, г. Тольятти, ул. Тополиная;291,0;Муниципальная казна
2092;П1100000031417;63:09:0000000:10147;Земельный участок;Самарская область, Автозаводский район, г. Тольятти, ул. Тополиная;145,0;Муниципальная казна
2093;П1100000031519;63:09:0000000:776;Земельный участок;Самарская область, Автозаводский район, г. Тольятти, ул. Спортивная, южнее улицы Спортивной до Куйбышевского водохранилища;39177,0;Муниципальная казна
2094;П1100000031523;63:09:0105020:518;Земельный участок;Самарская область, Автозаводский район, г. Тольятти, ул. Спортивная, южнее улицы Спортивной до Куйбышевского водохранилища;33325,0;Муниципальная казна
2095;П1100000031512;63:09:0105020:509;Земельный участок;Самарская область, Автозаводский район, г. Тольятти, ул. Спортивная, южнее улицы Спортивной до Куйбышевского водохранилища;174675,0;Муниципальная казна
2096;П1100000031514;63:09:0105019:509;Земельный участок;Самарская область, Автозаводский район, г. Тольятти, ул. Спортивная, южнее улицы Спортивной до Куйбышевского водохранилища;1118,0;Муниципальная казна
2097;П1100000031515;63:09:0105020:514;Земельный участок;Самарская область, Автозаводский район, г. Тольятти, ул. Спортивная, южнее улицы Спортивной до Куйбышевского водохранилища;4420,0;Муниципальная казна
2098;П1100000031527;63:09:0000000:782;Земельный участок;Самарская область, Автозаводский район, г. Тольятти, ул. Спортивная, южнее улицы Спортивной до Куйбышевского водохранилища;5039,0;Муниципальная казна
2099;П1100000031496;63:09:0000000:778;Земельный участок;Самарская область, Автозаводский район, г. Тольятти, ул. Спортивная, южнее улицы Спортивной до Куйбышевского водохранилища;58475,0;Муниципальная казна
2100;П1100000031528;63:09:0105020:517;Земельный участок;Самарская область, Автозаводский район, г. Тольятти, ул. Спортивная, южнее улицы Спортивной до Куйбышевского водохранилища;35426,0;Муниципальная казна
2101;П1100000031516;63:09:0105019:515;Земельный участок;Самарская область, Автозаводский район, г. Тольятти, ул. Спортивная, южнее улицы Спортивной до Куйбышевского водохранилища;84135,0;Муниципальная казна
2102;П1100000031492;63:09:0105020:522;Земельный участок;Самарская область, Автозаводский район, г. Тольятти, ул. Спортивная, южнее улицы Спортивной до Куйбышевского водохранилища;1669,0;Муниципальная казна
2103;П1100000031526;63:09:0105020:9;Земельный участок;Самарская область, Автозаводский район, г. Тольятти, ул. Спортивная, южнее ул. Спортивная до Куйбышевского водохранилища;204171,0;Муниципальная казна
2104;П1100000029975;63:09:0101176:607;Земельный участок;Самарская область, Автозаводский район, г. Тольятти, ул. Спортивная, с восточной стороны троллейбусного диспетчерского пункта по улице Спортивной;317,0;Муниципальная казна
2105;П1100000031503;63:09:0105019:666;Земельный участок;Самарская область, Автозаводский район, г. Тольятти, ул. Спортивная, земельный участок № 9Г/5;19384,0;Муниципальная казна
2106;П1100000031517;63:09:0105019:665;Земельный участок;Самарская область, Автозаводский район, г. Тольятти, ул. Спортивная, земельный участок № 9Г/4;3443,0;Муниципальная казна
2107;П1100000031525;63:09:0105019:663;Земельный участок;Самарская область, Автозаводский район, г. Тольятти, ул. Спортивная, земельный участок № 9Г/2;3954,0;Муниципальная казна
2108;П1100000031521;63:09:0105019:667;Земельный участок;Самарская область, Автозаводский район, г. Тольятти, ул. Спортивная, земельный участок № 9Г/1;12683,0;Муниципальная казна
2109;П1100000031508;63:09:0000000:2;Земельный участок;Самарская область, Автозаводский район, г. Тольятти, ул. Спортивная, д. 27;2201,0;Муниципальная казна
2110;П1100000029977;63:09:0101176:614;Земельный участок;Самарская область, Автозаводский район, г. Тольятти, ул. Спортивная;1190,0;Муниципальная казна
2111;П1100000029978;63:09:0101178:537;Земельный участок;Самарская область, Автозаводский район, г. Тольятти, ул. Спортивная;632,0;Муниципальная казна
2112;П1100000031544;63:09:0102157:1113;Земельный участок;Самарская область, Автозаводский район, г. Тольятти, ул. Северная, участок №18Б/3;6206,0;Муниципальная казна
2113;П1100000031476;63:09:0102157:1107;Земельный участок;Самарская область, Автозаводский район, г. Тольятти, ул. Северная, участок 22/5;1292,0;Муниципальная казна
2114;П1100000030892;63:09:0102157:858;Земельный участок;Самарская область, Автозаводский район, г. Тольятти, ул. Северная, уч 18-б/2;7430,0;Муниципальная казна
2115;П1100000030893;63:09:0102157:859;Земельный участок;Самарская область, Автозаводский район, г. Тольятти, ул. Северная, уч 18-б/1;2061,0;Муниципальная казна
2116;П1100000031444;63:09:0102160:2018;Земельный участок;Самарская область, Автозаводский район, г. Тольятти, ул. Северная, земельный участок №9/6;7357,0;Муниципальная казна
2117;П1100000030933;63:09:0000000:9433;Земельный участок;Самарская область, Автозаводский район, г. Тольятти, ул. Северная, земельный участок № 9;36393,0;Муниципальная казна
2118;П1100000031455;63:09:0102158:1708;Земельный участок;Самарская область, Автозаводский район, г. Тольятти, ул. Северная, земельный участок № 71;2056,0;Муниципальная казна
2119;П1100000030190;63:09:0102158:86;Земельный участок;Самарская область, Автозаводский район, г. Тольятти, ул. Северная, д. 81;56939,0;Муниципальная казна
2120;П1100000030088;63:09:0102158:571;Земельный участок;Самарская область, Автозаводский район, г. Тольятти, ул. Северная, д. 75;21610,0;Муниципальная казна
2121;П1100000030186;63:09:0102158:24;Земельный участок;Самарская область, Автозаводский район, г. Тольятти, ул. Северная, д. 61;1673,0;Муниципальная казна
2122;П1100000029165;63:09:0102158:504;Земельный участок;Самарская область, Автозаводский район, г. Тольятти, ул. Северная, д. 39, стр. А, промузел;13471,0;Муниципальная казна
2123;П1100000030758;63:09:0102157:514;Земельный участок;Самарская область, Автозаводский район, г. Тольятти, ул. Северная, д. 36;4708,0;Муниципальная казна
2124;П1100000030187;63:09:0102158:583;Земельный участок;Самарская область, Автозаводский район, г. Тольятти, ул. Северная, д. 23;10958,0;Муниципальная казна
2125;П1100000031149;63:09:0102157:521;Земельный участок;Самарская область, Автозаводский район, г. Тольятти, ул. Северная, д. 18;1034,0;Муниципальная казна
2126;П1100000030081;63:09:0102156:28;Земельный участок;Самарская область, Автозаводский район, г. Тольятти, ул. Северная, д. 101;10546,0;Муниципальная казна
2127;П1100000030905;63:09:0102158:1408;Земельный участок;Самарская область, Автозаводский район, г. Тольятти, ул. Северная, 21/21а, от улицы Северной до перекрестка со строением 27;8761,0;Муниципальная казна
2128;П1100000030769;63:09:0102160:1529;Земельный участок;Самарская область, Автозаводский район, г. Тольятти, ул. Северная;3750,0;Муниципальная казна
2129;П1100000030823;63:09:0102160:1526;Земельный участок;Самарская область, Автозаводский район, г. Тольятти, ул. Северная;20641,0;Муниципальная казна
2130;П1100000031150;63:09:0102160:1527;Земельный участок;Самарская область, Автозаводский район, г. Тольятти, ул. Северная;11955,0;Муниципальная казна
2131;П1100000030824;63:09:0102160:1531;Земельный участок;Самарская область, Автозаводский район, г. Тольятти, ул. Северная;9347,0;Муниципальная казна
2132;П1100000030819;63:09:0000000:2500;Земельный участок;Самарская область, Автозаводский район, г. Тольятти, ул. Свердлова, южнее жилого дома № 104;87,0;Муниципальная казна
2133;П1100000029359;63:09:0101150:703;Земельный участок;"Самарская область, Автозаводский район, г. Тольятти, ул. Свердлова, юго-западнее магазина ""Восход""";12,0;Муниципальная казна
2134;П1100000028627;63:09:0000000:2423;Земельный участок;"Самарская область, Автозаводский район, г. Тольятти, ул. Свердлова, юго-западнее кафе ""Лакомка""";30,0;Муниципальная казна
2135;П1100000029815;63:09:0000000:2467;Земельный участок;Самарская область, Автозаводский район, г. Тольятти, ул. Свердлова, юго-западнее жилого дома № 32;109,0;Муниципальная казна
2136;П1100000028819;63:09:0000000:2506;Земельный участок;Самарская область, Автозаводский район, г. Тольятти, ул. Свердлова, юго-восточнее торгового центра ТЦ-XII-Ц;27,0;Муниципальная казна
2137;П1100000029365;63:09:0101150:718;Земельный участок;"Самарская область, Автозаводский район, г. Тольятти, ул. Свердлова, существующая остановка общественного транспорта ""магазин ""Восход""";184,0;Муниципальная казна
2138;П1100000030129;63:09:0101163:574;Земельный участок;"Самарская область, Автозаводский район, г. Тольятти, ул. Свердлова, северо-западнее РТЦ ""Океан""";143,0;Муниципальная казна
2139;П1100000029033;63:09:0000000:2470;Земельный участок;"Самарская область, Автозаводский район, г. Тольятти, ул. Свердлова, северо-восточнее РТЦ ""Океан""";30,0;Муниципальная казна
2140;П1100000029819;63:09:0000000:2481;Земельный участок;"Самарская область, Автозаводский район, г. Тольятти, ул. Свердлова, северо-восточнее кинотеатра ""Ставрополь""";141,0;Муниципальная казна
2141;П1100000029363;63:09:0101150:716;Земельный участок;"Самарская область, Автозаводский район, г. Тольятти, ул. Свердлова, севернее РТЦ ""Океан""";800,0;Муниципальная казна
2142;П1100000029639;63:09:0101161:627;Земельный участок;"Самарская область, Автозаводский район, г. Тольятти, ул. Свердлова, район ООТ ""бульвар Курчатова""";80,0;Муниципальная казна
2143;П1100000029817;63:09:0000000:2469;Земельный участок;Самарская область, Автозаводский район, г. Тольятти, ул. Свердлова, район жилого дома № 49;16,3;Муниципальная казна
2144;П1100000029368;63:09:0101150:722;Земельный участок;Самарская область, Автозаводский район, г. Тольятти, ул. Свердлова, район жилого дома № 1;426,0;Муниципальная казна
2145;П1100000029795;63:09:0000000:2427;Земельный участок;"Самарская область, Автозаводский район, г. Тольятти, ул. Свердлова, разделительная полоса, район пересечения с ул.Юбилейная
";37,0;Муниципальная казна
2146;П1100000029129;63:09:0101150:713;Земельный участок;Самарская область, Автозаводский район, г. Тольятти, ул. Свердлова, квартал №12, южнее торгового центра;24,0;Муниципальная казна
2147;П1100000031110;63:09:0101166:10429;Земельный участок;Самарская область, Автозаводский район, г. Тольятти, ул. Свердлова, земельный участок № 9Д;46,0;Муниципальная казна
2148;П1100000031111;63:09:0101166:10430;Земельный участок;Самарская область, Автозаводский район, г. Тольятти, ул. Свердлова, земельный участок № 7Б;38,0;Муниципальная казна
2149;П1100000031112;63:09:0101167:5321;Земельный участок;Самарская область, Автозаводский район, г. Тольятти, ул. Свердлова, земельный участок № 3А;35,0;Муниципальная казна
2150;П1100000028694;63:09:0101159:540;Земельный участок;Самарская область, Автозаводский район, г. Тольятти, ул. Свердлова, западнее жилого дома №80;24,0;Муниципальная казна
2151;П1100000029358;63:09:0101150:702;Земельный участок;Самарская область, Автозаводский район, г. Тольятти, ул. Свердлова, западнее жилого дома № 66;346,0;Муниципальная казна
2152;П1100000030870;63:09:0101159:557;Земельный участок;Самарская область, Автозаводский район, г. Тольятти, ул. Свердлова, западнее ж/д 80;266,0;Муниципальная казна
2153;П1100000027342;63:09:0101159:16;Земельный участок;Самарская область, Автозаводский район, г. Тольятти, ул. Свердлова, д. 76;8842,0;Муниципальная казна
2154;П1100000030891;63:09:0101159:44;Земельный участок;Самарская область, Автозаводский район, г. Тольятти, ул. Свердлова, д. 70;8861,0;Постоянное (бессрочное) пользование
2155;П1100000029820;63:09:0000000:2484;Земельный участок;Самарская область, Автозаводский район, г. Тольятти, ул. Свердлова, д. 7, стр. Г;1035,0;Муниципальная казна
2156;П1100000027378;63:09:0101166:3;Земельный участок;Самарская область, Автозаводский район, г. Тольятти, ул. Свердлова, д. 7, 9 квартал;12337,0;Постоянное (бессрочное) пользование
2157;П1100000028239;63:09:0101163:622;Земельный участок;Самарская область, Автозаводский район, г. Тольятти, ул. Свердлова, д. 51;26163,0;Муниципальная казна
2158;П1100000027256;63:09:0101167:25;Земельный участок;Самарская область, Автозаводский район, г. Тольятти, ул. Свердлова, д. 5, стр. А;11975,0;Муниципальная казна
2159;П1100000027173;63:09:0101162:22;Земельный участок;Самарская область, Автозаводский район, г. Тольятти, ул. Свердлова, д. 36, квартал 10;11162,0;Муниципальная казна
2160;П1100000027475;63:09:0101165:23;Земельный участок;Самарская область, Автозаводский район, г. Тольятти, ул. Свердлова, д. 27;11943,0;Муниципальная казна
2161;П1100000027705;63:09:0101161:29;Земельный участок;Самарская область, Автозаводский район, г. Тольятти, ул. Свердлова, д. 23;23476,0;Постоянное (бессрочное) пользование
2162;П1100000028590;63:09:0101162:529;Земельный участок;Самарская область, Автозаводский район, г. Тольятти, ул. Свердлова, д. 22;6864,0;Муниципальная казна
2163;П1100000003927;63:09:0101150:40;Земельный участок;Самарская область, Автозаводский район, г. Тольятти, ул. Свердлова, д. 12;11317,0;Постоянное (бессрочное) пользование
2164;П1100000030757;63:09:0101150:619;Земельный участок;Самарская область, Автозаводский район, г. Тольятти, ул. Свердлова, д. 10, стр. А, квартал 12;831,0;Муниципальная казна
2165;П1100000028301;63:09:0101150:10647;Земельный участок;Самарская область, Автозаводский район, г. Тольятти, ул. Свердлова, д. 10;2032,0;Муниципальная казна
2166;П1100000027498;63:09:0101167:17;Земельный участок;Самарская область, Автозаводский район, г. Тольятти, ул. Свердлова, д. 1, стр. а;9730,0;Муниципальная казна
2167;П1100000029366;63:09:0101150:719;Земельный участок;Самарская область, Автозаводский район, г. Тольятти, ул. Свердлова, в пересечении с ул. Юбилейной (разделит.полоса);36,0;Муниципальная казна
2168;П1100000029367;63:09:0101150:720;Земельный участок;Самарская область, Автозаводский район, г. Тольятти, ул. Свердлова;393,0;Муниципальная казна
2169;П1100000029108;63:09:0000000:2425;Земельный участок;Самарская область, Автозаводский район, г. Тольятти, ул. Свердлова;102,0;Муниципальная казна
2170;П1100000030167;63:09:0101159:3;Земельный участок;Самарская область, Автозаводский район, г. Тольятти, ул. Свердлова;152,0;Муниципальная казна
2171;П1100000029878;63:09:0000000:2502;Земельный участок;Самарская область, Автозаводский район, г. Тольятти, ул. Свердлова;1000,0;Муниципальная казна
2172;П1100000029612;63:09:0101159:609;Земельный участок;"Самарская область, Автозаводский район, г. Тольятти, ул. Революционная, южнее ТЦ ""Русь""";76,0;Муниципальная казна
2173;П1100000029625;63:09:0101159:639;Земельный участок;"Самарская область, Автозаводский район, г. Тольятти, ул. Революционная, южнее торгового центра ""Русь""";79,0;Муниципальная казна
2174;П1100000028918;63:09:0101159:640;Земельный участок;Самарская область, Автозаводский район, г. Тольятти, ул. Революционная, южнее магазина ''Степ'';30,0;Муниципальная казна
2175;П1100000028899;63:09:0000000:2451;Земельный участок;Самарская область, Автозаводский район, г. Тольятти, ул. Революционная, южнее магазина ''Восход'';32,0;Муниципальная казна
2176;П1100000028935;63:09:0101159:615;Земельный участок;Самарская область, Автозаводский район, г. Тольятти, ул. Революционная, ТЦ-72;25,0;Муниципальная казна
2177;П1100000029816;63:09:0101160:509;Земельный участок;"Самарская область, Автозаводский район, г. Тольятти, ул. Революционная, северо-западнее кинотеатра ""Сатурн""";255,0;Муниципальная казна
2178;П1100000028916;63:09:0101159:614;Земельный участок;Самарская область, Автозаводский район, г. Тольятти, ул. Революционная, севернее ТЦ - VI Ц;14,0;Муниципальная казна
2179;П1100000029146;63:09:0101168:579;Земельный участок;Самарская область, Автозаводский район, г. Тольятти, ул. Революционная, севернее ''Салона красоты'';53,0;Муниципальная казна
2180;П1100000029113;63:09:0000000:2474;Земельный участок;Самарская область, Автозаводский район, г. Тольятти, ул. Революционная, район остановки общественного транспорта ''Дом мод'';30,0;Муниципальная казна
2181;П1100000030154;63:09:0000000:2719;Земельный участок;"Самарская область, Автозаводский район, г. Тольятти, ул. Революционная, район остановки общественного транспорта ""Магазин 1000 мелочей""";112,0;Муниципальная казна
2182;П1100000029137;63:09:0101159:598;Земельный участок;"Самарская область, Автозаводский район, г. Тольятти, ул. Революционная, район ООТ ""Аптека""";357,0;Муниципальная казна
2183;П1100000029136;63:09:0101159:619;Земельный участок;Самарская область, Автозаводский район, г. Тольятти, ул. Революционная, парк Победы, (1й карман на пересечении Приморского бульвара и ул. Юбилейной), поз. 7;88,0;Муниципальная казна
2184;П1100000028586;63:09:0101159:618;Земельный участок;Самарская область, Автозаводский район, г. Тольятти, ул. Революционная, парк Победы (центральный карман, ул.Юбилейная), 4 поз;88,0;Муниципальная казна
2185;П1100000029627;63:09:0101159:644;Земельный участок;Самарская область, Автозаводский район, г. Тольятти, ул. Революционная, парк Победы;88,0;Муниципальная казна
2186;П1100000029615;63:09:0101159:612;Земельный участок;Самарская область, Автозаводский район, г. Тольятти, ул. Революционная, парк Победы;135,0;Муниципальная казна
2187;П1100000029965;63:09:0000000:2771;Земельный участок;Самарская область, Автозаводский район, г. Тольятти, ул. Революционная, парк Победы;88,0;Муниципальная казна
2188;П1100000029960;63:09:0000000:2758;Земельный участок;Самарская область, Автозаводский район, г. Тольятти, ул. Революционная, парк Победы;88,0;Муниципальная казна
2189;П1100000028593;63:09:0101164:1;Земельный участок;"Самарская область, Автозаводский район, г. Тольятти, ул. Революционная, ООТ ""Дом мод""";262,0;Муниципальная казна
2190;П1100000029920;63:09:0000000:2688;Земельный участок;"Самарская область, Автозаводский район, г. Тольятти, ул. Революционная, напротив магазина ""Факел""";1051,0;Муниципальная казна
2191;П1100000030973;63:09:0101179:706;Земельный участок;Самарская область, Автозаводский район, г. Тольятти, ул. Революционная, земельный участок №47/1;9,0;Муниципальная казна
2192;П1100000030988;63:09:0101178:996;Земельный участок;Самарская область, Автозаводский район, г. Тольятти, ул. Революционная, земельный участок № 80/10;50,0;Постоянное (бессрочное) пользование
2193;П1100000030986;63:09:0101178:994;Земельный участок;Самарская область, Автозаводский район, г. Тольятти, ул. Революционная, земельный участок № 80/1;10011,0;Постоянное (бессрочное) пользование
2194;П1100000030987;63:09:0101178:995;Земельный участок;Самарская область, Автозаводский район, г. Тольятти, ул. Революционная, земельный участок № 80;99195,0;Муниципальная казна
2195;П1100000031425;63:09:0101176:11111;Земельный участок;Самарская область, Автозаводский район, г. Тольятти, ул. Революционная, земельный участок № 60/2;921,0;Муниципальная казна
2196;П1100000030972;63:09:0101179:705;Земельный участок;Самарская область, Автозаводский район, г. Тольятти, ул. Революционная, земельный участок № 45;28263,0;Постоянное (бессрочное) пользование
2197;П1100000031426;63:09:0101176:11109;Земельный участок;Самарская область, Автозаводский район, г. Тольятти, ул. Революционная, земельный участок 60;1147,0;Муниципальная казна
2198;П1100000028498;63:09:0101176:10645;Земельный участок;Самарская область, Автозаводский район, г. Тольятти, ул. Революционная, д. 72;5826,0;Муниципальная казна
2199;П1100000028453;63:09:0101176:559;Земельный участок;Самарская область, Автозаводский район, г. Тольятти, ул. Революционная, д. 70;1926,0;Муниципальная казна
2200;П1100000027714;63:09:0101176:16;Земельный участок;Самарская область, Автозаводский район, г. Тольятти, ул. Революционная, д. 68;11848,0;Муниципальная казна
2201;П1100000029622;63:09:0101159:629;Земельный участок;Самарская область, Автозаводский район, г. Тольятти, ул. Революционная, д. 6;2242,0;Муниципальная казна
2202;П1100000028495;63:09:0101163:514;Земельный участок;Самарская область, Автозаводский район, г. Тольятти, ул. Революционная, д. 52;6054,0;Муниципальная казна
2203;П1100000029940;63:09:0000000:2727;Земельный участок;Самарская область, Автозаводский район, г. Тольятти, ул. Революционная, д. 48;1301,0;Муниципальная казна
2204;П1100000027935;63:09:0101163:8322;Земельный участок;Самарская область, Автозаводский район, г. Тольятти, ул. Революционная, д. 46;9740,0;Постоянное (бессрочное) пользование
2205;П1100000027453;63:09:0101163:17;Земельный участок;Самарская область, Автозаводский район, г. Тольятти, ул. Революционная, д. 36, квартал 1;9132,0;Муниципальная казна
2206;П1100000029624;63:09:0101159:635;Земельный участок;Самарская область, Автозаводский район, г. Тольятти, ул. Революционная, д. 14;4429,0;Муниципальная казна
2207;П1100000029658;63:09:0101163:523;Земельный участок;Самарская область, Автозаводский район, г. Тольятти, ул. Революционная, восточнее жилого дома № 24;291,0;Муниципальная казна
2208;П1100000029623;63:09:0101159:634;Земельный участок;Самарская область, Автозаводский район, г. Тольятти, ул. Революционная, восточнее жилого дома № 10;207,0;Муниципальная казна
2209;П1100000029114;63:09:0000000:2485;Земельный участок;Самарская область, Автозаводский район, г. Тольятти, ул. Революционная, восточнее жилого дома 24;30,0;Муниципальная казна
2210;П1100000029616;63:09:0101159:616;Земельный участок;Самарская область, Автозаводский район, г. Тольятти, ул. Революционная, в районе дома № 66;24,0;Муниципальная казна
2211;П1100000029969;63:09:0101176:1;Земельный участок;Самарская область, Автозаводский район, г. Тольятти, ул. Революционная;215,0;Муниципальная казна
2212;П1100000029939;63:09:0000000:2725;Земельный участок;Самарская область, Автозаводский район, г. Тольятти, ул. Революционная;22,4;Муниципальная казна
2213;П1100000028826;63:09:0000000:2726;Земельный участок;Самарская область, Автозаводский район, г. Тольятти, ул. Революционная;48850,0;Муниципальная казна
2214;П1100000028521;63:09:0101177:3;Земельный участок;Самарская область, Автозаводский район, г. Тольятти, ул. Революционная;96,0;Постоянное (бессрочное) пользование
2215;П1100000028635;63:09:0000000:2717;Земельный участок;Самарская область, Автозаводский район, г. Тольятти, ул. Революционная;88,0;Муниципальная казна
2216;П1100000028711;63:09:0000000:2691;Земельный участок;Самарская область, Автозаводский район, г. Тольятти, ул. Революционная;16,0;Муниципальная казна
2217;П1100000031354;63:09:0000000:10033;Земельный участок;Самарская область, Автозаводский район, г. Тольятти, ул. Офицерская, от улицы Борковской до улицы 70 лет Октября;143127,0;Муниципальная казна
2218;П1100000030055;63:09:0102153:556;Земельный участок;Самарская область, Автозаводский район, г. Тольятти, ул. Офицерская, д. 60;2235,0;Постоянное (бессрочное) пользование
2219;П1100000030057;63:09:0102153:703;Земельный участок;Самарская область, Автозаводский район, г. Тольятти, ул. Офицерская, д. 45, стр. А;2420,0;Муниципальная казна
2220;П1100000029515;63:09:0101155:626;Земельный участок;Самарская область, Автозаводский район, г. Тольятти, ул. Офицерская, д. 21;6938,0;Муниципальная казна
2221;П1100000030019;63:09:0102151:18;Земельный участок;Самарская область, Автозаводский район, г. Тольятти, ул. Офицерская, д. 14, стр. б;1343,0;Муниципальная казна
2222;П1100000030176;63:09:0102151:532;Земельный участок;Самарская область, Автозаводский район, г. Тольятти, ул. Офицерская, д. 14, стр. А;945,4;Муниципальная казна
2223;П1100000028736;63:09:0102151:580;Земельный участок;Самарская область, Автозаводский район, г. Тольятти, ул. Офицерская, д. 14;2746,0;Муниципальная казна
2224;П1100000029422;63:09:0101155:603;Земельный участок;Самарская область, Автозаводский район, г. Тольятти, ул. Офицерская;2869,0;Муниципальная казна
2225;П1100000029430;63:09:0101155:628;Земельный участок;Самарская область, Автозаводский район, г. Тольятти, ул. Офицерская;1681,0;Муниципальная казна
2226;П1100000030127;63:09:0101155:601;Земельный участок;Самарская область, Автозаводский район, г. Тольятти, ул. Офицерская;1004,0;Муниципальная казна
2227;П1100000029421;63:09:0101155:602;Земельный участок;Самарская область, Автозаводский район, г. Тольятти, ул. Офицерская;7440,0;Муниципальная казна
2228;П1100000030082;63:09:0102157:30;Земельный участок;Самарская область, Автозаводский район, г. Тольятти, ул. Окраинная, д. 6;9607,0;Муниципальная казна
2229;П1100000029147;63:09:0101169:518;Земельный участок;Самарская область, Автозаводский район, г. Тольятти, ул. Маршала Жукова, район маг. ''Продукты'';18,0;Муниципальная казна
2230;П1100000028294;63:09:0101182:1136;Земельный участок;Самарская область, Автозаводский район, г. Тольятти, ул. Маршала Жукова, на земельном участке расположен объект недвижимости по адресу: ул. Маршала Жукова, д. 13Б, строение 2;1980,0;Постоянное (бессрочное) пользование
2231;П1100000028293;63:09:0101182:1135;Земельный участок;Самарская область, Автозаводский район, г. Тольятти, ул. Маршала Жукова, на земельном участке расположен объект недвижимости по адресу: ул. Маршала Жукова, д. 13Б, строение 1;4516,0;Постоянное (бессрочное) пользование
2232;П1100000028940;63:09:0101168:591;Земельный участок;Самарская область, Автозаводский район, г. Тольятти, ул. Маршала Жукова, западнее магазина ''Продукты'';24,0;Муниципальная казна
2233;П1100000028938;63:09:0101168:586;Земельный участок;Самарская область, Автозаводский район, г. Тольятти, ул. Маршала Жукова, западнее здания № 28;156,0;Муниципальная казна
2234;П1100000029844;63:09:0101169:529;Земельный участок;Самарская область, Автозаводский район, г. Тольятти, ул. Маршала Жукова, западнее жилого дома 22, квартал 11;29,0;Муниципальная казна
2235;П1100000027366;63:09:0101182:20;Земельный участок;Самарская область, Автозаводский район, г. Тольятти, ул. Маршала Жукова, д. 7;10702,0;Муниципальная казна
2236;П1100000029854;63:09:0101168:594;Земельный участок;Самарская область, Автозаводский район, г. Тольятти, ул. Маршала Жукова, д. 54;5000,0;Муниципальная казна
2237;П1100000029853;63:09:0101168:593;Земельный участок;Самарская область, Автозаводский район, г. Тольятти, ул. Маршала Жукова, д. 54;4898,0;Муниципальная казна
2238;П1100000027274;63:09:0101169:5;Земельный участок;Самарская область, Автозаводский район, г. Тольятти, ул. Маршала Жукова, д. 50;11055,0;Муниципальная казна
2239;П1100000027363;63:09:0101182:17;Земельный участок;Самарская область, Автозаводский район, г. Тольятти, ул. Маршала Жукова, д. 5;11338,0;Муниципальная казна
2240;П1100000029865;63:09:0101169:598;Земельный участок;"Самарская область, Автозаводский район, г. Тольятти, ул. Маршала Жукова, д. 49, юго-восточнее профилактория ""Прилесье""";1071,0;Муниципальная казна
2241;П1100000028332;63:09:0104013:517;Земельный участок;Самарская область, Автозаводский район, г. Тольятти, ул. Маршала Жукова, д. 49;7000,0;Постоянное (бессрочное) пользование
2242;П1100000029985;63:09:0104013:507;Земельный участок;Самарская область, Автозаводский район, г. Тольятти, ул. Маршала Жукова, д. 47;711,0;Муниципальная казна
2243;П1100000029984;63:09:0101182:537;Земельный участок;Самарская область, Автозаводский район, г. Тольятти, ул. Маршала Жукова, д. 3А;3495,0;Постоянное (бессрочное) пользование
2244;П1100000028015;63:09:0101169:573;Земельный участок;Самарская область, Автозаводский район, г. Тольятти, ул. Маршала Жукова, д. 36;10080,0;Постоянное (бессрочное) пользование
2245;П1100000027360;63:09:0101182:14;Земельный участок;Самарская область, Автозаводский район, г. Тольятти, ул. Маршала Жукова, д. 31;16028,0;Муниципальная казна
2246;П1100000029856;63:09:0101169:533;Земельный участок;Самарская область, Автозаводский район, г. Тольятти, ул. Маршала Жукова, д. 28;1877,0;Муниципальная казна
2247;П1100000028392;63:09:0101169:541;Земельный участок;Самарская область, Автозаводский район, г. Тольятти, ул. Маршала Жукова, д. 26;3032,0;Муниципальная казна
2248;П1100000027356;63:09:0101182:5;Земельный участок;Самарская область, Автозаводский район, г. Тольятти, ул. Маршала Жукова, д. 25;14163,0;Муниципальная казна
2249;П1100000029850;63:09:0101168:582;Земельный участок;Самарская область, Автозаводский район, г. Тольятти, ул. Маршала Жукова, д. 24, стр. А;8808,0;Муниципальная казна
2250;П1100000027355;63:09:0101182:4;Земельный участок;Самарская область, Автозаводский район, г. Тольятти, ул. Маршала Жукова, д. 21;11673,0;Муниципальная казна
2251;П1100000027365;63:09:0101182:19;Земельный участок;Самарская область, Автозаводский район, г. Тольятти, ул. Маршала Жукова, д. 17;20866,0;Муниципальная казна
2252;П1100000029845;63:09:0101169:532;Земельный участок;Самарская область, Автозаводский район, г. Тольятти, ул. Маршала Жукова, д. 16, стр. А;5242,0;Муниципальная казна
2253;П1100000027362;63:09:0101182:16;Земельный участок;Самарская область, Автозаводский район, г. Тольятти, ул. Маршала Жукова, д. 15;19557,0;Муниципальная казна
2254;П1100000027361;63:09:0101182:15;Земельный участок;Самарская область, Автозаводский район, г. Тольятти, ул. Маршала Жукова, д. 11;10866,0;Муниципальная казна
2255;П1100000027359;63:09:0101182:13;Земельный участок;Самарская область, Автозаводский район, г. Тольятти, ул. Маршала Жукова, д. 1;12838,0;Муниципальная казна
2256;П1100000029849;63:09:0101168:581;Земельный участок;Самарская область, Автозаводский район, г. Тольятти, ул. Маршала Жукова;2232,0;Муниципальная казна
2257;П1100000029848;63:09:0101168:580;Земельный участок;Самарская область, Автозаводский район, г. Тольятти, ул. Маршала Жукова;5874,0;Муниципальная казна
2258;П1100000029608;63:09:0101158:530;Земельный участок;Самарская область, Автозаводский район, г. Тольятти, ул. Льва Яшина, юго-западнее жилого дома ХХХVII-А;526,0;Муниципальная казна
2259;П1100000028839;63:09:0101158:501;Земельный участок;Самарская область, Автозаводский район, г. Тольятти, ул. Льва Яшина, северо-западнее жилого дома №7;160,0;Муниципальная казна
2260;П1100000029609;63:09:0101158:536;Земельный участок;Самарская область, Автозаводский район, г. Тольятти, ул. Льва Яшина, опора № 171;14,0;Муниципальная казна
2261;П1100000028727;63:09:0101158:533;Земельный участок;Самарская область, Автозаводский район, г. Тольятти, ул. Льва Яшина;108,0;Муниципальная казна
2262;П1100000029134;63:09:0101158:535;Земельный участок;Самарская область, Автозаводский район, г. Тольятти, ул. Льва Яшина;320,0;Муниципальная казна
2263;П1100000030100;63:09:0102160:520;Земельный участок;Самарская область, Автозаводский район, г. Тольятти, ул. Коммунальная, д. 46, 1-я очередь промкомзоны;5112,0;Муниципальная казна
2264;П1100000030136;63:09:0102160:537;Земельный участок;Самарская область, Автозаводский район, г. Тольятти, ул. Коммунальная, д. 46;1659,0;Муниципальная казна
2265;П1100000030063;63:09:0102155:510;Земельный участок;Самарская область, Автозаводский район, г. Тольятти, ул. Коммунальная, д. 37, I очередь промкомзоны;1864,0;Муниципальная казна
2266;П1100000030140;63:09:0102160:682;Земельный участок;Самарская область, Автозаводский район, г. Тольятти, ул. Коммунальная, д. 36, стр. В;2083,0;Муниципальная казна
2267;П1100000030067;63:09:0102155:552;Земельный участок;Самарская область, Автозаводский район, г. Тольятти, ул. Коммунальная, д. 35;4267,0;Муниципальная казна
2268;П1100000030064;63:09:0102155:541;Земельный участок;Самарская область, Автозаводский район, г. Тольятти, ул. Коммунальная, д. 31, стр. А;3016,0;Муниципальная казна
2269;П1100000027316;63:09:0102155:569;Земельный участок;Самарская область, Автозаводский район, г. Тольятти, ул. Коммунальная, д. 25, стр. б;1385,0;Муниципальная казна
2270;П1100000030078;63:09:0102155:642;Земельный участок;Самарская область, Автозаводский район, г. Тольятти, ул. Коммунальная, д. 25, стр. А;3278,0;Муниципальная казна
2271;П1100000029088;63:09:0102160:647;Земельный участок;Самарская область, Автозаводский район, г. Тольятти, ул. Коммунальная, д. 22, в/г 6;32736,0;Муниципальная казна
2272;П1100000030135;63:09:0102160:557;Земельный участок;Самарская область, Автозаводский район, г. Тольятти, ул. Коммунальная, д. 20;4385,0;Муниципальная казна
2273;П1100000030143;63:09:0102160:688;Земельный участок;Самарская область, Автозаводский район, г. Тольятти, ул. Коммунальная;9,1;Муниципальная казна
2274;П1100000028739;63:09:0102153:15;Земельный участок;Самарская область, Автозаводский район, г. Тольятти, ул. Заставная, южнее магистрального канала;7523,0;Муниципальная казна
2275;П1100000030052;63:09:0102153:1;Земельный участок;Самарская область, Автозаводский район, г. Тольятти, ул. Заставная, севернее ГСК-53;1648,0;Муниципальная казна
2276;П1100000030053;63:09:0102153:2;Земельный участок;Самарская область, Автозаводский район, г. Тольятти, ул. Заставная, санитарно-защитная зона;27289,0;Муниципальная казна
2277;П1100000030061;63:09:0102153:713;Земельный участок;Самарская область, Автозаводский район, г. Тольятти, ул. Заставная, санитарно-защитная зона;921,0;Муниципальная казна
2278;П1100000028740;63:09:0102164:506;Земельный участок;Самарская область, Автозаводский район, г. Тольятти, ул. Заставная, д. 36;20326,0;Муниципальная казна
2279;П1100000030147;63:09:0102164:512;Земельный участок;Самарская область, Автозаводский район, г. Тольятти, ул. Заставная, д. 26;12802,0;Муниципальная казна
2280;П1100000028598;63:09:0102164:511;Земельный участок;Самарская область, Автозаводский район, г. Тольятти, ул. Заставная, д. 22;3296,0;Муниципальная казна
2281;П1100000029962;63:09:0000000:2762;Земельный участок;Самарская область, Автозаводский район, г. Тольятти, ул. Заставная, д. 17;7309,0;Муниципальная казна
2282;П1100000030060;63:09:0102153:712;Земельный участок;Самарская область, Автозаводский район, г. Тольятти, ул. Заставная, д. 15;16,1;Муниципальная казна
2283;П1100000028517;63:09:0102161:663;Земельный участок;Самарская область, Автозаводский район, г. Тольятти, ул. Заставная;6381,0;Постоянное (бессрочное) пользование
2284;П1100000028518;63:09:0102161:664;Земельный участок;Самарская область, Автозаводский район, г. Тольятти, ул. Заставная;12,6;Постоянное (бессрочное) пользование
2285;П1100000030059;63:09:0102153:706;Земельный участок;Самарская область, Автозаводский район, г. Тольятти, ул. Заставная;9430,0;Муниципальная казна
2286;П1100000030034;63:09:0102152:687;Земельный участок;Самарская область, Автозаводский район, г. Тольятти, ул. Дзержинского, участок 68А;3873,0;Муниципальная казна
2287;П1100000028823;63:09:0000000:2593;Земельный участок;Самарская область, Автозаводский район, г. Тольятти, ул. Дзержинского, северо-западнее XXV-ДС-5;144,0;Муниципальная казна
2288;П1100000029900;63:09:0000000:2563;Земельный участок;Самарская область, Автозаводский район, г. Тольятти, ул. Дзержинского, северо-восточнее жилого дома № 62;102,0;Муниципальная казна
2289;П1100000028812;63:09:0000000:2443;Земельный участок;"Самарская область, Автозаводский район, г. Тольятти, ул. Дзержинского, район остановки общественного транспорта ""Лесопитомник''";21,0;Муниципальная казна
2290;П1100000029879;63:09:0000000:2508;Земельный участок;"Самарская область, Автозаводский район, г. Тольятти, ул. Дзержинского, район остановки общественного транспорта ""16 квартал""";87,0;Муниципальная казна
2291;П1100000031353;63:09:0000000:10037;Земельный участок;Самарская область, Автозаводский район, г. Тольятти, ул. Дзержинского, от Московского проспекта до улицы 40 лет Победы;79766,0;Муниципальная казна
2292;П1100000028574;63:09:0000000:2444;Земельный участок;"Самарская область, Автозаводский район, г. Тольятти, ул. Дзержинского, остановка общественного транспорта ""Школа искусств""";117,0;Муниципальная казна
2293;П1100000029370;63:09:0101150:724;Земельный участок;"Самарская область, Автозаводский район, г. Тольятти, ул. Дзержинского, напротив квартала 2, восточнее ГСК-25 ""Чайка""";203,0;Муниципальная казна
2294;П1100000029896;63:09:0000000:2556;Земельный участок;"Самарская область, Автозаводский район, г. Тольятти, ул. Дзержинского, на ООТ ""ул.Дзержинского""";110,0;Муниципальная казна
2295;П1100000028399;63:09:0101162:11031;Земельный участок;Самарская область, Автозаводский район, г. Тольятти, ул. Дзержинского, на земельном участке расположено здание, имеющее адрес: ул. Дзержинского,39;23235,0;Постоянное (бессрочное) пользование
2296;П1100000028576;63:09:0000000:2448;Земельный участок;Самарская область, Автозаводский район, г. Тольятти, ул. Дзержинского, квартал № 4, севернее школы искусств;30,0;Муниципальная казна
2297;П1100000030058;63:09:0102153:704;Земельный участок;Самарская область, Автозаводский район, г. Тольятти, ул. Дзержинского, д. 94;1137,0;Муниципальная казна
2298;П1100000029964;63:09:0102153:632;Земельный участок;Самарская область, Автозаводский район, г. Тольятти, ул. Дзержинского, д. 94;8425,0;Муниципальная казна
2299;П1100000029164;63:09:0102153:707;Земельный участок;Самарская область, Автозаводский район, г. Тольятти, ул. Дзержинского, д. 92, стр. А;948,0;Муниципальная казна
2300;П1100000031330;63:09:0102153:546;Земельный участок;Самарская область, Автозаводский район, г. Тольятти, ул. Дзержинского, д. 88;9832,0;Постоянное (бессрочное) пользование
2301;П1100000028447;63:09:0101159:45;Земельный участок;Самарская область, Автозаводский район, г. Тольятти, ул. Дзержинского, д. 77, стр. а;1268,0;Муниципальная казна
2302;П1100000030035;63:09:0102152:688;Земельный участок;Самарская область, Автозаводский район, г. Тольятти, ул. Дзержинского, д. 70;9685,0;Муниципальная казна
2303;П1100000029949;63:09:0000000:2741;Земельный участок;Самарская область, Автозаводский район, г. Тольятти, ул. Дзержинского, д. 68, стр. А;222,0;Муниципальная казна
2304;П1100000027978;63:09:0101159:9428;Земельный участок;Самарская область, Автозаводский район, г. Тольятти, ул. Дзержинского, д. 67;8901,0;Муниципальная казна
2305;П1100000027703;63:09:0101161:16;Земельный участок;Самарская область, Автозаводский район, г. Тольятти, ул. Дзержинского, д. 51;27389,0;Постоянное (бессрочное) пользование
2306;П1100000027699;63:09:0101161:7;Земельный участок;Самарская область, Автозаводский район, г. Тольятти, ул. Дзержинского, д. 47, квартал 4;11627,0;Муниципальная казна
2307;П1100000002240;63:09:0101152:32;Земельный участок;Самарская область, Автозаводский район, г. Тольятти, ул. Дзержинского, д. 40;17346,0;Муниципальная казна
2308;П1100000030948;63:09:0101162:619;Земельный участок;Самарская область, Автозаводский район, г. Тольятти, ул. Дзержинского, д. 35, стр. Б;137,0;Муниципальная казна
2309;П1100000030133;63:09:0000000:2575;Земельный участок;Самарская область, Автозаводский район, г. Тольятти, ул. Дзержинского, д. 35, стр. б;245,0;Муниципальная казна
2310;П1100000029653;63:09:0101162:557;Земельный участок;Самарская область, Автозаводский район, г. Тольятти, ул. Дзержинского, д. 27А;8149,0;Муниципальная казна
2311;П1100000029655;63:09:0101162:622;Земельный участок;Самарская область, Автозаводский район, г. Тольятти, ул. Дзержинского, д. 27, стр. А;37,0;Муниципальная казна
2312;П1100000029903;63:09:0000000:2573;Земельный участок;Самарская область, Автозаводский район, г. Тольятти, ул. Дзержинского, д. 25, стр. Б;564,0;Муниципальная казна
2313;П1100000029353;63:09:0101150:37;Земельный участок;Самарская область, Автозаводский район, г. Тольятти, ул. Дзержинского, д. 21, квартал 12;14588,0;Муниципальная казна
2314;П1100000029355;63:09:0101150:698;Земельный участок;Самарская область, Автозаводский район, г. Тольятти, ул. Дзержинского, д. 17А;1312,0;Постоянное (бессрочное) пользование
2315;П1100000029356;63:09:0101150:699;Земельный участок;Самарская область, Автозаводский район, г. Тольятти, ул. Дзержинского, д. 17, стр. А;11319,0;Муниципальная казна
2316;П1100000018930;63:09:0101151:20;Земельный участок;Самарская область, Автозаводский район, г. Тольятти, ул. Дзержинского, д. 11, стр. а;10883,0;Муниципальная казна
2317;П1100000028034;63:09:0101151:19;Земельный участок;Самарская область, Автозаводский район, г. Тольятти, ул. Дзержинского, д. 1;12139,0;Постоянное (бессрочное) пользование
2318;П1100000029631;63:09:0101161:14;Земельный участок;Самарская область, Автозаводский район, г. Тольятти, ул. Дзержинского, восточнее жилого дома № 45;175,0;Муниципальная казна
2319;П1100000029131;63:09:0101153:14393;Земельный участок;Самарская область, Автозаводский район, г. Тольятти, ул. Дзержинского;194,0;Муниципальная казна
2320;П1100000029351;63:09:0101150:1;Земельный участок;Самарская область, Автозаводский район, г. Тольятти, ул. Дзержинского;22,0;Муниципальная казна
2321;П1100000029908;63:09:0000000:2592;Земельный участок;Самарская область, Автозаводский район, г. Тольятти, ул. Дзержинского;399,0;Муниципальная казна
2322;П1100000028705;63:09:0000000:2569;Земельный участок;Самарская область, Автозаводский район, г. Тольятти, ул. Дзержинского;423,0;Муниципальная казна
2323;П1100000029162;63:09:0102152:706;Земельный участок;Самарская область, Автозаводский район, г. Тольятти, ул. Воскресенская, южнее территории Профессионального училища №47;745,0;Муниципальная казна
2324;П1100000028843;63:09:0102153:542;Земельный участок;Самарская область, Автозаводский район, г. Тольятти, ул. Воскресенская, северо-восточнее территории ГСК № 66;2130,0;Муниципальная казна
2325;П1100000030056;63:09:0102153:575;Земельный участок;Самарская область, Автозаводский район, г. Тольятти, ул. Воскресенская, д. 9;5330,0;Муниципальная казна
2326;П1100000030054;63:09:0102153:543;Земельный участок;Самарская область, Автозаводский район, г. Тольятти, ул. Воскресенская, д. 10;3686,0;Муниципальная казна
2327;П1100000029963;63:09:0000000:2763;Земельный участок;Самарская область, Автозаводский район, г. Тольятти, ул. Воскресенская, (разд. полоса), у рынка.;14,0;Муниципальная казна
2328;П1100000029901;63:09:0000000:2564;Земельный участок;Самарская область, Автозаводский район, г. Тольятти, ул. Ворошилова, южнее дома ХХII-маг-1;152,0;Муниципальная казна
2329;П1100000029109;63:09:0000000:2432;Земельный участок;Самарская область, Автозаводский район, г. Тольятти, ул. Ворошилова, южнее дома 4А;204,0;Муниципальная казна
2330;П1100000029654;63:09:0101162:572;Земельный участок;"Самарская область, Автозаводский район, г. Тольятти, ул. Ворошилова, ЧП Кривченко, ООТ ""10 квартал""";97,0;Муниципальная казна
2331;П1100000029130;63:09:0101150:721;Земельный участок;Самарская область, Автозаводский район, г. Тольятти, ул. Ворошилова, севернее жилого дома № 53;26,0;Муниципальная казна
2332;П1100000028741;63:09:0102155:1;Земельный участок;Самарская область, Автозаводский район, г. Тольятти, ул. Ворошилова, район пересечения с Южным шоссе;657,0;Муниципальная казна
2333;П1100000029369;63:09:0101150:723;Земельный участок;"Самарская область, Автозаводский район, г. Тольятти, ул. Ворошилова, район остановки общественного транспорта ""ул. Ворошилова""";26,0;Муниципальная казна
2334;П1100000029928;63:09:0000000:2708;Земельный участок;"Самарская область, Автозаводский район, г. Тольятти, ул. Ворошилова, район остановки общественного транспорта ""Кафе ""Каскад""
";106,0;Муниципальная казна
2335;П1100000029902;63:09:0000000:2566;Земельный участок;"Самарская область, Автозаводский район, г. Тольятти, ул. Ворошилова, западнее магазина ""Колос""";25,0;Муниципальная казна
2336;П1100000028018;63:09:0101162:621;Земельный участок;Самарская область, Автозаводский район, г. Тольятти, ул. Ворошилова, д. 8;11946,0;Постоянное (бессрочное) пользование
2337;П1100000029943;63:09:0000000:2733;Земельный участок;Самарская область, Автозаводский район, г. Тольятти, ул. Ворошилова, д. 73;137,0;Муниципальная казна
2338;П1100000029923;63:09:0000000:2696;Земельный участок;Самарская область, Автозаводский район, г. Тольятти, ул. Ворошилова, д. 73;1404,0;Муниципальная казна
2339;П1100000029842;63:09:0101167:572;Земельный участок;Самарская область, Автозаводский район, г. Тольятти, ул. Ворошилова, д. 73;2064,0;Муниципальная казна
2340;П1100000027496;63:09:0101167:6;Земельный участок;Самарская область, Автозаводский район, г. Тольятти, ул. Ворошилова, д. 65, стр. а;11310,0;Муниципальная казна
2341;П1100000027499;63:09:0101167:18;Земельный участок;Самарская область, Автозаводский район, г. Тольятти, ул. Ворошилова, д. 61, квартал 13;11723,0;Муниципальная казна
2342;П1100000030172;63:09:0101167:568;Земельный участок;Самарская область, Автозаводский район, г. Тольятти, ул. Ворошилова, д. 57;3586,0;Муниципальная казна
2343;П1100000027500;63:09:0101167:19;Земельный участок;Самарская область, Автозаводский район, г. Тольятти, ул. Ворошилова, д. 51;12680,0;Муниципальная казна
2344;П1100000030864;63:09:0101150:524;Земельный участок;Самарская область, Автозаводский район, г. Тольятти, ул. Ворошилова, д. 37;29163,0;Постоянное (бессрочное) пользование
2345;П1100000029801;63:09:0000000:2434;Земельный участок;Самарская область, Автозаводский район, г. Тольятти, ул. Ворошилова, д. 33;2166,0;Муниципальная казна
2346;П1100000028312;63:09:0101166:542;Земельный участок;Самарская область, Автозаводский район, г. Тольятти, ул. Ворошилова, д. 32, школа 64;26812,0;Постоянное (бессрочное) пользование
2347;П1100000002337;63:09:0101152:33;Земельный участок;Самарская область, Автозаводский район, г. Тольятти, ул. Ворошилова, д. 3;33514,0;Постоянное (бессрочное) пользование
2348;П1100000027404;63:09:0101166:505;Земельный участок;Самарская область, Автозаводский район, г. Тольятти, ул. Ворошилова, д. 28;29538,0;Постоянное (бессрочное) пользование
2349;П1100000029892;63:09:0000000:2552;Земельный участок;Самарская область, Автозаводский район, г. Тольятти, ул. Ворошилова, д. 27, стр. А;758,0;Муниципальная казна
2350;П1100000002339;63:09:0101152:39;Земельный участок;Самарская область, Автозаводский район, г. Тольятти, ул. Ворошилова, д. 21;28213,0;Постоянное (бессрочное) пользование
2351;П1100000029929;63:09:0000000:2709;Земельный участок;Самарская область, Автозаводский район, г. Тольятти, ул. Ворошилова, д. 20, стр. а;254,0;Муниципальная казна
2352;П1100000029652;63:09:0101162:550;Земельный участок;Самарская область, Автозаводский район, г. Тольятти, ул. Ворошилова, д. 16, стр. А;5441,0;Муниципальная казна
2353;П1100000029800;63:09:0000000:2433;Земельный участок;Самарская область, Автозаводский район, г. Тольятти, ул. Ворошилова, д. 16, стр. а;790,0;Муниципальная казна
2354;П1100000027174;63:09:0101162:23;Земельный участок;Самарская область, Автозаводский район, г. Тольятти, ул. Ворошилова, д. 14;11533,0;Муниципальная казна
2355;П1100000002238;63:09:0101152:29;Земельный участок;Самарская область, Автозаводский район, г. Тольятти, ул. Ворошилова, д. 13;10984,0;Постоянное (бессрочное) пользование
2356;П1100000029651;63:09:0101162:537;Земельный участок;Самарская область, Автозаводский район, г. Тольятти, ул. Ворошилова, д. 12, стр. А;367,0;Муниципальная казна
2357;П1100000029656;63:09:0101162:627;Земельный участок;Самарская область, Автозаводский район, г. Тольятти, ул. Ворошилова, д. 12, стр. А;1400,0;Муниципальная казна
2358;П1100000029935;63:09:0000000:2718;Земельный участок;Самарская область, Автозаводский район, г. Тольятти, ул. Ворошилова, восточнее жилого дома 24;30,0;Муниципальная казна
2359;П1100000029802;63:09:0101150:586;Земельный участок;Самарская область, Автозаводский район, г. Тольятти, ул. Ворошилова, восточнее дома № 31;30,0;Муниципальная казна
2360;П1100000029005;63:09:0000000:2035;Земельный участок;Самарская область, Автозаводский район, г. Тольятти, ул. Ворошилова, в санитарно-защитной зоне на пересечении Южного шоссе и ул. Ворошилова;173,0;Муниципальная казна
2361;П1100000029805;63:09:0000000:2438;Земельный участок;Самарская область, Автозаводский район, г. Тольятти, ул. Ворошилова, в районе дома № 33;1169,0;Муниципальная казна
2362;П1100000028818;63:09:0000000:2503;Земельный участок;Самарская область, Автозаводский район, г. Тольятти, ул. Ворошилова, в квартале 12, район остановки общественного транспорта ''10 квартал'';230,0;Муниципальная казна
2363;П1100000030073;63:09:0102155:627;Земельный участок;Самарская область, Автозаводский район, г. Тольятти, ул. Ворошилова, II очередь ПКЗ;331,0;Муниципальная казна
2364;П1100000029360;63:09:0101150:706;Земельный участок;Самарская область, Автозаводский район, г. Тольятти, ул. Ворошилова;790,0;Муниципальная казна
2365;П1100000028595;63:09:0101167:1;Земельный участок;Самарская область, Автозаводский район, г. Тольятти, ул. Ворошилова;77,0;Муниципальная казна
2366;П1100000029354;63:09:0101150:548;Земельный участок;Самарская область, Автозаводский район, г. Тольятти, ул. Ворошилова;239,0;Муниципальная казна
2367;П1100000028698;63:09:0000000:2519;Земельный участок;Самарская область, Автозаводский район, г. Тольятти, ул. Ворошилова;142,0;Муниципальная казна
2368;П1100000029128;63:09:0101150:560;Земельный участок;Самарская область, Автозаводский район, г. Тольятти, ул. Ворошилова;173,0;Муниципальная казна
2369;П1100000029818;63:09:0000000:2475;Земельный участок;Самарская область, Автозаводский район, г. Тольятти, ул. Ворошилова;44,0;Муниципальная казна
2370;П1100000030097;63:09:0000000:2437;Земельный участок;Самарская область, Автозаводский район, г. Тольятти, ул. Ворошилова;97,0;Муниципальная казна
2371;П1100000029357;63:09:0101150:700;Земельный участок;Самарская область, Автозаводский район, г. Тольятти, ул. Ворошилова;105,0;Муниципальная казна
2372;П1100000029376;63:09:0101152:529;Земельный участок;Самарская область, Автозаводский район, г. Тольятти, ул. Ворошилова;138,0;Муниципальная казна
2373;П1100000028833;63:09:0101152:513;Земельный участок;Самарская область, Автозаводский район, г. Тольятти, ул. Ворошилова;112,0;Муниципальная казна
2374;П1100000029841;63:09:0101167:569;Земельный участок;Самарская область, Автозаводский район, г. Тольятти, ул. Ворошилова;200,0;Муниципальная казна
2375;П1100000029121;63:09:0000000:2570;Земельный участок;Самарская область, Автозаводский район, г. Тольятти, ул. Ворошилова;98,0;Муниципальная казна
2376;П1100000030091;63:09:0102158:645;Земельный участок;Самарская область, Автозаводский район, г. Тольятти, ул. Вокзальная, участок 94Б;13392,0;Муниципальная казна
2377;П1100000031098;63:09:0102158:1431;Земельный участок;Самарская область, Автозаводский район, г. Тольятти, ул. Вокзальная, земельный участок № 90/1;9338,0;Муниципальная казна
2378;П1100000031097;63:09:0102158:1430;Земельный участок;Самарская область, Автозаводский район, г. Тольятти, ул. Вокзальная, земельный участок № 90;7385,0;Муниципальная казна
2379;П1100000031297;63:09:0102158:1443;Земельный участок;Самарская область, Автозаводский район, г. Тольятти, ул. Вокзальная, д. 48, стр. А;153,0;Муниципальная казна
2380;П1100000030191;63:09:0102160:519;Земельный участок;Самарская область, Автозаводский район, г. Тольятти, ул. Вокзальная, д. 44, стр. А;14311,0;Муниципальная казна
2381;П1100000030192;63:09:0102160:571;Земельный участок;Самарская область, Автозаводский район, г. Тольятти, ул. Вокзальная, д. 44, Лит. А11;3223,0;Постоянное (бессрочное) пользование
2382;П1100000030196;63:09:0102160:673;Земельный участок;Самарская область, Автозаводский район, г. Тольятти, ул. Вокзальная, д. 44;463,0;Муниципальная казна
2383;П1100000030193;63:09:0102160:562;Земельный участок;Самарская область, Автозаводский район, г. Тольятти, ул. Вокзальная, д. 44;12700,0;Постоянное (бессрочное) пользование
2384;П1100000030195;63:09:0102160:670;Земельный участок;Самарская область, Автозаводский район, г. Тольятти, ул. Вокзальная, д. 44;783,0;Муниципальная казна
2385;П1100000030194;63:09:0102160:546;Земельный участок;Самарская область, Автозаводский район, г. Тольятти, ул. Вокзальная, д. 44;17180,0;Муниципальная казна
2386;П1100000031137;63:09:0102158:1435;Земельный участок;Самарская область, Автозаводский район, г. Тольятти, ул. Вокзальная;77,0;Муниципальная казна
2387;П1100000030094;63:09:0102159:582;Земельный участок;Самарская область, Автозаводский район, г. Тольятти, ул. Вокзальная;101,0;Муниципальная казна
2388;П1100000031549;63:09:0102156:1277;Земельный участок;Самарская область, Автозаводский район, г. Тольятти, ул. Вокзальная;6493,0;Муниципальная казна
2389;П1100000030142;63:09:0102158:40;Земельный участок;Самарская область, Автозаводский район, г. Тольятти, ул. Вокзальная;13107,0;Муниципальная казна
2390;П1100000030939;63:09:0102160:1502;Земельный участок;Самарская область, Автозаводский район, г. Тольятти, ул. Вокзальная;1834,0;Муниципальная казна
2391;П1100000030026;63:09:0102151:579;Земельный участок;Самарская область, Автозаводский район, г. Тольятти, ул. Ботаническая, у оп. № 29 и № 31;11,0;Муниципальная казна
2392;П1100000031532;63:09:0102152:84;Земельный участок;Самарская область, Автозаводский район, г. Тольятти, ул. Ботаническая, территория питомника ОАО АвтоВАЗагро;40624,0;Муниципальная казна
2393;П1100000030025;63:09:0102151:576;Земельный участок;Самарская область, Автозаводский район, г. Тольятти, ул. Ботаническая, разделительная полоса, район пересечения с Южным шоссе;17,0;Муниципальная казна
2394;П1100000031350;63:09:0000000:10034;Земельный участок;Самарская область, Автозаводский район, г. Тольятти, ул. Ботаническая, от улицы Дзержинского до улицы Коммунальной;144147,0;Муниципальная казна
2395;П1100000030022;63:09:0102151:530;Земельный участок;"Самарская область, Автозаводский район, г. Тольятти, ул. Ботаническая, ООО ""АгроЛадаСервис""";11,0;Муниципальная казна
2396;П1100000031358;63:09:0102152:3319;Земельный участок;Самарская область, Автозаводский район, г. Тольятти, ул. Ботаническая, земельный участок № 6/2;43,0;Муниципальная казна
2397;П1100000029942;63:09:0000000:2731;Земельный участок;Самарская область, Автозаводский район, г. Тольятти, ул. Ботаническая, д. 9, стр. Б;170,0;Муниципальная казна
2398;П1100000030047;63:09:0102152:714;Земельный участок;Самарская область, Автозаводский район, г. Тольятти, ул. Ботаническая, д. 8;2197,0;Постоянное (бессрочное) пользование
2399;П1100000030021;63:09:0102151:525;Земельный участок;Самарская область, Автозаводский район, г. Тольятти, ул. Ботаническая, д. 7, стр. А;25753,0;Муниципальная казна
2400;П1100000030020;63:09:0102151:507;Земельный участок;Самарская область, Автозаводский район, г. Тольятти, ул. Ботаническая, д. 7;3730,0;Муниципальная казна
2401;П1100000030027;63:09:0102152:30;Земельный участок;Самарская область, Автозаводский район, г. Тольятти, ул. Ботаническая, д. 6;15735,0;Муниципальная казна
2402;П1100000030029;63:09:0102152:533;Земельный участок;Самарская область, Автозаводский район, г. Тольятти, ул. Ботаническая, д. 40;8672,0;Муниципальная казна
2403;П1100000029159;63:09:0102152:553;Земельный участок;Самарская область, Автозаводский район, г. Тольятти, ул. Ботаническая, д. 32, санитарно-защитная зона;10488,0;Муниципальная казна
2404;П1100000029160;63:09:0102152:646;Земельный участок;Самарская область, Автозаводский район, г. Тольятти, ул. Ботаническая, д. 22;11356,0;Муниципальная казна
2405;П1100000030028;63:09:0102152:50;Земельный участок;Самарская область, Автозаводский район, г. Тольятти, ул. Ботаническая, д. 2, стр. А;2073,0;Муниципальная казна
2406;П1100000030031;63:09:0102152:596;Земельный участок;Самарская область, Автозаводский район, г. Тольятти, ул. Ботаническая, д. 18;2326,0;Муниципальная казна
2407;П1100000029966;63:09:0000000:2773;Земельный участок;Самарская область, Автозаводский район, г. Тольятти, ул. Ботаническая, в санитарно-защитной зоне, восточнее ГПСК-51;417,0;Муниципальная казна
2408;П1100000030048;63:09:0102152:717;Земельный участок;Самарская область, Автозаводский район, г. Тольятти, ул. Ботаническая, (разделительная полоса), севернее пересечения с ул. Дзержинского;16,0;Муниципальная казна
2409;П1100000030049;63:09:0102152:719;Земельный участок;Самарская область, Автозаводский район, г. Тольятти, ул. Ботаническая, (разделительная полоса);15,6;Муниципальная казна
2410;П1100000031311;63:09:0102151:5232;Земельный участок;Самарская область, Автозаводский район, г. Тольятти, ул. Ботаническая;2777,0;Постоянное (бессрочное) пользование
2411;П1100000031310;63:09:0102151:5226;Земельный участок;Самарская область, Автозаводский район, г. Тольятти, ул. Ботаническая;12687,0;Постоянное (бессрочное) пользование
2412;П1100000031283;63:09:0102151:5224;Земельный участок;Самарская область, Автозаводский район, г. Тольятти, ул. Ботаническая;15023,0;Постоянное (бессрочное) пользование
2413;П1100000031284;63:09:0102151:5235;Земельный участок;Самарская область, Автозаводский район, г. Тольятти, ул. Ботаническая;589,0;Постоянное (бессрочное) пользование
2414;П1100000029161;63:09:0102152:682;Земельный участок;Самарская область, Автозаводский район, г. Тольятти, ул. Борковская, севернее территории производственной базы ТОО ПКФ ''Восходстройиндустрия'';84,0;Муниципальная казна
2415;П1100000028737;63:09:0102152:711;Земельный участок;Самарская область, Автозаводский район, г. Тольятти, ул. Борковская, санитарно-защитная зона, севернее территории крытого рынка;23256,0;Муниципальная казна
2416;П1100000030043;63:09:0102152:704;Земельный участок;Самарская область, Автозаводский район, г. Тольятти, ул. Борковская, район пересечения с Южным шоссе;14,0;Муниципальная казна
2417;П1100000030037;63:09:0102152:690;Земельный участок;Самарская область, Автозаводский район, г. Тольятти, ул. Борковская, район крытого рынка;11,3;Муниципальная казна
2418;П1100000030033;63:09:0102152:685;Земельный участок;Самарская область, Автозаводский район, г. Тольятти, ул. Борковская, разделительная полоса, опора № 88;15,6;Муниципальная казна
2419;П1100000030032;63:09:0102152:684;Земельный участок;Самарская область, Автозаводский район, г. Тольятти, ул. Борковская, разделительная полоса, опора № 47;15,6;Муниципальная казна
2420;П1100000030039;63:09:0102152:699;Земельный участок;Самарская область, Автозаводский район, г. Тольятти, ул. Борковская, разделительная полоса южнее магистрального канала;16,0;Муниципальная казна
2421;П1100000030044;63:09:0102152:705;Земельный участок;Самарская область, Автозаводский район, г. Тольятти, ул. Борковская, разделительная полоса;8,0;Муниципальная казна
2422;П1100000030090;63:09:0102158:636;Земельный участок;Самарская область, Автозаводский район, г. Тольятти, ул. Борковская, Промкомзона;20,0;Муниципальная казна
2423;П1100000030051;63:09:0102152:723;Земельный участок;Самарская область, Автозаводский район, г. Тольятти, ул. Борковская, напротив крытого рынка;16,0;Муниципальная казна
2424;П1100000030036;63:09:0102152:689;Земельный участок;"Самарская область, Автозаводский район, г. Тольятти, ул. Борковская, на ООТ ""Энергетик""";102,0;Муниципальная казна
2425;П1100000031298;63:09:0102159:830;Земельный участок;Самарская область, Автозаводский район, г. Тольятти, ул. Борковская, земельный участок № 56А;704,0;Муниципальная казна
2426;П1100000030093;63:09:0102158:71;Земельный участок;Самарская область, Автозаводский район, г. Тольятти, ул. Борковская, д. 8;4978,0;Муниципальная казна
2427;П1100000029158;63:09:0102152:45;Земельный участок;Самарская область, Автозаводский район, г. Тольятти, ул. Борковская, д. 69;2749,0;Муниципальная казна
2428;П1100000030086;63:09:0102158:537;Земельный участок;Самарская область, Автозаводский район, г. Тольятти, ул. Борковская, д. 38, стр. А;470,0;Муниципальная казна
2429;П1100000030137;63:09:0102160:674;Земельный участок;Самарская область, Автозаводский район, г. Тольятти, ул. Борковская, д. 11;89978,0;Муниципальная казна
2430;П1100000030050;63:09:0102152:721;Земельный участок;Самарская область, Автозаводский район, г. Тольятти, ул. Борковская, в санитарно-защитной зоне;11367,0;Муниципальная казна
2431;П1100000028949;63:09:0102152:683;Земельный участок;Самарская область, Автозаводский район, г. Тольятти, ул. Борковская, в промышленно-коммунальной зоне;140,0;Муниципальная казна
2432;П1100000030042;63:09:0102152:703;Земельный участок;"Самарская область, Автозаводский район, г. Тольятти, ул. Борковская, (разделительная полоса), напротив ЗАО ""ВИС С""";16,0;Муниципальная казна
2433;П1100000030046;63:09:0102152:712;Земельный участок;Самарская область, Автозаводский район, г. Тольятти, ул. Борковская, (разделительная полоса);15,6;Муниципальная казна
2434;П1100000028525;63:09:0102159:560;Земельный участок;Самарская область, Автозаводский район, г. Тольятти, ул. Борковская;17,0;Муниципальная казна
2435;П1100000028530;63:09:0102159:592;Земельный участок;Самарская область, Автозаводский район, г. Тольятти, ул. Борковская;310,0;Муниципальная казна
2436;П1100000028537;63:09:0102159:615;Земельный участок;Самарская область, Автозаводский район, г. Тольятти, ул. Борковская;1278,0;Муниципальная казна
2437;П1100000028528;63:09:0102159:587;Земельный участок;Самарская область, Автозаводский район, г. Тольятти, ул. Борковская;1154,0;Муниципальная казна
2438;П1100000028536;63:09:0102159:613;Земельный участок;Самарская область, Автозаводский район, г. Тольятти, ул. Борковская;787,0;Муниципальная казна
2439;П1100000028540;63:09:0102159:573;Земельный участок;Самарская область, Автозаводский район, г. Тольятти, ул. Борковская;298,0;Муниципальная казна
2440;П1100000028534;63:09:0102159:608;Земельный участок;Самарская область, Автозаводский район, г. Тольятти, ул. Борковская;174,0;Муниципальная казна
2441;П1100000030030;63:09:0102152:590;Земельный участок;Самарская область, Автозаводский район, г. Тольятти, ул. Борковская;146,0;Муниципальная казна
2442;П1100000028533;63:09:0102159:601;Земельный участок;Самарская область, Автозаводский район, г. Тольятти, ул. Борковская;1954,0;Муниципальная казна
2443;П1100000028539;63:09:0102159:614;Земельный участок;Самарская область, Автозаводский район, г. Тольятти, ул. Борковская;54,0;Муниципальная казна
2444;П1100000028815;63:09:0000000:2489;Земельный участок;Самарская область, Автозаводский район, г. Тольятти, ул. Автостроителей, южнее магазина ''Новинка'';37,0;Муниципальная казна
2445;П1100000029218;63:09:0000000:1132;Земельный участок;"Самарская область, Автозаводский район, г. Тольятти, ул. Автостроителей, южнее магазина ""Новинка""";27,0;Муниципальная казна
2446;П1100000028725;63:09:0101156:616;Земельный участок;Самарская область, Автозаводский район, г. Тольятти, ул. Автостроителей, южнее жилого дома № 6;163,0;Муниципальная казна
2447;П1100000029995;63:09:0000000:908;Земельный участок;Самарская область, Автозаводский район, г. Тольятти, ул. Автостроителей, северо-западнее дома № 17;196,0;Муниципальная казна
2448;П1100000029115;63:09:0000000:2490;Земельный участок;Самарская область, Автозаводский район, г. Тольятти, ул. Автостроителей, севернее магазина ''Новинка'';92,0;Муниципальная казна
2449;П1100000028696;63:09:0000000:2492;Земельный участок;"Самарская область, Автозаводский район, г. Тольятти, ул. Автостроителей, севернее магазина ""Новинка""";48,0;Муниципальная казна
2450;П1100000028702;63:09:0000000:2543;Земельный участок;Самарская область, Автозаводский район, г. Тольятти, ул. Автостроителей, севернее жилого дома № 42;30,0;Муниципальная казна
2451;П1100000029399;63:09:0101155:20;Земельный участок;Самарская область, Автозаводский район, г. Тольятти, ул. Автостроителей, севернее дома поз. 38-Г;1782,0;Муниципальная казна
2452;П1100000030159;63:09:0101151:10;Земельный участок;"Самарская область, Автозаводский район, г. Тольятти, ул. Автостроителей, район остановки общественного транспорта ""12 квартал""";123,0;Муниципальная казна
2453;П1100000028814;63:09:0000000:2488;Земельный участок;Самарская область, Автозаводский район, г. Тольятти, ул. Автостроителей, район остановки общественного транспорта;26,0;Муниципальная казна
2454;П1100000029116;63:09:0000000:2493;Земельный участок;"Самарская область, Автозаводский район, г. Тольятти, ул. Автостроителей, район магазина ""Новинка""";26,0;Муниципальная казна
2455;П1100000029118;63:09:0000000:2520;Земельный участок;Самарская область, Автозаводский район, г. Тольятти, ул. Автостроителей, район дома №27;302,0;Муниципальная казна
2456;П1100000029895;63:09:0000000:2555;Земельный участок;"Самарская область, Автозаводский район, г. Тольятти, ул. Автостроителей, ООТ ""Заводская""";433,0;Муниципальная казна
2457;П1100000028581;63:09:0101156:617;Земельный участок;Самарская область, Автозаводский район, г. Тольятти, ул. Автостроителей, квартал № 19, район жилого дома XXXIII-Б-II;91,0;Муниципальная казна
2458;П1100000029893;63:09:0000000:2553;Земельный участок;Самарская область, Автозаводский район, г. Тольятти, ул. Автостроителей, квартал 14;5298,0;Муниципальная казна
2459;П1100000029823;63:09:0101150:585;Земельный участок;Самарская область, Автозаводский район, г. Тольятти, ул. Автостроителей, квартал 12;4577,0;Муниципальная казна
2460;П1100000031535;63:09:0101152:13074;Земельный участок;Самарская область, Автозаводский район, г. Тольятти, ул. Автостроителей, земельный участок №54В;840,0;Муниципальная казна
2461;П1100000031548;63:09:0101152:13181;Земельный участок;Самарская область, Автозаводский район, г. Тольятти, ул. Автостроителей, земельный участок №26;988,0;Постоянное (бессрочное) пользование
2462;П1100000031406;63:09:0101152:12987;Земельный участок;Самарская область, Автозаводский район, г. Тольятти, ул. Автостроителей, земельный участок № 56А/1;582,0;Муниципальная казна
2463;П1100000031152;63:09:0101152:12633;Земельный участок;Самарская область, Автозаводский район, г. Тольятти, ул. Автостроителей, земельный участок № 56А;2113,0;Муниципальная казна
2464;П1100000018885;63:09:0101150:18;Земельный участок;Самарская область, Автозаводский район, г. Тольятти, ул. Автостроителей, д. 92, квартал 12;24231,0;Постоянное (бессрочное) пользование
2465;П1100000018892;63:09:0101150:516;Земельный участок;Самарская область, Автозаводский район, г. Тольятти, ул. Автостроителей, д. 84;26400,0;Постоянное (бессрочное) пользование
2466;П1100000029127;63:09:0101150:710;Земельный участок;Самарская область, Автозаводский район, г. Тольятти, ул. Автостроителей, д. 80;3521,0;Муниципальная казна
2467;П1100000018889;63:09:0101150:29;Земельный участок;Самарская область, Автозаводский район, г. Тольятти, ул. Автостроителей, д. 76, квартал 12;10641,0;Муниципальная казна
2468;П1100000029898;63:09:0000000:2558;Земельный участок;Самарская область, Автозаводский район, г. Тольятти, ул. Автостроителей, д. 68, стр. А;5027,0;Муниципальная казна
2469;П1100000028267;63:09:0101151:5857;Земельный участок;Самарская область, Автозаводский район, г. Тольятти, ул. Автостроителей, д. 57;2408,0;Муниципальная казна
2470;П1100000029268;63:09:0000000:2516;Земельный участок;Самарская область, Автозаводский район, г. Тольятти, ул. Автостроителей, д. 56;1504,0;Муниципальная казна
2471;П1100000018937;63:09:0101151:22;Земельный участок;Самарская область, Автозаводский район, г. Тольятти, ул. Автостроителей, д. 51;10816,0;Муниципальная казна
2472;П1100000018936;63:09:0101151:21;Земельный участок;Самарская область, Автозаводский район, г. Тольятти, ул. Автостроителей, д. 45;10623,0;Муниципальная казна
2473;П1100000028464;63:09:0101152:23;Земельный участок;Самарская область, Автозаводский район, г. Тольятти, ул. Автостроителей, д. 40, стр. а;2056,0;Муниципальная казна
2474;П1100000002239;63:09:0101152:31;Земельный участок;Самарская область, Автозаводский район, г. Тольятти, ул. Автостроителей, д. 30, основное здание;10310,0;Муниципальная казна
2475;П1100000002036;63:09:0101153:20;Земельный участок;Самарская область, Автозаводский район, г. Тольятти, ул. Автостроителей, д. 29, квартал 16;10927,0;Муниципальная казна
2476;П1100000028105;63:09:0101153:12501;Земельный участок;Самарская область, Автозаводский район, г. Тольятти, ул. Автостроителей, д. 19;10460,0;Постоянное (бессрочное) пользование
2477;П1100000015832;63:09:0101150:551;Земельный участок;Самарская область, Автозаводский район, г. Тольятти, ул. Автостроителей, д. 104, стр. А;1195,0;Муниципальная казна
2478;П1100000029599;63:09:0101156:630;Земельный участок;Самарская область, Автозаводский район, г. Тольятти, ул. Автостроителей, д. 1, стр. А;1422,0;Муниципальная казна
2479;П1100000028813;63:09:0000000:2487;Земельный участок;Самарская область, Автозаводский район, г. Тольятти, ул. Автостроителей, восточнее жилого дома № 94;400,0;Муниципальная казна
2480;П1100000030111;63:09:0000000:2542;Земельный участок;Самарская область, Автозаводский район, г. Тольятти, ул. Автостроителей, в районе д.40;14,0;Муниципальная казна
2481;П1100000028862;63:09:0101153:1;Земельный участок;Самарская область, Автозаводский район, г. Тольятти, ул. Автостроителей;194,0;Муниципальная казна
2482;П1100000029882;63:09:0000000:2514;Земельный участок;Самарская область, Автозаводский район, г. Тольятти, ул. Автостроителей;66,0;Муниципальная казна
2483;П1100000030158;63:09:0101151:1;Земельный участок;Самарская область, Автозаводский район, г. Тольятти, ул. Автостроителей;108,0;Муниципальная казна
2484;П1100000029598;63:09:0101156:626;Земельный участок;Самарская область, Автозаводский район, г. Тольятти, ул. Автостроителей;2369,0;Муниципальная казна
2485;П1100000030949;63:09:0101151:510;Земельный участок;Самарская область, Автозаводский район, г. Тольятти, ул. Автостроителей;136,0;Муниципальная казна
2486;П1100000029381;63:09:0101153:12674;Земельный участок;Самарская область, Автозаводский район, г. Тольятти, ул. Автостроителей;32,0;Муниципальная казна
2487;П1100000029822;63:09:0000000:2496;Земельный участок;Самарская область, Автозаводский район, г. Тольятти, ул. Автостроителей;109,0;Муниципальная казна
2488;П1100000029880;63:09:0000000:2511;Земельный участок;Самарская область, Автозаводский район, г. Тольятти, ул. Автостроителей;22,0;Муниципальная казна
2489;П1100000029427;63:09:0101155:622;Земельный участок;Самарская область, Автозаводский район, г. Тольятти, ул. 70 лет Октября, южнее дома № 6;111,0;Муниципальная казна
2490;П1100000028835;63:09:0101153:678;Земельный участок;Самарская область, Автозаводский район, г. Тольятти, ул. 70 лет Октября, северо-восточнее жилого дома № 15;125,0;Муниципальная казна
2491;П1100000030134;63:09:0101155:625;Земельный участок;Самарская область, Автозаводский район, г. Тольятти, ул. 70 лет Октября, севернее ж.д. № 48;30,0;Муниципальная казна
2492;П1100000029378;63:09:0101152:629;Земельный участок;"Самарская область, Автозаводский район, г. Тольятти, ул. 70 лет Октября, севернее гостиницы ""Лада""";45,5;Муниципальная казна
2493;П1100000031370;63:09:0101153:661;Земельный участок;"Самарская область, Автозаводский район, г. Тольятти, ул. 70 лет Октября, р-н магазина ""Деликатесы""";29,0;Муниципальная казна
2494;П1100000029887;63:09:0000000:2534;Земельный участок;Самарская область, Автозаводский район, г. Тольятти, ул. 70 лет Октября, район остановки общественного транспорта ''Гостиница Лада'';107,0;Муниципальная казна
2495;П1100000028910;63:09:0101153:676;Земельный участок;Самарская область, Автозаводский район, г. Тольятти, ул. 70 лет Октября, район остановки общественного транспорта ''Б.Рябиновый'';116,0;Муниципальная казна
2496;П1100000028642;63:09:0101155:605;Земельный участок;"Самарская область, Автозаводский район, г. Тольятти, ул. 70 лет Октября, район остановки общественного транспорта ""Цветной бульвар""";225,0;Муниципальная казна
2497;П1100000028913;63:09:0101155:595;Земельный участок;"Самарская область, Автозаводский район, г. Тольятти, ул. 70 лет Октября, район остановки общественного транспорта ""ул. 70 лет Октября""";141,0;Муниципальная казна
2498;П1100000029597;63:09:0101156:623;Земельный участок;Самарская область, Автозаводский район, г. Тольятти, ул. 70 лет Октября, район жилого дома № 48;34,0;Муниципальная казна
2499;П1100000029420;63:09:0101155:599;Земельный участок;Самарская область, Автозаводский район, г. Тольятти, ул. 70 лет Октября, район жилого дома № 42;276,0;Муниципальная казна
2500;П1100000028726;63:09:0101156:636;Земельный участок;Самарская область, Автозаводский район, г. Тольятти, ул. 70 лет Октября, квартал 19;321,0;Муниципальная казна
2501;П1100000028909;63:09:0101152:631;Земельный участок;"Самарская область, Автозаводский район, г. Тольятти, ул. 70 лет Октября, квартал 15, северо-восточнее гостиницы ""Лада""";784,0;Муниципальная казна
2502;П1100000031429;63:09:0101154:7869;Земельный участок;Самарская область, Автозаводский район, г. Тольятти, ул. 70 лет Октября, земельный участок №5А;3132,0;Муниципальная казна
2503;П1100000031109;63:09:0101154:7546;Земельный участок;Самарская область, Автозаводский район, г. Тольятти, ул. 70 лет Октября, земельный участок № 9Б;229,0;Муниципальная казна
2504;П1100000029374;63:09:0101152:502;Земельный участок;Самарская область, Автозаводский район, г. Тольятти, ул. 70 лет Октября, земельный участок 57-а.;147,0;Муниципальная казна
2505;П1100000028722;63:09:0101155:593;Земельный участок;Самарская область, Автозаводский район, г. Тольятти, ул. 70 лет Октября, западнее жилого дома XXXV-Г;12,0;Муниципальная казна
2506;П1100000029389;63:09:0101153:674;Земельный участок;Самарская область, Автозаводский район, г. Тольятти, ул. 70 лет Октября, западнее жилого дома 29;20,0;Муниципальная казна
2507;П1100000029417;63:09:0101155:591;Земельный участок;Самарская область, Автозаводский район, г. Тольятти, ул. 70 лет Октября, западнее жилого дома 16;16,4;Муниципальная казна
2508;П1100000029601;63:09:0101156:635;Земельный участок;Самарская область, Автозаводский район, г. Тольятти, ул. 70 лет Октября, д. 60, стр. А;2692,0;Постоянное (бессрочное) пользование
2509;П1100000029382;63:09:0101153:2;Земельный участок;Самарская область, Автозаводский район, г. Тольятти, ул. 70 лет Октября, д. 47;158,0;Муниципальная казна
2510;П1100000028306;63:09:0101156:16;Земельный участок;Самарская область, Автозаводский район, г. Тольятти, ул. 70 лет Октября, д. 44;11578,0;Постоянное (бессрочное) пользование
2511;П1100000030908;63:09:0101156:11342;Земельный участок;Самарская область, Автозаводский район, г. Тольятти, ул. 70 лет Октября, д. 38;2977,0;Муниципальная казна
2512;П1100000029388;63:09:0101153:670;Земельный участок;Самарская область, Автозаводский район, г. Тольятти, ул. 70 лет Октября, д. 33, стр. А;1754,0;Муниципальная казна
2513;П1100000029390;63:09:0101153:677;Земельный участок;Самарская область, Автозаводский район, г. Тольятти, ул. 70 лет Октября, восточнее жилого дома № 23;181,0;Муниципальная казна
2514;П1100000029391;63:09:0101153:679;Земельный участок;"Самарская область, Автозаводский район, г. Тольятти, ул. 70 лет Октября, в районе остановки общественного транспорта ""ул. 70 Лет Октября""";131,0;Муниципальная казна
2515;П1100000028580;63:09:0101155:609;Земельный участок;Самарская область, Автозаводский район, г. Тольятти, ул. 70 лет Октября, 16-ый квартал;228,0;Муниципальная казна
2516;П1100000028720;63:09:0101155:588;Земельный участок;Самарская область, Автозаводский район, г. Тольятти, ул. 70 лет Октября;818,0;Муниципальная казна
2517;П1100000029418;63:09:0101155:594;Земельный участок;Самарская область, Автозаводский район, г. Тольятти, ул. 70 лет Октября;31,0;Муниципальная казна
2518;П1100000028721;63:09:0101155:592;Земельный участок;Самарская область, Автозаводский район, г. Тольятти, ул. 70 лет Октября;24,0;Муниципальная казна
2519;П1100000028723;63:09:0101155:596;Земельный участок;Самарская область, Автозаводский район, г. Тольятти, ул. 70 лет Октября;2043,0;Муниципальная казна
2520;П1100000030821;63:09:0101155:632;Земельный участок;Самарская область, Автозаводский район, г. Тольятти, ул. 70 лет Октября;50,0;Муниципальная казна
2521;П1100000029419;63:09:0101155:598;Земельный участок;Самарская область, Автозаводский район, г. Тольятти, ул. 70 лет Октября;25,0;Муниципальная казна
2522;П1100000029886;63:09:0000000:2533;Земельный участок;Самарская область, Автозаводский район, г. Тольятти, ул. 70 лет Октября;3133,0;Муниципальная казна
2523;П1100000029416;63:09:0101155:589;Земельный участок;Самарская область, Автозаводский район, г. Тольятти, ул. 70 лет Октября;244,0;Муниципальная казна
2524;П1100000028912;63:09:0101155:590;Земельный участок;Самарская область, Автозаводский район, г. Тольятти, ул. 70 лет Октября;154,0;Муниципальная казна
2525;П1100000029392;63:09:0101153:680;Земельный участок;Самарская область, Автозаводский район, г. Тольятти, ул. 70 лет Октября;1197,0;Муниципальная казна
2526;П1100000029379;63:09:0101152:630;Земельный участок;Самарская область, Автозаводский район, г. Тольятти, ул. 70 лет Октября;6244,0;Муниципальная казна
2527;П1100000028836;63:09:0101155:604;Земельный участок;Самарская область, Автозаводский район, г. Тольятти, ул. 70 лет Октября;296,0;Муниципальная казна
2528;П1100000029595;63:09:0101156:524;Земельный участок;Самарская область, Автозаводский район, г. Тольятти, ул. 70 лет Октября;209,0;Муниципальная казна
2529;П1100000028559;63:09:0000000:1126;Земельный участок;Самарская область, Автозаводский район, г. Тольятти, ул. 70 лет Октября;143,0;Муниципальная казна
2530;П1100000029927;63:09:0000000:2706;Земельный участок;Самарская область, Автозаводский район, г. Тольятти, ул. 40 лет Победы, южнее жилого дома XXУ-С;292,0;Муниципальная казна
2531;П1100000030952;63:09:0101183:9559;Земельный участок;Самарская область, Автозаводский район, г. Тольятти, ул. 40 лет Победы, уч.41/1;5,0;Муниципальная казна
2532;П1100000030951;63:09:0101183:9558;Земельный участок;Самарская область, Автозаводский район, г. Тольятти, ул. 40 лет Победы, уч. 41/2;270,0;Муниципальная казна
2533;П1100000028735;63:09:0101183:1;Земельный участок;Самарская область, Автозаводский район, г. Тольятти, ул. 40 лет Победы, севернее медгородка;223,0;Муниципальная казна
2534;П1100000029371;63:09:0101151:15;Земельный участок;Самарская область, Автозаводский район, г. Тольятти, ул. 40 лет Победы, район жилого дома № 66.;177,0;Муниципальная казна
2535;П1100000029219;63:09:0000000:1134;Земельный участок;"Самарская область, Автозаводский район, г. Тольятти, ул. 40 лет Победы, ООТ ""Медгородок""";74,0;Муниципальная казна
2536;П1100000028700;63:09:0000000:2535;Земельный участок;Самарская область, Автозаводский район, г. Тольятти, ул. 40 лет Победы, напротив квартала №17, восточнее пересечения ул.Дзержинского и ул. 40 лет Победы;5817,0;Муниципальная казна
2537;П1100000029910;63:09:0000000:2596;Земельный участок;Самарская область, Автозаводский район, г. Тольятти, ул. 40 лет Победы, напротив квартала № 14;3461,0;Муниципальная казна
2538;П1100000028708;63:09:0000000:2585;Земельный участок;Самарская область, Автозаводский район, г. Тольятти, ул. 40 лет Победы, напротив квартала 14;6653,0;Муниципальная казна
2539;П1100000029907;63:09:0000000:2591;Земельный участок;Самарская область, Автозаводский район, г. Тольятти, ул. 40 лет Победы, напротив квартала 14;3026,0;Муниципальная казна
2540;П1100000029905;63:09:0000000:2587;Земельный участок;Самарская область, Автозаводский район, г. Тольятти, ул. 40 лет Победы, напротив 14 квартала;1977,0;Муниципальная казна
2541;П1100000029398;63:09:0101154:559;Земельный участок;Самарская область, Автозаводский район, г. Тольятти, ул. 40 лет Победы, напротив 14 квартала;400,0;Муниципальная казна
2542;П1100000028707;63:09:0000000:2583;Земельный участок;Самарская область, Автозаводский район, г. Тольятти, ул. 40 лет Победы, напротив 14 квартала;35,0;Муниципальная казна
2543;П1100000029906;63:09:0000000:2589;Земельный участок;Самарская область, Автозаводский район, г. Тольятти, ул. 40 лет Победы, напротив 14 квартала;10351,0;Муниципальная казна
2544;П1100000029122;63:09:0000000:2582;Земельный участок;Самарская область, Автозаводский район, г. Тольятти, ул. 40 лет Победы, напротив 14 квартала;9529,0;Муниципальная казна
2545;П1100000028336;63:09:0101151:517;Земельный участок;Самарская область, Автозаводский район, г. Тольятти, ул. 40 лет Победы, на земельном участке расположен объект недвижимости, имеющий адрес: улица 40 лет Победы, 86;26617,0;Постоянное (бессрочное) пользование
2546;П1100000029372;63:09:0101151:566;Земельный участок;Самарская область, Автозаводский район, г. Тольятти, ул. 40 лет Победы, квартал 21;5437,0;Муниципальная казна
2547;П1100000031103;63:09:0101151:6630;Земельный участок;Самарская область, Автозаводский район, г. Тольятти, ул. 40 лет Победы, земельный участок № 78А;17,0;Муниципальная казна
2548;П1100000031102;63:09:0101151:6629;Земельный участок;Самарская область, Автозаводский район, г. Тольятти, ул. 40 лет Победы, земельный участок № 62А;129,0;Муниципальная казна
2549;П1100000030868;63:09:0000000:2712;Земельный участок;Самарская область, Автозаводский район, г. Тольятти, ул. 40 лет Победы, д. 94, стр. а;1339,0;Муниципальная казна
2550;П1100000029931;63:09:0000000:2711;Земельный участок;Самарская область, Автозаводский район, г. Тольятти, ул. 40 лет Победы, д. 94, стр. а;326,0;Муниципальная казна
2551;П1100000028115;63:09:0101151:503;Земельный участок;Самарская область, Автозаводский район, г. Тольятти, ул. 40 лет Победы, д. 74;27077,0;Постоянное (бессрочное) пользование
2552;П1100000029941;63:09:0000000:2729;Земельный участок;Самарская область, Автозаводский район, г. Тольятти, ул. 40 лет Победы, д. 55, стр. А;124,0;Муниципальная казна
2553;П1100000029934;63:09:0000000:2716;Земельный участок;Самарская область, Автозаводский район, г. Тольятти, ул. 40 лет Победы, д. 51;7459,0;Муниципальная казна
2554;П1100000027482;63:09:0101154:28;Земельный участок;Самарская область, Автозаводский район, г. Тольятти, ул. 40 лет Победы, д. 42;25144,0;Постоянное (бессрочное) пользование
2555;П1100000027457;63:09:0101183:26;Земельный участок;Самарская область, Автозаводский район, г. Тольятти, ул. 40 лет Победы, д. 39;100,0;Муниципальная казна
2556;П1100000029933;63:09:0000000:2715;Земельный участок;Самарская область, Автозаводский район, г. Тольятти, ул. 40 лет Победы, д. 37;1827,0;Муниципальная казна
2557;П1100000028499;63:09:0000000:8764;Земельный участок;Самарская область, Автозаводский район, г. Тольятти, ул. 40 лет Победы, д. 32;9606,0;Постоянное (бессрочное) пользование
2558;П1100000028396;63:09:0101167:26;Земельный участок;Самарская область, Автозаводский район, г. Тольятти, ул. 40 лет Победы, д. 120;23935,0;Постоянное (бессрочное) пользование
2559;П1100000028130;63:09:0101167:571;Земельный участок;Самарская область, Автозаводский район, г. Тольятти, ул. 40 лет Победы, д. 106, квартал 13;24530,0;Постоянное (бессрочное) пользование
2560;П1100000005984;63:09:0101158:514;Земельный участок;Самарская область, Автозаводский район, г. Тольятти, ул. 40 лет Победы, д. 10;25402,0;Постоянное (бессрочное) пользование
2561;П1100000028709;63:09:0000000:2588;Земельный участок;Самарская область, Автозаводский район, г. Тольятти, ул. 40 лет Победы;17116,0;Муниципальная казна
2562;П1100000028578;63:09:0101151:5;Земельный участок;Самарская область, Автозаводский район, г. Тольятти, ул. 40 лет Победы;2190,0;Муниципальная казна
2563;П1100000031460;63:09:0101183:12317;Земельный участок;Самарская область, Автозаводский район, г. Тольятти, ул. 40 лет Победы;116,0;Муниципальная казна
2564;П1100000029373;63:09:0101151:567;Земельный участок;Самарская область, Автозаводский район, г. Тольятти, ул. 40 лет Победы;1731,0;Муниципальная казна
2565;П1100000031309;63:09:0102158:1444;Земельный участок;Самарская область, Автозаводский район, г. Тольятти, северо-западнее объекта недвижимости, имеющего адрес: Вокзальная, 50, до улицы Северной;32430,0;Муниципальная казна
2566;П1100000004433;63:09:0101164:521;Земельный участок;Самарская область, Автозаводский район, г. Тольятти, северо-западнее здания, имеющего адрес: ул.Революционная, д.19;18603,0;Постоянное (бессрочное) пользование
2567;П1100000030645;63:09:0104013:1360;Земельный участок;Самарская область, Автозаводский район, г. Тольятти, северо-восточнее здания, имеющего адрес: Лесопарковое шоссе, 48;46320,0;Муниципальная казна
2568;П1100000030089;63:09:0102158:574;Земельный участок;"Самарская область, Автозаводский район, г. Тольятти, севернее участка №3 теплоснабжения ЗАО ""ЭиСС""";93,0;Муниципальная казна
2569;П1100000029932;63:09:0000000:2713;Земельный участок;Самарская область, Автозаводский район, г. Тольятти, севернее территории медгородка;4375,0;Муниципальная казна
2570;П1100000029004;63:09:0000000:2026;Земельный участок;Самарская область, Автозаводский район, г. Тольятти, севернее пересечения ул. Борковской и Южного шоссе;14,0;Муниципальная казна
2571;П1100000030812;63:09:0000000:2714;Земельный участок;Самарская область, Автозаводский район, г. Тольятти, севернее медгородка;1946,0;Муниципальная казна
2572;П1100000028476;63:09:0000000:9056;Земельный участок;Самарская область, Автозаводский район, г. Тольятти, севернее кварталов 2,31,4,10,12,14 между Московским проспектом и улицей 40 лет Победы в Автозаводском районе, на участке от ул. Ворошилова до ул. Автостроителей;35282,0;Муниципальная казна
2573;П1100000028477;63:09:0000000:9055;Земельный участок;Самарская область, Автозаводский район, г. Тольятти, севернее кварталов 2,31,4,10,12,14 между Московским проспектом и улицей 40 лет Победы в Автозаводском районе, на участке от ул. Автостроителей до ул. 40 лет Победы;34856,0;Муниципальная казна
2574;П1100000028478;63:09:0000000:9048;Земельный участок;Самарская область, Автозаводский район, г. Тольятти, севернее кварталов 2,31,4,10,12,14 между Московским проспектом и улицей 40 лет Победы в Автозаводском районе, на участке от Московского проспекта до ул. Революционной;34500,0;Муниципальная казна
2575;П1100000030782;63:09:0101155:9307;Земельный участок;Самарская область, Автозаводский район, г. Тольятти, севернее здания, имеющего адрес: Южное шоссе, 75;17,0;Муниципальная казна
2576;П1100000028505;63:09:0101178:851;Земельный участок;Самарская область, Автозаводский район, г. Тольятти, севернее здания, имеющего адрес: улица Революционная, 80;13241,0;Муниципальная казна
2577;П1100000028406;63:09:0101171:4301;Земельный участок;Самарская область, Автозаводский район, г. Тольятти, севернее здания, имеющего адрес: проспект Степана Разина, 32;3548,0;Муниципальная казна
2578;П1100000030896;63:09:0103035:4584;Земельный участок;Самарская область, Автозаводский район, г. Тольятти, севернее здания, имеющего адрес: Московский проспект, д.58;3345,0;Муниципальная казна
2579;П1100000028405;63:09:0101170:10409;Земельный участок;Самарская область, Автозаводский район, г. Тольятти, севернее здания имеющего адрес: бул.Буденного,8;4461,0;Муниципальная казна
2580;П1100000029125;63:09:0000000:2768;Земельный участок;Самарская область, Автозаводский район, г. Тольятти, санитарно-защитная зона, восточнее ул.Заставной, между ГСК-75 и ГСК-65;2423,0;Муниципальная казна
2581;П1100000028817;63:09:0000000:2501;Земельный участок;Самарская область, Автозаводский район, г. Тольятти, район пересечения с ул. Автостроителей и ул. 40 Лет Победы;37,0;Муниципальная казна
2582;П1100000030155;63:09:0000000:939;Земельный участок;Самарская область, Автозаводский район, г. Тольятти, район п. Приморский, напротив квартала № 6, западнее Московского проспекта;1061,0;Муниципальная казна
2583;П1100000029998;63:09:0000000:915;Земельный участок;Самарская область, Автозаводский район, г. Тольятти, разделительная полоса пр-та Ст. Разина, район пересечения с ул. Фрунзе;37,0;Муниципальная казна
2584;П1100000030000;63:09:0000000:919;Земельный участок;Самарская область, Автозаводский район, г. Тольятти, разделительная полоса проспекта Степана Разина, район пересечения с Приморским бульваром;37,0;Муниципальная казна
2585;П1100000029919;63:09:0000000:2687;Земельный участок;Самарская область, Автозаводский район, г. Тольятти, разделительная полоса проспекта Степана Разина, район пересечения с Ленинским проспектом;22,0;Муниципальная казна
2586;П1100000030820;63:09:0000000:912;Земельный участок;Самарская область, Автозаводский район, г. Тольятти, разделительная полоса проспекта Ст. Разина, район пересечения с Ленинским проспектом;37,0;Муниципальная казна
2587;П1100000028570;63:09:0000000:2018;Земельный участок;"Самарская область, Автозаводский район, г. Тольятти, промышленно-коммунальная зона, восточнее территории ОАО ""Тевис""";1077,0;Муниципальная казна
2588;П1100000030001;63:09:0000000:929;Земельный участок;Самарская область, Автозаводский район, г. Тольятти, Промкомзона, западнее ул. Борковская;15,0;Муниципальная казна
2589;П1100000029035;63:09:0000000:930;Земельный участок;Самарская область, Автозаводский район, г. Тольятти, промкомзона ВАЗа;14,0;Муниципальная казна
2590;П1100000029877;63:09:0101172:529;Земельный участок;Самарская область, Автозаводский район, г. Тольятти, проезд Новый, д. 8;20131,0;Муниципальная казна
2591;П1100000028000;63:09:0101172:561;Земельный участок;Самарская область, Автозаводский район, г. Тольятти, проезд Новый, д. 2;8470,0;Муниципальная казна
2592;П1100000030822;63:09:0101161:564;Земельный участок;"Самарская область, Автозаводский район, г. Тольятти, пр-кт Степана Разина, южнее ТЦ ""Волжские зори""";74,0;Муниципальная казна
2593;П1100000030169;63:09:0101161:629;Земельный участок;"Самарская область, Автозаводский район, г. Тольятти, пр-кт Степана Разина, южнее ТЦ ""Волжские зори""";68,0;Муниципальная казна
2594;П1100000029637;63:09:0101161:621;Земельный участок;"Самарская область, Автозаводский район, г. Тольятти, пр-кт Степана Разина, юго-западнее торгового центра ""Детский мир""";248,0;Муниципальная казна
2595;П1100000029936;63:09:0000000:2721;Земельный участок;Самарская область, Автозаводский район, г. Тольятти, пр-кт Степана Разина, юго-западнее жилого дома № 35;30,0;Муниципальная казна
2596;П1100000028922;63:09:0101161:625;Земельный участок;Самарская область, Автозаводский район, г. Тольятти, пр-кт Степана Разина, юго-восточнее ТЦ-XI ''Волжские зори'';94,0;Муниципальная казна
2597;П1100000029640;63:09:0101161:628;Земельный участок;"Самарская область, Автозаводский район, г. Тольятти, пр-кт Степана Разина, юго-восточнее ТЦ ""Волжские зори""";665,0;Муниципальная казна
2598;П1100000029830;63:09:0101165:558;Земельный участок;Самарская область, Автозаводский район, г. Тольятти, пр-кт Степана Разина, юго-восточнее жилого дома № 22;32,0;Муниципальная казна
2599;П1100000030799;63:09:0101162:507;Земельный участок;"Самарская область, Автозаводский район, г. Тольятти, пр-кт Степана Разина, существующая О.О.Т ""Поликлиника""";116,0;Муниципальная казна
2600;П1100000028920;63:09:0101161:620;Земельный участок;Самарская область, Автозаводский район, г. Тольятти, пр-кт Степана Разина, севернее жилого дома №64;22,0;Муниципальная казна
2601;П1100000029634;63:09:0101161:547;Земельный участок;Самарская область, Автозаводский район, г. Тольятти, пр-кт Степана Разина, район ТЦ-XI;84,0;Муниципальная казна
2602;П1100000029139;63:09:0101161:616;Земельный участок;"Самарская область, Автозаводский район, г. Тольятти, пр-кт Степана Разина, район остановки общественного транспорта ""ТЦ"" Детский мир""";121,0;Муниципальная казна
2603;П1100000028923;63:09:0101161:641;Земельный участок;"Самарская область, Автозаводский район, г. Тольятти, пр-кт Степана Разина, район остановки общественного транспорта ""7 квартал''";136,0;Муниципальная казна
2604;П1100000028730;63:09:0101161:633;Земельный участок;Самарская область, Автозаводский район, г. Тольятти, пр-кт Степана Разина, район кинотеатра ''Ставрополь'';20,0;Муниципальная казна
2605;П1100000029636;63:09:0101161:613;Земельный участок;Самарская область, Автозаводский район, г. Тольятти, пр-кт Степана Разина, разделительная полоса, район пересечения с Ленинским проспектом;22,0;Муниципальная казна
2606;П1100000029643;63:09:0101161:635;Земельный участок;Самарская область, Автозаводский район, г. Тольятти, пр-кт Степана Разина, разделительная полоса, напротив дома № 39;24,0;Муниципальная казна
2607;П1100000028630;63:09:0000000:2450;Земельный участок;Самарская область, Автозаводский район, г. Тольятти, пр-кт Степана Разина, по проспекту Степана Разина, северо-восточнее жилого дома №2;93,0;Муниципальная казна
2608;П1100000029635;63:09:0101161:612;Земельный участок;"Самарская область, Автозаводский район, г. Тольятти, пр-кт Степана Разина, остановка общественного транспорта ""Ленинский проспект""";148,0;Муниципальная казна
2609;П1100000029642;63:09:0101161:632;Земельный участок;"Самарская область, Автозаводский район, г. Тольятти, пр-кт Степана Разина, напротив кинотеатра ""Ставрополь""";19,0;Муниципальная казна
2610;П1100000028947;63:09:0101171:510;Земельный участок;Самарская область, Автозаводский район, г. Тольятти, пр-кт Степана Разина, квартал 3а;1994,0;Муниципальная казна
2611;П1100000030170;63:09:0101161:644;Земельный участок;Самарская область, Автозаводский район, г. Тольятти, пр-кт Степана Разина, западнее жилого дома 79;30,0;Муниципальная казна
2612;П1100000027348;63:09:0101181:10;Земельный участок;Самарская область, Автозаводский район, г. Тольятти, пр-кт Степана Разина, д. 99;65314,0;Постоянное (бессрочное) пользование
2613;П1100000027350;63:09:0101181:509;Земельный участок;Самарская область, Автозаводский район, г. Тольятти, пр-кт Степана Разина, д. 95;25655,0;Постоянное (бессрочное) пользование
2614;П1100000028362;63:09:0101181:510;Земельный участок;Самарская область, Автозаводский район, г. Тольятти, пр-кт Степана Разина, д. 93;5593,0;Постоянное (бессрочное) пользование
2615;П1100000029753;63:09:0101162:1;Земельный участок;Самарская область, Автозаводский район, г. Тольятти, пр-кт Степана Разина, д. 9, стр. А;8837,0;Муниципальная казна
2616;П1100000028390;63:09:0101161:623;Земельный участок;Самарская область, Автозаводский район, г. Тольятти, пр-кт Степана Разина, д. 8;17,0;Постоянное (бессрочное) пользование
2617;П1100000029808;63:09:0000000:2452;Земельный участок;Самарская область, Автозаводский район, г. Тольятти, пр-кт Степана Разина, д. 8;4655,0;Постоянное (бессрочное) пользование
2618;П1100000028575;63:09:0000000:2445;Земельный участок;Самарская область, Автозаводский район, г. Тольятти, пр-кт Степана Разина, д. 8;3138,0;Муниципальная казна
2619;П1100000027515;63:09:0101180:515;Земельный участок;Самарская область, Автозаводский район, г. Тольятти, пр-кт Степана Разина, д. 78;28004,0;Постоянное (бессрочное) пользование
2620;П1100000027278;63:09:0101169:513;Земельный участок;Самарская область, Автозаводский район, г. Тольятти, пр-кт Степана Разина, д. 77;10967,0;Постоянное (бессрочное) пользование
2621;П1100000015705;63:09:0101169:535;Земельный участок;Самарская область, Автозаводский район, г. Тольятти, пр-кт Степана Разина, д. 73;26391,0;Постоянное (бессрочное) пользование
2622;П1100000028243;63:09:0101161:8615;Земельный участок;Самарская область, Автозаводский район, г. Тольятти, пр-кт Степана Разина, д. 6-а;647,0;Муниципальная казна
2623;П1100000027277;63:09:0101169:512;Земельный участок;Самарская область, Автозаводский район, г. Тольятти, пр-кт Степана Разина, д. 65;25115,0;Постоянное (бессрочное) пользование
2624;П1100000027275;63:09:0101169:6;Земельный участок;Самарская область, Автозаводский район, г. Тольятти, пр-кт Степана Разина, д. 61, земельный участок 61;9870,0;Постоянное (бессрочное) пользование
2625;П1100000015194;63:09:0101161:512;Земельный участок;Самарская область, Автозаводский район, г. Тольятти, пр-кт Степана Разина, д. 6, стр. Б;786,0;Муниципальная казна
2626;П1100000029148;63:09:0101169:519;Земельный участок;Самарская область, Автозаводский район, г. Тольятти, пр-кт Степана Разина, д. 59, стр. Б;303,0;Муниципальная казна
2627;П1100000027300;63:09:0101170:21;Земельный участок;Самарская область, Автозаводский район, г. Тольятти, пр-кт Степана Разина, д. 54;10014,0;Постоянное (бессрочное) пользование
2628;П1100000027260;63:09:0101168:23;Земельный участок;Самарская область, Автозаводский район, г. Тольятти, пр-кт Степана Разина, д. 53;6650,0;Муниципальная казна
2629;П1100000029837;63:09:0101166:33;Земельный участок;Самарская область, Автозаводский район, г. Тольятти, пр-кт Степана Разина, д. 39;4106,0;Муниципальная казна
2630;П1100000027494;63:09:0101166:551;Земельный участок;Самарская область, Автозаводский район, г. Тольятти, пр-кт Степана Разина, д. 37, квартал 9;11048,0;Постоянное (бессрочное) пользование
2631;П1100000027323;63:09:0101171:4;Земельный участок;Самарская область, Автозаводский район, г. Тольятти, пр-кт Степана Разина, д. 36;11041,0;Муниципальная казна
2632;П1100000030171;63:09:0101166:510;Земельный участок;Самарская область, Автозаводский район, г. Тольятти, пр-кт Степана Разина, д. 31, стр. А;4064,0;Муниципальная казна
2633;П1100000029838;63:09:0101166:521;Земельный участок;Самарская область, Автозаводский район, г. Тольятти, пр-кт Степана Разина, д. 31, стр. А;1808,0;Муниципальная казна
2634;П1100000007613;63:09:0101166:9292;Земельный участок;Самарская область, Автозаводский район, г. Тольятти, пр-кт Степана Разина, д. 31;11197,0;Постоянное (бессрочное) пользование
2635;П1100000028319;63:09:0101165:8838;Земельный участок;Самарская область, Автозаводский район, г. Тольятти, пр-кт Степана Разина, д. 16, стр. А;3136,0;Муниципальная казна
2636;П1100000029649;63:09:0101162:21;Земельный участок;Самарская область, Автозаводский район, г. Тольятти, пр-кт Степана Разина, д. 15, стр. А;1698,0;Муниципальная казна
2637;П1100000028234;63:09:0101162:9953;Земельный участок;Самарская область, Автозаводский район, г. Тольятти, пр-кт Степана Разина, д. 13, в квартале 10;11466,0;Постоянное (бессрочное) пользование
2638;П1100000029632;63:09:0101161:34;Земельный участок;Самарская область, Автозаводский район, г. Тольятти, пр-кт Степана Разина, д. 12;8655,0;Муниципальная казна
2639;П1100000029646;63:09:0101161:645;Земельный участок;"Самарская область, Автозаводский район, г. Тольятти, пр-кт Степана Разина, восточнее ТЦ ""Детский мир""";1670,0;Муниципальная казна
2640;П1100000028787;63:09:0000000:2446;Земельный участок;"Самарская область, Автозаводский район, г. Тольятти, пр-кт Степана Разина, восточнее ТЦ ""Волжские зори""";285,0;Муниципальная казна
2641;П1100000029213;63:09:0101170:634;Земельный участок;Самарская область, Автозаводский район, г. Тольятти, пр-кт Степана Разина, восточнее жилого дома № 50;1144,0;Муниципальная казна
2642;П1100000028902;63:09:0000000:2479;Земельный участок;"Самарская область, Автозаводский район, г. Тольятти, пр-кт Степана Разина, восточнее ГСК-4 ""Березка""";60,0;Муниципальная казна
2643;П1100000028906;63:09:0000000:2697;Земельный участок;Самарская область, Автозаводский район, г. Тольятти, пр-кт Степана Разина, в районе ООТ ''Телецентр'';132,0;Муниципальная казна
2644;П1100000028695;63:09:0101165:626;Земельный участок;Самарская область, Автозаводский район, г. Тольятти, пр-кт Степана Разина, 5 квартал;1700,0;Муниципальная казна
2645;П1100000029648;63:09:0101161:653;Земельный участок;Самарская область, Автозаводский район, г. Тольятти, пр-кт Степана Разина, (Ботаническая);15,6;Муниципальная казна
2646;П1100000028729;63:09:0101161:619;Земельный участок;Самарская область, Автозаводский район, г. Тольятти, пр-кт Степана Разина;178,0;Муниципальная казна
2647;П1100000029798;63:09:0000000:2430;Земельный участок;Самарская область, Автозаводский район, г. Тольятти, пр-кт Степана Разина;110,0;Муниципальная казна
2648;П1100000029644;63:09:0101161:638;Земельный участок;Самарская область, Автозаводский район, г. Тольятти, пр-кт Степана Разина;29,0;Муниципальная казна
2649;П1100000028919;63:09:0101161:618;Земельный участок;Самарская область, Автозаводский район, г. Тольятти, пр-кт Степана Разина;639,0;Муниципальная казна
2650;П1100000028652;63:09:0101161:649;Земельный участок;Самарская область, Автозаводский район, г. Тольятти, пр-кт Степана Разина;19,0;Муниципальная казна
2651;П1100000029937;63:09:0000000:2722;Земельный участок;Самарская область, Автозаводский район, г. Тольятти, пр-кт Степана Разина;266,0;Муниципальная казна
2652;П1100000029645;63:09:0101161:640;Земельный участок;Самарская область, Автозаводский район, г. Тольятти, пр-кт Степана Разина;2763,0;Муниципальная казна
2653;П1100000028589;63:09:0101161:648;Земельный участок;Самарская область, Автозаводский район, г. Тольятти, пр-кт Степана Разина;33,0;Муниципальная казна
2654;П1100000028945;63:09:0101170:547;Земельный участок;Самарская область, Автозаводский район, г. Тольятти, пр-кт Степана Разина;104,0;Муниципальная казна
2655;П1100000029220;63:09:0000000:1133;Земельный участок;Самарская область, Автозаводский район, г. Тольятти, пр-кт Степана Разина;303,0;Муниципальная казна
2656;П1100000028903;63:09:0000000:2482;Земельный участок;Самарская область, Автозаводский район, г. Тольятти, пр-кт Степана Разина;24,0;Муниципальная казна
2657;П1100000028629;63:09:0000000:2447;Земельный участок;Самарская область, Автозаводский район, г. Тольятти, пр-кт Степана Разина;30,0;Муниципальная казна
2658;П1100000029871;63:09:0101170:584;Земельный участок;Самарская область, Автозаводский район, г. Тольятти, пр-кт Степана Разина;111,0;Муниципальная казна
2659;П1100000029141;63:09:0101163:636;Земельный участок;Самарская область, Автозаводский район, г. Тольятти, пр-кт Московский, южнее ТЦ-2;26,0;Муниципальная казна
2660;П1100000028002;63:09:0101176:9758;Земельный участок;Самарская область, Автозаводский район, г. Тольятти, пр-кт Московский, южнее жилого дома № 57;4276,0;Муниципальная казна
2661;П1100000028917;63:09:0101159:631;Земельный участок;Самарская область, Автозаводский район, г. Тольятти, пр-кт Московский, северо-западнее торгового центра;19,0;Муниципальная казна
2662;П1100000029364;63:09:0101150:717;Земельный участок;"Самарская область, Автозаводский район, г. Тольятти, пр-кт Московский, севернее ТЦ ""Океан""";1664,0;Муниципальная казна
2663;П1100000029613;63:09:0101159:610;Земельный участок;Самарская область, Автозаводский район, г. Тольятти, пр-кт Московский, район торгового центра У11-Ц;21,0;Муниципальная казна
2664;П1100000029614;63:09:0101159:611;Земельный участок;"Самарская область, Автозаводский район, г. Тольятти, пр-кт Московский, район остановки общественного транспорта ""3 квартал""";165,0;Муниципальная казна
2665;П1100000028648;63:09:0101159:638;Земельный участок;"Самарская область, Автозаводский район, г. Тольятти, пр-кт Московский, район ООТ ""Главная магистраль""";245,0;Муниципальная казна
2666;П1100000029135;63:09:0101159:613;Земельный участок;Самарская область, Автозаводский район, г. Тольятти, пр-кт Московский, район жилого дома № 51;16,4;Муниципальная казна
2667;П1100000031435;63:09:0000000:10188;Земельный участок;Самарская область, Автозаводский район, г. Тольятти, пр-кт Московский, от улицы Фрунзе до бульвара Приморский;99506,0;Муниципальная казна
2668;П1100000031278;63:09:0103035:69;Земельный участок;Самарская область, Автозаводский район, г. Тольятти, пр-кт Московский, напротив квартала 1, западнее Московского проспекта, участок № 2;6821,0;Муниципальная казна
2669;П1100000029138;63:09:0101159:645;Земельный участок;Самарская область, Автозаводский район, г. Тольятти, пр-кт Московский, напротив квартала 1;2000,0;Муниципальная казна
2670;П1100000029619;63:09:0101159:624;Земельный участок;Самарская область, Автозаводский район, г. Тольятти, пр-кт Московский, напротив дома № 35;36,0;Муниципальная казна
2671;П1100000029618;63:09:0101159:622;Земельный участок;Самарская область, Автозаводский район, г. Тольятти, пр-кт Московский, напротив дома № 33;36,0;Муниципальная казна
2672;П1100000029955;63:09:0000000:2751;Земельный участок;Самарская область, Автозаводский район, г. Тольятти, пр-кт Московский, напротив 2 квартала;1358,0;Муниципальная казна
2673;П1100000031376;63:09:0101163:9809;Земельный участок;Самарская область, Автозаводский район, г. Тольятти, пр-кт Московский, земельный участок №31/2;113,0;Муниципальная казна
2674;П1100000031377;63:09:0101163:9810;Земельный участок;Самарская область, Автозаводский район, г. Тольятти, пр-кт Московский, земельный участок №31;3710,0;Муниципальная казна
2675;П1100000028592;63:09:0101163:8;Земельный участок;Самарская область, Автозаводский район, г. Тольятти, пр-кт Московский, земельный участок № 31/1;1669,0;Муниципальная казна
2676;П1100000028587;63:09:0101159:623;Земельный участок;Самарская область, Автозаводский район, г. Тольятти, пр-кт Московский, западнее квартала 1;1032,0;Муниципальная казна
2677;П1100000028961;63:09:0000000:1142;Земельный участок;Самарская область, Автозаводский район, г. Тольятти, пр-кт Московский, западнее 2 квартала;3252,0;Муниципальная казна
2678;П1100000029087;63:09:0102165:534;Земельный участок;Самарская область, Автозаводский район, г. Тольятти, пр-кт Московский, д.б/н, в/г 11;54041,0;Муниципальная казна
2679;П1100000028456;63:09:0101159:608;Земельный участок;Самарская область, Автозаводский район, г. Тольятти, пр-кт Московский, д. 9;30,0;Муниципальная казна
2680;П1100000029810;63:09:0000000:2461;Земельный участок;Самарская область, Автозаводский район, г. Тольятти, пр-кт Московский, д. 9;1350,0;Муниципальная казна
2681;П1100000030162;63:09:0102165:9;Земельный участок;Самарская область, Автозаводский район, г. Тольятти, пр-кт Московский, д. 8;996,0;Муниципальная казна
2682;П1100000029621;63:09:0101159:628;Земельный участок;Самарская область, Автозаводский район, г. Тольятти, пр-кт Московский, д. 7;4448,0;Муниципальная казна
2683;П1100000028030;63:09:0102165:609;Земельный участок;Самарская область, Автозаводский район, г. Тольятти, пр-кт Московский, д. 6Г, стр. строение 1;2197,0;Муниципальная казна
2684;П1100000028657;63:09:0103035:14;Земельный участок;"Самарская область, Автозаводский район, г. Тольятти, пр-кт Московский, д. 68, 


г. Тольятти, р-н Автозаводский просп. Московский, 68";2681,0;Муниципальная казна
2685;П1100000027713;63:09:0101176:15;Земельный участок;Самарская область, Автозаводский район, г. Тольятти, пр-кт Московский, д. 53;10153,0;Муниципальная казна
2686;П1100000027343;63:09:0101159:17;Земельный участок;Самарская область, Автозаводский район, г. Тольятти, пр-кт Московский, д. 5, квартал 2;9291,0;Муниципальная казна
2687;П1100000029968;63:09:0101175:523;Земельный участок;Самарская область, Автозаводский район, г. Тольятти, пр-кт Московский, д. 39, стр. А;126,0;Муниципальная казна
2688;П1100000028253;63:09:0101175:3160;Земельный участок;Самарская область, Автозаводский район, г. Тольятти, пр-кт Московский, д. 39;5671,0;Муниципальная казна
2689;П1100000007094;63:09:0101175:522;Земельный участок;Самарская область, Автозаводский район, г. Тольятти, пр-кт Московский, д. 37;25412,0;Постоянное (бессрочное) пользование
2690;П1100000029660;63:09:0101163:635;Земельный участок;Самарская область, Автозаводский район, г. Тольятти, пр-кт Московский, д. 29, стр. А;426,0;Муниципальная казна
2691;П1100000028271;63:09:0101163:8536;Земельный участок;Самарская область, Автозаводский район, г. Тольятти, пр-кт Московский, д. 29;2172,0;Муниципальная казна
2692;П1100000027452;63:09:0101163:16;Земельный участок;Самарская область, Автозаводский район, г. Тольятти, пр-кт Московский, д. 25;9899,0;Муниципальная казна
2693;П1100000028841;63:09:0101159:620;Земельный участок;Самарская область, Автозаводский район, г. Тольятти, пр-кт Московский, д. 20;8905,0;Муниципальная казна
2694;П1100000009610;63:09:0101159:517;Земельный участок;Самарская область, Автозаводский район, г. Тольятти, пр-кт Московский, д. 17, стр. Б;377,0;Муниципальная казна
2695;П1100000030160;63:09:0102165:537;Земельный участок;Самарская область, Автозаводский район, г. Тольятти, пр-кт Московский, д. 12, стр. Г, восточнее территории СУ-112, западнее 2 квартала;1733,0;Муниципальная казна
2696;П1100000031437;63:09:0103035:8673;Земельный участок;Самарская область, Автозаводский район, г. Тольятти, пр-кт Московский;4431,0;Постоянное (бессрочное) пользование
2697;П1100000031458;63:09:0103035:8991;Земельный участок;Самарская область, Автозаводский район, г. Тольятти, пр-кт Московский;10649,0;Муниципальная казна
2698;П1100000031139;63:09:0103035:5304;Земельный участок;Самарская область, Автозаводский район, г. Тольятти, пр-кт Московский;4999,0;Муниципальная казна
2699;П1100000031456;63:09:0103035:8989;Земельный участок;Самарская область, Автозаводский район, г. Тольятти, пр-кт Московский;2864,0;Муниципальная казна
2700;П1100000031411;63:09:0103035:8666;Земельный участок;Самарская область, Автозаводский район, г. Тольятти, пр-кт Московский;4771,0;Муниципальная казна
2701;П1100000031459;63:09:0103035:8992;Земельный участок;Самарская область, Автозаводский район, г. Тольятти, пр-кт Московский;79,0;Муниципальная казна
2702;П1100000031457;63:09:0103035:8990;Земельный участок;Самарская область, Автозаводский район, г. Тольятти, пр-кт Московский;9021,0;Муниципальная казна
2703;П1100000029620;63:09:0101159:626;Земельный участок;Самарская область, Автозаводский район, г. Тольятти, пр-кт Московский;389,0;Муниципальная казна
2704;П1100000030166;63:09:0101159:14;Земельный участок;Самарская область, Автозаводский район, г. Тольятти, пр-кт Московский;45,0;Муниципальная казна
2705;П1100000031042;63:09:0103035:5302;Земельный участок;Самарская область, Автозаводский район, г. Тольятти, пр-кт Московский;219,0;Муниципальная казна
2706;П1100000029925;63:09:0000000:2701;Земельный участок;Самарская область, Автозаводский район, г. Тольятти, пр-кт Ленинский, южнее хозблока;168,0;Муниципальная казна
2707;П1100000029957;63:09:0000000:2753;Земельный участок;Самарская область, Автозаводский район, г. Тольятти, пр-кт Ленинский, южнее транспортной развязки на пересечении Ленинского проспекта и ул. М. Жукова;3010,0;Муниципальная казна
2708;П1100000028937;63:09:0101163:642;Земельный участок;Самарская область, Автозаводский район, г. Тольятти, пр-кт Ленинский, севернее жилого дома № 31;373,0;Муниципальная казна
2709;П1100000029831;63:09:0101165:610;Земельный участок;Самарская область, Автозаводский район, г. Тольятти, пр-кт Ленинский, район дома № 18;540,0;Муниципальная казна
2710;П1100000027257;63:09:0101168:5;Земельный участок;Самарская область, Автозаводский район, г. Тольятти, пр-кт Ленинский, д. 7;11435,0;Муниципальная казна
2711;П1100000004524;63:09:0101163:631;Земельный участок;Самарская область, Автозаводский район, г. Тольятти, пр-кт Ленинский, д. 42;30778,0;Постоянное (бессрочное) пользование
2712;П1100000028014;63:09:0101175:3156;Земельный участок;Самарская область, Автозаводский район, г. Тольятти, пр-кт Ленинский, д. 35;11740,0;Постоянное (бессрочное) пользование
2713;П1100000003912;63:09:0101171:522;Земельный участок;Самарская область, Автозаводский район, г. Тольятти, пр-кт Ленинский, д. 25;11608,0;Постоянное (бессрочное) пользование
2714;П1100000027988;63:09:0101165:576;Земельный участок;Самарская область, Автозаводский район, г. Тольятти, пр-кт Ленинский, д. 22;11852,0;Муниципальная казна
2715;П1100000017979;63:09:0101165:49;Земельный участок;Самарская область, Автозаводский район, г. Тольятти, пр-кт Ленинский, д. 20, кв.V;30144,0;Постоянное (бессрочное) пользование
2716;П1100000028296;63:09:0101166:9600;Земельный участок;Самарская область, Автозаводский район, г. Тольятти, пр-кт Ленинский, д. 10, стр. А;2726,0;Муниципальная казна
2717;П1100000029924;63:09:0000000:2700;Земельный участок;"Самарская область, Автозаводский район, г. Тольятти, пр-кт Ленинский, восточнее магазина ""Продукты""";146,0;Муниципальная казна
2718;П1100000029661;63:09:0101163:638;Земельный участок;Самарская область, Автозаводский район, г. Тольятти, пр-кт Ленинский;207,0;Муниципальная казна
2719;П1100000028732;63:09:0101163:641;Земельный участок;Самарская область, Автозаводский район, г. Тольятти, пр-кт Ленинский;97,0;Муниципальная казна
2720;П1100000031078;63:09:0000000:2728;Земельный участок;Самарская область, Автозаводский район, г. Тольятти, пр-кт Ленинский;403,0;Муниципальная казна
2721;П1100000029142;63:09:0101163:640;Земельный участок;Самарская область, Автозаводский район, г. Тольятти, пр-кт Ленинский;27,0;Муниципальная казна
2722;П1100000029926;63:09:0000000:2702;Земельный участок;Самарская область, Автозаводский район, г. Тольятти, пр-кт Ленинский;1274,0;Муниципальная казна
2723;П1100000029662;63:09:0101163:639;Земельный участок;Самарская область, Автозаводский район, г. Тольятти, пр-кт Ленинский;741,0;Муниципальная казна
2724;П1100000029143;63:09:0101165:5;Земельный участок;Самарская область, Автозаводский район, г. Тольятти, пр-кт Ленинский;136,0;Муниципальная казна
2725;П1100000028863;63:09:0101153:672;Земельный участок;Самарская область, Автозаводский район, г. Тольятти, по ул.Тополиной, район остановки общественного транспорта ''ул. Тополиная'';13,0;Муниципальная казна
2726;П1100000029224;63:09:0000000:1148;Земельный участок;"Самарская область, Автозаводский район, г. Тольятти, ПКО ""Прибрежный, западный пляж""";2153,0;Муниципальная казна
2727;П1100000029564;63:09:0000000:2022;Земельный участок;Самарская область, Автозаводский район, г. Тольятти, пересечение Южного шоссе и Обводной дороги;20,0;Муниципальная казна
2728;П1100000029992;63:09:0000000:897;Земельный участок;Самарская область, Автозаводский район, г. Тольятти, пересечение Южного шоссе и Автозаводского шоссе;31,0;Муниципальная казна
2729;П1100000029034;63:09:0000000:914;Земельный участок;Самарская область, Автозаводский район, г. Тольятти, пересечение ул.Фрунзе и ул.Революционной;22,0;Муниципальная казна
2730;П1100000028638;63:09:0000000:9009;Земельный участок;Самарская область, Автозаводский район, г. Тольятти, пересечение ул.Дзержинского и ул.Ворошилова;3181,0;Муниципальная казна
2731;П1100000028563;63:09:0000000:1139;Земельный участок;Самарская область, Автозаводский район, г. Тольятти, пересечение ул. Спортивной и Приморского бульвара;2102,0;Муниципальная казна
2732;П1100000029566;63:09:0000000:2053;Земельный участок;Самарская область, Автозаводский район, г. Тольятти, пересечение ул. Коммунальной и Обводной дороги;12,9;Муниципальная казна
2733;П1100000029562;63:09:0000000:2001;Земельный участок;Самарская область, Автозаводский район, г. Тольятти, пересечение ул. Коммунальная и Обводная дорога;22,0;Муниципальная казна
2734;П1100000029994;63:09:0000000:907;Земельный участок;Самарская область, Автозаводский район, г. Тольятти, пересечение ул. 70 лет Октября и ул.Автостроителей;39,1;Муниципальная казна
2735;П1100000029617;63:09:0101159:621;Земельный участок;Самарская область, Автозаводский район, г. Тольятти, пересечение Московского проспекта и ул. Свердлова;18,4;Муниципальная казна
2736;П1100000030646;63:09:0000000:9290;Земельный участок;Самарская область, Автозаводский район, г. Тольятти, пересечение Московского проспекта и Приморского бульвара;24,0;Муниципальная казна
2737;П1100000029628;63:09:0101159:646;Земельный участок;Самарская область, Автозаводский район, г. Тольятти, пересечение Московского проспекта и Приморского бульвара;4828,0;Муниципальная казна
2738;П1100000028479;63:09:0000000:9069;Земельный участок;Самарская область, Автозаводский район, г. Тольятти, от Южного шоссе до ул.Свердлова-ул. 40 лет Победы, западнее кварталов 19,16,14, на участке от улицы 70 лет Октября до ул.Дзержинского;69058,0;Муниципальная казна
2739;П1100000030756;63:09:0000000:9279;Земельный участок;Самарская область, Автозаводский район, г. Тольятти, от Южного шоссе до ул.Свердлова – улица 40 лет Победы, западнее кварталов 19, 16, 14 на участке от улицы Дзержинского до улицы 40 лет Победы;68292,0;Муниципальная казна
2740;П1100000031308;63:09:0102156:891;Земельный участок;Самарская область, Автозаводский район, г. Тольятти, от улицы Северной, западнее здания по адресу: ул. Северная, 105, до здания по адресу: ул. Вокзальная, 106;41069,0;Муниципальная казна
2741;П1100000031307;63:00:0000000:799;Земельный участок;Самарская область, Автозаводский район, г. Тольятти, от улицы Вокзальной до объекта недвижимости, имеющего адрес: ул. Окраинная, 2;56365,0;Муниципальная казна
2742;П1100000028481;63:09:0000000:9045;Земельный участок;Самарская область, Автозаводский район, г. Тольятти, от ул. Полякова до Ленинского проспекта - ул. 40 лет Победы - ул. Маршала Жукова, западнее кварталов 15,12,13, на участке от ул. Свердлова до Ленинского проспекта - ул. 40 лет Победы - ул. Маршала Жукова;68897,0;Муниципальная казна
2743;П1100000028480;63:09:0000000:9044;Земельный участок;Самарская область, Автозаводский район, г. Тольятти, от ул. Полякова до Ленинского проспекта - ул. 40 лет Победы - ул. Маршала Жукова, западнее кварталов 15,12,13, на участке от ул. Полякова до ул. Дзержинского;45379,0;Муниципальная казна
2744;П1100000028482;63:09:0000000:9066;Земельный участок;Самарская область, Автозаводский район, г. Тольятти, от ул. Полякова до Ленинского проспекта - ул. 40 лет Победы - ул. Маршала Жукова, западнее кварталов 15,12,13, на участке от ул. Дзержинского до ул. Свердлова;69784,0;Муниципальная казна
2745;П1100000029568;63:09:0000000:2057;Земельный участок;Самарская область, Автозаводский район, г. Тольятти, Обводная дорога;13,0;Муниципальная казна
2746;П1100000030010;63:09:0000000:949;Земельный участок;"Самарская область, Автозаводский район, г. Тольятти, напротив квартала № 6, на территории Западного пляжа
";189,0;Муниципальная казна
2747;П1100000030156;63:09:0000000:946;Земельный участок;Самарская область, Автозаводский район, г. Тольятти, напротив квартала № 6, на пересечении ул. Спортивной и Московского проспекта;2597,0;Муниципальная казна
2748;П1100000030006;63:09:0000000:940;Земельный участок;Самарская область, Автозаводский район, г. Тольятти, напротив квартала № 6, западнее Московского проспекта;5683,0;Муниципальная казна
2749;П1100000029037;63:09:0000000:941;Земельный участок;Самарская область, Автозаводский район, г. Тольятти, напротив квартала № 6, западнее Московского проспекта;5868,0;Муниципальная казна
2750;П1100000029223;63:09:0000000:1144;Земельный участок;Самарская область, Автозаводский район, г. Тольятти, напротив квартала № 3, западнее Московского проспекта;452,0;Муниципальная казна
2751;П1100000028640;63:09:0000000:935;Земельный участок;Самарская область, Автозаводский район, г. Тольятти, напротив квартала № 3, западнее Московского проспекта;5565,0;Муниципальная казна
2752;П1100000028831;63:09:0000000:938;Земельный участок;Самарская область, Автозаводский район, г. Тольятти, напротив квартала № 3, западнее Московского проспекта;4571,0;Муниципальная казна
2753;П1100000029946;63:09:0000000:2737;Земельный участок;Самарская область, Автозаводский район, г. Тольятти, напротив квартала № 2, западнее Московского проспекта;27,0;Муниципальная казна
2754;П1100000028636;63:09:0000000:2736;Земельный участок;Самарская область, Автозаводский район, г. Тольятти, напротив квартала № 2, западнее Московского проспекта;958,0;Муниципальная казна
2755;П1100000028907;63:09:0000000:944;Земельный участок;Самарская область, Автозаводский район, г. Тольятти, напротив квартала 6, пересечение ул. Спортивной и Московского шоссе;4865,0;Муниципальная казна
2756;П1100000029038;63:09:0000000:947;Земельный участок;Самарская область, Автозаводский район, г. Тольятти, напротив квартала 6, на территории Западного пляжа;99,0;Муниципальная казна
2757;П1100000030009;63:09:0000000:948;Земельный участок;Самарская область, Автозаводский район, г. Тольятти, напротив квартала 6 на территории Западного пляжа;510,0;Муниципальная казна
2758;П1100000028728;63:09:0103035:19;Земельный участок;Самарская область, Автозаводский район, г. Тольятти, напротив квартала 6;2768,0;Муниципальная казна
2759;П1100000029647;63:09:0101161:652;Земельный участок;Самарская область, Автозаводский район, г. Тольятти, напротив квартала 4 по проспекту Степана Разина;1000,0;Муниципальная казна
2760;П1100000029036;63:09:0000000:937;Земельный участок;Самарская область, Автозаводский район, г. Тольятти, напротив квартала 3, западнее Московского проспекта;6265,0;Муниципальная казна
2761;П1100000030005;63:09:0000000:936;Земельный участок;Самарская область, Автозаводский район, г. Тольятти, напротив квартала 3, западнее Московского проспекта;6281,0;Муниципальная казна
2762;П1100000031277;63:09:0103035:68;Земельный участок;Самарская область, Автозаводский район, г. Тольятти, напротив квартала 1, западнее Московского проспекта, участок № 1;1751,0;Муниципальная казна
2763;П1100000031276;63:09:0103035:67;Земельный участок;Самарская область, Автозаводский район, г. Тольятти, напротив квартала 1, западнее Московского проспекта;368,0;Муниципальная казна
2764;П1100000028905;63:09:0000000:2590;Земельный участок;Самарская область, Автозаводский район, г. Тольятти, напротив 17 квартала, в районе пересечения ул. 40 лет Победы и ул.Дзержинского;6000,0;Муниципальная казна
2765;П1100000031494;63:09:0105020:874;Земельный участок;Самарская область, Автозаводский район, г. Тольятти, Набережная Автозаводского района;46587,0;Муниципальная казна
2766;П1100000031507;63:09:0105020:873;Земельный участок;Самарская область, Автозаводский район, г. Тольятти, Набережная Автозаводского района;74787,0;Муниципальная казна
2767;П1100000031495;63:09:0105019:678;Земельный участок;Самарская область, Автозаводский район, г. Тольятти, Набережная Автозаводского района;1003,0;Муниципальная казна
2768;П1100000028832;63:09:0000000:950;Земельный участок;"Самарская область, Автозаводский район, г. Тольятти, набережная (район центрального спуска), напротив спорткомплекса ""Олимп""";56,0;Муниципальная казна
2769;П1100000031505;63:09:0105020:506;Земельный участок;Самарская область, Автозаводский район, г. Тольятти, на территории пляжа напротив 6 квартала;2377,0;Муниципальная казна
2770;П1100000029976;63:09:0101176:608;Земельный участок;"Самарская область, Автозаводский район, г. Тольятти, на территории парка культуры и отдыха ""Прибрежный"" по ул. Спортивной";9748,0;Муниципальная казна
2771;П1100000028637;63:09:0000000:2772;Земельный участок;Самарская область, Автозаводский район, г. Тольятти, на северной стороне ул.Офицерской, между ул.Воскресенской и ул.Борковской;2972,0;Муниципальная казна
2772;П1100000029961;63:09:0000000:2761;Земельный участок;Самарская область, Автозаводский район, г. Тольятти, на пересечении ул.Коммунальной и Обводного шоссе;36,0;Муниципальная казна
2773;П1100000029794;63:09:0000000:2426;Земельный участок;Самарская область, Автозаводский район, г. Тольятти, на пересечении ул. Свердлова и ул. Юбилейной (разделительная полоса);36,0;Муниципальная казна
2774;П1100000029633;63:09:0101161:539;Земельный участок;Самарская область, Автозаводский район, г. Тольятти, на пересечении ул. Свердлова и ул. Юбилейной;30,8;Муниципальная казна
2775;П1100000029400;63:09:0101155:564;Земельный участок;Самарская область, Автозаводский район, г. Тольятти, на пересечении ул. Офицерской и ул. Ворошилова (разделительная полоса);36,0;Муниципальная казна
2776;П1100000028829;63:09:0101156:532;Земельный участок;"Самарская область, Автозаводский район, г. Тольятти, на пересечении ул. Автостроителей и Южного шоссе, ООО ""Оил Гарант""";170,0;Муниципальная казна
2777;П1100000028562;63:09:0000000:1137;Земельный участок;Самарская область, Автозаводский район, г. Тольятти, на пересечении ул. 40 лет Победы и Ленинского проспекта;104,0;Муниципальная казна
2778;П1100000031530;63:09:0000000:9375;Земельный участок;Самарская область, Автозаводский район, г. Тольятти, на пересечении Обводной дороги и Южного шоссе, ул. Автостроителей и ул. Офицерской;146588,0;Муниципальная казна
2779;П1100000030074;63:09:0102155:629;Земельный участок;Самарская область, Автозаводский район, г. Тольятти, на пересечении Обводного шоссе и ул. Коммунальной;36,0;Муниципальная казна
2780;П1100000028962;63:09:0102165:3;Земельный участок;Самарская область, Автозаводский район, г. Тольятти, на пересечении Московского проспекта и ул. Дзержинского;485,0;Муниципальная казна
2781;П1100000030008;63:09:0000000:945;Земельный участок;Самарская область, Автозаводский район, г. Тольятти, на пересечении Московского проспекта и дороги на п. Приморский;5703,0;Муниципальная казна
2782;П1100000029921;63:09:0000000:2689;Земельный участок;Самарская область, Автозаводский район, г. Тольятти, на пересечении Ленинского проспекта и ул. Юбилейной, разделительная полоса;18,4;Муниципальная казна
2783;П1100000028713;63:09:0000000:2704;Земельный участок;Самарская область, Автозаводский район, г. Тольятти, на пересечении бульвара Туполева и Ленинского проспекта;11,0;Муниципальная казна
2784;П1100000028349;63:09:0104014:524;Земельный участок;"Самарская область, Автозаводский район, г. Тольятти, на земельном участке расположено сооружение, скважина № 170-А с подземной камерой глубина 113 м, имеющее адрес: г.Тольятти, Автозаводский район, на территории водозабора ""Соцгородской""";2763,0;Муниципальная казна
2785;П1100000028351;63:09:0104014:522;Земельный участок;"Самарская область, Автозаводский район, г. Тольятти, на земельном участке расположено сооружение, скважина № 167-б с подземной камерой, имеющее адрес: г.Тольятти, Автозаводский район, на территории водозабора ""Соцгородской""";2350,0;Муниципальная казна
2786;П1100000028348;63:09:0104014:523;Земельный участок;"Самарская область, Автозаводский район, г. Тольятти, на земельном участке расположено нежилое здание, наземный павильон списанной скважины №170, имеющее адрес: г.Тольятти, Автозаводский район, на территории водозабора ""Соцгородской""";58,0;Муниципальная казна
2787;П1100000028350;63:09:0104014:521;Земельный участок;"Самарская область, Автозаводский район, г. Тольятти, на земельном участке расположено нежилое здание, наземный павильон списанной скважины №167, имеющее адрес: г.Тольятти, Автозаводский район, на территории водозабора ""Соцгородской""";59,0;Муниципальная казна
2788;П1100000028421;63:09:0101156:11290;Земельный участок;Самарская область, Автозаводский район, г. Тольятти, на земельном участке расположено нежилое здание, имеющее адрес: ул.Тополиная,18;24442,0;Постоянное (бессрочное) пользование
2789;П1100000028458;63:09:0101166:10303;Земельный участок;Самарская область, Автозаводский район, г. Тольятти, на земельном участке расположено здание, имеющее адрес: бульвар Туполева, д.19;10845,0;Муниципальная казна
2790;П1100000028409;63:09:0104013:882;Земельный участок;Самарская область, Автозаводский район, г. Тольятти, на земельном участке расположена спортивная база, IV очередь, имеющая адрес: ул. Маршала Жукова, д.49;1121,0;Постоянное (бессрочное) пользование
2791;П1100000030011;63:09:0000000:954;Земельный участок;Самарская область, Автозаводский район, г. Тольятти, на дороге в Подстепки, 250 м. до перекрестка с Московским проспектом;14,0;Муниципальная казна
2792;П1100000030767;63:09:0000000:8984;Земельный участок;Самарская область, Автозаводский район, г. Тольятти, между ул.Северной и Южным шоссе - на участке от ул.Вокзальной до ул.Северной;68798,0;Муниципальная казна
2793;П1100000028381;63:09:0000000:8805;Земельный участок;Самарская область, Автозаводский район, г. Тольятти, между Московским проспектом и улицей Маршала Жукова, южнее кварталов 1, 32, 5, 9 – на участке от Московского проспекта до ул.Революционной;108999,0;Муниципальная казна
2794;П1100000030003;63:09:0000000:933;Земельный участок;Самарская область, Автозаводский район, г. Тольятти, кольцо на пересечении Московского проспекта и ул.Свердлова;36,0;Муниципальная казна
2795;П1100000031529;63:09:0000000:8593;Земельный участок;Самарская область, Автозаводский район, г. Тольятти, кольцевое пересечение Южного шоссе и ул.Борковской;147107,0;Муниципальная казна
2796;П1100000029821;63:09:0000000:2495;Земельный участок;Самарская область, Автозаводский район, г. Тольятти, кольцевая развязка ул. Свердлова и ул. Ворошилова;40,6;Муниципальная казна
2797;П1100000029909;63:09:0000000:2594;Земельный участок;Самарская область, Автозаводский район, г. Тольятти, кольцевая развязка ул. 40 лет Победы, ул. Тополиная и ул. Дзержинского;40,8;Муниципальная казна
2798;П1100000029641;63:09:0101161:631;Земельный участок;Самарская область, Автозаводский район, г. Тольятти, кольцевая развязка просп. Степана Разина и ул. Свердлова;19,0;Муниципальная казна
2799;П1100000028555;63:09:0000000:1111;Земельный участок;Самарская область, Автозаводский район, г. Тольятти, квартал МЖК;6223,0;Муниципальная казна
2800;П1100000028558;63:09:0000000:1116;Земельный участок;Самарская область, Автозаводский район, г. Тольятти, квартал МЖК;4443,0;Муниципальная казна
2801;П1100000028556;63:09:0000000:1112;Земельный участок;Самарская область, Автозаводский район, г. Тольятти, квартал МЖК;15760,0;Муниципальная казна
2802;П1100000028703;63:09:0000000:2560;Земельный участок;Самарская область, Автозаводский район, г. Тольятти, квартал № 12, ул. Дзержинского;14,0;Муниципальная казна
2803;П1100000028588;63:09:0101161:634;Земельный участок;"Самарская область, Автозаводский район, г. Тольятти, квартал 9, по проспекту Степана Разина, юго-западнее городского культурного центра ""Пирамида""";20,0;Муниципальная казна
2804;П1100000029221;63:09:0000000:1135;Земельный участок;Самарская область, Автозаводский район, г. Тольятти, квартал 9, пересечение бульвара Туполева и Ленинского проспекта;103,0;Муниципальная казна
2805;П1100000029945;63:09:0000000:2735;Земельный участок;Самарская область, Автозаводский район, г. Тольятти, квартал 9, на пересечении бульвара Туполева и Ленинского проспекта;12,0;Муниципальная казна
2806;П1100000028825;63:09:0000000:2699;Земельный участок;Самарская область, Автозаводский район, г. Тольятти, квартал 9, на пересечении бульвара Туполева и Ленинского проспекта;103,0;Муниципальная казна
2807;П1100000029839;63:09:0101166:524;Земельный участок;Самарская область, Автозаводский район, г. Тольятти, квартал 9, на пересечении б. Туполева и Ленинского проспекта;9,0;Муниципальная казна
2808;П1100000028921;63:09:0101161:622;Земельный участок;Самарская область, Автозаводский район, г. Тольятти, квартал 8, по проспекту Степана Разина, западнее жилого дома № 74;20,0;Муниципальная казна
2809;П1100000029861;63:09:0101169:585;Земельный участок;"Самарская область, Автозаводский район, г. Тольятти, квартал 8, по Приморскому бульвару, существующая остановка общественного транспорта ""Дворец Спорта""";112,0;Муниципальная казна
2810;П1100000029860;63:09:0101169:584;Земельный участок;"Самарская область, Автозаводский район, г. Тольятти, квартал 8, по Приморскому бульвару, район остановки общественного транспорта ""Дворец Спорта""";28,0;Муниципальная казна
2811;П1100000028653;63:09:0101164:530;Земельный участок;Самарская область, Автозаводский район, г. Тольятти, квартал 7, по ул.Юбилейной, западнее жилого дома № 45;1169,0;Муниципальная казна
2812;П1100000028651;63:09:0101161:647;Земельный участок;"Самарская область, Автозаводский район, г. Тольятти, квартал 7, по проспекту Степана Разина, южнееТЦ ""Детский мир""";37,0;Муниципальная казна
2813;П1100000029870;63:09:0101170:551;Земельный участок;"Самарская область, Автозаводский район, г. Тольятти, квартал 7, по проспекту Степана Разина, северо-восточнее ТЦ ""Детский мир""";320,0;Муниципальная казна
2814;П1100000028943;63:09:0101169:592;Земельный участок;Самарская область, Автозаводский район, г. Тольятти, квартал 7, по Приморскому бульвару, юго-восточнее жилого дома № 14;400,0;Муниципальная казна
2815;П1100000028944;63:09:0101169:594;Земельный участок;Самарская область, Автозаводский район, г. Тольятти, квартал 7, по Приморскому бульвару, район остановки общественного транспорта ''Б.Буденного'';116,0;Муниципальная казна
2816;П1100000029863;63:09:0101169:595;Земельный участок;Самарская область, Автозаводский район, г. Тольятти, квартал 7, по Примоpскому бульвару;226,0;Муниципальная казна
2817;П1100000030175;63:09:0101170:651;Земельный участок;Самарская область, Автозаводский район, г. Тольятти, квартал 7, по бульвару Буденного, севернее детской поликлиники;143,0;Муниципальная казна
2818;П1100000028006;63:09:0101169:576;Земельный участок;Самарская область, Автозаводский район, г. Тольятти, квартал 7;550,0;Муниципальная казна
2819;П1100000028647;63:09:0101159:617;Земельный участок;Самарская область, Автозаводский район, г. Тольятти, квартал 6, по ул.Революционной;26,0;Муниципальная казна
2820;П1100000028948;63:09:0101176:613;Земельный участок;Самарская область, Автозаводский район, г. Тольятти, квартал 6, по бульвару Королева, южнее дома 16;243,0;Муниципальная казна
2821;П1100000028714;63:09:0000000:918;Земельный участок;Самарская область, Автозаводский район, г. Тольятти, квартал 6, по бульвару Королева, северо-восточнее ТЦ-Y;30,0;Муниципальная казна
2822;П1100000029999;63:09:0000000:917;Земельный участок;Самарская область, Автозаводский район, г. Тольятти, квартал 6, пересечение ул. Революционной и ул. Фрунзе;20,0;Муниципальная казна
2823;П1100000029832;63:09:0101165:639;Земельный участок;Самарская область, Автозаводский район, г. Тольятти, квартал 5, район жилого дома по бульвару Орджоникидзе, 2;99,0;Муниципальная казна
2824;П1100000028650;63:09:0101160:521;Земельный участок;Самарская область, Автозаводский район, г. Тольятти, квартал 5, по ул.Юбилейной;30,0;Муниципальная казна
2825;П1100000028924;63:09:0101165:637;Земельный участок;Самарская область, Автозаводский район, г. Тольятти, квартал 5, по ул. Юбилейной, район торгового центра IX-Ц;15,0;Муниципальная казна
2826;П1100000028017;63:09:0101165:8793;Земельный участок;Самарская область, Автозаводский район, г. Тольятти, квартал 5, квартал 5, севернее жилого дома, имеющего адрес: бульвар Орджоникидзе, 11;8381,0;Муниципальная казна
2827;П1100000028811;63:09:0000000:2442;Земельный участок;Самарская область, Автозаводский район, г. Тольятти, квартал 4, по проспекту Степана Разина, южнее ТЦ ''Волжские зори'';70,0;Муниципальная казна
2828;П1100000029812;63:09:0000000:2463;Земельный участок;Самарская область, Автозаводский район, г. Тольятти, квартал 4, по проспекту Степана Разина, севернее ТЦ ''Волжские зори'';44,0;Муниципальная казна
2829;П1100000030123;63:09:0000000:2449;Земельный участок;"Самарская область, Автозаводский район, г. Тольятти, квартал 4, по проспекту Степана Разина, район ТЦ ""Волжские зори""";15,0;Муниципальная казна
2830;П1100000029796;63:09:0000000:2428;Земельный участок;"Самарская область, Автозаводский район, г. Тольятти, квартал 4, по проспекту Степана Разина, район остановки общественного транспорта ""Поликлиника""";391,0;Муниципальная казна
2831;П1100000028631;63:09:0000000:2454;Земельный участок;Самарская область, Автозаводский район, г. Тольятти, квартал 4, по бульвару Курчатова, южнее жилого дома №7;42,0;Муниципальная казна
2832;П1100000028628;63:09:0000000:2424;Земельный участок;Самарская область, Автозаводский район, г. Тольятти, квартал 4, по бульвару Курчатова, южнее АТС-32;83,0;Муниципальная казна
2833;П1100000028936;63:09:0101163:632;Земельный участок;Самарская область, Автозаводский район, г. Тольятти, квартал 3-а, по Ленинскому проспекту, северо-восточнее жилого дома № 23;24,0;Муниципальная казна
2834;П1100000029997;63:09:0000000:913;Земельный участок;Самарская область, Автозаводский район, г. Тольятти, квартал 3а;3800,0;Муниципальная казна
2835;П1100000028561;63:09:0000000:1130;Земельный участок;Самарская область, Автозаводский район, г. Тольятти, квартал 31, южнее ГСК-15;177,0;Муниципальная казна
2836;П1100000030004;63:09:0000000:934;Земельный участок;Самарская область, Автозаводский район, г. Тольятти, квартал 3, западнее Московского проспекта;74,0;Муниципальная казна
2837;П1100000029607;63:09:0101158:505;Земельный участок;Самарская область, Автозаводский район, г. Тольятти, квартал 211, северо-западнее жилого дома XXXV11-Б по ул. Льва Яшина;30,0;Муниципальная казна
2838;П1100000028840;63:09:0101158:529;Земельный участок;Самарская область, Автозаводский район, г. Тольятти, квартал 21, по ул.Льва Яшина;96,0;Муниципальная казна
2839;П1100000030837;63:09:0101157:72;Земельный участок;Самарская область, Автозаводский район, г. Тольятти, квартал 20, северо-восточный торец жилого дома № 45 по Южному шоссе;368,0;Муниципальная казна
2840;П1100000028837;63:09:0101155:623;Земельный участок;Самарская область, Автозаводский район, г. Тольятти, квартал 20, по ул.70 лет Октября, севернее жилого дома №22;139,0;Муниципальная казна
2841;П1100000030838;63:09:0101157:75;Земельный участок;Самарская область, Автозаводский район, г. Тольятти, квартал 20, в юго-восточном торце жилого дома №37 по Южному шоссе;357,0;Муниципальная казна
2842;П1100000029799;63:09:0000000:2431;Земельный участок;Самарская область, Автозаводский район, г. Тольятти, квартал 2, по ул. Революционной, 20/60;3132,0;Муниципальная казна
2843;П1100000028828;63:09:0000000:2757;Земельный участок;Самарская область, Автозаводский район, г. Тольятти, квартал 2, напротив квартала 2, западнее Московского проспекта;55,0;Муниципальная казна
2844;П1100000017045;63:09:0101159:552;Земельный участок;Самарская область, Автозаводский район, г. Тольятти, квартал 2;10591,0;Постоянное (бессрочное) пользование
2845;П1100000029797;63:09:0000000:2429;Земельный участок;Самарская область, Автозаводский район, г. Тольятти, квартал 2;15791,0;Муниципальная казна
2846;П1100000028643;63:09:0101155:617;Земельный участок;Самарская область, Автозаводский район, г. Тольятти, квартал 19, по Южному шоссе;314,0;Муниципальная казна
2847;П1100000028914;63:09:0101156:34;Земельный участок;Самарская область, Автозаводский район, г. Тольятти, квартал 19, по ул. 70 лет Октября, севернее жилого дома 58;182,0;Муниципальная казна
2848;П1100000028646;63:09:0101156:634;Земельный участок;Самарская область, Автозаводский район, г. Тольятти, квартал 19, по бульвару Татищева;120,0;Муниципальная казна
2849;П1100000029425;63:09:0101155:615;Земельный участок;Самарская область, Автозаводский район, г. Тольятти, квартал 19, пересечение Южного шоссе и бульвара Татищева;3738,0;Муниципальная казна
2850;П1100000029990;63:09:0000000:886;Земельный участок;Самарская область, Автозаводский район, г. Тольятти, квартал 19, пересечение ул.Автостроителей и бульвара Татищева;2251,0;Муниципальная казна
2851;П1100000029991;63:09:0000000:887;Земельный участок;Самарская область, Автозаводский район, г. Тольятти, квартал 19;5561,0;Муниципальная казна
2852;П1100000029215;63:09:0000000:1121;Земельный участок;Самарская область, Автозаводский район, г. Тольятти, квартал 19;1967,0;Муниципальная казна
2853;П1100000029993;63:09:0000000:902;Земельный участок;Самарская область, Автозаводский район, г. Тольятти, квартал 18;5192,0;Муниципальная казна
2854;П1100000028786;63:09:0000000:1125;Земельный участок;Самарская область, Автозаводский район, г. Тольятти, квартал 17, на пересечении ул. 70 лет Октября и ул.Тополиной;1283,0;Муниципальная казна
2855;П1100000029216;63:09:0000000:1128;Земельный участок;Самарская область, Автозаводский район, г. Тольятти, квартал 17, восточнее пересечения ул. 40 лет Победы и ул.Дзержинского.;5312,5;Муниципальная казна
2856;П1100000028560;63:09:0000000:1127;Земельный участок;Самарская область, Автозаводский район, г. Тольятти, квартал 17;2557,0;Муниципальная казна
2857;П1100000029996;63:09:0000000:911;Земельный участок;Самарская область, Автозаводский район, г. Тольятти, квартал 17;10167,0;Муниципальная казна
2858;П1100000029269;63:09:0000000:2576;Земельный участок;Самарская область, Автозаводский район, г. Тольятти, квартал 16, по ул.Тополиной, район жилого дома № 40А;29,0;Муниципальная казна
2859;П1100000028701;63:09:0000000:2541;Земельный участок;Самарская область, Автозаводский район, г. Тольятти, квартал 16, по ул.Тополиной;566,0;Муниципальная казна
2860;П1100000028904;63:09:0000000:2524;Земельный участок;"Самарская область, Автозаводский район, г. Тольятти, квартал 16, по ул. Дзержинского, остановка общественного транспорта ""ул. Тополиная""";151,0;Муниципальная казна
2861;П1100000028834;63:09:0101153:564;Земельный участок;"Самарская область, Автозаводский район, г. Тольятти, квартал 16, по ул. 70 лет Октября, район остановки общественного транспорта ""маг.'Деликатесы''";31,0;Муниципальная казна
2862;П1100000028724;63:09:0101155:630;Земельный участок;Самарская область, Автозаводский район, г. Тольятти, квартал 16, по ул. 70 лет Октября;20,0;Муниципальная казна
2863;П1100000030164;63:09:0101156:624;Земельный участок;Самарская область, Автозаводский район, г. Тольятти, квартал 16, западнее магазина по ул. Автостроителей, 13 А;432,0;Муниципальная казна
2864;П1100000028697;63:09:0000000:2512;Земельный участок;Самарская область, Автозаводский район, г. Тольятти, квартал 15, по ул.Автостроителей, севернее жилого дома №60;12,5;Муниципальная казна
2865;П1100000028821;63:09:0000000:2515;Земельный участок;"Самарская область, Автозаводский район, г. Тольятти, квартал 15, по ул.Автостроителей, район магазина ""Продукты""";24,0;Муниципальная казна
2866;П1100000029884;63:09:0000000:2529;Земельный участок;Самарская область, Автозаводский район, г. Тольятти, квартал 15, пересечение ул. Дзержинского и бульвара Космонавтов;242,0;Муниципальная казна
2867;П1100000029891;63:09:0000000:2551;Земельный участок;Самарская область, Автозаводский район, г. Тольятти, квартал 15, восточнее жилого дома ХХVIII-Я-2.;1672,0;Муниципальная казна
2868;П1100000029890;63:09:0000000:2545;Земельный участок;Самарская область, Автозаводский район, г. Тольятти, квартал 15, восточнее жилого дома XXVIII-Э;441,0;Муниципальная казна
2869;П1100000029885;63:09:0000000:2530;Земельный участок;Самарская область, Автозаводский район, г. Тольятти, квартал 15;9343,0;Муниципальная казна
2870;П1100000028706;63:09:0000000:2574;Земельный участок;Самарская область, Автозаводский район, г. Тольятти, квартал 14, по ул. 40 лет Победы;11495,0;Муниципальная казна
2871;П1100000028718;63:09:0101154:558;Земельный участок;Самарская область, Автозаводский район, г. Тольятти, квартал 14, по ул. 40 лет Победы;5838,0;Муниципальная казна
2872;П1100000028632;63:09:0000000:2504;Земельный участок;"Самарская область, Автозаводский район, г. Тольятти, квартал 12, по ул. Свердлова, остановка общественного транспорта ""Бульвар Гая""";134,0;Муниципальная казна
2873;П1100000029217;63:09:0000000:1131;Земельный участок;Самарская область, Автозаводский район, г. Тольятти, квартал 12, по ул. Дзержинского;247,0;Муниципальная казна
2874;П1100000028704;63:09:0000000:2565;Земельный участок;"Самарская область, Автозаводский район, г. Тольятти, квартал 12, по ул. Ворошилова, район остановки общественного транспорта ""Бульвар Луначарского""";24,0;Муниципальная казна
2875;П1100000028577;63:09:0000000:2491;Земельный участок;"Самарская область, Автозаводский район, г. Тольятти, квартал 12, по ул. Автостроителей, южнее магазина ""Новинка""";53,1;Муниципальная казна
2876;П1100000029897;63:09:0000000:2557;Земельный участок;Самарская область, Автозаводский район, г. Тольятти, квартал 12, пересечение ул. Дзержинского и ул. Автостроителей.;9,0;Муниципальная казна
2877;П1100000028816;63:09:0000000:2497;Земельный участок;Самарская область, Автозаводский район, г. Тольятти, квартал 10, по ул.Дзержинского, район жилого дома №35А;22,0;Муниципальная казна
2878;П1100000029120;63:09:0000000:2567;Земельный участок;Самарская область, Автозаводский район, г. Тольятти, квартал 10, по бульвару Луначарского, район жилого дома № 21;16,2;Муниципальная казна
2879;П1100000028524;63:09:0101163:8323;Земельный участок;Самарская область, Автозаводский район, г. Тольятти, квартал 1, южнее жилого дома, имеющего адрес: ул.Свердлова, д.41;5341,0;Муниципальная казна
2880;П1100000028901;63:09:0000000:2471;Земельный участок;Самарская область, Автозаводский район, г. Тольятти, квартал 1, по бульвару Баумана;294,0;Муниципальная казна
2881;П1100000029813;63:09:0000000:2464;Земельный участок;Самарская область, Автозаводский район, г. Тольятти, квартал 1, пересечение ул. Революционной и ул. Свердлова;20,0;Муниципальная казна
2882;П1100000027952;63:09:0101163:8324;Земельный участок;Самарская область, Автозаводский район, г. Тольятти, квартал 1, 1 квартал, севернее жилого дома, имеющего адрес: пр-т Московский, 33;2777,0;Муниципальная казна
2883;П1100000029983;63:09:0101180:516;Земельный участок;Самарская область, Автозаводский район, г. Тольятти, кв №8, Приморский б-р, западнее хоз.блока XVII-X;39,0;Муниципальная казна
2884;П1100000030150;63:09:0000000:1146;Земельный участок;Самарская область, Автозаводский район, г. Тольятти, Западный пляж, напротив 6 квартала;1423,0;Муниципальная казна
2885;П1100000028519;63:09:0102156:17;Земельный участок;Самарская область, Автозаводский район, г. Тольятти, западнее шламонакопит. № 1 Автозаводского промузла;4800,0;Муниципальная казна
2886;П1100000028715;63:09:0000000:932;Земельный участок;Самарская область, Автозаводский район, г. Тольятти, западнее пересечения Московского проспекта и ул.Свердлова;3687,0;Муниципальная казна
2887;П1100000030002;63:09:0000000:931;Земельный участок;Самарская область, Автозаводский район, г. Тольятти, западнее Московского проспекта, напротив квартала 1;4122,0;Муниципальная казна
2888;П1100000030148;63:09:0102165:11;Земельный участок;Самарская область, Автозаводский район, г. Тольятти, западнее Московского проспекта;3796,0;Муниципальная казна
2889;П1100000029948;63:09:0102165:519;Земельный участок;Самарская область, Автозаводский район, г. Тольятти, западнее Московского проспекта;5925,0;Муниципальная казна
2890;П1100000030524;63:09:0102155:1364;Земельный участок;Самарская область, Автозаводский район, г. Тольятти, западнее здания, имеющего адрес: Южное шоссе, 28, строение 3;62,0;Муниципальная казна
2891;П1100000028357;63:09:0101164:1798;Земельный участок;Самарская область, Автозаводский район, г. Тольятти, западнее здания, имеющего адрес: улица Революционная, д.19;1389,0;Муниципальная казна
2892;П1100000028395;63:09:0101165:9205;Земельный участок;Самарская область, Автозаводский район, г. Тольятти, западнее здания, имеющего адрес: проспект Степана Разина, 20;1188,0;Муниципальная казна
2893;П1100000028024;63:09:0101169:6519;Земельный участок;Самарская область, Автозаводский район, г. Тольятти, западнее здания, имеющего адрес: Приморский б-р, д.8-А;2231,0;Муниципальная казна
2894;П1100000030897;63:09:0103035:4585;Земельный участок;Самарская область, Автозаводский район, г. Тольятти, западнее здания, имеющего адрес: Московский проспект, д.56;3086,0;Муниципальная казна
2895;П1100000031518;63:09:0103035:3515;Земельный участок;Самарская область, Автозаводский район, г. Тольятти, западнее здания имеющего адрес: ул. Спортивная, 31;2545,0;Муниципальная казна
2896;П1100000029944;63:09:0000000:2734;Земельный участок;Самарская область, Автозаводский район, г. Тольятти, за Московским проспектом;8671,0;Муниципальная казна
2897;П1100000028520;63:09:0101177:6;Земельный участок;Самарская область, Автозаводский район, г. Тольятти, восточнее ул. Революционной, напротив квартала 6;27083,0;Постоянное (бессрочное) пользование
2898;П1100000030655;63:09:0102158:1390;Земельный участок;Самарская область, Автозаводский район, г. Тольятти, восточнее объекта недвижимости, имеющего адрес: улица Северная, 81, до объекта недвижимости, имеющего адрес: улица Борковская, 6, на участке от строения 81 по ул. Северной до строения 39 по ул. Северной;17561,0;Муниципальная казна
2899;П1100000031355;63:09:0102158:1661;Земельный участок;Самарская область, Автозаводский район, г. Тольятти, восточнее объекта недвижимости, имеющего адрес: улица Северная, 81 строение 1, до объекта недвижимости, имеющего адрес: улица Северная, 39;31090,0;Муниципальная казна
2900;П1100000028386;63:09:0000000:8816;Земельный участок;Самарская область, Автозаводский район, г. Тольятти, восточнее кварталов 6,3,1,2 между улицей Спортивной и улицей Дзержинского- на участке от ул.Спортивной до Приморского бульвара;40772,0;Муниципальная казна
2901;П1100000030783;63:09:0101155:9308;Земельный участок;Самарская область, Автозаводский район, г. Тольятти, восточнее здания, имеющего адрес: Южное шоссе, 75;740,0;Постоянное (бессрочное) пользование
2902;П1100000027981;63:09:0101150:10541;Земельный участок;Самарская область, Автозаводский район, г. Тольятти, восточнее здания, имеющего адрес: бульвар Гая, д.19;3800,0;Муниципальная казна
2903;П1100000028132;63:09:0000000:77;Земельный участок;Самарская область, Автозаводский район, г. Тольятти, водозабор Соцгородской, скважина №209;1500,0;Муниципальная казна
2904;П1100000028086;63:09:0104013:510;Земельный участок;Самарская область, Автозаводский район, г. Тольятти, водозабор Соцгородской, скважина №207;2136,0;Муниципальная казна
2905;П1100000028077;63:09:0104014:517;Земельный участок;Самарская область, Автозаводский район, г. Тольятти, водозабор Соцгородской, скважина №178;2008,0;Муниципальная казна
2906;П1100000028078;63:09:0104014:510;Земельный участок;Самарская область, Автозаводский район, г. Тольятти, водозабор Соцгородской, скважина №177А;1025,0;Муниципальная казна
2907;П1100000015837;63:09:0104014:503;Земельный участок;Самарская область, Автозаводский район, г. Тольятти, водозабор Соцгородской, скважина №177;1868,0;Муниципальная казна
2908;П1100000028087;63:09:0104014:512;Земельный участок;Самарская область, Автозаводский район, г. Тольятти, водозабор Соцгородской, скважина №171а;1891,0;Муниципальная казна
2909;П1100000028079;63:09:0104014:16;Земельный участок;Самарская область, Автозаводский район, г. Тольятти, водозабор Соцгородской, скважина №169а;830,0;Муниципальная казна
2910;П1100000028437;63:09:0104014:10;Земельный участок;Самарская область, Автозаводский район, г. Тольятти, водозабор Соцгородской, скважина №168-Б;2293,0;Муниципальная казна
2911;П1100000028450;63:09:0104013:14;Земельный участок;Самарская область, Автозаводский район, г. Тольятти, водозабор Соцгородской, скважина № 184А;2191,0;Муниципальная казна
2912;П1100000028076;63:09:0104014:504;Земельный участок;Самарская область, Автозаводский район, г. Тольятти, водозабор Соцгородской, скважина № 178А;1489,0;Муниципальная казна
2913;П1100000015834;63:09:0104014:502;Земельный участок;Самарская область, Автозаводский район, г. Тольятти, водозабор Соцгородской, скважина № 172а;1196,0;Муниципальная казна
2914;П1100000016482;63:09:0104014:506;Земельный участок;Самарская область, Автозаводский район, г. Тольятти, водозабор Соцгородской, скважина № 169;2434,0;Муниципальная казна
2915;П1100000028090;63:09:0104013:511;Земельный участок;Самарская область, Автозаводский район, г. Тольятти, водозабор Соцгородской, скважина 205-А;2582,0;Муниципальная казна
2916;П1100000027233;63:09:0104014:13;Земельный участок;Самарская область, Автозаводский район, г. Тольятти, водозабор Соцгородской, скважина 173-А;1034,0;Муниципальная казна
2917;П1100000028451;63:09:0104014:24;Земельный участок;Самарская область, Автозаводский район, г. Тольятти, водозабор Соцгородской, скважина 173;2195,0;Муниципальная казна
2918;П1100000027234;63:09:0104014:19;Земельный участок;Самарская область, Автозаводский район, г. Тольятти, водозабор Соцгородской, скважина 166;2494,0;Муниципальная казна
2919;П1100000014799;63:09:0104014:508;Земельный участок;Самарская область, Автозаводский район, г. Тольятти, водозабор Соцгородской, скважина 165-А;846,0;Муниципальная казна
2920;П1100000028430;63:09:0104014:8;Земельный участок;"Самарская область, Автозаводский район, г. Тольятти, водозабор ""Соцгородской"", скважина №174-В";2310,0;Муниципальная казна
2921;П1100000027232;63:09:0104014:9;Земельный участок;"Самарская область, Автозаводский район, г. Тольятти, водозабор ""Соцгородской"", скважина № 208";1131,0;Муниципальная казна
2922;П1100000027510;63:09:0104013:11;Земельный участок;"Самарская область, Автозаводский район, г. Тольятти, водозабор ""Соцгородской"", скважина № 185";1955,0;Муниципальная казна
2923;П1100000027230;63:09:0104014:5;Земельный участок;"Самарская область, Автозаводский район, г. Тольятти, водозабор ""Соцгородской"", скважина № 176 Б, № 176";2345,0;Муниципальная казна
2924;П1100000017730;63:09:0104014:515;Земельный участок;"Самарская область, Автозаводский район, г. Тольятти, водозабор ""Соцгородской"", скважина № 175";2259,0;Муниципальная казна
2925;П1100000027231;63:09:0104014:6;Земельный участок;"Самарская область, Автозаводский район, г. Тольятти, водозабор ""Соцгородской"", скважина № 172";2288,0;Муниципальная казна
2926;П1100000028093;63:09:0104013:13;Земельный участок;"Самарская область, Автозаводский район, г. Тольятти, водозабор ""Соцгородской"", скважина 206";2521,0;Муниципальная казна
2927;П1100000027509;63:09:0104013:10;Земельный участок;"Самарская область, Автозаводский район, г. Тольятти, водозабор ""Соцгородской"", скважина 183-А";1958,0;Муниципальная казна
2928;П1100000017720;63:09:0000000:62;Земельный участок;"Самарская область, Автозаводский район, г. Тольятти, водозабор ""Соцгородской"", скважина 176А";1359,0;Муниципальная казна
2929;П1100000016331;63:09:0104014:509;Земельный участок;"Самарская область, Автозаводский район, г. Тольятти, водозабор ""Соцгородской"", скважина 175А";1220,0;Муниципальная казна
2930;П1100000017660;63:09:0104014:516;Земельный участок;"Самарская область, Автозаводский район, г. Тольятти, водозабор ""Соцгородской"", скважина 174А, 174Б";3755,0;Муниципальная казна
2931;П1100000016846;63:09:0104014:22;Земельный участок;"Самарская область, Автозаводский район, г. Тольятти, водозабор ""Соцгородской"", скважина 168а";918,0;Муниципальная казна
2932;П1100000015311;63:09:0104014:23;Земельный участок;"Самарская область, Автозаводский район, г. Тольятти, водозабор ""Соцгородской"", скважина 167-а";1322,0;Муниципальная казна
2933;П1100000028422;63:09:0000000:7818;Земельный участок;Самарская область, Автозаводский район, г. Тольятти, вдоль 21 квартала;75430,0;Постоянное (бессрочное) пользование
2934;П1100000029124;63:09:0000000:2690;Земельный участок;Самарская область, Автозаводский район, г. Тольятти, в северной части 32 квартала;4807,0;Муниципальная казна
2935;П1100000028738;63:09:0102152:713;Земельный участок;Самарская область, Автозаводский район, г. Тольятти, в санитарно-защитной зоне, по ул. Ботанической;253,0;Муниципальная казна
2936;П1100000030024;63:09:0102151:571;Земельный участок;"Самарская область, Автозаводский район, г. Тольятти, в санитарно-защитной зоне напротив квартала 10 по ул. Ботанической, западнее ГСК-41/2 ""Спутник""";159,0;Муниципальная казна
2937;П1100000029222;63:09:0000000:1141;Земельный участок;Самарская область, Автозаводский район, г. Тольятти, в санитарно-защитной зоне на пересечении ул. Воскресенской и ул. Офицерской, южнее крытого рынка;5353,0;Муниципальная казна
2938;П1100000029657;63:09:0101162:630;Земельный участок;Самарская область, Автозаводский район, г. Тольятти, в санитарно защитной зоне по ул. Ботанической;5337,0;Муниципальная казна
2939;П1100000028641;63:09:0000000:953;Земельный участок;Самарская область, Автозаводский район, г. Тольятти, в районе п. Приморский;1729,0;Муниципальная казна
2940;П1100000030099;63:09:0102160:3;Земельный участок;Самарская область, Автозаводский район, г. Тольятти, в промышленно-коммунальной зоне, северо-западнее ремонтно-механической базы вагонов-автомобилевозов по ул.Вокзальной, 2;6660,0;Муниципальная казна
2941;П1100000028557;63:09:0000000:1115;Земельный участок;Самарская область, Автозаводский район, г. Тольятти, в квартале МЖК;5123,0;Муниципальная казна
2942;П1100000029806;63:09:0000000:2440;Земельный участок;Самарская область, Автозаводский район, г. Тольятти, в квартале 9, западнее стоматологической поликлиники;112,0;Муниципальная казна
2943;П1100000030945;63:09:0101176:505;Земельный участок;Самарская область, Автозаводский район, г. Тольятти, в квартале 6, по Московскому проспекту, западнее существующего здания поликлиники;220,0;Муниципальная казна
2944;П1100000029959;63:09:0000000:2756;Земельный участок;"Самарская область, Автозаводский район, г. Тольятти, в квартале 3Б по Ленинскому проспекту, район остановки общественного транспорта ""Медучилище""";280,0;Муниципальная казна
2945;П1100000029606;63:09:0101157:85;Земельный участок;Самарская область, Автозаводский район, г. Тольятти, в квартале 20;55266,0;Постоянное (бессрочное) пользование
2946;П1100000028731;63:09:0101162:10;Земельный участок;Самарская область, Автозаводский район, г. Тольятти, в квартале 10, по проспекту Степана Разина;346,0;Муниципальная казна
2947;П1100000030839;63:09:0102160:1361;Земельный участок;Самарская область, Автозаводский район, г. Тольятти, в восточной части кадастрового квартала 63:09:0102160;19,0;Муниципальная казна
2948;П1100000029119;63:09:0000000:2523;Земельный участок;Самарская область, Автозаводский район, г. Тольятти, б-р Цветной, севернее жилого дома № 23;92,0;Муниципальная казна
2949;П1100000029384;63:09:0101153:536;Земельный участок;Самарская область, Автозаводский район, г. Тольятти, б-р Цветной, район школа ХХIX-Ш-1;12898,0;Муниципальная казна
2950;П1100000031108;63:09:0101153:15175;Земельный участок;Самарская область, Автозаводский район, г. Тольятти, б-р Цветной, земельный участок № 4А;227,0;Муниципальная казна
2951;П1100000031107;63:09:0101153:15174;Земельный участок;Самарская область, Автозаводский район, г. Тольятти, б-р Цветной, земельный участок № 20А;206,0;Муниципальная казна
2952;П1100000002037;63:09:0101153:22;Земельный участок;Самарская область, Автозаводский район, г. Тольятти, б-р Цветной, д. 24, квартал 16;10048,0;Муниципальная казна
2953;П1100000027985;63:09:0101153:12502;Земельный участок;Самарская область, Автозаводский район, г. Тольятти, б-р Цветной, д. 18;33636,0;Постоянное (бессрочное) пользование
2954;П1100000028249;63:09:0101153:12773;Земельный участок;Самарская область, Автозаводский район, г. Тольятти, б-р Цветной, д. 17;13349,0;Муниципальная казна
2955;П1100000028112;63:09:0101153:643;Земельный участок;Самарская область, Автозаводский район, г. Тольятти, б-р Цветной, д. 15;3189,0;Муниципальная казна
2956;П1100000028804;63:09:0101153:14879;Земельный участок;Самарская область, Автозаводский район, г. Тольятти, б-р Цветной, д. 13;27687,0;Постоянное (бессрочное) пользование
2957;П1100000029387;63:09:0101153:664;Земельный участок;Самарская область, Автозаводский район, г. Тольятти, б-р Цветной;21,0;Муниципальная казна
2958;П1100000029911;63:09:0000000:2621;Земельный участок;Самарская область, Автозаводский район, г. Тольятти, б-р Туполева, западнее жилого дома № 2;208,0;Муниципальная казна
2959;П1100000028331;63:09:0101166:8;Земельный участок;Самарская область, Автозаводский район, г. Тольятти, б-р Туполева, д. 6;11413,0;Муниципальная казна
2960;П1100000029930;63:09:0000000:2710;Земельный участок;Самарская область, Автозаводский район, г. Тольятти, б-р Туполева, д. 3, стр. а;31,0;Муниципальная казна
2961;П1100000027402;63:09:0101166:21;Земельный участок;Самарская область, Автозаводский район, г. Тольятти, б-р Туполева, д. 3, квартал 9;11209,0;Муниципальная казна
2962;П1100000028330;63:09:0101166:9;Земельный участок;Самарская область, Автозаводский район, г. Тольятти, б-р Туполева, д. 18, квартал 9;11183,0;Постоянное (бессрочное) пользование
2963;П1100000029840;63:09:0101166:528;Земельный участок;Самарская область, Автозаводский район, г. Тольятти, б-р Туполева, д. 12-а;10125,0;Муниципальная казна
2964;П1100000027493;63:09:0101166:547;Земельный участок;Самарская область, Автозаводский район, г. Тольятти, б-р Туполева, д. 12;30139,0;Постоянное (бессрочное) пользование
2965;П1100000028710;63:09:0000000:2617;Земельный участок;Самарская область, Автозаводский район, г. Тольятти, б-р Туполева;123,0;Муниципальная казна
2966;П1100000028838;63:09:0101156:633;Земельный участок;Самарская область, Автозаводский район, г. Тольятти, б-р Татищева, район жилого дома № 7;35,0;Муниципальная казна
2967;П1100000004400;63:09:0101156:560;Земельный участок;Самарская область, Автозаводский район, г. Тольятти, б-р Татищева, д. 19;25629,0;Постоянное (бессрочное) пользование
2968;П1100000015559;63:09:0101156:517;Земельный участок;Самарская область, Автозаводский район, г. Тольятти, б-р Татищева, д. 10, стр. А;1173,0;Муниципальная казна
2969;П1100000031440;63:09:0101156:11720;Земельный участок;Самарская область, Автозаводский район, г. Тольятти, б-р Татищева;21,0;Муниципальная казна
2970;П1100000031393;63:09:0101156:11722;Земельный участок;Самарская область, Автозаводский район, г. Тольятти, б-р Татищева;179,0;Муниципальная казна
2971;П1100000028582;63:09:0101156:628;Земельный участок;Самарская область, Автозаводский район, г. Тольятти, б-р Татищева;97,0;Муниципальная казна
2972;П1100000028583;63:09:0101156:629;Земельный участок;Самарская область, Автозаводский район, г. Тольятти, б-р Татищева;533,0;Муниципальная казна
2973;П1100000030165;63:09:0101156:627;Земельный участок;Самарская область, Автозаводский район, г. Тольятти, б-р Татищева;139,0;Муниципальная казна
2974;П1100000028344;63:09:0101155:25;Земельный участок;Самарская область, Автозаводский район, г. Тольятти, б-р Солнечный, на земельном участке расположен объект недвижимости, имеющий адрес: бульвар Солнечный, 3;10836,0;Постоянное (бессрочное) пользование
2975;П1100000029603;63:09:0101157:3;Земельный участок;Самарская область, Автозаводский район, г. Тольятти, б-р Рябиновый;243,0;Муниципальная казна
2976;П1100000028585;63:09:0101157:10763;Земельный участок;Самарская область, Автозаводский район, г. Тольятти, б-р Рябиновый;174,0;Муниципальная казна
2977;П1100000028941;63:09:0101169:578;Земельный участок;Самарская область, Автозаводский район, г. Тольятти, б-р Приморский, южнее жилого дома № 28;30,0;Муниципальная казна
2978;П1100000029151;63:09:0101169:586;Земельный участок;Самарская область, Автозаводский район, г. Тольятти, б-р Приморский, существующая остановка общественного транспорта ''Б.Буденного'';109,0;Муниципальная казна
2979;П1100000029150;63:09:0101169:583;Земельный участок;Самарская область, Автозаводский район, г. Тольятти, б-р Приморский, существующая ООТ ''Стадион Торпедо'';102,0;Муниципальная казна
2980;П1100000029862;63:09:0101169:588;Земельный участок;Самарская область, Автозаводский район, г. Тольятти, б-р Приморский, район пересечения с ул. Революционной;36,8;Муниципальная казна
2981;П1100000028942;63:09:0101169:579;Земельный участок;Самарская область, Автозаводский район, г. Тольятти, б-р Приморский, район остановки общественного транспорта ''Бульвар Буденного'';183,0;Муниципальная казна
2982;П1100000030114;63:09:0101169:581;Земельный участок;"Самарская область, Автозаводский район, г. Тольятти, б-р Приморский, район остановки общественного транспорта ""Дворец Спорта""";86,0;Муниципальная казна
2983;П1100000028733;63:09:0101169:593;Земельный участок;"Самарская область, Автозаводский район, г. Тольятти, б-р Приморский, район остановки ""8-й квартал""";168,0;Муниципальная казна
2984;П1100000029857;63:09:0101169:577;Земельный участок;Самарская область, Автозаводский район, г. Тольятти, б-р Приморский, район дома № 14;30,0;Муниципальная казна
2985;П1100000030974;63:09:0101179:707;Земельный участок;Самарская область, Автозаводский район, г. Тольятти, б-р Приморский, земельный участок №37/1;25597,0;Муниципальная казна
2986;П1100000031095;63:09:0101179:902;Земельный участок;Самарская область, Автозаводский район, г. Тольятти, б-р Приморский, земельный участок №37/1;3773,0;Муниципальная казна
2987;П1100000031534;63:09:0101179:1522;Земельный участок;Самарская область, Автозаводский район, г. Тольятти, б-р Приморский, земельный участок № 37А;980,0;Муниципальная казна
2988;П1100000031096;63:09:0101179:903;Земельный участок;Самарская область, Автозаводский район, г. Тольятти, б-р Приморский, земельный участок № 37;31096,0;Постоянное (бессрочное) пользование
2989;П1100000031113;63:09:0101176:10848;Земельный участок;Самарская область, Автозаводский район, г. Тольятти, б-р Приморский, земельный участок № 36А;53,0;Муниципальная казна
2990;П1100000017124;63:09:0101169:502;Земельный участок;Самарская область, Автозаводский район, г. Тольятти, б-р Приморский, д. 8, стр. Б;663,0;Муниципальная казна
2991;П1100000027505;63:09:0101180:9;Земельный участок;Самарская область, Автозаводский район, г. Тольятти, б-р Приморский, д. 7;10055,0;Муниципальная казна
2992;П1100000029970;63:09:0101176:18;Земельный участок;Самарская область, Автозаводский район, г. Тольятти, б-р Приморский, д. 50;3776,0;Муниципальная казна
2993;П1100000027435;63:09:0101178:9;Земельный участок;Самарская область, Автозаводский район, г. Тольятти, б-р Приморский, д. 49;91947,0;Постоянное (бессрочное) пользование
2994;П1100000029979;63:09:0101178:538;Земельный участок;Самарская область, Автозаводский район, г. Тольятти, б-р Приморский, д. 45В;1962,0;Муниципальная казна
2995;П1100000029980;63:09:0101178:539;Земельный участок;Самарская область, Автозаводский район, г. Тольятти, б-р Приморский, д. 45, южнее квартала 6;6271,0;Постоянное (бессрочное) пользование
2996;П1100000004195;63:09:0101176:39;Земельный участок;Самарская область, Автозаводский район, г. Тольятти, б-р Приморский, д. 44;9590,0;Постоянное (бессрочное) пользование
2997;П1100000029981;63:09:0101178:1;Земельный участок;Самарская область, Автозаводский район, г. Тольятти, б-р Приморский, д. 43;12581,0;Муниципальная казна
2998;П1100000028317;63:09:0101180:32;Земельный участок;Самарская область, Автозаводский район, г. Тольятти, б-р Приморский, д. 35, квартал 8;9958,0;Постоянное (бессрочное) пользование
2999;П1100000028248;63:09:0101180:8803;Земельный участок;Самарская область, Автозаводский район, г. Тольятти, б-р Приморский, д. 31;3022,0;Муниципальная казна
3000;П1100000030173;63:09:0101169:26;Земельный участок;Самарская область, Автозаводский район, г. Тольятти, б-р Приморский, д. 2, стр. Б;887,0;Муниципальная казна
3001;П1100000017064;63:09:0101180:29;Земельный участок;Самарская область, Автозаводский район, г. Тольятти, б-р Приморский, д. 17;10124,0;Постоянное (бессрочное) пользование
3002;П1100000027298;63:09:0101170:12;Земельный участок;Самарская область, Автозаводский район, г. Тольятти, б-р Приморский, д. 16;8747,0;Постоянное (бессрочное) пользование
3003;П1100000029864;63:09:0101169:597;Земельный участок;Самарская область, Автозаводский район, г. Тольятти, б-р Приморский, в северо-восточной части детского центра;10088,0;Муниципальная казна
3004;П1100000031399;63:09:0103035:914;Земельный участок;Самарская область, Автозаводский район, г. Тольятти, б-р Приморский;420,0;Постоянное (бессрочное) пользование
3005;П1100000031396;63:09:0103035:8149;Земельный участок;Самарская область, Автозаводский район, г. Тольятти, б-р Приморский;466,0;Постоянное (бессрочное) пользование
3006;П1100000031390;63:09:0103035:8125;Земельный участок;Самарская область, Автозаводский район, г. Тольятти, б-р Приморский;3256,0;Постоянное (бессрочное) пользование
3007;П1100000031389;63:09:0103035:8124;Земельный участок;Самарская область, Автозаводский район, г. Тольятти, б-р Приморский;5271,0;Постоянное (бессрочное) пользование
3008;П1100000031398;63:09:0103035:913;Земельный участок;Самарская область, Автозаводский район, г. Тольятти, б-р Приморский;4549,0;Постоянное (бессрочное) пользование
3009;П1100000031413;63:09:0103035:8129;Земельный участок;Самарская область, Автозаводский район, г. Тольятти, б-р Приморский;857,0;Постоянное (бессрочное) пользование
3010;П1100000028634;63:09:0000000:2692;Земельный участок;"Самарская область, Автозаводский район, г. Тольятти, б-р Орджоникидзе, южнее магазина ""Овощи""";100,0;Муниципальная казна
3011;П1100000030814;63:09:0101165:510;Земельный участок;Самарская область, Автозаводский район, г. Тольятти, б-р Орджоникидзе, западнее жилого дома № 15;159,0;Муниципальная казна
3012;П1100000027180;63:09:0101165:563;Земельный участок;Самарская область, Автозаводский район, г. Тольятти, б-р Орджоникидзе, д. 4;11255,0;Постоянное (бессрочное) пользование
3013;П1100000006292;63:09:0101165:8665;Земельный участок;Самарская область, Автозаводский район, г. Тольятти, б-р Орджоникидзе, д. 3;24104,0;Постоянное (бессрочное) пользование
3014;П1100000028299;63:09:0101165:8821;Земельный участок;Самарская область, Автозаводский район, г. Тольятти, б-р Орджоникидзе, д. 19;2034,0;Муниципальная казна
3015;П1100000028310;63:09:0101165:56;Земельный участок;Самарская область, Автозаводский район, г. Тольятти, б-р Орджоникидзе, д. 17, в квартале 5;11124,0;Постоянное (бессрочное) пользование
3016;П1100000028265;63:09:0101165:504;Земельный участок;Самарская область, Автозаводский район, г. Тольятти, б-р Орджоникидзе, д. 14;25686,0;Постоянное (бессрочное) пользование
3017;П1100000029834;63:09:0101165:642;Земельный участок;Самарская область, Автозаводский район, г. Тольятти, б-р Орджоникидзе, д. 10, стр. А;1116,0;Муниципальная казна
3018;П1100000029833;63:09:0101165:641;Земельный участок;Самарская область, Автозаводский район, г. Тольятти, б-р Орджоникидзе, д. 10, стр. А;240,0;Муниципальная казна
3019;П1100000027476;63:09:0101165:27;Земельный участок;Самарская область, Автозаводский район, г. Тольятти, б-р Орджоникидзе, д. 1, квартал 5;11190,0;Муниципальная казна
3020;П1100000029938;63:09:0000000:2724;Земельный участок;Самарская область, Автозаводский район, г. Тольятти, б-р Орджоникидзе;162,0;Муниципальная казна
3021;П1100000029140;63:09:0101162:568;Земельный участок;Самарская область, Автозаводский район, г. Тольятти, б-р Луначарского, южнее жилого дома № 17;30,0;Муниципальная казна
3022;П1100000027415;63:09:0101162:553;Земельный участок;Самарская область, Автозаводский район, г. Тольятти, б-р Луначарского, д. 12, квартал 10;11391,0;Постоянное (бессрочное) пользование
3023;П1100000027170;63:09:0101162:9;Земельный участок;Самарская область, Автозаводский район, г. Тольятти, б-р Луначарского, д. 11, квартал 10;28701,0;Постоянное (бессрочное) пользование
3024;П1100000029650;63:09:0101162:536;Земельный участок;Самарская область, Автозаводский район, г. Тольятти, б-р Луначарского, восточнее жилого дома № 12;156,0;Муниципальная казна
3025;П1100000009390;63:09:0101161:605;Земельный участок;Самарская область, Автозаводский район, г. Тольятти, б-р Курчатова, д. 9, в квартале 4;12168,0;Постоянное (бессрочное) пользование
3026;П1100000028515;63:09:0101161:598;Земельный участок;Самарская область, Автозаводский район, г. Тольятти, б-р Курчатова, д. 2, в 4 квартале;27870,0;Постоянное (бессрочное) пользование
3027;П1100000027704;63:09:0101161:28;Земельный участок;Самарская область, Автозаводский район, г. Тольятти, б-р Курчатова, д. 18, квартал 4;12883,0;Муниципальная казна
3028;П1100000027706;63:09:0101161:32;Земельный участок;Самарская область, Автозаводский район, г. Тольятти, б-р Курчатова, д. 17;11800,0;Постоянное (бессрочное) пользование
3029;П1100000027467;63:09:0101161:515;Земельный участок;Самарская область, Автозаводский район, г. Тольятти, б-р Курчатова, д. 16;33678,0;Постоянное (бессрочное) пользование
3030;П1100000027469;63:09:0101161:518;Земельный участок;Самарская область, Автозаводский район, г. Тольятти, б-р Курчатова, д. 15;27159,0;Постоянное (бессрочное) пользование
3031;П1100000004323;63:09:0101161:573;Земельный участок;Самарская область, Автозаводский район, г. Тольятти, б-р Курчатова, д. 11;11198,0;Муниципальная казна
3032;П1100000029638;63:09:0101161:626;Земельный участок;Самарская область, Автозаводский район, г. Тольятти, б-р Курчатова;265,0;Муниципальная казна
3033;П1100000029809;63:09:0000000:2455;Земельный участок;Самарская область, Автозаводский район, г. Тольятти, б-р Курчатова;384,0;Муниципальная казна
3034;П1100000030940;63:09:0101159:10337;Земельный участок;Самарская область, Автозаводский район, г. Тольятти, б-р Кулибина, уч. 4/2;8180,0;Муниципальная казна
3035;П1100000030941;63:09:0101159:10338;Земельный участок;Самарская область, Автозаводский район, г. Тольятти, б-р Кулибина, уч. 4/1;3331,0;Постоянное (бессрочное) пользование
3036;П1100000031467;63:09:0101159:18056;Земельный участок;Самарская область, Автозаводский район, г. Тольятти, б-р Кулибина, земельный участок № 4А/1;6026,0;Постоянное (бессрочное) пользование
3037;П1100000030895;63:09:0101159:10329;Земельный участок;Самарская область, Автозаводский район, г. Тольятти, б-р Кулибина, земельный участок № 13-а;4291,0;Постоянное (бессрочное) пользование
3038;П1100000030894;63:09:0101159:10328;Земельный участок;Самарская область, Автозаводский район, г. Тольятти, б-р Кулибина, земельный участок № 13;12615,0;Постоянное (бессрочное) пользование
3039;П1100000004245;63:09:0101159:55;Земельный участок;Самарская область, Автозаводский район, г. Тольятти, б-р Кулибина, д. 8, 2 квартал;12676,0;Постоянное (бессрочное) пользование
3040;П1100000027650;63:09:0101159:22;Земельный участок;Самарская область, Автозаводский район, г. Тольятти, б-р Кулибина, д. 7, квартал 2;9469,0;Муниципальная казна
3041;П1100000027347;63:09:0101159:42;Земельный участок;Самарская область, Автозаводский район, г. Тольятти, б-р Кулибина, д. 4;11466,0;Постоянное (бессрочное) пользование
3042;П1100000028236;63:09:0101159:9445;Земельный участок;Самарская область, Автозаводский район, г. Тольятти, б-р Кулибина, д. 15;110,0;Муниципальная казна
3043;П1100000029811;63:09:0000000:2462;Земельный участок;Самарская область, Автозаводский район, г. Тольятти, б-р Кулибина, д. 15;5721,0;Муниципальная казна
3044;П1100000028149;63:09:0000000:2459;Земельный участок;Самарская область, Автозаводский район, г. Тольятти, б-р Кулибина, д. 1, 2 квартал;9812,0;Постоянное (бессрочное) пользование
3045;П1100000029610;63:09:0101159:1;Земельный участок;Самарская область, Автозаводский район, г. Тольятти, б-р Кулибина;324,0;Муниципальная казна
3046;П1100000031105;63:09:0101152:12629;Земельный участок;Самарская область, Автозаводский район, г. Тольятти, б-р Космонавтов, земельный участок № 5А;141,0;Муниципальная казна
3047;П1100000031106;63:09:0101152:12630;Земельный участок;Самарская область, Автозаводский район, г. Тольятти, б-р Космонавтов, земельный участок № 24А;180,0;Муниципальная казна
3048;П1100000031104;63:09:0101152:12628;Земельный участок;Самарская область, Автозаводский район, г. Тольятти, б-р Космонавтов, земельный участок № 12А;312,0;Муниципальная казна
3049;П1100000005082;63:09:0101152:625;Земельный участок;Самарская область, Автозаводский район, г. Тольятти, б-р Космонавтов, д. 23;1754,0;Постоянное (бессрочное) пользование
3050;П1100000030104;63:09:0101152:549;Земельный участок;Самарская область, Автозаводский район, г. Тольятти, б-р Космонавтов, д. 22;1116,0;Муниципальная казна
3051;П1100000029375;63:09:0101152:519;Земельный участок;Самарская область, Автозаводский район, г. Тольятти, б-р Космонавтов, д. 22;150,0;Муниципальная казна
3052;П1100000002237;63:09:0101152:27;Земельный участок;Самарская область, Автозаводский район, г. Тольятти, б-р Космонавтов, д. 20;11829,0;Муниципальная казна
3053;П1100000002033;63:09:0101152:558;Земельный участок;Самарская область, Автозаводский район, г. Тольятти, б-р Космонавтов, д. 17;27881,0;Постоянное (бессрочное) пользование
3054;П1100000002236;63:09:0101152:26;Земельный участок;Самарская область, Автозаводский район, г. Тольятти, б-р Космонавтов, д. 10;17736,0;Муниципальная казна
3055;П1100000029117;63:09:0000000:2517;Земельный участок;Самарская область, Автозаводский район, г. Тольятти, б-р Космонавтов, восточнее жилого дома 24;14,0;Муниципальная казна
3056;П1100000028822;63:09:0000000:2539;Земельный участок;Самарская область, Автозаводский район, г. Тольятти, б-р Космонавтов;43,0;Муниципальная казна
3057;П1100000029380;63:09:0101152:633;Земельный участок;Самарская область, Автозаводский район, г. Тольятти, б-р Космонавтов;21,0;Муниципальная казна
3058;П1100000029974;63:09:0101176:606;Земельный участок;Самарская область, Автозаводский район, г. Тольятти, б-р Королева, юго-восточнее ТЦ;30,0;Муниципальная казна
3059;П1100000027715;63:09:0101176:17;Земельный участок;Самарская область, Автозаводский район, г. Тольятти, б-р Королева, земельный участок 1;11010,0;Постоянное (бессрочное) пользование
3060;П1100000027718;63:09:0101176:21;Земельный участок;Самарская область, Автозаводский район, г. Тольятти, б-р Королева, д. 6;21424,0;Постоянное (бессрочное) пользование
3061;П1100000027722;63:09:0101176:503;Земельный участок;Самарская область, Автозаводский район, г. Тольятти, б-р Королева, д. 3;23418,0;Постоянное (бессрочное) пользование
3062;П1100000027977;63:09:0101176:9757;Земельный участок;Самарская область, Автозаводский район, г. Тольятти, б-р Королева, д. 22;10123,0;Муниципальная казна
3063;П1100000029154;63:09:0101176:605;Земельный участок;Самарская область, Автозаводский район, г. Тольятти, б-р Королева, д. 20;87,0;Муниципальная казна
3064;П1100000029971;63:09:0101176:24;Земельный участок;Самарская область, Автозаводский район, г. Тольятти, б-р Королева, д. 20;3863,0;Постоянное (бессрочное) пользование
3065;П1100000028001;63:09:0101176:9759;Земельный участок;Самарская область, Автозаводский район, г. Тольятти, б-р Королева, д. 18;2486,0;Муниципальная казна
3066;П1100000007335;63:09:0101176:581;Земельный участок;Самарская область, Автозаводский район, г. Тольятти, б-р Королева, д. 13;13501,0;Постоянное (бессрочное) пользование
3067;П1100000005548;63:09:0101176:604;Земельный участок;Самарская область, Автозаводский район, г. Тольятти, б-р Королева, д. 12;22328,0;Постоянное (бессрочное) пользование
3068;П1100000030931;63:09:0102151:4816;Земельный участок;Самарская область, Автозаводский район, г. Тольятти, б-р Итальянский;4410,0;Постоянное (бессрочное) пользование
3069;П1100000029803;63:09:0000000:2436;Земельный участок;Самарская область, Автозаводский район, г. Тольятти, б-р Гая, северо-восточнее жилого дома 18;256,0;Муниципальная казна
3070;П1100000029899;63:09:0000000:2562;Земельный участок;Самарская область, Автозаводский район, г. Тольятти, б-р Гая, район жилого дома № 2;24,0;Муниципальная казна
3071;П1100000030109;63:09:0000000:2465;Земельный участок;Самарская область, Автозаводский район, г. Тольятти, б-р Гая, район жилого дома № 1;20,0;Муниципальная казна
3072;П1100000018890;63:09:0101150:38;Земельный участок;Самарская область, Автозаводский район, г. Тольятти, б-р Гая, д. 8;10742,0;Постоянное (бессрочное) пользование
3073;П1100000018887;63:09:0101150:26;Земельный участок;Самарская область, Автозаводский район, г. Тольятти, б-р Гая, д. 4;10894,0;Муниципальная казна
3074;П1100000027971;63:09:0101150:10540;Земельный участок;Самарская область, Автозаводский район, г. Тольятти, б-р Гая, д. 3;10826,0;Муниципальная казна
3075;П1100000018891;63:09:0101150:39;Земельный участок;Самарская область, Автозаводский район, г. Тольятти, б-р Гая, д. 29;11690,0;Постоянное (бессрочное) пользование
3076;П1100000018888;63:09:0101150:27;Земельный участок;Самарская область, Автозаводский район, г. Тольятти, б-р Гая, д. 20;11247,0;Муниципальная казна
3077;П1100000029361;63:09:0101150:708;Земельный участок;Самарская область, Автозаводский район, г. Тольятти, б-р Гая, д. 1, стр. В;263,0;Муниципальная казна
3078;П1100000029793;63:09:0101150:6;Земельный участок;Самарская область, Автозаводский район, г. Тольятти, б-р Гая, д. 1, стр. Б;1213,0;Муниципальная казна
3079;П1100000028900;63:09:0000000:2453;Земельный участок;Самарская область, Автозаводский район, г. Тольятти, б-р Гая, в районе дома № 9;20,0;Муниципальная казна
3080;П1100000030946;63:09:0101150:28;Земельный участок;Самарская область, Автозаводский район, г. Тольятти, б-р Гая, в квартале 12 13;11367,0;Постоянное (бессрочное) пользование
3081;П1100000029352;63:09:0101150:10;Земельный участок;Самарская область, Автозаводский район, г. Тольятти, б-р Гая;231,0;Муниципальная казна
3082;П1100000029362;63:09:0101150:709;Земельный участок;Самарская область, Автозаводский район, г. Тольятти, б-р Гая;162,0;Муниципальная казна
3083;П1100000029873;63:09:0101170:649;Земельный участок;Самарская область, Автозаводский район, г. Тольятти, б-р Буденного, южнее дома № 20;31,0;Муниципальная казна
3084;П1100000028734;63:09:0101170:653;Земельный участок;Самарская область, Автозаводский район, г. Тольятти, б-р Буденного, северо-восточнее АТС-35;126,0;Муниципальная казна
3085;П1100000030124;63:09:0101170:540;Земельный участок;Самарская область, Автозаводский район, г. Тольятти, б-р Буденного, севернее жилого дома № 13;24,0;Муниципальная казна
3086;П1100000029858;63:09:0101169:580;Земельный участок;Самарская область, Автозаводский район, г. Тольятти, б-р Буденного, земельный участок 22;4850,0;Муниципальная казна
3087;П1100000030174;63:09:0101170:647;Земельный участок;Самарская область, Автозаводский район, г. Тольятти, б-р Буденного, д. 9;18038,0;Постоянное (бессрочное) пользование
3088;П1100000028385;63:09:0101170:569;Земельный участок;Самарская область, Автозаводский район, г. Тольятти, б-р Буденного, д. 9;18038,0;Муниципальная казна
3089;П1100000027328;63:09:0101170:48;Земельный участок;Самарская область, Автозаводский район, г. Тольятти, б-р Буденного, д. 4;17886,0;Постоянное (бессрочное) пользование
3090;П1100000028261;63:09:0101170:10031;Земельный участок;Самарская область, Автозаводский район, г. Тольятти, б-р Буденного, д. 20;2724,0;Муниципальная казна
3091;П1100000028257;63:09:0101170:10033;Земельный участок;Самарская область, Автозаводский район, г. Тольятти, б-р Буденного, д. 2;1576,0;Муниципальная казна
3092;П1100000027336;63:09:0101170:530;Земельный участок;Самарская область, Автозаводский район, г. Тольятти, б-р Буденного, д. 12;17978,0;Постоянное (бессрочное) пользование
3093;П1100000027301;63:09:0101170:27;Земельный участок;Самарская область, Автозаводский район, г. Тольятти, б-р Буденного, д. 1, квартал 7;17822,0;Постоянное (бессрочное) пользование
3094;П1100000028946;63:09:0101170:654;Земельный участок;Самарская область, Автозаводский район, г. Тольятти, б-р Буденного, восточнее ТЦ-27;13,6;Муниципальная казна
3095;П1100000029872;63:09:0101170:644;Земельный участок;Самарская область, Автозаводский район, г. Тольятти, б-р Буденного;73,0;Муниципальная казна
3096;П1100000028842;63:09:0101170:526;Земельный участок;Самарская область, Автозаводский район, г. Тольятти, б-р Буденного;30,0;Муниципальная казна
3097;П1100000030130;63:09:0101170:652;Земельный участок;Самарская область, Автозаводский район, г. Тольятти, б-р Буденного;16,0;Муниципальная казна
3098;П1100000030947;63:09:0101163:9562;Земельный участок;Самарская область, Автозаводский район, г. Тольятти, б-р Баумана, земельный участок № 3/1;4724,0;Муниципальная казна
3099;П1100000027451;63:09:0101163:9;Земельный участок;Самарская область, Автозаводский район, г. Тольятти, б-р Баумана, д. 3;30402,0;Постоянное (бессрочное) пользование
3100;П1100000018043;63:09:0101163:624;Земельный участок;Самарская область, Автозаводский район, г. Тольятти, б-р Баумана, д. 20;9376,0;Постоянное (бессрочное) пользование
3101;П1100000028333;63:09:0101163:34;Земельный участок;Самарская область, Автозаводский район, г. Тольятти, б-р Баумана, д. 12, квартал 1;9115,0;Постоянное (бессрочное) пользование
3102;П1100000030759;63:09:0102160:508;Земельный участок;Самарская область, Автозаводский район, г. Тольятти, I очередь промышленно-коммунальной зоны, на пересечении ул. Борковской и ул.Коммунальной;5060,0;Муниципальная казна
3103;П1100000029567;63:09:0000000:2054;Земельный участок;Самарская область, Автозаводский район, г. Тольятти, I очередь промкомзоны;18453,0;Муниципальная казна
3104;П1100000028013;63:09:0101166:9293;Земельный участок;Самарская область, Автозаводский район, г. Тольятти, 9 квартал, западнее жилого дома, имеющего адрес: ул. Свердлова, 11;4413,0;Муниципальная казна
3105;П1100000030929;63:09:0101170:580;Земельный участок;"Самарская область, Автозаводский район, г. Тольятти, 7 квартал, по проспекту Степана Разина, севернее ТЦ ""Детский мир""";388,0;Муниципальная казна
3106;П1100000030928;63:09:0101165:586;Земельный участок;Самарская область, Автозаводский район, г. Тольятти, 5 квартал, по ул. Юбилейной;462,0;Муниципальная казна
3107;П1100000030867;63:09:0101157:10909;Земельный участок;Самарская область, Автозаводский район, г. Тольятти, 20 квартал, южнее жилого дома, имеющего адрес: Южное шоссе, 43;10475,0;Постоянное (бессрочное) пользование
3108;П1100000029565;63:09:0000000:2042;Земельный участок;Самарская область, Автозаводский район, г. Тольятти, 1-я очередь промкомзоны;7941,0;Муниципальная казна
3109;П1100000029602;63:09:0101157:12724;Земельный участок;Самарская область, Автозаводский район, г. Тольятти;2043,0;Муниципальная казна
3110;П1100000031316;63:09:0101154:7464;Земельный участок;Самарская область, Автозаводский район, г. Тольятти;10782,0;Постоянное (бессрочное) пользование
3111;П1100000031423;63:09:0103035:8777;Земельный участок;Самарская область, Автозаводский район, г. Тольятти;323,0;Постоянное (бессрочное) пользование
3112;П1100000031410;63:09:0103035:2972;Земельный участок;Самарская область, Автозаводский район, г. Тольятти;7882,0;Постоянное (бессрочное) пользование
3113;П1100000031559;63:09:0103035:1071;Земельный участок;Самарская область, Автозаводский район, г. Тольятти;1094,0;Муниципальная казна
3114;П1100000030979;63:09:0103035:5075;Земельный участок;Самарская область, Автозаводский район, г. Тольятти;1025,0;Муниципальная казна
3115;П1100000030083;63:09:0102157:808;Земельный участок;Самарская область, Автозаводский район, г. Тольятти;11953,0;Муниципальная казна
3116;П1100000031314;63:09:0101154:7462;Земельный участок;Самарская область, Автозаводский район, г. Тольятти;916,0;Постоянное (бессрочное) пользование
3117;П1100000031566;63:09:0103035:9646;Земельный участок;Самарская область, Автозаводский район, г. Тольятти;3638,0;Муниципальная казна
3118;П1100000031408;63:09:0103035:1073;Земельный участок;Самарская область, Автозаводский район, г. Тольятти;25354,0;Муниципальная казна
3119;П1100000030983;63:09:0103035:5085;Земельный участок;Самарская область, Автозаводский район, г. Тольятти;1451,0;Муниципальная казна
3120;П1100000031573;63:09:0102161:688;Земельный участок;Самарская область, Автозаводский район, г. Тольятти;8671,0;Муниципальная казна
3121;П1100000031402;63:09:0103035:8632;Земельный участок;Самарская область, Автозаводский район, г. Тольятти;38,0;Постоянное (бессрочное) пользование
3122;П1100000030981;63:09:0103035:5061;Земельный участок;Самарская область, Автозаводский район, г. Тольятти;4206,0;Муниципальная казна
3123;П1100000031510;63:09:0105020:1085;Земельный участок;Самарская область, Автозаводский район, г. Тольятти;2461,0;Муниципальная казна
3124;П1100000031571;63:09:0102161:980;Земельный участок;Самарская область, Автозаводский район, г. Тольятти;4,0;Муниципальная казна
3125;П1100000031060;63:09:0103035:5351;Земельный участок;Самарская область, Автозаводский район, г. Тольятти;6286,0;Муниципальная казна
3126;П1100000031409;63:09:0103035:1020;Земельный участок;Самарская область, Автозаводский район, г. Тольятти;13493,0;Муниципальная казна
3127;П1100000031315;63:09:0101154:7463;Земельный участок;Самарская область, Автозаводский район, г. Тольятти;2606,0;Постоянное (бессрочное) пользование
3128;П1100000031059;63:09:0103035:5064;Земельный участок;Самарская область, Автозаводский район, г. Тольятти;2711,0;Муниципальная казна
3129;П1100000031401;63:09:0103035:5063;Земельный участок;Самарская область, Автозаводский район, г. Тольятти;12,0;Постоянное (бессрочное) пользование
3130;П1100000031454;63:09:0103035:961;Земельный участок;Самарская область, Автозаводский район, г. Тольятти;1868,0;Муниципальная казна
3131;П1100000031404;63:09:0103035:8636;Земельный участок;Самарская область, Автозаводский район, г. Тольятти;1,0;Постоянное (бессрочное) пользование
3132;П1100000031275;63:09:0103035:5358;Земельный участок;Самарская область, Автозаводский район, г. Тольятти;4327,0;Муниципальная казна
3133;П1100000031318;63:09:0101154:7466;Земельный участок;Самарская область, Автозаводский район, г. Тольятти;325,0;Постоянное (бессрочное) пользование
3134;П1100000031313;63:09:0101154:7461;Земельный участок;Самарская область, Автозаводский район, г. Тольятти;21,0;Постоянное (бессрочное) пользование
3135;П1100000030976;63:09:0103035:5296;Земельный участок;Самарская область, Автозаводский район, г. Тольятти;3917,0;Муниципальная казна
3136;П1100000031317;63:09:0101154:7465;Земельный участок;Самарская область, Автозаводский район, г. Тольятти;102,0;Муниципальная казна
3137;П1100000030980;63:09:0103035:5076;Земельный участок;Самарская область, Автозаводский район, г. Тольятти;192,0;Муниципальная казна
3138;П1100000031421;63:09:0103035:8774;Земельный участок;Самарская область, Автозаводский район, г. Тольятти;4168,0;Постоянное (бессрочное) пользование
3139;П1100000031451;63:09:0103035:937;Земельный участок;Самарская область, Автозаводский район, г. Тольятти;3338,0;Муниципальная казна
3140;П1100000031044;63:09:0103035:2077;Земельный участок;Самарская область, Автозаводский район, г. Тольятти;109348,0;Постоянное (бессрочное) пользование
3141;П1100000028400;63:09:0101162:11032;Земельный участок;Самарская область, Автозаводский район, г. Тольятти;38529,0;Постоянное (бессрочное) пользование
3142;П1100000031449;63:09:0102165:697;Земельный участок;Самарская область, Автозаводский район, г. Тольятти;70964,0;Муниципальная казна
3143;П1100000030779;63:09:0101163:9470;Земельный участок;Самарская область, Автозаводский район, г. Тольятти;280,0;Муниципальная казна
3144;П1100000030107;63:09:0101163:9471;Земельный участок;Самарская область, Автозаводский район, г. Тольятти;47757,0;Муниципальная казна
3145;П1100000030977;63:09:0103035:5297;Земельный участок;Самарская область, Автозаводский район, г. Тольятти;500,0;Муниципальная казна
3146;П1100000030985;63:09:0103035:5084;Земельный участок;Самарская область, Автозаводский район, г. Тольятти;2269,0;Муниципальная казна
3147;П1100000031452;63:09:0103035:930;Земельный участок;Самарская область, Автозаводский район, г. Тольятти;3234,0;Муниципальная казна
3148;П1100000030978;63:09:0103035:5068;Земельный участок;Самарская область, Автозаводский район, г. Тольятти;6484,0;Муниципальная казна
3149;П1100000030128;63:09:0102157:809;Земельный участок;Самарская область, Автозаводский район, г. Тольятти;1797,0;Муниципальная казна
3150;П1100000030984;63:09:0103035:5086;Земельный участок;Самарская область, Автозаводский район, г. Тольятти;36026,0;Муниципальная казна
3151;П1100000031471;63:09:0102161:984;Земельный участок;Самарская область, Автозаводский район, г. Тольятти;1724,0;Муниципальная казна
3152;П1100000030962;63:09:0103035:5053;Земельный участок;Самарская область, Автозаводский район, г. Тольятти;5949,0;Муниципальная казна
3153;П1100000031453;63:09:0103035:5057;Земельный участок;Самарская область, Автозаводский район, г. Тольятти;17658,0;Муниципальная казна
3154;П1100000030982;63:09:0103035:5062;Земельный участок;Самарская область, Автозаводский район, г. Тольятти;7,0;Муниципальная казна
3155;П1100000031405;63:09:0103035:8638;Земельный участок;Самарская область, Автозаводский район, г. Тольятти;10006,0;Постоянное (бессрочное) пользование
3156;П1100000031474;63:09:0103035:8775;Земельный участок;Самарская область, Автозаводский район, г. Тольятти;43317,0;Муниципальная казна
3157;П1100000031450;63:09:0103035:927;Земельный участок;Самарская область, Автозаводский район, г. Тольятти;6806,0;Муниципальная казна
3158;П1100000031424;63:09:0103035:8776;Земельный участок;Самарская область, Автозаводский район, г. Тольятти;1,0;Постоянное (бессрочное) пользование
3159;П1100000031403;63:09:0103035:8634;Земельный участок;Самарская область, Автозаводский район, г. Тольятти;2830,0;Постоянное (бессрочное) пользование
3160;П1100000031546;63:09:0000000:846;Земельный участок;Российская Федерация, Самарская область, городской округ Тольятти, город Тольятти, улица Коммунальная, земельный участок № 846;17654,0;Муниципальная казна
3161;П1100000031469;63:09:0102161:687;Земельный участок;Местоположение установлено относительно ориентира, расположенного в границах участка. Почтовый адрес ориентира: Самарская область, г. Тольятти, Автозаводский район.;1474,0;Муниципальная казна
3162;П1100000031545;63:09:0102160:1379;Земельный участок;Местоположение установлено относительно ориентира, расположенного в границах участка. Почтовый адрес ориентира: Самарская область, г. Тольятти, Автозаводский район, пересечение Обводного шоссе и улицы Коммунальной.;45548,0;Муниципальная казна
3163;П1100000031506;63:09:0000000:9396;Земельный участок;Местоположение установлено относительно ориентира, расположенного в границах участка. Почтовый адрес ориентира: Российская Федерация, Самарская область, городской округ Тольятти, г. Тольятти, Центральный район, улица 50 лет Октября, земельный участок от улицы Ленина до улицы Новозаводская.;110596,0;Муниципальная казна
3164;П1100000029527;63:09:0205030:1629;Земельный участок;Комсомольский район, Самарская область, городской округ Тольятти, Васильевское участковое лесничество Тольяттинского лесничества, квартал № 49, выделы 1,2,3,6,7,8,9,10,11,12,13;454945,0;Муниципальная казна
3165;П1100000029525;63:09:0204067:1306;Земельный участок;Комсомольский район, Самарская область, городской округ Тольятти, Васильевское участковое лесничество Тольяттинского лесничества, квартал № 35, выделы 1,2,3,4,5,6,7,8,9,10,12,13,14,15,16,17,18;256365,0;Муниципальная казна
3166;П1100000029524;63:09:0204067:1305;Земельный участок;Комсомольский район, Самарская область, городской округ Тольятти, Васильевское участковое лесничество Тольяттинского лесничества, квартал № 31, выделы 1,2,3,4,5,6,7,8,9,10,11,12,13,14,15,16,17,18,19,20,21,22,23;463744,0;Муниципальная казна
3167;П1100000029522;63:09:0204065:517;Земельный участок;Комсомольский район, Самарская область, городской округ Тольятти, Васильевское участковое лесничество Тольяттинского лесничества, квартал № 3, выделы 1,2,4,5,6,7,8,9,10;856972,0;Муниципальная казна
3168;П1100000029521;63:09:0204065:516;Земельный участок;Комсомольский район, Самарская область, городской округ Тольятти, Васильевское участковое лесничество Тольяттинского лесничества, квартал № 10, выделы 1,2,3,4,5,6,7,8,9,10,11,12,13,14,15,16,17,18,19,20;524983,0;Муниципальная казна
3169;П1100000029523;63:09:0204066:511;Земельный участок;Комсомольский район, Самарская область, городской округ Тольятти, Васильевское участковое лесничество Тольяттинского лесничества , квартал № 24, выделы 2,3,4,5,6,7,8,9,11,12,13,14,15,16,17,18, часть выделов 1,10;568362,0;Муниципальная казна
3170;П1100000031442;63:09:0000000:10205;Земельный участок;Комсомольский район, Самарская область, городской округ Тольятти;5809,0;Муниципальная казна
3171;П1100000030660;63:09:0101164:518;Земельный участок;Автозаводский район, Самарская область, городской округ Тольятти, в квартале 32, на пересечении ул. Свердлова и ул. Революционной;941,0;Муниципальная казна
3172;П1100000031072;63:09:0103035:5058;Земельный участок;Автозаводский район, Самарская область, городской округ Тольятти;252,0;Муниципальная казна
3173;П1100000029112;63:09:0101159:9437;Земельный участок;Автозаводский район, квартал 2, на пересечении ул. Дзержинского и б.Кулибина;455,0;Муниципальная казна
