Регистрационный номер маршрута;Порядковый номер маршрута;Наименование маршрута;Наименование промежуточных ОП по маршруту;Наименование улиц, автомобильных дорог, по которым предполагается движение ТС между ОП по маршруту;Протяженность маршрута, км;Порядок посадки и высадки пассажиров;Вид регулярных перевозок;Вид ТС ;Класс ТС;Экологические характерис-тики ТС;Максимальный срок эксплуата-ции ТС;Наличие низкого пола;Наличие оборудования для перевозки пассажиров из числа инвалидов;Наличие электрон-ного информа-ционного табло;Максимальное количество ТС  каждого класса, которое допускается использовать для перевозок по маршруту;Дата начала осуществления регулярных перевозок
1;№ 2;ОП ул. Белорусская – ОП Западный пляж;"ул. Белорусская, Стадион Строитель, Автовокзал, ТПИ, Театр Колесо, Больница, Дом быта, Горсад, ул. Победы, Гостиница Волга (обратно к/т Космос, ул. Гагарина, Дворец молодежи, ул. М. Горького, Детский мир, Техучилище, Школа № 27, Колледж, Гостиница Ставрополь, ул. Л. Толстого, КВД, ЦРБ (обратное направление), Автозаводское шоссе, Южное шоссе, Треугольник, 21 квартал (обратное направление), Северо-Восточная, ул. Л. Яшина, ул. 70 лет Октября, Рябиновый б-р, ул. Тополиная (прямое направление), Магазин Мир продуктов (обратное направление), Цветной б-р, 19 квартал (обратное направление), Студенческая, Кафе Встреча, Дом офицеров, 15 квартал, ТВВКИСУ, Лесопитомник, Театральная, 4 квартал, к/т Ставрополь, Телецентр, 3б квартал, 7 квартал, Детский мир, 8 квартал, б-р Буденного, Дворец Спорта, ул. Революционная, Стадион Торпедо, СК Олимп, Западный пляж
";ул.Баныкина, ул. Родины, ул. Республиканская, ул. Белорусская, ул. Ленинградская, ул. К. Маркса, ул. Мира, ул. Победы, ул.Гагарина (обратно Гагарина – К. Маркса), ул. Ленина, ул. Л. Толстого, ул. А. Кудашева, Автозаводское шоссе,  Южное шоссе , ул. Л. Яшина, ул. 70 лет Октября, ул. Ворошилова, ул. Дзержинского, пр-т Ст. Разина, б-р Приморский, ул. Спортивная;24,10;Только в установленных ОП;По регулируемым тарифам;Автобус;БК;Не ниже ЕВРО-3;Не более 15 лет;да;да;да;20;01.01.2025
;;*ЛДС «Лада-Арена» – ОП Западный пляж;ЛДС «Лада-Арена», АвтоВАЗагро, ГСК, Театральная, 4 квартал, к/т Ставрополь, Телецентр, 3б квартал, 7 квартал, Детский мир, 8 квартал, б-р Буденного, Дворец Спорта, ул. Революционная, Стадион Торпедо, СК Олимп, Западный пляж;ул.Ботаническая, пр-т  Ст. Разина, б-р Приморский, ул. Спортивная;8,33;;;;;;;;;;;09.01.2025
2;№ 6;ОП Спецавтохозяйство – ОП Оптовый рынок;Спецавтохозяйство, Оптовый рынок;Комсомольская – Васильевская – Ларина;3,50;Только в установленных ОП;По регулируемым тарифам;Автобус;БК;Не ниже ЕВРО-3;Не более 15 лет;да;да;да;1;01.01.2025
3;№ 8;ОП Западный пляж – ж/д станция Тольятти – ОП Западный пляж;Западный пляж, СК Олимп, Стадион Торпедо, ул. Революционная, Дворец спорта, б-р Буденного, 8 квартал, Театр Дилижанс, Детский городок, д/с Лесной голосок, д/с Елочка, д/с Веселая семейка, д/с Соловушка, д/с Дубравушка, ул. Ворошилова, Кафе Каскад, 10 квартал, б-р Луначарского, 15 квартал, Дом офицеров, ул. Полякова, Автопарковая, АвтоВАЗтранс, УВД, Восточное кольцо, Инженерный центр, Энергетическая, ж/д станция Тольятти, Инженерный центр, Восточное кольцо, УВД, АвтоВАЗтранс, Автопарковая, ул. Полякова, Дом офицеров, 15 квартал, б-р Луначарского, 10 квартал, Кафе Каскад, ул. Ворошилова, д/с Дубравушка, д/с Соловушка, д/с Веселая семейка, д/с Елочка, д/с Лесной голосок, Детский городок, Театр Дилижанс, 8 квартал, б-р Будённого, Дворец Спорта, ул. Революционная, Стадион Торпедо, СК Олимп, Западный пляж;ул.Спортивная, б-р Приморский, ул. Жукова, ул. Ворошилова, ул. Полякова,  Южное шоссе, ул.Борковская, ул. Вокзальная, ж/д станция «Тольятти», ул. Вокзальная, Фабричный проезд, ул. Коммунальная, ул. Борковская,  Южное шоссе, ул. Полякова, ул. Ворошилова, ул. Жукова, б-р Приморский, ул. Спортивная;25,8;Только в установленных ОП;По регулируемым тарифам;Автобус;СК;Не ниже ЕВРО-3;Не более 15 лет;да;да;да;2;01.01.2025
;;*ОП Западный пляж – ОП  ул. Полякова – ОП Западный пляж;Западный пляж, СК Олимп, Стадион Торпедо, ул. Революционная, Дворец спорта, б-р Буденного, 8 квартал, Театр Дилижанс, Детский городок, д/с Лесной голосок, д/с Елочка, д/с Веселая семейка, д/с Соловушка, д/с  Дубравушка, ул. Ворошилова, Кафе Каскад, 10 квартал, б-р Луначарского, 15 квартал, Дом офицеров, ул. Полякова, ул. Полякова, Дом офицеров, 15 квартал, б-р Луначарского, 10 квартал, Кафе Каскад, ул. Ворошилова, д/с Дубравушка, д/с Соловушка, д/с Веселая семейка, д/с Елочка, д/с Лесной голосок, Детский городок, Театр Дилижанс, 8 квартал, б-р Будённого, Дворец Спорта, ул. Революционная, Стадион Торпедо, СК Олимп, Западный пляж;ул.Спортивная, б-р Приморский, ул. Жукова, ул. Ворошилова, ул. Полякова, разворот на кольцевой развязке ул. Полякова, Южное шоссе, ул. Полякова, ул. Ворошилова, ул.  Жукова, б-р Приморский, ул. Спортивная;18,5;;;;СК;;;;;;2;01.01.2025
4;№ 9;ОП Бетонная – ОП Фосфор;"Бетонная, Опытный завод, Стадион ""Дружба"", Площадь Никонова, ул. Зеленая, ул. Гидротехническая, Вертикаль (прямое направление), ул. Макарова, Вокзальная, ул. Куйбышева, Школа №14, пос. Жигулевское море, УТЭП, Рынок, АТК КуЭСП, Молокозавод, ул. Громовой, ул. Механизаторов, Спецавтохозяйство, НТБ, Информцентр, Политехнический колледж, Военпроект, ВЦМ, 3-я проходная ВЦМ, Хим. колледж, Синтезкаучук, ТГАТК, ТЭЦ, КАТЗ, Химэнергострой, Фосфор";ул. Никонова, ул.Шлюзовая, ул.Гидротехническая, ул. Куйбышева, Трасса М5, ул. Громовой, ул. Кунеевская, ул. Комсомольская, ул. Новозаводская;20,3;Только в установленных ОП;По регулируемым тарифам;Автобус;БК;Не ниже ЕВРО-3;Не более 15 лет;да;да;да;1;01.01.2025
5;№ 13;ОП ул. Белорусская – ОП Легкоатлетический манеж;ул. Белорусская, Стадион Строитель, Автовокзал, ТПИ, Театр Колесо, Больница, Дом быта, Горсад, ул. Победы (обратно Гостиница Волга, к/т Космос), Площадь Искусств, Индустриально-педагогический колледж, Школа № 4, ул. М. Горького, Детский мир, Техучилище (обратное направление), к/т Авангард, ул. Крупской, Магазин Автолюбитель, Многопрофильная больница, ул. Мичурина, КВД, ЦРБ (обратное направление), Автозаводское шоссе, Южное шоссе, Треугольник, 21 квартал, 20 квартал, 19 квартал, Обводное шоссе, ул. Офицерская, Квартальная, ул. Полякова, Автопарковая, АвтоВАЗтранс, УВД, Восточное кольцо, Спецавтоцентр, Южная база, Рынок, 1-ое комплексное общежитие, 2-ое комплексное общежитие, ул. Свердлова, Молодёжный центр, Преображенский собор, ДКиТ, Кафе Салют, Парк Победы, Дворец Спорта, б-р Буденного, 8 квартал, Театр Дилижанс, Детский городок, Профилакторий Прилесье, Лыжная база, Набережная, Лесопарковое шоссе, ул. Спортивная, Вега, ул. Революционная, Легкоатлетический манеж;ул. Баныкина,ул. Родины, ул. Республиканская, ул. Белорусская, ул. Ленинградская, ул. К. Маркса, ул. Мира (обратно Гагарина), ул.Победы, ул. М. Горького, ул. Ленина, б-р 50 лет Октября, Автозаводское шоссе, Южное шоссе, ул. Офицерская, ул. Полякова,  Южное шоссе, ул. Борковская, ул. Юбилейная, б-р Приморский, ул. Жукова, ул. Спортивная;28,7;Только в установленных ОП;По регулируемым тарифам;Автобус;БК;Не ниже ЕВРО-3;Не более 15 лет;да;да;да;20;01.01.2025
;;*ЛДС «Лада-Арена» – ОП ул. Белорусская;ЛДС «Лада-Арена», АвтоВАЗтранс, Автопарковая, 18а квартал, Обводное шоссе, 19 квартал, 20 квартал, 21 квартал, Треугольник, Южное шоссе, Автозаводское шоссе, ЦРБ, КВД, ул. Мичурина, Многопрофильная больница, Магазин Автолюбитель, ул. Крупской, к/т Авангард, Детский мир, ул. М. Горького, Дворец молодежи, ул. Гагарина, к/т Космос, Дом быта, Больница, Театр Колесо, ТПИ, Автовокзал, Стадион Строитель, ул. Белорусская;ул.Ботаническая, Южное шоссе, Автозаводское шоссе б-р 50 лет Октября, ул. Ленина, ул. Гагарина, ул. Карла Маркса, ул. Ленинградская, ул. Белорусская, ул. Республиканская, ул. Родины, ул.Баныкина;15,37;;;;;;;;;;;01.01.2025
6;№ 14в;ОП Дворец детского творчества – ОП КВЦ;Дворец детского творчества, Музыкальная школа, 8 квартал, б-р Буденного, Дворец спорта, Парк победы, Кафе Салют, ДКиТ, Преображенский собор, Молодежный центр, ул. Свердлова, 2-ое комплексное общежитие, 1-ое комплексное общежитие, Рынок, Южная база, Спецавтоцентр, АВТОВАЗ-ТО, Машиностроительный колледж, Управление кадров, Медсанчасть, 7 вставка, 5 вставка, 3 вставка, 1 вставка, КВЦ;пр-т Ст. Разина, б-р Приморский, ул. Юбилейная, ул. Борковская, Южное шоссе;12,7;Только в установленных ОП;По регулируемым тарифам;Автобус;СК                 ;Не ниже ЕВРО-3;Не более 15 лет;да;да;да;1;09.01.2025
;;14/15 ОП Вега-ОП Инженерный центр/ОП ЦЗЧ-2-ОП Вега;В прямом направлении: Вега, ул. Спортивная, Лесопарковое шоссе, Дворец детского творчества, Музыкальная школа, 8 квартал, б-р Буденного, Дворец спорта, Парк победы, Кафе Салют, ДКиТ, Преображенский собор, Молодежный центр, ул. Свердлова, 2-ое комплексное общежитие, 1-ое комплексное общежитие, Рынок, Южная база, Спецавтоцентр, АВТОВАЗ-ТО, Машиностроительный колледж, Управление кадров, Медсанчасть, 7 вставка, 5 вставка, 3 вставка, 1 вставка, КВЦ.      В обратном направлении: ЦЗЧ-2, ПТО, Заготовительная фабрика, ОС ВАЗа, ППИ, База УМТС, Прессовое производство, 10 КПП, Ремонтно-кузнечный цех, Чугунно-литейный цех, Кузнечно-прессовый цех, Автозаводстрой, Энергетическая, Инженерный центр, АВТОВАЗ-ТО, Машиностроительный колледж, Управление кадров, Медсанчасть, 7 вставка, 5 вставка, 3 вставка, 1 вставка, КВЦ, Спецавтоцентр, Южная база, Рынок, 1-ое комплексное общежитие, 2-ое комплексное общежитие, ул. Свердлова, Молодёжный центр, Преображенский собор, ДКиТ, Кафе Салют, Парк Победы, Дворец Спорта, б-р Буденного, 8 квартал, Музыкальная школа, Дворец детского творчества, Лесопарковое шоссе, ул. Спортивная, Вега.;прямое направление  ул. Спортивная, пр-т Ст.Разина, Приморский б-р ,                         ул. Юбилейная ,ул. Борковская, Южное шоссе, ул. Цеховая,            ул. Вокзальная, ул. Борковская      обратное направление: ул.Северная, ул. Цеховая, ул.Вокзальная, ул.Борковская, Южное шоссе, ул.Борковская, ул.Юбилейная, б-р Приморский, пр-т Ст. Разина, ул.Спортивная.   ;24,0;;;;БК;;;;;;6;01.06.2026
7;№ 16в;ОП Вега – ОП КВЦ;Вега, ул. Спортивная, Лесопарковое шоссе, Дворец детского творчества, Музыкальная школа, Детский мир, 7 квартал, 3б квартал, Телецентр, к/т Ставрополь, б-р Курчатова, ул. Юбилейная, Магазин Восход, Магазин Океан, Пожарное депо, ул. Дзержинского, Кооперативная, НТЦ, Учебный центр, Медсанчасть, 7 вставка, 5 вставка, 3 вставка, 1 вставка, КВЦ;ул. Спортивная, пр-т Ст. Разина, ул. Свердлова, пр-т Московский, ул. Заставная, Южное шоссе;13,5;Только в установленных ОП;По регулируемым тарифам;Автобус;БК;Не ниже ЕВРО-3;Не более 15 лет;да;да;да;6;09.01.2025
;;16/30 ОП Вега-ОП Инженерный центр/ОП ЦЗЧ-2-ОП Вега;в прямом направлении: Вега, ул. Спортивная, Лесопарковое шоссе, Дворец детского творчества, Музыкальная школа, Детский мир, 7 квартал, 3б квартал, Телецентр, к/т Ставрополь, б-р Курчатова, ул. Юбилейная, Магазин Восход, Магазин Океан, Пожарное депо, ул. Дзержинского, Кооперативная, НТЦ, Учебный центр, Медсанчасть, 7 вставка, 5 вставка, 3 вставка, 1 вставка, КВЦ, ППИ, База УМТС, Прессовое производство, 10 КПП, Ремонтно-кузнечный цех,Чугунно-литейный цех, Кузнечно-прессовый цех, Автозаводстрой, Энергетическая, Инженерный центр. в обратном направлении: ЦЗЧ-2, ПТО, Заготовительная фабрика, ОС ВАЗа, ППИ, База УМТС, Прессовое производство, 10 КПП, Ремонтно-кузнечный цех, Чугунно-литейный цех, Кузнечно-прессовый цех, Автозаводстрой, Энергетическая, Инженерный центр, АВТОВАЗ-ТО, Машиностроительный колледж, Управление кадров, Медсанчасть, 7 вставка, 5 вставка, 3 вставка, 1 вставка, КВЦ, Учебный центр, НТЦ, Кооперативная, ул. Дзержинского, Пожарное депо, Магазин Океан, Магазин Восход, ул. Юбилейная, б-р Курчатова, к/т Ставрополь, Телецентр, 3б квартал, 7 квартал, Детский мир, Музыкальная школа, Дворец детского творчества, Лесопарковое шоссе, ул. Спортивная, Вега.;прямое направление: ул. Спортивная, пр-т Ст.Разина, ул.Свердлова,ул.Заставная, Южное шоссе, ул. Цеховая,  ул. Вокзальная, ул. Борковская.      обратное направление: ул. Северная, ул. Цеховая, ул. Вокзальная, ул. Борковская, Южное шоссе, ул. Заставная, ул. Сверлова, пр-т Ст.Разина, ул. Спортивная.;24,0;;;;;;;;;;;01.06.2026
8;№17;ОП ул. Баныкина – Технопарк Жигулевская долина;ул. Баныкина, ТМО-2 (прямое направление), ул. Ленинградская, ул. Жилина, Горсад, ул. Победы, Гостиница Волга, ул. Гагарина, Молодежный б-р, площадь Свободы (обратно Магазин Рубин, к/т Космос), к/т Буревестник (обратное направление), к/т Буревестник, ул. Горького (прямое направление), Магазин Северянка, Детский мир, Техучилище, Школа №27, Колледж, Гостиница Ставрополь, ул. Л. Толстого, КВД, ЦРБ (обратное направление), Автозаводское шоссе, Южное шоссе, Дендропарк, Школа №93, Жилой комплекс «Лесная слобода», Школа №86, Жилой комплекс «Лесной», Строительная, 16 квартал, ул. Автостроителей (прямое направление), б-р Космонавтов, Общежитие Современник (обратное направление), б-р Луначарского, 10 квартал, Магазин Мебель, Стоматологическая поликлиника, Гостиница, б-р Курчатова, ул. Юбилейная, Магазин Восход, Магазин Океан, Пожарное депо, ул. Дзержинского, Кооперативная, НТЦ, Учебный центр, Медсанчасть, 7 вставка, 5 вставка, 3 вставка, 1 вставка, КВЦ, Технопарк Жигулевская долина;ул.Баныкина, ул. Советская, ул. Мира, ул. Победы, ул. Гагарина, ул. Ленина, б-р Молодежный (обратно К. Маркса), ул. К. Маркса, ул. М. Горького, ул. Ленина, ул. Л. Толстого, Автозаводское шоссе, Южное шоссе, ул. 40 лет Победы, ул Дзержинского, ул. Ворошилова, ул. Свердлова, пр-т Московский, ул. Заставная, Южное шоссе;25,9;Только в установленных ОП;По регулируемым тарифам;Автобус;СК;Не ниже ЕВРО-3;Не более 15 лет;да;да;да;2;09.01.2025
9;№ 18в;ОП Западный пляж – ОП ЦЗЧ-2;Западный пляж, пос. Приморский, ул. Фрунзе, 3 квартал, Ленинский пр-т, Дом связи, Пожарное депо, ул. Дзержинского, Московский пр-т, б-р Кулибина, Рынок, Южная база, Спецавтоцентр, Инженерный центр, Энергетическая, Автозаводстрой, Кузнечно-прессовый цех, Чугунно-литейный цех, Ремонтно-кузнечный цех, 10 КПП, Прессовое производство, База УМТС, ППИ, ОС ВАЗа, Заготовительная фабрика, ПТО, ЦЗЧ-2;ул.Спортивная, пр-т Московский, ул.Дзержинского, ул. Борковская, ул. Вокзальная, ул. Цеховая, ул.Северная;16,0;Только в установленных ОП;По регулируемым тарифам;Автобус;СК         ;Не ниже ЕВРО-3;Не более 15 лет;да;да;да;1;09.01.2025
;;18/23 ОП Набережная-ОП Инженерный центр/ОП ЦЗЧ-2 -ОП Набережная;в прямом направлении: Набережная, Лыжная база, Профилакторий Прилесье, д/с Лесной голосок, д/с Елочка, д/с Веселая семейка, ул. Жукова, 11 квартал, Школа № 51, Административный центр, Парк Победы, Школа имени академика Королева, Приморский б-р, ул. Революционная, Стадион Торпедо, СК Олимп, пос. Приморский, ул. Фрунзе, 3 квартал, Ленинский пр-т, Дом связи, Пожарное депо,  ул.Дзержинского,Кооперативная, НТЦ, Учебный центр, Медсанчасть, 7 вставка, 5 вставка, 3 вставка, 1 вставка, КВЦ, ППИ, База УМТС, Прессовое производство, 10 КПП, Ремонтно-кузнечный цех,Чугунно-литейный цех, Кузнечно-прессовый цех, Автозаводстрой, Энергетическая, Инженерный центр.                                     в обратном направлении: ЦЗЧ-2, ПТО, Заготовительная фабрика, ОС ВАЗа, ППИ, База УМТС, Прессовое производство, 10 КПП, Ремонтно-кузнечный цех, Чугунно-литейный цех, Кузнечно-прессовый цех, Автозаводстрой, Энергетическая, Инженерный центр, АВТОВАЗ-ТО, Машиностроительный колледж, Управление кадров, Медсанчасть, 7 вставка, 5 вставка, 3 вставка, 1 вставка, КВЦ, Учебный центр, НТЦ, Кооперативная, ул. Дзержинского, Пожарное депо, Дом связи, Ленинский проспект, 3 квартал, Степная, б-р Королева, Парк Победы, Административный центр, Школа № 51, 11 квартал, ул. Жукова, д/с Веселая семейка, д/с Елочка, д/с Лесной голосок, Профилакторий Прилесье, Лыжная база, Набережная.;прямое направление: ул.Спортивная, ул.Жукова, ул.Фрунзе, ул.Революционная, Приморский б-р, Московский пр-т, ул.Заставная, Южное шоссе, ул. Цеховая,  ул. Вокзальная, ул. Борковская      обратное направление:  ул. Северная, ул. Цеховая, ул. Вокзальная, ул. Борковская, Южное шоссе, разворот на ОП КВЦ, Южное шоссе, ул. Заставная,пр-т Московский,ул. Фрунзе, ул. Жукова, ул. Спортивная.;25,0;;;; БК;;;;;;4;01.06.2026
10;№ 20;ОП Западный пляж – микрорайон Северный – ОП Западный пляж;Западный пляж, СК Олимп, Стадион Торпедо, ул. Революционная, Приморский б-р, Школа имени академика Королева, Магазин Русь, Дом быта Орбита, Магазин 1000 мелочей, Дом мод, ул. Юбилейная, б-р Курчатова, Гостиница, Стоматологическая поликлиника, Магазин Мебель, 10 квартал, б-р Луначарского, Общежитие Современник, б-р Космонавтов, Молодёжная, Школа №82, 19 квартал, Цветной б-р, Магазин Мир продуктов, Рябиновый б-р, ул. 70 лет Октября, ул. Л. Яшина, Северо-Восточная, 21 квартал, Треугольник, Южное шоссе, Автозаводское шоссе, Автозаводское шоссе, Хрящевское шоссе, микрорайон Северный, Южное шоссе, Треугольник, Северо-Восточная, ул. Л. Яшина, ул. 70 лет Октября, Рябиновый б-р, ул. Тополиная, Цветной б-р, Гостиница Лада, Школа №82, Молодёжная, ул. Автостроителей, б-р Космонавтов, б-р Луначарского, 10 квартал, Магазин Мебель, Стоматологическая поликлиника, Гостиница, б-р Курчатова, ул. Юбилейная, Дом мод, Магазин 1000 мелочей, Дом быта Орбита, Магазин Русь, Школа имени академика Королева, Приморский б-р, ул. Революционная, Стадион Торпедо, СК Олимп, Западный пляж;ул.Спортивная, б-р Приморский, ул.Революционная, ул. Свердлова, ул. Ворошилова, ул. Дзержинского, ул.Автостроителей, ул. 70 лет Октября, ул. Л. Яшина,Южное шоссе, Автозаводское шоссе, (разворот на площадке Парк Хаус), Автозаводское шоссе, Хрящевское шоссе, (разворот на площадке микрорайона Северный), Хрящевское шоссе, Южное шоссе, ул. Л. Яшина, ул. 70 лет Октября, ул.Автостроителей, ул. Дзержинского, ул.Ворошилова, ул. Свердлова, ул. Революционная, б-р Приморский, ул. Спортивная;30,5;Только в установленных ОП;По регулируемым тарифам;Автобус;СК;Не ниже ЕВРО-3;Не более 15 лет;да;да;да;2;01.01.2025
11;№ 21в;ОП Троллейбусное депо – ОП ЦЗЧ-2;Троллейбусное депо, ул.Карбышева, 27 квартал, Дом природы, ул. Победы (обратное направление Горсад, к/т Космос, Гостиница Волга), Площадь Искусств, Индустриально-педагогический колледж, ул. Шлютова, ул. Октябрьская, ул. Украинская, к/т Авангард, ул. Крупской, Магазин Автолюбитель, Многопрофильная больница, ул. Мичурина, КВД, Автозаводское шоссе, Южное шоссе, Треугольник, 21 квартал, 20 квартал, 19 квартал, Обводное шоссе, 18а квартал, Автопарковая, АвтоВАЗтранс, УВД, Восточное кольцо, Инженерный центр, Энергетическая, Автозаводстрой, Кузнечно-прессовый цех, Чугунно-литейный цех, Ремонтно-кузнечный цех, 10 КПП, Прессовое производство, База УМТС, ППИ, ОС ВАЗа, Заготовительная фабрика, ПТО, ЦЗЧ-2;ул.Мира, ул. Победы (обратно Гагарина – К. Маркса), б-р 50 лет Октября,  Автозаводское шоссе, Южное шоссе, ул. Борковская, ул. Вокзальная, ул.Цеховая, ул.Северная;25,17;Только в установленных ОП;По регулируемым тарифам;Автобус;БКСК          ;Не ниже ЕВРО-3;Не более 15 лет;да;да;да;7;09.01.2025
;;/1 ОП ул. Есенина – ОП ЦЗЧ-2;"ул. Есенина, ул. Космодемьянской, ул. Тюленина, ул. Мурысева, Молодежный драматический театр, Колледж технического и художественного образования, ул. Громовой, ул. Механизаторов, Спецавтохозяйство, Троллейбусное депо, ул. Карбышева, 27 квартал, Дом природы, ул. Победы (обратное направление Горсад, к/т Космос, Гостиница Волга), Площадь Искусств, Индустриально-педагогический колледж, ул. Шлютова, ул. Октябрьская, ул. Украинская,  к/т Авангард, ул. Крупской, Магазин Автолюбитель, Многопрофильная больница, ул. Мичурина, КВД, Восточное кольцо, Инженерный центр, Энергетическая, Автозаводстрой, Кузнечно-прессовый цех, Чугунно-литейный цех, Ремонтно-кузнечный цех, 10 КПП, Прессовое производство, База УМТС, ППИ, ОС ВАЗа, Заготовительная фабрика, ПТО, ЦЗЧ-2
";ул.Коммунистическая, ул. Матросова, ул. Громовой, ул. Кунеевская, ул. Комсомольская, ул. Мира, ул. Победы, б-р 50 лет Октября,  Автозаводское шоссе, Южное шоссе, ул. Борковская, ул. Вокзальная, ул.Цеховая, ул.Северная;30,80;;;; БК;;;;;;1;01.06.2026
;;/2 ОП ул. Есенина - ОП ЦЗЧ-2;"ул. Есенина, ул. Космодемьянской, ул. Тюленина, ГАИ Комсомольского района (обратное направление), ул. Мурысева, Молодежный драматический театр, Колледж технического и художественного образования, ул. Громовой, Инженерный центр, Энергетическая, Автозаводстрой, Кузнечно-прессовый цех, Чугунно-литейный цех, Ремонтно-кузнечный цех, 10 КПП, Прессовое производство, База УМТС, ППИ, ОС ВАЗа, Заготовительная фабрика, ПТО, ЦЗЧ-2
";ул.Коммунистическая, ул. Матросова, ул.Громовой, ул.Кунеевская, ул. Комсомольская, ул. Мира, ул.Победы, б-р 50 лет Октября, Автозаводское шоссе, Южное шоссе, ул.Борковская, ул. Вокзальная,    ул.Цеховая, ул. Северная;30,80;;;; БК;;;;;;1;
;;/3ОП ул. Есенина - ОП ЦЗЧ-2;"ул. Есенина, ул. Космодемьянской, ул. Тюленина, ГАИ Комсомольского района (обратное направление), ул. Мурысева, Молодежный драматический театр, Колледж технического и художественного образования, ул. Громовой ПТО, ЦЗЧ-2
";ул.Коммунистическая, ул. Матросова, ул. Громовой, ул. Кунеевская, ул. Комсомольская, ул. Мира, ул.Победы, б-р 50 лет Октября, Автозаводское шоссе, Южное шоссе, ул.Борковская, ул.Вокзальная, ул. Цеховая, ул. Северная;30,80;;;; БК;;;;;;1;
;;/4 ОП ул. Есенина – ОП ЦЗЧ-2;"ул. Есенина, ул. Космодемьянской, ул. Тюленина, ГАИ Комсомольского района (обратное направление), ул. Мурысева, Молодежный драматический театр, Колледж технического и художественного образования, ул. Громовой,  Инженерный центр, Энергетическая, Автозаводстрой, Кузнечно-прессовый цех, Чугунно-литейный цех, Ремонтно-кузнечный цех, 10 КПП, Прессовое производство, База УМТС, ППИ, ОС ВАЗа, Заготовительная фабрика, ПТО, ЦЗЧ-2
";ул.Коммунистическая, ул.Матросова, ул. Громовой, ул.Кунеевская, ул.Комсомольская, ул.Мира, ул.Победы, б-р 50 лет Октября, Автозаводское шоссе, Южное шоссе, ул. Борковская, ул. Вокзальная, ул. Цеховая, ул. Северная;33,30;;;; БК;;;;;;1;
;;/5 ОП Площадь Никонова - ОП ЦЗЧ-2;"Площадь Никонова, ул.Зеленая, ул.Гидротехническая, Вертикаль ул.Вокзальная, ул.Куйбышева, Школа № 14, поселок Жигулевское море,   УТЭП, Рынок, Мясокомбинат, Универмаг, ул.Чайкиной, Сквер Вадима Леванова, Парк, МСЧ № 8, 3 квартал, ул. Космодемьянской, ул. Тюленина,  ул. Мурысева, Молодежный драматический театр, Колледж технического и художественного образования, ул. Громовой, ул. Механизаторов,  Инженерный центр, Энергетическая, Автозаводстрой, Кузнечно-прессовый цех, Чугунно-литейный цех, Ремонтно-кузнечный цех, 10 КПП, Прессовое производство, База УМТС, ППИ, ОС ВАЗа, Заготовительная фабрика, ПТО, ЦЗЧ-2
";ул.Никонова, ул.Шлюзовая, ул. Гидротехническая, ул. Куйбышева, трасса М-5, ул. Громовой, ул. Ярославская, ул. Л. Чайкиной, ул.Механизаторов, ул. Коммунистическая, ул. Матросова, ул.Громовой, ул.Кунеевская, ул. Комсомольская, ул.Мира, ул.Победы, б-р 50 лет Октября, Автозаводское шоссе, Южное шоссе, ул. Борковская, ул.Вокзальная, ул.Цеховая, ул.Северная;35,00;;;; БК;;;;;;1;
;;/6  ОП Площадь Никонова - ОП ЦЗЧ-2;"Площадь Никонова, ул.Зеленая, ул.Гидротехническая, Вертикаль ул.Вокзальная, ул.Куйбышева, Школа № 14, поселок Жигулевское море,   УТЭП, Рынок, Мясокомбинат, Речной порт, Речной вокзал, ул.Мурысева, Молодежный драматический театр, Колледж технического и художественного образования, ул. Громовой,  Инженерный центр, Энергетическая, Автозаводстрой, Кузнечно-прессовый цех, Чугунно-литейный цех, Ремонтно-кузнечный цех, 10 КПП, Прессовое производство, База УМТС, ППИ, ОС ВАЗа, Заготовительная фабрика, ПТО, ЦЗЧ-2
";ул.Никонова, ул. Шлюзовая, ул. Гидротехническая, ул. Куйбышева, трасса М-5, ул. Громовой, ул. Ярославская, ул. Коммунистическая, ул. Матросова, ул.Громовой, ул.Кунеевская, ул.Комсомольская, ул.  Мира, ул. Победы, б-р - 50 лет Октября, Автозаводское шоссе, Южное шоссе, ул. Борковская, ул.Вокзальная,ул. Цеховая,ул. Северная;39,00;;;; БК;;;;;;1;
;;/7 ОП ЦЗЧ-2 – ОП Площадь Никонова;"ЦЗЧ-2, ПТО, Заготовительная фабрика, ОС ВАЗа, ППИ, База УМТС, Прессовое производство, 10 КПП, Ремонтно-кузнечный цех, Чугунно-литейный цех, Кузнечно-прессовый цех, Автозаводстрой, Энергетическая, Инженерный центр, Восточное кольцо, КВД, Мичурина, Многопрофильная больница, магазин Автолюбитель, Крупской, к/т Авангард, Украинская, Октябрьская, Шлютова, Индустриально-педагогический колледж, пл. Искусств, гос.Волга, 
к-т Космос, Горсад, Дом природы, 27 квартал, Карбышева, Троллейбусное депо, Спецавтохозяйство, Механизаторов, Громовой, Колледж технического и художественного образования, Молодежный драматический театр, ул.Мурысева, Молодежный драматический театр, ул.Чайкиной, Универмаг, Мясокомбинат, Рынок, УТЭП, поселок Жигулевское море, 
Школа №14, ул. Куйбышева, Вокзальная, ул. Макарова, ул. Гидротехническая, ул. Зеленая, Площадь Никонова
";"ул.Северная, ул.Цеховая, ул.Вокзальная, ул.Борковская, Южное шоссе, Автозаводское шоссе, 
б-р 50 лет Октября, ул. Победы, ул. Гагарина, ул. К. Маркса, ул. Мира, ул. Комсомольская, ул.Кунеевская, ул.Громовой, ул.Матросова до Коммунистической, разворот на Матросова, ул.Л.Чайкиной,  ул. Ярославская, ул. Громовой, ул.Куйбышева, ул.Гидротехническая, ул. Шлюзовая, ул.Никонова
";42,30;;;; БК;;;;;;1;
;;/8  ОП ЦЗЧ-2 – ОП Площадь Никонова;ЦЗЧ-2, ПТО, Заготовительная фабрика, ОС ВАЗа, ППИ, База УМТС, Прессовое производство, 10 КПП, Ремонтно-кузнечный цех, Чугунно-литейный цех, Кузнечно-прессовый цех, Автозаводстрой, Энергетическая, КВД, Мичурина, Многопрофильная больница, магазин Автолюбитель, Крупской, к/т Авангард, Украинская, Октябрьская, Шлютова, Индустриально-педагогический колледж, пл. Искусств, гос.Волга, к-т Космос, Горсад, Дом природы, 27 квартал, Карбышева, Троллейбусное депо, Спецавтохозяйство, Механизаторов, Громовой, Колледж технического и художественного образования, Молодежный драматический театр, Сквер Вадима Леванова, Парк, МСЧ № 8, 3 квартал, ул. Космодемьянской, ул. Тюленина, Речной вокзал, ВНИИ нерудных материалов, Мясокомбинат, Рынок, УТЭП, поселок Жигулевское море, Поликлиника, Железнодорожная, Вокзальная, ул. Макарова, ул. Гидротехническая, ул. Зеленая, Площадь Никонова;ул.Северная, ул.Цеховая, ул. Вокзальная, ул. Борковская, ул.Коммунальная, ул. Полякова, Южное шоссе, Автозаводское шоссе, б-р 50 лет Октября, ул.Победы, ул. Гагарина, ул. К. Маркса, ул.Мира,  ул.Комсомольская,ул. Кунеевская, ул. Громовой, ул. Матросова, ул. Л.Чайкиной, ул.Механизаторов, ул. Коммунистическая, ул.Ярославская, ул.Громовой, ул. Куйбышева, ул.Железнодорожная, проезд Дорофеева, ул. Гидротехническая, ул. Шлюзовая, ул.Никонова;42,30;;;; БК;;;;;;1;
;;/9 ОП Площадь Никонова – ОП ЦЗЧ-2;"Площадь Никонова, ул.Зеленая, ул.Гидротехническая, Вертикаль ул.Вокзальная, ул.Куйбышева, Школа № 14, поселок Жигулевское море,   УТЭП, Рынок, Мясокомбинат, ВНИИ нерудных материалов, Речной порт, Речной вокзал, ГАИ Комсомольского района, Тюленина, Космодемьянской, Есенина, Космодемьянской, Тюленина, Мурысева, Молодежный драматический театр, Колледж технического и художественного образования, ул. Громовой, ул. Механизаторов, Спецавтохозяйство, Троллейбусное депо, ул.Карбышева, 27 квартал, Дом природы, ул. Победы (обратное направление Горсад, к/т Космос, Гостиница Волга), Площадь Искусств, Индустриально-педагогический колледж, ул. Шлютова, ул. Октябрьская, ул. Украинская, к/т Авангард, ул. Крупской, Магазин Автолюбитель, Многопрофильная больница, ул. Мичурина, КВД, Восточное кольцо, Инженерный центр, Энергетическая, Автозаводстрой, Кузнечно-прессовый цех, Чугунно-литейный цех, Ремонтно-кузнечный цех, 10 КПП, Прессовое производство, База УМТС, ППИ, ОС ВАЗа, Заготовительная фабрика, ПТО, ЦЗЧ-2
";ул.Никонова, ул. Шлюзовая, ул. Гидротехническая, ул.Куйбышева, трасса М-5, ул.Громовой, ул. Ярославская, ул.Коммунистическая, ДП Есенина, разворот,ул. Коммунистическая, ул.Матросова, ул. Громовой, ул. Кунеевская, ул.Комсомольская, ул. Мира , ул. Победы, б-р 50 лет Октября, Автозаводское шоссе,  Южное шоссе, ул.Борковская, ул.Вокзальная, ул.Цеховая, ул.Северная;42,00;;;; БК;;;;;;1;
;;/10 ОП ЦЗЧ-2-ОП Площадь  Никонова;"ЦЗЧ-2, ПТО, Заготовительная фабрика, ОС ВАЗа, ППИ, База УМТС, Прессовое производство, 10 КПП, Ремонтно-кузнечный цех, Чугунно-литейный цех, Кузнечно-прессовый цех, Автозаводстрой, Энергетическая, Инженерный центр, КВД, Мичурина, Многопрофильная больница, магазин Автолюбитель, Крупской, к/т Авангард, Украинская, Октябрьская, Шлютова, Индустриально-педагогический колледж, пл. Искусств, гос.Волга, к-т Космос, Горсад, Дом природы, 27 квартал, Карбышева, Троллейбусное депо, Спецавтохозяйство, Механизаторов, Громовой, Колледж технического и художественного образования, Молодежный драматический театр, ул.Мурысева, Молодежный драматический театр, ул.Чайкиной, Универмаг, Мясокомбинат, Рынок, УТЭП, поселок Жигулевское море, Школа №14, ул. Куйбышева, Вокзальная, ул. Макарова, ул. Гидротехническая, ул. Зеленая, Площадь Никонова
";ул.Никонова, ул.Шлюзовая, ул.Гидротехническая, ул.Куйбышева, трасса М-5, ул.Громовой, ул. Ярославская, ул.Коммунистическая,  ДП Есенина, разворот, ул.Коммунистическая, ул. Матросова, ул. Громовой, ул.Кунеевская, ул.Комсомольская, ул.Мира , ул.Победы, б-р 50 лет Октября,  Автозаводское шоссе, Южное шоссе, ул.Борковская, ул.Вокзальная, ул.Цеховая, ул.Северная;42,00;;;; БК;;;;;;1;
;; /11 ОП ЦЗЧ-2 - ОП Речной вокзал;ЦЗЧ-2, ПТО, Заготовительная фабрика, ОС ВАЗа, ППИ, База УМТС, Прессовое производство, 10 КПП, Ремонтно-кузнечный цех, Чугунно-литейный цех, Кузнечно-прессовый цех, Автозаводстрой, Энергетическая, КВД, Мичурина, Многопрофильная больница, Автовокзал, ул.Баныкина, Краеведческий музей, ул.Голосова, м-н Юность, Механизаторов, Громовой, Колледж технического и художественного образования, Молодежный драматический театр, Сквер Вадима Леванова, Парк, МСЧ № 8, 3 квартал, ул. Космодемьянской, ул. Тюленина, Речной вокзал;ул.Северная, ул.Цеховая, ул.Вокзальная, ул.Борковская, ул.Коммунальная, ул. Полякова, Южное шоссе, Автозаводское шоссе, ул. Лесная, ул.Родины, ул. Баныкина, ул. Кунеевская, ул.Громовой, ул.Матросова, ул. Л.Чайкиной, ул.Механизаторов, ул. Коммунистическая;31,80;;;; БК;;;;;;1;
;;/12  ОП ЦЗЧ-2 – ОП Речной вокзал;ЦЗЧ-2, ПТО, Заготовительная фабрика, ОС ВАЗа, ППИ, База УМТС, Прессовое производство, 10 КПП, Ремонтно-кузнечный цех, Чугунно-литейный цех, Кузнечно-прессовый цех, Автозаводстрой, Энергетическая, КВД, Мичурина, Многопрофильная больница, магазин Автолюбитель, Крупской, к/т Авангард, Украинская, Октябрьская, Шлютова, Индустриально-педагогический колледж, пл. Искусств, гос.Волга, к-т Космос, Горсад, Дом природы, 27 квартал, Карбышева, Троллейбусное депо, Спецавтохозяйство, Механизаторов, Громовой, Колледж технического и художественного образования, Молодежный драматический театр, Сквер Вадима Леванова, Парк, МСЧ № 8, 3 квартал, ул. Космодемьянской, ул. Тюленина, Речной вокзал;"ул.Северная, ул.Цеховая, ул.Вокзальная, ул. Борковская, Южное шоссе,Автозаводское шоссе, 
б-р 50 лет Октября, ул. Победы, ул.Гагарина, ул. К. Маркса, ул. Мира, ул. Комсомольская, ул.Кунеевская, ул. Громовой, ул. Матросова, ул. Л.Чайкиной, ул.Механизаторов, ул.Коммунистическая
";31,80;;;; БК;;;;;;1;
;;/13 ОП Управление кадров- ОП Троллейбусное депо;Управление кадров, Машиностроительный колледж, АВТОВАЗ-ТО, Восточное кольцо, УВД, АвтоВАЗтранс, Автопарковая, 18а квартал, Обводное шоссе, 19 квартал, 20 квартал, 21 квартал, Треугольник, Южное шоссе, Автозаводское шоссе, ЦРБ, КВД, Мичурина, Многопрофильная больница, магазин Автолюбитель, Крупской, к/т Авангард, Украинская, Октябрьская, Шлютова, Индустриально-педагогический колледж, пл. Искусств, гос. Волга, к-т Космос, Горсад, Дом природы, 27 квартал, Карбышева, Троллейбусное депо;Южное шоссе, Автозаводское шоссе, б-р 50 лет Октября, ул. Победы, ул.Гагарина, ул. К. Маркса, ул.Мира;24,40;;;; БК;;;;;;1;
;;/14 ОП ЦЗЧ-2 – ОП Площадь Никонова;"ЦЗЧ-2, ПТО, Заготовительная фабрика, ОС ВАЗа, ППИ, База УМТС, Прессовое производство, 10 КПП, Ремонтно-кузнечный цех, Чугунно-литейный цех, Кузнечно-прессовый цех, Автозаводстрой, Энергетическая, Инженерный центр, Восточное кольцо, УВД, АвтоВАЗтранс, Автопарковая, 18а квартал, Обводное шоссе, 19 квартал, 20 квартал, 21 квартал, Треугольник, Южное шоссе, Автозаводское шоссе, ЦРБ,КВД, Мичурина, Многопрофильная больница, магазин Автолюбитель, Крупской, к/т Авангард, Украинская, Октябрьская, Шлютова, Индустриально-педагогический колледж, пл. Искусств, гос. Волга, к-т Космос, Горсад, Дом природы, 27 квартал, Карбышева, Троллейбусное депо, Спецавтохозяйство, Механизаторов, Громовой, Колледж технического и художественного образования, Молодежный драматический театр, Мурысева, Молодежный драматический театр, ул. Чайкиной, Универмаг, Мясокомбинат, Рынок, УТЭП, поселок Жигулевское море, Школа №14, ул. Куйбышева, Вокзальная, ул. Макарова, ул. Гидротехническая, ул. Зеленая, Площадь Никонова
";ул.Северная, ул.Цеховая, ул.Вокзальная, ул. Борковская, Южное шоссе, Автозаводское шоссе, б-р  50 лет Октября, ул.Победы, ул.Гагарина, ул. К. Маркса, ул.Мира, ул.Комсомольская, ул.Кунеевская, ул.Громовой, ул.Матросова до Коммунистической, разворот по Матросова, ул. Л.Чайкиной, ул.Ярославская, ул.Громовой, ул.Куйбышева, ул.Гидротехническая, ул.Шлюзовая, ул.Никонова;37,70;;;; БК;;;;;;1;
;;/15 ОП ЦЗЧ-2 – ОП Площадь Никонова;"ЦЗЧ-2, ПТО, Заготовительная фабрика, ОС ВАЗа, ППИ, База УМТС, Прессовое производство, 10 КПП, Ремонтно-кузнечный цех, Чугунно-литейный цех, Кузнечно-прессовый цех, Автозаводстрой, Энергетическая, Инженерный центр, КВД, Мичурина, Многопрофильная больница, магазин Автолюбитель, Крупской, к/т Авангард, Украинская, Октябрьская, Шлютова, Индустриально-педагогический колледж, пл. Искусств, гос. Волга, к-т Космос, Горсад, Дом природы, 27 квартал, Карбышева, Троллейбусное депо, Спецавтохозяйство, Механизаторов, Громовой, Колледж технического и художественного образования, Молодежный драматический театр,  Сквер Вадима Леванова, Парк, МСЧ № 8, 3 квартал, ул. Космодемьянской, ул. Тюленина, Речной вокзал, ВНИИ нерудных материалов, Мясокомбинат, Рынок, УТЭП, поселок Жигулевское море, Поликлиника, Железнодорожная, Вокзальная, ул. Макарова, ул. Гидротехническая, 
ул. Зеленая, Площадь Никонова
";"ул.Северная, ул.Цеховая, ул. Вокзальная, ул. Борковская, Южное шоссе, Автозаводское шоссе ,
б-р 50 лет Октября, ул. Победы, ул.Гагарина, ул. К. Маркса, ул.Мира, ул. Комсомольская, ул.Кунеевская, ул.Громовой, ул. Матросова, ул. Л.Чайкиной, ул.Механизаторов, ул. Коммунистическая,  ул.Ярославская, ул. Громовой, трасса М-5, ул. Куйбышева, ул.Железнодорожная, проезд Дорофеева, ул. Гидротехническая, ул. Шлюзовая, ул.Никонова
";39,20;;;; БК;;;;;;1;
;;/16 ОП ЦЗЧ-2 - ОП Площадь Никонова;ЦЗЧ-2, ПТО, Заготовительная фабрика, ОС ВАЗа, ППИ, База УМТС, Прессовое производство, 10 КПП, Ремонтно-кузнечный цех, Чугунно-литейный цех, Кузнечно-прессовый цех, Автозаводстрой, Энергетическая, Инженерный центр, Энергетическая, Восточное кольцо, КВД, Мичурина, Многопрофильная больница, магазин Автолюбитель, Крупской, к/т Авангард ,Украинская, Октябрьская, Шлютова, Индустриально-педагогический колледж, пл. Искусств, гос. Волга, к-т Космос, Горсад , Дом природы, 27 квартал, Карбышева, Троллейбусное депо, Спецавтохозяйство, Механизаторов, Громовой, Колледж технического и художественного образования, Молодежный драматический театр,  Сквер Вадима Леванова, Парк, МСЧ № 8, 3 квартал, ул. Космодемьянской, ул. Тюленина, Речной вокзал, ВНИИ нерудных материалов, Мясокомбинат, Рынок, УТЭП, поселок Жигулевское море, Поликлиника, Железнодорожная, Вокзальная, ул. Макарова, ул. Гидротехническая, ул. Зеленая, Площадь Никонова;"ул.Северная, ул. Цеховая, ул.Вокзальная, ул. Борковская, Южное шоссе, Автозаводское шоссе, 
б-р 50 лет Октября, ул. Победы, ул. Гагарина, ул. К. Маркса, ул.Мира, ул. Комсомольская, ул.Кунеевская, ул.Громовой, ул.Матросова, ул. Л.Чайкиной, ул.Механизаторова, ул. Коммунистическая,   ул. Ярославская, ул. Громовой, трасса М-5, ул.Куйбышева, ул. Железнодорожная, проезд Дорофеева, ул. Гидротехническая, ул. Шлюзовая, ул.Никонова
";39,20;;;; БК;;;;;;1;
12;№ 23в;ОП Набережная – ОП КВЦ;Набережная, Лыжная база, Профилакторий Прилесье, д/с Лесной голосок, д/с Елочка, д/с Веселая семейка, ул. Жукова, 11 квартал, Школа № 51, Административный центр, Парк Победы, Детский парк, Степная, 3 квартал, Ленинский пр-т, Дом связи, Пожарное депо, ул. Дзержинского, Кооперативная, НТЦ, Учебный центр, Медсанчасть, 7 вставка, 5 вставка, 3 вставка, 1 вставка, КВЦ;ул.Спортивная, ул.Жукова, ул. Фрунзе, пр-т Московский, ул. Заставная, Южное шоссе;13,0;Только в установленных ОП;По регулируемым тарифам;Автобус;БК;Не ниже ЕВРО-3;Не более 15 лет;да;да;да;6;09.01.2025
;;/1 ОП Набережная – ОП КВЦ;Набережная, Дворец детского творчества, Музыкальная школа, 8 квартал, б-р Буденного, ДС Волгарь, Революционная, Стадион Торпедо, СК Олимп, пос. Приморский, Фрунзе, 3 квартал, Ленинский пр-т, Дом связи, Пожарное депо, ул. Дзержинского, Кооперативная, НТЦ, Учебный центр, Медсанчасть, 7 вставка, 5 вставка, 3 вставка, 1 вставка, КВЦ;ул.Спортивная, пр-т  Ст. Разина, б-р Приморский, пр-т Московский, ул. Заставная, Южное шоссе;12,7;;;;;;;;;;;01.06.2026
13;№ 24в;ОП Западный пляж – ОП КВЦ;Западный пляж, СК Олимп, Стадион Торпедо, ул. Революционная, Приморский б-р, Школа имени академика Королева, Магазин Русь, Дом быта Орбита, Магазин 1000 мелочей, Дом мод, к/т Сатурн, Универсам, Аптека, б-р Кулибина, Московский пр-т, Кооперативная, НТЦ, Учебный центр, Медсанчасть, 7 вставка, 5 вставка, 3 вставка, 1 вставка, КВЦ;ул. Спортивная, б-р Приморский, ул. Революционная, ул. Дзержинского, ул. Заставная, Южное шоссе;11,0;Только в установленных ОП;По регулируемым тарифам;Автобус;БК;Не ниже ЕВРО-3;Не более 15 лет;да;да;да;7;09.01.2025
16;№ 38в;ОП Медучилище – ОП ЦЗЧ-2;Медучилище, Школа № 70, 14-А квартал, 14 квартал, Строительная, 16 квартал, ул. Автостроителей (прямое направление), б-р Космонавтов, Общежитие Современник (обратное направление), 15 квартал, Дом офицеров, ул. Полякова Автопарковая, АвтоВАЗтранс, УВД, Восточное кольцо, Инженерный центр, Энергетическая, Кузнечно-прессовый цех, Чугунно-литейный цех, Ремонтно- кузнечный цех, 10 КПП, Прессовое производство, База УМТС, ППИ, ОС ВАЗа, Заготовительная фабрика, ПТО, ЦЗЧ-2;ул. 40 лет Победы, ул.Дзержинского, ул. Ворошилова, ул. Полякова, Южное шоссе, ул.Борковская, ул. Вокзальная, ул. Цеховая, ул.Северная;17,2;Только в установленных ОП;По регулируемым тарифам;Автобус;СК         БК;Не ниже ЕВРО-3;Не более 15 лет;да;да;да;1             4;09.01.2025
17;№ 40;ОП Бетонная – ОП ул. Белорусская;"Бетонная, Опытный завод, Стадион «Дружба», Площадь Никонова, ул. Зеленая, ул. Гидротехническая, Вертикаль (прямое направление), ул. Макарова, Вокзальная, ул. Куйбышева, Школа № 14, поселок Жигулевское море, УТЭП, Рынок, АТК КуЭСП, Молокозавод, ул. Громовой, ул. Механизаторов, Спецавтохозяйство, Троллейбусное депо, ул. Карбышева, 27 квартал, Дом природы, Горсад, ул. Жилина, Магазин Светлана, ул. Гидростроевская, Автовокзал, Автовокзал, Стадион Строитель, ул. Белорусская
";"ул.Никонова, ул.Шлюзовая, ул.Гидротехническая, ул.Куйбышева, Трасса М5, ул.Громовой, ул. Кунеевская, ул. Комсомольская, ул. Мира,  
ул.Родины, ул. Баныкина
";18,4;Только в установленных ОП;По регулируемым тарифам;Автобус;"СК
БК";Не ниже ЕВРО-3;Не более 10 лет;да;да;да;"3
17";01.01.2025
;;;Бетонная, Опытный завод, Стадион «Дружба», Площадь Никонова, ул. Зеленая, ул. Гидротехническая, Вертикаль (прямое направление), ул. Макарова, Вокзальная, Железнодорожная, Поликлиника, поселок Жигулевское море, УТЭП, Рынок, АТК КуЭСП, Молокозавод, ул. Громовой, ул. Механизаторов, Спецавтохозяйство, Троллейбусное депо, ул. Карбышева, 27 квартал, Дом природы, Горсад, ул. Жилина, Магазин Светлана, ул. Гидростроевская, Автовокзал, Автовокзал, Стадион Строитель, ул. Белорусская;"ул. Никонова, ул.Шлюзовая, ул. Гидротехническая, проезд  Дорофеева, ул. Железнодорожная, 
 Трасса М5, ул.Громовой, ул.Кунеевская, ул. Комсомольская, ул.Мира, ул.Родины, ул.Баныкина
";;;;;;;;;;;;
;;*ОП Школа №12 – ОП ул. Белорусская;Школа №12, переулок Ученический (обратное направление), Федоровка, Молодежная, Тракторная, Дачная, Нефтебаза, ЛЗЖБИ, Бетонная, Опытный завод, Стадион «Дружба», Площадь Никонова, ул. Зеленая, ул. Гидротехническая, Вертикаль (прямое направление), ул. Макарова, Вокзальная, ул. Куйбышева, Школа №14, поселок Жигулевское море, УТЭП, Рынок, АТК КуЭСП, Молокозавод, ул. Громовой, ул. Механизаторов, Спецавтохозяйство, Троллейбусное депо, ул. Карбышева, 27 квартал, Дом природы, Горсад, ул. Жилина, Магазин Светлана, ул. Гидростроевская, Автовокзал, Автовокзал, Стадион Строитель, ул. Белорусская;ул.Ингельберга, ул.Никонова, ул.Шлюзовая, ул.Гидротехническая, ул. Куйбышева, Трасса М5, ул. Громовой, ул.Кунеевская, ул. Комсомольская, ул.Мира, ул. Родины, ул.Баныкина;23,8;;;;;;;;;;;01.01.2025
18;№ 41;ОП ул. Есенина – ОП Микрорайон Нагорный – ОП ул. Есенина;"ул. Есенина, 3 квартал, МСЧ № 8, Парк, ул. Л. Чайкиной, Универмаг, Мясокомбинат, Рынок, УТЭП, поселок Жигулевское море, поселок Жигулевское море, Тубдиспансер, ул. Восточная, ул. Высоковольтная, Оренбургский проезд, микрорайон Нагорный, микрорайон Нагорный, поселок Жигулевское море, УТЭП, Рынок, Мясокомбинат, Универмаг, ул. Л. Чайкиной, Сквер Вадима Леванова, Парк, МСЧ № 8, 3 квартал, ул. Есенина
";ул..Коммунистическая, ул. Механизаторов, ул. Л. Чайкиной, ул. Ярославская, ул. Громовой, ул. Куйбышева, ул. Параллельная, ул. Коваленко, ул. Высоковольтная, Майский проезд, ул. Куйбышева, ул. Громовой, ул. Ярославская, ул.Л. Чайкиной, ул. Механизаторов, ул. Коммунистическая;15,5;Только в установленных ОП;По регулируемым тарифам;Автобус;СК;Не ниже ЕВРО-3;Не более 15 лет;да;да;да;1;01.01.2025
19;№ 42;ОП ул. Есенина – ОП Школа № 12;"ул. Есенина, 3 квартал, МСЧ № 8, Парк, Сквер Вадима Леванова (обратное направление), ул. Л. Чайкиной, Универмаг, Мясокомбинат, Рынок, УТЭП, поселок Жигулевское море, Школа №14, ул. Куйбышева, Вокзальная, ул. Макарова, Вертикаль (обратное направление), ул. Гидротехническая, ул. Зеленая, Площадь Никонова, Стадион ""Дружба"", Опытный завод, Бетонная, ЛЗЖБИ, Нефтебаза, Дачная, Тракторная, Молодежная, Федоровка, переулок Ученический (прямое направление), Школа №12";ул.Коммунистическая, ул. Механизаторов, ул. Л. Чайкиной, ул. Ярославская, ул. Громовой, Трасса М5, ул.Куйбышева, ул.Гидротехническая, ул.Шлюзовая , ул.Никонова, ул.Ингельберга;15,7;Только в установленных ОП;По регулируемым тарифам;Автобус;"СК
БК";Не ниже ЕВРО-3;Не более 15 лет;да;да;да;"1
11";01.01.2025
20;№ 46;ОП ул. Есенина – ОП Фосфор;ул. Есенина, ул. Космодемьянской, ул. Тюленина, ГАИ Комсомольского района (обратное направление), ул. Мурысева, Молодежный драматический театр, Колледж технического и художественного образования, ул. Громовой, ул. Механизаторов, Спецавтохозяйство, Троллейбусное депо, ул. Карбышева, 27 квартал, Дом природы, ул. Победы, Гостиница Волга, (обратно Горсад, к/т Космос), ул. Гагарина, Дворец молодежи, ул. М. Горького, Детский мир, Техучилище, ул. Украинская, ул. Октябрьская, ул. Новозаводская, Химико-технологический колледж, Синтезкаучук, ТГАТК, ТЭЦ, КАТЗ, Химэнергострой, Фосфор;ул.Коммунистическая, ул. Матросова, ул. Громовой, ул. Кунеевская, ул.Комсомольская, ул. Мира, ул. Победы (обратно К. Маркса), ул. Гагарина, ул. Ленина, б-р 50 лет Октября, ул. Новозаводская;18,4;Только в установленных ОП;По регулируемым тарифам;Автобус;БК;Не ниже ЕВРО-3;Не более 15 лет;да;да;да;20;01.01.2025
21;№ 52;ОП Л. Толстого – ОП Фосфор – ОП Л. Толстого;ул. Л. Толстого, Гостиница Ставрополь, Колледж, Школа № 27, Техучилище, ул. Украинская, ул. Октябрьская, ул. Новозаводская, Химико-технологический колледж, Синтезкаучук, ТГАТК, ТЭЦ, КАТЗ, Химэнергострой, Фосфор, Химэнергострой, КАТЗ, ТЭЦ, ТГАТК, Синтезкаучук, Химико-технологический колледж, ул. Новозаводская, ул. Октябрьская, ул. Украинская, к/т Авангард, ул. Крупской, Магазин Автолюбитель, Многопрофильная больница, ул. Мичурина, ул. Л. Толстого;ул. Л. Толстого, ул.Ленина, б-р 50 лет Октября, ул. Новозаводская, б-р 50 лет Октября, Автозаводское шоссе, ул. Л. Толстого;16,2;Только в установленных ОП;По регулируемым тарифам;Автобус;БК;Не ниже ЕВРО-3;Не более 15 лет;да;да;да;1;09.01.2025
22;№ 62;ОП Легкоатлетический манеж – Кладбище (Поволжское шоссе);Легкоатлетический манеж, ул. Революционная, Вега, ул. Спортивная, Лесопарковое шоссе, Дворец детского творчества, Музыкальная школа, 8 квартал, б-р Буденного, Дворец спорта, Приморский б-р, Школа имени академика Королева, Магазин Русь, Дом быта Орбита, Магазин 1000 мелочей, Дом мод, ул. Юбилейная, б-р Курчатова, Гостиница, Стоматологическая поликлиника, Магазин Мебель, 10 квартал, б-р Луначарского, 15 квартал, Дом офицеров, ул. Полякова, 18а квартал, ТГК, Сосновый бор, Кладбище, ТП-20;ул. Спортивная, пр-т Ст. Разина, б-р Приморский, ул. Революционная, ул. Свердлова, ул. Ворошилова, ул.Полякова, Южное шоссе, Обводное шоссе, Поволжское шоссе;35,9;Только в установленных ОП;По регулируемым тарифам;Автобус;БК;Не ниже ЕВРО-3;Не более 15 лет;да;да;да;1;09.01.2025
23;№ 72в;ОП 14 квартал – ОП КВЦ;14 квартал, 17 квартал (прямое направление), Школьная, ул. Тополиная, Магазин Мир продуктов (обратное направление), Цветной б-р, 19 квартал (обратное направление), Студенческая, Кафе Встреча, ул. Полякова, Автопарковая, АвтоВАЗтранс, УВД, Восточное кольцо, АВТОВАЗ-ТО, Машиностроительный колледж, Управление кадров, Медсанчасть, 7 вставка, 5 вставка, 3 вставка, 1 вставка, КВЦ;ул. 40 лет Победы, ул. Тополиная, ул. 70 лет Октября, ул. Полякова, Южное шоссе;11,8;Только в установленных ОП;По регулируемым тарифам;Автобус;СК         БК;Не ниже ЕВРО-3;Не более 15 лет;да;да;да;1             5;09.01.2025
24;№ 73;ОП ул. Белорусская – ОП Легкоатлетический манеж;ул. Белорусская, Стадион Строитель, Автовокзал, ТПИ, Театр Колесо, Больница, Дом быта, Горсад, ул. Победы, Гостиница Волга, ул. Гагарина, Молодежный б-р, площадь Свободы (обратно Магазин Рубин, к/т Космос), к/т Буревестник, Лесная, Многопрофильная больница, ул. Мичурина, КВД, ЦРБ (обратное направление), Автозаводское шоссе, Южное шоссе, Треугольник, 21 квартал, 20 квартал, Утес (прямое направление), Школа № 88, Магазин Ассорти (обратное направление), ул. Тополиная (прямое направление), Школьная, 17 квартал (обратное направление), Строительная, 16 квартал, 12 квартал, Заводская, ул. 40 лет Победы, Медгородок, Детская больница, б-р Здоровья, Пединститут, б-р Туполева, 9 квартал, Телецентр, к/т Ставрополь, б-р Курчатова, ул. Юбилейная, Магазин Восход, Магазин Океан, Дом связи, Ленинский пр-т, 3 квартал, ул. Фрунзе, Поселок Приморский, СК Олимп, Стадион Торпедо, ул. Революционная, Дворец Спорта, б-р Буденного, 8 квартал, Музыкальная школа, Дворец детского творчества, Лесопарковое шоссе, ул. Спортивная, Вега, ул. Революционная, Легкоатлетический манеж;ул.Баныкина, ул. Родины, ул. Республиканская, ул. Белорусская, ул. Ленинградская, ул. К. Маркса, ул. Мира, ул. Победы, ул. Гагарина, ул. Ленина, б-р Молодежный (обратно К. Маркса), ул. К. Маркса, ул.Лесная, Автозаводское шоссе, Южное шоссе, ул. Тополиная, ул. Дзержинского, ул. Автостроителей, ул.40 лет Победы, пр-т Ленинский, пр-т Ст. Разина, ул.Свердлова, пр-т Московский, б-р Приморский,  пр-т Ст. Разина, ул.Спортивная;30,8;Только в установленных ОП;По регулируемым тарифам;Автобус;"СК
БК";Не ниже ЕВРО-3;Не более 15 лет;да;да;да;"3
15";01.01.2025
25;№ 84;ОП ул. Есенина – ОП ул. Олимпийская;"Движение в прямом направлении:
ул. Есенина, 3 квартал, МСЧ № 8, Парк, ул. Л. Чайкиной, Универмаг, Мясокомбинат, Рынок, Дачи, Озерки, АвтоВАЗагрегат, Сосновый бор, Кладбище, ТП-20, Дачная, Очистные сооружения, ТП-21, Азотная, Транспортный цех, Автотранспортный цех, Матюшкино, Новоматюшкино, ул. Сиреневая, ул. Полевая, ул. Академика Скрябина, ул. Олимпийская
Движение в обратном направлении:
ул. Олимпийская, ул. Академика Скрябина, ул. Полевая, Школа №83, ул. Сиреневая, Новоматюшкино, Матюшкино, Автотранспортный цех, Гибридный, УТЭП, Рынок, Мясокомбинат, Универмаг, ул. Л. Чайкиной, Сквер Вадима Леванова, Парк, МСЧ № 8, 3 квартал, ул. Есенина";"Движение в прямом направлении:
ул.Коммунистическая, ул. Механизаторов, ул. Л. Чайкиной, ул. Ярославская, ул. Громовой, Поволжское шоссе, ул.Раздольная, ул.Сиреневая, ул. Олимпийская 
Движение в обратном направлении:
ул.Олимпийская, ул.Сиреневая, ул.Раздольная, Трасса М5, ул. Громовой, ул. Ярославская, ул. Л. Чайкиной, ул. Механизаторов, ул. Коммунистическая";32,9;Только в установленных ОП;По регулируемым тарифам;Автобус;"СК
БК";Не ниже ЕВРО-3;Не более 15 лет;да;да;да;"2
3";01.01.2025
;;*ОП ул. Белорусская – ОП ул. Олимпийская;ул. Белорусская, Стадион Строитель, Автовокзал, Автовокзал, ул. Гидростроевская, Магазин Светлана, ул. Жилина, Горсад, Дом природы, 27 квартал, ул. Карбышева, Троллейбусное депо, Спецавтохозяйство, ул. Механизаторов, ул. Громовой, Молокозавод, АТК КуЭСП, Рынок, Дачи, Озерки, АвтоВАЗагрегат, Сосновый бор, Кладбище, ТП-20, Дачная, Очистные сооружения, ТП-21, Азотная, Транспортный цех, Автотранспортный цех, Матюшкино, Новоматюшкино, ул. Сиреневая, ул. Полевая, ул. Академика Скрябина, ул. Олимпийская;ул.Баныкина, ул.Родины, ул. Мира, ул. Комсомольская, ул. Кунеевская, ул.Громовой,  Поволжское шоссе, ул.Раздольная, ул. Сиреневая, ул.Олимпийская ;35,4;;;;;;;;;;;01.01.2025
92;№ 65;ОП Западный пляж –  ОП Треугольник – ОП Западный пляж;"Западный пляж, СК Олимп, Стадион Торпедо, ул. Революционная, Вега, ул. Спортивная, Лесопарковое шоссе, Набережная, Лыжная база, Профилакторий Прилесье, д/с Лесной голосок, д/с Елочка, д/с Веселая семейка, д/с Соловушка, д/с Дубравушка, б-р Здоровья, Детская больница, Медгородок, Медучилище, Школа № 70, 14-А квартал, 14 квартал, Жилой комплекс «Лесной», Школа № 86, Жилой комплекс «Лесная слобода», ул. 70 лет Октября, Рябиновый бульвар, ул. Тополиная, Цветной бульвар, Солнечный бульвар, Бульвар Татищева, Обводное шоссе, 19квартал, 20 квартал, 21 квартал, Треугольник, Дендропарк, Школа № 93, Жилой комплекс ""Лесная слобода"", Школа № 86, Жилой комплекс ""Лесной"", 14 квартал, 14-А квартал, Школа № 70, Медучилище, Медгородок, Детская больница, б-р Здоровья, д/с Дубравушка, д/с Соловушка, д/с Веселая семейка, д/с Елочка, д/с Лесной голосок, Профилакторий Прилесье, Лыжная база, Набережная, Лесопарковое шоссе, Спортивная, Вега, ул. Революционная, Стадион Торпедо, СК Олимп, Западный пляж";"ул.Спортивная, б-р Приморский, ул. Революционная, ул.Спортивная, ул. Жукова, ул. 40 лет Победы, ул. 70 лет Октября, ул.Автостроителей, Южное шоссе, ул.  40 лет Победы, ул. Жукова, ул.Спортивная, ул.Революционная,    б-р Приморский, ул.
Спортивная";28,0;Только в установленных ОП;По регулируемым тарифам;Автобус;БК;Не ниже ЕВРО-3;Не более 15 лет;да;да;да;4;01.03.2025
95;№ 68;ОП ул. Есенина –  ОП КВД - ул. Есенина;Есенина, З. Космодемьянской, Тюленина,  Мурысева, МДТ, Колледж, Громовой, Механизаторов, Спецавтохозяйство, Школа № 1, 73-й квартал, магазин Юность, 72-й квартал, АТС-26, Дом природы, Горсад, Жилина, Магазин Светлана, Гидростроевская, Школа-интернат, Детская многопрофильная больница, Мичурина, КВД , КВД ,  Мичурина, Детская многопрофильная больница, Школа-интернат,  Гидростроевская, Магазин Светлана, Жилина, Горсад, Дом природы, АТС-26, 72-й квартал,  магазин Юность,73-й квартал, Школа № 1, Спецавтохозяйство, Механизаторов, Громовой,  Колледж,  МДТ, Мурысева,  ГАИ Комсомольского района, Тюленина, З. Космодемьянской, Есенина;ул.Коммунистическая, ул. Матросова, ул. Громовой, ул. Кунеевская, ул. Баныкина, ул. Голосова, ул. Мира, ул. Родины, ул. Лесная, Автозаводское шоссе, ул. Лесная, ул.Родины, ул. Мира, ул. Голосова, ул.Баныкина, ул. Кунеевская, ул. Громовой, ул. Матросова, ул.Коммунистическая;31,0;Только в установленных ОП;По регулируемым тарифам;Автобус;БК;Не ниже ЕВРО-3;Не более 5 лет;да;да;да;3;20.10.2025
96;№ 69;ОП Легкоатлетический манеж –  ОП ЦЗЧ-2 - ОП Легкоатлетический манеж;Легкоатлетический манеж, Революционная, Вега, Спортивная, Лесопарковое шоссе, Дворец детского творчества, Музыкальная школа, Детский мир, 7-й квартал, 3-б квартал, Телецентр, к-р Ставрополь, 4-й квартал, Театральная, Гаражи, АвтоВАЗагро, АВТ, Автопарковая, Военный госпиталь, Хладокомбинат, Пивзавод, Обувная фабрика, Энергетическая, Автозаводстрой, Кузнечно-прессовый цех, Чугунно-литейный цех, Ремонтно-кузнечный цех, 10 КПП, Прессовое производство, База УМТС, ППИ, ОС ВАЗа, Заготовительная фабрика, ПТО, ЦЗЧ-2, ТЭЦ Ваза-2, ТЭЦ ВАЗа-1, Автобаза 98, ЗМК, ОРПОиН, Спецстрой, Энергетическая, Обувная фабрика, Пивзавод, Хладокомбинат, Военный госпиталь, Автопарковая, АВТ, АвтоВАЗагро, Гаражи, Театральная, 4-й квартал, к-р Ставрополь, Телецентр, 3-б квартал, 7-й квартал, Детский мир, Музыкальная школа, Дворец детского творчества, Лесопарковое шоссе, Спортивная, Вега, Революционная, Легкоатлетический манеж;ул.Спортивная, пр-т Степана Разина, ул. Ботаническая, Южное шоссе, ул. Полякова, ул. Коммунальная, ул.Борковская, ул. Вокзальная, ул. Цеховая, ул. Северная, ул. Борковская, ул. Коммунальная, ул. Полякова, Южное шоссе, ул. Ботаническая, пр-т Степана Разина, ул.Спортивная ;39,0;Только в установленных ОП;По регулируемым тарифам;Автобус;БК;Не ниже ЕВРО-3;Не более 5 лет;да;да;да;2;01.10.2025
97;№ 6р;ОП ул. Баныкина – ОП Оптовый рынок - ОП ул. Баныкина;"ул. Баныкина, ТМО-2 (прямое направление), ул. Ленинградская, Рынок, Дворец молодежи, ул. Гагарина, к/т Космос, Горсад Дом природы, 27-й квартал, ул. Карбышева, Троллейбусное депо, Спецавтохозяйство, Оптовый рынок, Спецавтохозяйство, Троллейбусное депо, ул. Карбышева, 27-й квартал, Дом природы, ул. Победы, Гостиница Волга, ул. Гагарина, Дворец молодежи, Рынок, Стадион Труд, ул. Ленинградская, ул. Баныкина  
";ул.Баныкина, ул. Советская, ул. Комсомольская, ул. Ленина, ул.  Гагарина, ул. Карла Маркса, ул. Мира, ул. Комсомольская, ул. Васильевская , ул.Базовая, ул. Васильевская, ул. Комсомольская, ул. Мира, ул.Победы, ул.Гагарина, ул.Ленина, ул. Комсомольская, ул. Советская, ул.Баныкина;19,1;Только в установленных ОП;По регулируемым тарифам;Автобус;СК;Не ниже ЕВРО-3;Не более 15 лет;да;да;да;2;03.01.2026
;;"""а""  ОП ул. Баныкина – ОП Спецавтохозяйство - ОП ул. Баныкина";ул. Баныкина, ТМО-2 (прямое направление), ул. Ленинградская, Рынок, Дворец молодежи, ул. Гагарина , к/т Космос, Горсад, Дом природы, 27-й квартал, ул. Карбышева, Троллейбусное депо, Спецавтохозяйство, Спецавтохозяйство, Троллейбусное депо, ул. Карбышева, 27-й квартал, Дом природы, ул. Победы, Гостиница Волга, ул. Гагарина, Дворец молодежи, Рынок, Стадион Труд, ул. Ленинградская, ул. Баныкина;ул.Баныкина, ул.Советская, ул. Комсомольская, ул. Ленина, ул.  Гагарина, ул. Карла Маркса, ул.Мира, ул. Комсомольская, ул. Мира, ул. Победы, ул. Гагарина, ул. Ленина, ул. Комсомольская, ул. Советская, ул. Баныкина;15,5;;;;;;;;;;;
98;№ 22в               ;"""е"" ОП ул. Есенина -  ОП ЦЗЧ-2";"ул. Есенина, 3 квартал, МСЧ № 8, Парк, Сквер Вадима Леванова (обратное направление), МДТ (обратное направление), Колледж технического и художественного образования, ул. Громовой, ул. Механизаторов, Спецавтохозяйство, Школа № 1, 73 квартал, Магазин Юность, 72 квартал, ул. Голосова, б-р Ленина, Краеведческий музей, ТМО-2, ТМО-2 (прямое направление), ул. Ленинградская, ул. Жилина, Горсад (прямое направление), ул. Победы (прямое направление), Гостиница Волга (прямое направление), к/т Космос (обратное направление), ул. Гагарина, Молодежный б-р, площадь Свободы, к/т Буревестник, к/т Буревестник (обратное направление), Магазин Северянка, ул. Горького (прямое направление), Детский мир, Техучилище, Школа № 27, Колледж, Гостиница Ставрополь, ул. Л. Толстого, Мик-Маг (прямое направление), КВД, ЦРБ (обратное направление), Автозаводское шоссе, Южное шоссе, Треугольник, 21 квартал, 20 квартал, 19 квартал, Обводное шоссе, 18 квартал, Автопарковая, АвтоВАЗтранс, УВД, Восточное кольцо, Инженерный центр, Энергетическая, Автозаводстрой, Кузнечно-прессовый цех, Чугунно-литейный цех, Ремонтно-кузнечный цех, 10 КПП, Прессовое производство, База УМТС, ППИ, ОС ВАЗа, Заготовительная фабрика, ПТО, ЦЗЧ-2

";"ул.Есенина, ул. Механизаторов, ул. Л. Чайкиной, ул.Матросова, ул. Громовой, ул. Кунеевская, ул. Баныкина, ул. Советская, ул. Мира, ул. Победы, ул. Гагарина, ул. Ленина, Молодежный б-р, ул. К. Маркса ,ул. М.Горького, ул.Ленина, ул.Л. Толстого, ул. А. Кудашева, Автозаводское шоссе, Южное шоссе, ул. Борковская, ул. Вокзальная, ул. Цеховая, ул. Северная
";34,3;Только в установленных ОП;По регулируемым тарифам;Автобус;СК         БК;Не ниже ЕВРО-3;Не более 10 лет;да;да;да; 1             8;12.01.2026
;;"""б""  ОП ул.Баныкина - ОП ЦЗЧ-2";ул. Баныкина, ТМО-2 (прямое направление), ул. Ленинградская, ул. Жилина, Горсад (прямое направление), ул. Победы (прямое направление), Гостиница Волга (прямое направление), к/т Космос (обратное направление), ул. Гагарина, Молодежный б-р, площадь Свободы, к/т Буревестник, к/т Буревестник (обратное направление), Магазин Северянка, ул. Горького (прямое направление), Детский мир, Техучилище, Школа № 27, Колледж, Гостиница Ставрополь, ул. Л. Толстого, Мик-Маг (прямое направление), КВД, ЦРБ (обратное направление), Автозаводское шоссе, Южное шоссе, Треугольник, 21 квартал, 20 квартал, 19 квартал, Обводное шоссе, 18 квартал, Автопарковая, АвтоВАЗтранс, УВД, Восточное кольцо, Инженерный центр, Энергетическая, Автозаводстрой, Кузнечно-прессовый цех, Чугунно-литейный цех, Ремонтно-кузнечный цех, 10 КПП, Прессовое производство, База УМТС, ППИ, ОС ВАЗа, Заготовительная фабрика, ПТО, ЦЗЧ-2;"ул.Баныкина, ул. Советская, ул. Мира, ул. Победы, ул. Гагарина, ул. Ленина, Молодежный б-р, ул. К. Маркса, ул. М. Горького, ул. Ленина, ул. Л. Толстого, ул. А. Кудашева, Автозаводское шоссе, Южное шоссе, ул. Борковская, ул. Вокзальная, ул. Цеховая, ул.Северная
";25,0;;;;;;;;;;;
99;№ 28о        ; ОП Западный пляж-  Особая экономическая зона;Западный пляж, СК Олимп, Стадион Торпедо, ул. Революционная, Дворец спорта, б-р Буденного, 8 квартал, Театр Дилижанс, Детский городок, д/с Лесной голосок, д/с Ёлочка, д/с Весёлая семейка, д/с Соловушка, д/с Дубравушка, ул. Ворошилова, Кафе Каскад, 10 квартал, б-р Луначарского, ТВВКИСУ, Лесопитомник, пр-т Ст. Разина, Лицей искусств, Колледж технического и художественного образования – корпус 1, Проектное управление, Учебный центр, Медсанчасть, 7 вставка, 5 вставка, 3 вставка, 1 вставка, КВЦ, Жигулевская долина, ОЭЗ;ул.Спортивная, б-р Приморский, ул. Жукова, ул.Ворошилова, ул. Дзержинского, ул. Воскресенская, Южное шоссе;18,0;Только в установленных ОП;По регулируемым тарифам;Автобус;СК         БК;Не ниже ЕВРО-3;Не более 10 лет;да;да;да;2             7;12.01.2026
;;"""к""  ОП Западный пляж-  ОП КВЦ";Западный пляж, СК Олимп, Стадион Торпедо, ул. Революционная, Дворец спорта, б-р Буденного, 8 квартал, Театр Дилижанс, Детский городок, д/с Лесной голосок, д/с Ёлочка, д/с Весёлая семейка, д/с Соловушка, д/с Дубравушка, ул. Ворошилова, Кафе Каскад, 10 квартал, б-р Луначарского, ТВВКИСУ, Лесопитомник, пр-т Ст. Разина, Лицей искусств, Колледж технического и художественного образования – корпус 1, Проектное управление, Учебный центр, Медсанчасть, 7 вставка, 5 вставка, 3 вставка, 1 вставка, КВЦ;ул. Спортивная, б-р Приморский, ул. Жукова, ул. Ворошилова, ул. Дзержинского, ул. Воскресенская, Южное шоссе;14,0;;;;;;;;;;;
;;"""м""  ОП Западный пляж - ОП Медсанчасть";Западный пляж, СК Олимп, Стадион Торпедо, ул. Революционная, Дворец спорта, б-р Буденного, 8 квартал, Театр Дилижанс, Детский городок, д/с Лесной голосок, д/с Ёлочка, д/с Весёлая семейка, д/с Соловушка, д/с Дубравушка, ул. Ворошилова, Кафе Каскад, 10 квартал, б-р Луначарского, ТВВКИСУ, Лесопитомник, пр-т Ст. Разина, Лицей искусств, Колледж технического и художественного образования – корпус 1, Проектное управление, Учебный центр, Медсанчасть;ул. Спортивная, б-р Приморский, ул. Жукова, ул. Ворошилова, ул. Дзержинского, ул. Воскресенская, Южное шоссе;12,0;;;;;;;;;;;
100;№ 36о        ; ОП Западный пляж -  Особая экономическая зона;Западный пляж, СК Олимп, Стадион Торпедо, ул. Революционная, Дворец спорта, б-р Буденного, 8 квартал, Театр Дилижанс, Детский городок, д/с Лесной голосок, д/с Ёлочка, д/с Весёлая семейка, д/с Соловушка, д/с Дубравушка, б-р Здоровья, Детская больница, Медгородок, ул. 40 Лет Победы, Заводская, 12 квартал, Молодежная, Школа № 82, Гостиница Лада, Студенческая, Кафе встреча, ул. Полякова, Автопарковая, АвтоВАЗтранс, УВД, Восточное кольцо, АвтоВАЗ-ТО, Машиностроительный колледж, Управление кадров, Медсанчасть, 7 вставка, 5 вставка, 3 вставка, 1 вставка, КВЦ, Жигулевская долина, ОЭЗ;"ул.Спортивная, б-р Приморский, ул. Жукова, ул.40 Лет Победы, ул.Автостроителей, ул.70 лет Октября, ул. Полякова, Южное шоссе
";23,0;Только в установленных ОП;По регулируемым тарифам;Автобус;СК         БК;Не ниже ЕВРО-3;Не более 10 лет;да;да;да;1             6;12.01.2026
;;"""к""  ОП Западный пляж - ОП КВЦ";Западный пляж, СК Олимп, Стадион Торпедо, ул. Революционная, Дворец спорта, б-р Буденного, 8 квартал, Театр Дилижанс, Детский городок, д/с Лесной голосок, д/с Ёлочка, д/с Весёлая семейка, д/с Соловушка, д/с Дубравушка, б-р Здоровья, Детская больница, Медгородок, ул. 40 Лет Победы, Заводская, 12 квартал, Молодежная, Школа № 82, Гостиница Лада, Студенческая, Кафе встреча, ул. Полякова, Автопарковая, АвтоВАЗтранс, УВД, Восточное кольцо, АвтоВАЗ-ТО, Машиностроительный колледж, Управление кадров, Медсанчасть, 7 вставка, 5 вставка, 3 вставка, 1 вставка, КВЦ;"ул.Спортивная, б-р Приморский, ул. Жукова, ул.40 Лет Победы, ул.Автостроителей, ул.70 лет Октября, ул. Полякова, Южное шоссе
";17,0;;;;;;;;;;;
;;"""м""  ОП Западный пляж – Медсанчасть";Западный пляж, СК Олимп, Стадион Торпедо, ул. Революционная, Дворец спорта, б-р Буденного, 8 квартал, Театр Дилижанс, Детский городок, д/с Лесной голосок, д/с Ёлочка, д/с Весёлая семейка, д/с Соловушка, д/с Дубравушка, б-р Здоровья, Детская больница, Медгородок, ул. 40 Лет Победы, Заводская, 12 квартал, Молодежная, Школа № 82, Гостиница Лада, Студенческая, Кафе встреча, ул. Полякова, Автопарковая, АвтоВАЗтранс, УВД, Восточное кольцо, АвтоВАЗ-ТО, Машиностроительный колледж, Управление кадров, Медсанчасть;"ул.Спортивная, б-р Приморский, ул. Жукова, ул.40 Лет Победы, ул.Автостроителей, ул.70 лет Октября, ул. Полякова, Южное шоссе
";15,0;;;;;;;;;;;
101;№ 12в;ОП Театр Колесо – ОП КВЦ;Театр Колесо, Больница, Дом Быта, Горсад, ул. Победы (обратно Гостиница Волга, к/т Космос), Площадь Искусств, Индустриально-педагогический колледж, Школа № 4, ул. М. Горького, Детский мир, Техучилище (обратное направление), к/т Авангард, ул. Крупской, Магазин Автолюбитель, Многопрофильная больница, ул. Мичурина, КВД, ЦРБ (обратное направление), Автозаводское шоссе, Южное шоссе, Треугольник, 21 квартал, 20 квартал, 19 квартал, Обводное шоссе, 18а квартал, Автопарковая, АвтоВАЗтранс, УВД, Восточное кольцо, АВТОВАЗ-ТО, Машиностроительный колледж, Управление кадров, Медсанчасть, 7 вставка, 5 вставка, 3 вставка, 1 вставка, КВЦ;"ул.Ленинградская, ул. К. Маркса, ул. Мира, ул.Победы, ул. М. Горького, ул. Ленина, б-р 50 лет Октября, Автозаводское шоссе, Южное шоссе

";18,7;Только в установленных ОП;По регулируемым тарифам;Автобус;БК;Не ниже ЕВРО-3;Не более 15 лет;да;да;да;12;01.06.2026
;;"/1  ""ОП Площадь Никонова - ОП Инженерный центр""";Площадь Никонова, ул. Зеленая, Гидротехническая, Вокзальная, Куйбышева, Школа 14, Жигулевское море, УТЭП, Кунеевский рынок, Молокозавод, Механизаторов,  Спецавтохозяйство, Троллейбусное депо, ул. Карбышева,  27 квартал, Дом Природы, Горсад,  ул. Жилина,  Магазин Светлана, Гидростроевская, Школа интернат №5,  Детская многопрофильная больница, ул. Мичурина, КВД, Автозаводское шоссе, Южное шоссе, Треугольник, 21 квартал, 20 квартал, 19 квартал, Обводное шоссе, 18А квартал, Автопарковая, АвтоВАЗтранс, УВД, Восточное кольцо, АВТОВАЗ-ТО, Машиностроительный колледж, Управление кадров, Медсанчасть, 7-я вставка, 5-я вставка,  3-я вставка, 1-я вставка, КВЦ, ППИ, БАЗА УМТС, Прессовое производство,  10 КПП,  Ремонтно-кузнечный цех,  Чугунно-литейный цех, Кузнечно-прессовый цех, Автозаводстрой, Энергетическая, Инженерный центр;ул.Никонова, ул. Шлюзовая, ул. Гидротехническая, ул. Куйбышева, ул. Громовой, ул. Кунеевская, ул. Комсомольская, ул. Мира, ул. Родины, ул. Лесная, Автозаводское шоссе, Южное шоссе, ул. Цеховая, ул.Вокзальная, ул. Борковская;36,8;;;;;;;;;;;
;;"/2 ""ОП Площадь Никонова - ОП КВЦ""";Площадь Никонова, ул. Зеленая, Гидротехническая,  Вокзальная, Куйбышева, ОП Школа 14, Жигулевское море, Молокозавод, Хладокомбинат, Пивзавод, Обувная фабрика, Автозаводстрой, Кузнечно-прессовый цех, Чугунно-литейный цех, Ремонтно-кузнечный цех, 10 КПП, ОП Прессовое производство, База УМТС, ППИ,  Дженерал Моторс, КВЦ;ул.Никонова, ул.Шлюзовая,ул. Гидротехническая, ул. Куйбышева, Обводное шоссе, ул. Коммунальная, ул. Борковская, ул. Вокзальная, ул.Цеховая,Южное шоссе;38,5;;;;;;;;;;;
;;"/3 ""ОП КВЦ - ОП Площадь Никонова""";КВЦ, 1 вставка, 3 вставка, 5 вставка, 7 вставка, Медсанчасть, Управление кадров, Машиностроительный колледж, АВТОВАЗ-ТО, Инженерный центр, Обувная фабрика, Пивзавод, Хладокомбинат, Молокозавод, Военный госпиталь, Жигулевское море, 5 ВСО, Школа №14, Куйбышева, Вокзальная, Гидротехническая, Зеленая, Площадь Никонова;Южное шоссе, ул. Борковская, ул.Коммунальная, Обводное шоссе, ул. Куйбышева, ул.Гидротехническая, ул. Шлюзовая, ул. Никонова;38,5;;;;;;;;;;;
;;"/4 ""ОП Мясокомбинат - ОП КВЦ""";Мясокомбинат, АТК КуЭСП, Молокозавод,  Колледж технического и художественного образования, МДТ, ул. Мурысева, ГАИ Комсомольского района (прямое направление), ул. Тюленина, ул. З. Космодемьянской, ул. Есенина, Портпоселок, Русский бор, Санаторий Надежда, Лесопарковое шоссе, ул. Спортивная, Вега, ул. Революционная, Легкоатлетический манеж, Западный пляж, пос. Приморский, ул. Фрунзе, 3-й квартал, Ленинский проспект, Дом связи, Пожарное депо, ул. Дзержинского, Кооперативная, НТЦ ВАЗа, Учебный центр, Медсанчасть, 7 вставка, 5 вставка, 3 вставка, 1 вставка, КВЦ;ул.Ярославская, ул.Громовой, ул.Матросова, ул. Коммунистическая,  Комсомольское шоссе, ул. Комзина,  Лесопарковое шоссе, ул. Спортивная, пр-т Московский, ул. Заставная, Южное шоссе;37,3;;;;;;;;;;;
;;"/5 ""ОП Площадь Никонова - ОП КВЦ""";Площадь Никонова, ул. Зеленая,  Гидротехническая, Вокзальная, Куйбышева, Школа 14, Жигулевское море, УТЭП,  Кунеевский рынок,  Мясокомбинат,  Универмаг Комсомольский,  ул. Л. Чайкиной, ул. Мурысева,  ГАИ Комсомольского района, ул. Тюленина, ул. З. Космодемьянской, ул. Есенина, Портпоселок, ул. Комзина, Автовокзал, Школа интернат №5,  Детская многопрофильная больница, ул. Мичурина, КВД,  Автозаводское шоссе, Восточное кольцо, АВТОВАЗ-ТО, Южное шоссе, Управление кадров, Медсанчасть, 7 вставка, 5 вставка, 3 вставка, 1 вставка, КВЦ;ул.Никонова, ул. Шлюзовая, ул. Гидротехническая, ул. Куйбышева, ул. Ярославская, ул. Л. Чайкиной, ул. Матросова, ул. Коммунистическая, Комсомольское шоссе, ул.Комзина, ул. Родины, ул. Лесная, Автозаводское шоссе, Южное шоссе;33,2;;;;;;;;;;;
;;"/6 ""ОП Площадь Никонова - ОП ЗЧ-2""";Площадь Никонова, Гидротехническая, Вокзальная, Куйбышева,  Школа 14, Жигулевское море, Молокозавод,  Хладокомбинат, Пивзавод, Обувная фабрика, Энергетическая, Автозаводстрой, Кузнечно-прессовый цех, Чугунно-литейный цех, Ремонтно-кузнечный цех, 10 КПП, Прессовое производство, База УМТС, ППИ, ОС ВАЗа, Заготовительная фабрика, ПТО, ЦЗЧ-2;ул.Никонова, ул.Шлюзовая, ул. Гидротехническая, ул. Куйбышева, Обводное шоссе, ул. Коммунальная, ул. Борковская, ул.Вокзальная, ул. Цеховая, ул. Северная;44,0;;;;;;;;;;;
;;"/7 ""ОП Площадь Никонова - ОП КВЦ""";Площадь Никонова, ул. Зеленая, Гидротехническая, Вокзальная, Куйбышева, Школа 14, Жигулевское море, УТЭП, Кунеевский рынок, АТК КуЭСП, АТК КуЭСП, Молокозавод, Колледж технического и художественного образования, МДТ, ул. Мурысева, ГАИ Комсомольского района,  ул. Тюленина, ул. З. Космодемьянской,  ул. Есенина, Портпоселок, Русский бор, Санаторий Надежда, Лесопарковое шоссе,  ул. Спортивная, Вега, ул. Революционная, Легкоатлетический манеж, Западный пляж, пос. Приморский, ул. Фрунзе, 3-й квартал, Ленинский проспект, Дом связи,  Пожарное депо, ул. Дзержинского, Кооперативная, НТЦ ВАЗа, Учебный центр, Медсанчасть, 7 вставка, 5 вставка, 3 вставка, 1 вставка, КВЦ;ул.Никонова, ул. Шлюзовая, ул. Гидротехническая, ул. Куйбышева, ул.Матросова, ул. Коммунистическая, Комсомольское шоссе, ул. Комзина, Лесопарковое шоссе, ул. Спортивная, пр-т Московский, ул.Заставная,  Южное шоссе;38,0;;;;;;;;;;;
;;"/8 ""ОП ТМО-2 - ОП КВЦ""";ТМО-2, ул. Ленинградская, Театр Колесо, Гидростроевская, Школа интернат №5, Детская многопрофильная больница, ул. Мичурина, КВД, Автозаводское шоссе, Восточное кольцо, АВТОВАЗ-ТО, Южное шоссе, Управление кадров, Медсанчасть, 7 вставка, 5 вставка, 3 вставка, 1 вставка, КВЦ;ул.Советская, ул. Ленинградская, ул. Ушакова, ул.Мира, ул. Родины, ул. Лесная, Автозаводское шоссе, Южное шоссе;17,7;;;;;;;;;;;
;;"/9 ""ОП Гостиница Волга - ОП КВЦ""";Гостиница Волга, ул. Гагарина, Молодежный бульвар, площадь Свободы,  Кинотеатр Буревестник, ул. Лесная, Детская многопрофильная больница, ул. Мичурина, КВД, Автозаводское шоссе, Южное шоссе, Треугольник, 21-й квартал,  20-й квартал, 19-й квартал, Обводное шоссе, 18-й А квартал, Автопарковая, АвтоВАЗтранс, УВД, Восточное кольцо, АВТОВАЗ-ТО, Машиностроительный колледж, Управление кадров, Медсанчасть, 7 вставка,  5 вставка,  3 вставка, 1 вставка, КВЦ;ул.Гагарина, ул.Ленина,  Молодежный бульвар, ул. Карла Маркса, ул. Лесная, Автозоводское шоссе, Южное шоссе;17,6;;;;;;;;;;;
;;"/10 ""ОП Площадь Никонова - ОП КВЦ""";Площадь Никонова, ул. Зеленая, Гидротехническая, Вокзальная, Куйбышева,  Школа 14, Жигулевское море, Мясокомбинат, АТК КуЭСП, Молокозавод, Колледж технического и художественного образования, МДТ, ул. Мурысева, ГАИ Комсомольского района, ул. Тюленина, ул. З. Космодемьянской, ул. Есенина, Портпоселок,  Русский бор, Санаторий Надежда, Лесопарковое шоссе,  Кооперативная, НТЦ ВАЗа, Учебный центр, Медсанчасть, 7 вставка, 5 вставка, 3 вставка, 1 вставка, КВЦ;ул.Никонова, ул. Шлюзовая, ул. Гидротехническая, ул.  Куйбышева, ул. Громовой, ул. Ярославская, ул. Громовой, ул. Матросова, ул. Коммунистическая, Комсомольское шоссе, ул. Комзина, Лесопарковое шоссе, ул. Спортивная, пр-т  Московский, ул.Заставная, Южное шоссе;38,5;;;;;;;;;;;
;;"/11 ""ОП Проектное управление - ОП ул. Баныкина""";Проектное управление, Учебный центр, Управление кадров, Машиностроительный колледж, Автоваз-ТО, Восточное кольцо, УВД,  АвтоВАЗтранс, Автопарковая, ул. Полякова, Кафе Встреча, Студенческая,  Гостиница Лада, Молодежная, 16-й квартал, Строительная, Школьная, ул. Тополиная, Магазин Ассорти, Школа №88, 20-й квартал, 21-й квартал, Треугольник, Южное шоссе, Автозаводское шоссе, КВД, ул. Мичурина, Детская многопрофильная больница, Автолюбитель, ул. Крупской, Кинотеатр Авангард,  Техучилище, Магазин Детский мир, Юность, Школа №4, Индустриально-педагогический колледж, Площадь искусств, Гостиница Волга, Кинотеатр Космос, Дом быта, Больница Баныкина, Театр Колесо;ул.Воскресенская, Южное шоссе, ул. Полякова, ул.70 лет Октября, ул. Автостроителей, ул. Дзержинского , ул. Тополиная, Южное шоссе, Автозаводское шоссе, б-р 50 лет Октября, ул. Ленина, М.Горького, ул. Победы, ул. Гагарина, ул. Карла Маркса, ул.Ленинградская, ул. Ушакова, ул. Баныкина;26,0;;;;;;;;;;;
;;"/12 "" ОП КВЦ - ОП Площадь Никонова""";КВЦ, 1 вставка, 3 вставка, 5 вставка, 7 вставка, Медсанчасть, Управление кадров,  Машиностроительный колледж, АВТОВАЗ-ТО,  Восточное кольцо,  УВД, АвтоВАЗтранс, Автопарковая, 18-й А квартал, Обводное шоссе, 19-й квартал, 20-й квартал, 21-й квартал, Треугольник, Южное шоссе, Автозаводское шоссе, КВД, ул. Мичурина, Детская многопрофильная больница, Автолюбитель, ул. Крупской, Кинотеатр Авангард, Техучилище, Магазин Детский мир, Юность, Школа №4,  Индустриально-педагогический колледж, Площадь искусств, Гостиница Волга, Кинотеатр Космос, Дом быта, Больница Баныкина, Театр Колесо, ул. Белорусская, Стадион Строитель, ул. Комзина, ул. Есенина, 3-й квартал, Медсанчасть №8, Парк, ул. Л. Чайкиной, Универмаг Комсомольский, Мясокомбинат, Колхозный рынок,  УТЭП, Жигулевское море, Школа №14, ул. Куйбышева, Вокзальная,  ул. Гидротехническая, ул. Зеленая, Площадь Никонова;Южное шоссе, Автозаводское шоссе, б-р 50 лет Октября, ул. Ленина, ул. М. Горького, ул.Победы, ул. Гагарина, ул. Карла Маркса, ул. Ленинградская, ул. Ушакова, ул. Баныкина, ул. Родины, ул. Комзина,Комсомольское шоссе, ул. Коммунистическая , ул.Механизаторов, ул. Л. Чайкиной, ул. Ярославская, ул. Громовой, ул. Куйбышева, ул. Гидротехническая, ул Шлюзовая, ул.Никонова;38,0;;;;;;;;;;;
;;"/13 ""ОП ЦЗЧ-2 – ОП Площадь Никонова""";ЦЗЧ-2, Волжский машиностроительный завод, Заготовительная фабрика, ОС ВАЗа, Производство пластмассовых изделий, База УМТС, Прессовое производство, 10 КПП, Чугунно-литейный цех, Кузнечно-прессовый цех, Автозаводстрой, Энергетическая, Обувная фабрика, Пивзавод,  Хладокомбинат, Молокозавод, Военный госпиталь, Жигулевское море, 5 ВСО,  Школа №14, ул. Куйбышева, ул. Вокзальная, ул. Гидротехническая, ул. Зеленая, Площадь Никонова;ул.Северная, ул. Цеховая, ул.  Вокзальная, ул. Борковская, ул. Коммунальная, Обводное шоссе, ул. Куйбышева, ул. Гидротехническая, ул. Шлюзовая, ул.Никонова;40,0;;;;;;;;;;;
102;№ 15в;ОП Вега – ОП ЦЗЧ-2;Вега, ул. Спортивная, Лесопарковое шоссе, Дворец детского творчества, Музыкальная школа, 8 квартал, б-р Буденного, Дворец спорта, Парк победы, Кафе Салют, ДКиТ, Преображенский собор, Молодежный центр, ул. Свердлова, 2-ое комплексное общежитие, 1-ое комплексное общежитие, Рынок, Южная база, Спецавтоцентр, Инженерный центр, Энергетическая, Автозаводстрой, Кузнечно-прессовый цех, Чугунно-литейный цех, Ремонтно-кузнечный цех, 10 КПП, Прессовое производство, База УМТС, ППИ, ОС ВАЗа, Заготовительная фабрика, ПТО, ЦЗЧ-2;ул.Спортивная, пр-т Ст. Разина, б-р Приморский, ул. Юбилейная, ул. Борковская, ул. Вокзальная, ул. Цеховая, ул.  Северная;17,7;Только в установленных ОП;По регулируемым тарифам;Автобус;"БК
СК";Не ниже ЕВРО-3;Не более 15 лет;да;да;да;"6
1";01.06.2026
103;№ 19в;ОП Западный пляж – ОП ЦЗЧ-2;Западный пляж, СК Олимп, Стадион Торпедо, ул. Революционная, Приморский б-р, Школа имени академика Королева, Магазин Русь, Дом быта Орбита, Магазин 1000 мелочей, Дом мод, к/т Сатурн, Универсам, Аптека, Рынок, Южная база, Спецавтоцентр, Инженерный центр, Энергетическая, Автозаводстрой, Кузнечно-прессовый цех, Чугунно-литейный цех, Ремонтно-кузнечный цех, 10 КПП, Прессовое производство, База УМТС, ППИ, ОС ВАЗа, Заготовительная фабрика, ПТО, ЦЗЧ-2;ул.Спортивная, б-р Приморский, ул. Революционная, ул. Дзержинского, ул. Борковская, ул. Вокзальная, ул. Цеховая, ул.Северная;15,8;Только в установленных ОП;По регулируемым тарифам;Автобус;"СК
БК";Не ниже ЕВРО-3;Не более 15 лет;да;да;да;"4
2";01.06.2026
;;19/24 ОП Западный пляж-ОП Инженерный центр/ОП ЦЗЧ-2 - ОП Западный пляж;"прямое направление: Западный пляж, Спорткомплекс Олимп, Стадион Торпедо, ул. Революционная, Приморский бульвар, Школа им. Академика Королева, ТЦ Русь, Дом быта Орбита, Магазин 1000 мелочей, Ателье мод,  Кинотеатр Сатурн, Аптека, бульвар Кулибина, РП Московский проспект, Кооперативная, НТЦ ВАЗа, Учебный центр,  Медсанчасть, 7 вставка, 5 вставка, 3 вставка, 1 вставка, КВЦ, Производство пластмассовых изделий , База УМТС, Прессовое производство, 10 КПП, Ремонтно-кузнечный цех, Чугунно-литейный цех, Кузнечно-прессовый цех, Автозаводстрой, Энергетическая, Инженерный цех;                                                                                                                                                                                                                                                                                                                                                                             обратное направление: ЦЗЧ-2, Волжский машиностроительный завод, Заготовительная фабрика, Очистные сооружения ВАЗа, Производство пластмассовых изделий, База УМТС, Прессовое производство, 10 КПП, Ремонтно-кузнечный цех, Чугунно-литейный цех, Кузнечно-прессовый цех, Автозаводстрой, Энергетическая, Инженерный центр, Автоваз-ТО, Машиностроительный колледж, Управление кадров ВАЗа, Медсанчасть, 7 вставка, 5 вставка, 3 вставка, 1 вставка, КВЦ, Учебный центр, НТЦ ВАЗа, Кооперативная, Московский пр-т, Бульвар Кулибина, Аптека, Универсам, к/т Сатурн, Дом мод, Магазин 1000 мелочей, Дом быта Орбита, Магазин Русь, Школа имени академика Королева, Приморский б-р, ул. Революционная, Стадион Торпедо, СК Олимп, Западный пляж";прямое направление: ул.Спортивная, пр-т Московский, б-р Приморский, ул.Революционная, ул. Дзержинского, ул. Заставная, Южное шоссе, ул.Цеховая, ул. Вокзальная, ул. Борковская                обратное направление: ул.Северная, ул.Цеховая, ул. Вокзальная, ул. Борковская, Южное шоссе, разворот на ОП КВЦ, Южное шоссе, ул.Заставная, ул. Дзержинского, ул. Революционная, б-р Приморский, ул.Спортивная;22,0;;;;;;;;;;;
104;№ 27в;ОП Набережная –  ОП ЦЗЧ-2;Набережная, Лыжная база, Профилакторий Прилесье, д/с Лесной голосок, д/с Елочка, д/с Веселая семейка, д/с Соловушка, д/с Дубравушка, ул. Ворошилова, Кафе Каскад,10 квартал, б-р Луначарского, ТВВКИСУ, Лесопитомник, пр-т Ст. Разина, Лицей искусств, Рынок, Южная база, Спецавтоцентр, Инженерный центр, Энергетическая, Автозаводстрой, Кузнечно-прессовый цех, Чугунно-литейный цех, Ремонтно-кузнечный цех, 10 КПП, Прессовое производство, База УМТС, ППИ, ОС ВАЗа, Заготовительная фабрика, ПТО, ЦЗЧ-2;ул.Спортивная, ул. Жукова, ул. Ворошилова, ул. Дзержинского, ул. Борковская, ул. Вокзальная, ул. Цеховая, ул. Северная;17,5;Только в установленных ОП;По регулируемым тарифам;Автобус;"СК
БК";Не ниже ЕВРО-3;Не более 15 лет;да;да;да;"1
6";01.06.2026
;;27/28 Набережная - Инженерный центр/ОП ЦЗЧ-2 - ОП Набережная;"в прямом направлении:  Набережная, Лыжная база, Прилесье, Лесной голосок, Елочка, Веселая семейка, Соловушка, Дубравушка, ул.Ворошилова, кафе Каскад, 10 квартал, б-р Луначарского, ТВВКИСУ, Лесопитомник, пр-т Степана Разина, Лицей исскуств, Колледж технического и художественного образования – корпус № 1, Проектное управление, Учебный центр, МСЧ, 7 вставка, 5 вставка, 3 вставка, 1 вставка, КВЦ, ППИ, База УМТС, Прессовое производство, 10 КПП, Ремонтно-кузнечный цех, Чугунно-литейный цех, Кузнечно-прессовый цех, Автозаводстрой, Энергетическая, Инженерный центр.                                                                   в обратном направлении: ЦЗЧ-2, ПТО, Заготовительная фабрика, ОС ВАЗа, ППИ, База УМТС, Прессовое производство, 10 КПП, Ремонтно-кузнечный цех, Чугунно-литейный цех, Кузнечно-прессовый цех, Автозаводстрой, Энергетическая, Инженерный центр, АВТОВАЗ-ТО, Машиностроительный колледж, Управление кадров, Медсанчасть, 7 вставка, 5 вставка, 3 вставка, 1 вставка, КВЦ, Учебный центр, Проектное управление, Колледж технического 
и художественного образования-корпус № 1, Лицей искусств, пр-т Ст.Разина, Лесопитомник, ТВВКИСУ, б-р Луначарского, 10 квартал, кафе Каскад, ул.Ворошилова, д/с Дубравушка, 
д/с Соловушка, д/с Веселая семейка, д/с Елочка, д/с Лесной голосок, Профилакторий Прилесье, Набережная.
";прямое направление: ул.Спортивная, ул. Жукова, ул. Ворошилова, ул. Дзержинского, ул. Воскресенская, Южное шоссе, ул. Цеховая, ул. Вокзальная, ул. Борковская      обратное направление:  ул.Северная, ул. Цеховая, ул.Вокзальная ул. Борковская, Южное шоссе, разворот на ОП КВЦ, Южное шоссе, ул. Воскресенская, ул. Дзержинского, ул. Ворошилова, ул.Жукова, ул. Спортивная;23,0;;;;;;;;;;;
105;№ 30в;ОП Дворец детского творчества –  ОП ЦЗЧ-2;Дворец детского творчества, Музыкальная школа, Детский мир, 7 квартал, 3б квартал, Телецентр, к/т Ставрополь, 4 квартал, Театральная, пр-т Ст. Разина, Лицей искусств, Рынок, Южная база, Спецавтоцентр, Инженерный центр, Энергетическая, Автозаводстрой, Кузнечно-прессовый цех, Чугунно-литейный цех, Ремонтно-кузнечный цех, 10 КПП, Прессовое производство, ППИ, ОС ВАЗа, Заготовительная фабрика, ПТО, ЦЗЧ-2;пр-т Ст. Разина, ул. Дзержинского, ул. Борковская, ул. Вокзальная, ул. Цеховая, ул. Северная;15,9;Только в установленных ОП;По регулируемым тарифам;Автобус;"БК
";Не ниже ЕВРО-3;Не более 15 лет;да;да;да;8;01.06.2026
106;№ 35в;ОП Набережная – ОП ЦЗЧ-2;Набережная, Лыжная база, Профилакторий Прилесье, д/с Лесной голосок, д/с Елочка, д/с Веселая семейка, д/с Соловушка, д/с Дубравушка, б-р Здоровья, Детская больница, Медгородок, ул. 40 лет Победы, Заводская, 12 квартал, Молодежная, Школа № 82,  Студенческая, Кафе Встреча, ул. Полякова, Автопарковая, АвтоВАЗтранс, УВД, Восточное кольцо, Инженерный центр, Энергетическая, Кузнечно-прессовый цех, Чугунно-литейный цех, Ремонтно-кузнечный цех, 10 КПП, Прессовое производство, База УМТС, ППИ, ОС ВАЗа, Заготовительная фабрика, ПТО, ЦЗЧ-2;ул.Спортивная, ул. Жукова, ул. 40 лет Победы, ул. Автостроителей, ул. 70 лет Октября, ул. Полякова, Южное шоссе, ул. Борковская, ул. Вокзальная, ул. Цеховая, ул.Северная;19,6;Только в установленных ОП;По регулируемым тарифам;Автобус;"СК
БК";Не ниже ЕВРО-3;Не более 15 лет;да;да;да;"1
6";01.06.2026
;;35/36 ОП Набережная - ОП Инженерный центр/ОП ЦЗЧ-2 - ОП Набережная;"прямое направление: Набережная, Лыжная база, Профилакторий Прилесье, д/с Лесной голосок, д/с Елочка, д/с Веселая семейка, д/с Соловушка, д/с Дубравушка, Б-р Здоровья, Детская больница, Медгородок, 40 лет Победы, Заводская, 12 квартал, Молодежная, Школа 82, Студенческая, Кафе Встреча, Полякова, Автопарковая, Автовазтранс, УВД, Восточное кольцо, Автоваз-ТО, Машиностроительный колледж, Управление кадров ВАЗа, Медсанчасть, 7 вставка, 5 вставка, 3 вставка, 1 вставка, КВЦ, Производство пластмассовых изделий, База УМТС, Прессовое производство, 10 КПП, Ремонтно-кузнечный цех, Чугунно-литейный цех, Кузнечно-прессовый цех, Автозаводстрой, Энергетическая, Инженерный центр;                                          обратное направление: ЦЗЧ-2, Волжский машиностроительный завод, Заготовительная фабрика, Очистные сооружения ВАЗа, Производство пластмассовых изделий, База УМТС, Прессовое производство, 10 КПП, Ремонтно-кузнечный цех, Чугунно-литейный цех, Кузнечно-прессовый цех, Автозаводстрой, Энергетическая, Инженерный центр, Автоваз-ТО, Машиностроительный колледж, Управление кадров ВАЗа, Медсанчасть, 7 вставка, 5 вставка, 3 вставка, 1 вставка, КВЦ, Восточное кольцо, УВД, Автовазтранс, Автопарковая, Полякова, Кафе Встреча, Студенческая, Школа 82, Молодежная, 12 квартал,  Заводская, 40 лет Победы, Медгородок, Детская больница, Б-р Здоровья, д/с Дубравушка, д/с Соловушка, д/с Веселая семейка, д/с Елочка, д/с Лесной голосок, Профилакторий Прилесье, Лыжная база, Набережная    ";прямое направление: ул.Спортивная, ул.Жукова, ул. 40 лет Победы, ул. Автостроителей, ул. 70 лет Октября, ул. Полякова, Южное шоссе, ул. Цеховая, ул. Вокзальная,ул.  Борковская            обратное направление: ул.Северная, ул.Цеховая, ул. Вокзальная, ул. Борковская,Южное шоссе,разворот на ОП КВЦ, Южное шоссе, ул. Полякова, ул. 70 лет Октября, ул.  Автостроителей, ул. 40 лет Победы,ул.Жукова, ул.Спортивная;27,0;;;;;;;;;;;
107;№ 37в;ОП Медучилище – ОП КВЦ;Медучилище, Школа № 70, 14-А квартал, 14 квартал, Строительная, 16 квартал, ул. Автостроителей (прямое направление), б-р Космонавтов, Общежитие Современник (обратное направление), 15 квартал, Дом офицеров, ул. Полякова Автопарковая, АвтоВАЗтранс, УВД, Восточное кольцо, АВТОВАЗ-ТО, Машиностроительный колледж, Управление кадров, Медсанчасть, 7 вставка, 5 вставка, 3 вставка, 1 вставка, КВЦ;ул.40 лет Победы, ул. Дзержинского, ул. Ворошилова, ул. Полякова, Южное шоссе;13,0;Только в установленных ОП;По регулируемым тарифам;Автобус;"СК
БК
";Не ниже ЕВРО-3;Не более 15 лет;да;да;да;"2
4
";01.06.2026
;;37/38 ОП Медучилище - ОП Инженерный центр/ОП ЦЗЧ-2-ОП Медучилище;в прямом направлении: ОП Медучилище, ОП Школа №70, ОП 14-й А квартал, ОП 14 квартал, ОП Строительная, ОП 16-й квартал, ОП Автостроителей, ОП бульвар Космонавтов, ОП Современник, ОП 15-й квартал, ОП Дом Офицеров, ОП ул. Полякова, ОП Автопарковая, ОП АвтоВАЗтранс, ОП УВД, ОП Восточное кольцо, ОП АВТОВАЗ-ТО, ОП Машиностроительный колледж, ОП Управление кадров, ОП Медсанчасть, ОП 7 вставка, ОП 5 вставка, ОП 3 вставка, ОП 1 вставка, ОП КВЦ ВАЗа, ОП Производство пластмассовых изделий , ОП База УМТС, ОП Прессовое производство, ОП 10 КПП, ОП Ремонтно-кузнечный цех, ОП Чугунно-литейный цех, ОП Кузнечно-прессовый цех, ОП Автозаводстрой, ОП Энергетическая, ОП Инженерный центр.                                                                                                                          в обратном направлении: ЦЗЧ-2, ПТО,  Заготовительная фабрика, Очистные сооружения ВАЗа, Производство пластмассовых изделий, База УМТС, Прессовое производство, 10 КПП,  Ремонтно-кузнечный цех, Чугунно-литейный цех, Кузнечно-прессовый цех, Автозаводстрой,  Энергетическая, Инженерный цех, АВТОВАЗ-ТО, Машиностроительный колледж,  Управление кадров,  Медсанчасть,  7 вставка, 5 вставка, 3 вставка,  1 вставка, КВЦ ВАЗа, Восточное кольцо, УВД, АвтоВАЗтранс, Автопарковая,  ул. Полякова,  Дом офицеров,  15-й квартал,  Современник, бульвар Космонавтов, Автостроителей, 16-й квартал, Строительная, 14 квартал, 14-й А квартал, Школа №70, Медучилище.;"прямое направление: ул. 40 лет Победы, ул. Дзержинского, ул. Ворошилова, ул. Полякова, Южное шоссе, ул. Цеховая, ул. Вокзальная, ул. Борковская      обратное направление:  ул.Северная, ул.Цеховая , ул. Вокзальная, ул. Борковская, Южное шоссе, разворот на ОП КВЦ, Южное шоссе, ул. Полякова, ул. Ворошилова, ул. Дзержинского, ул.40 лет Победы

";22,0;;;;;;;;;;;
108;№ 71в;ОП 14 квартал – ОП ЦЗЧ-2;14 квартал, 17 квартал (прямое направление), Школьная, ул. Тополиная, Магазин Мир продуктов (обратное направление), Цветной б-р, 19 квартал (обратное направление), Студенческая, Кафе Встреча, ул. Полякова, Автопарковая, АвтоВАЗтранс, УВД, Восточное кольцо, Инженерный центр, Энергетическая, Кузнечно-прессовый цех, Чугунно-литейный цех, Ремонтно-кузнечный цех, 10 КПП, Прессовое производство, База УМТС, ППИ, ОС ВАЗа, Заготовительная фабрика, ПТО, ЦЗЧ-2;ул.40 лет Победы, ул. Тополиная, ул. 70 лет Октября, ул. Полякова, Южное шоссе, ул. Борковская, ул. Вокзальная, ул. Цеховая, ул. Северная;16,0;Только в установленных ОП;По регулируемым тарифам;Автобус;"СК
БК";Не ниже ЕВРО-3;Не более 15 лет;да;да;да;"1
4";01.06.2026
;;71/72 ОП 14 квартал-ОП Инженерный центр/ОП ЦЗЧ-2 - ОП 14 квартал;в прямом направлении: 14 квартал, 17 квартал, Школьная, Тополиная, Цветной б-р, Студенческая, Кафе Встреча, Полякова, Автопарковая, Автовазтранс, УВД, Восточное кольцо, Автоваз-ТО, Машиностроительный колледж, Управление кадров ВАЗа, Медсанчасть, 7 вставка, 5 вставка, 3 вставка, 1 вставка, КВЦ, Производство пластмассовых изделий, База УМТС, Прессовое производство, 10 КПП, Ремонтно-кузнечный цех, Чугунно-литейный цех, Кузнечно-прессовый цех, Автозаводстрой, Энергетическая, Инженерный центр.                                                                                      в обратном направлении: ЦЗЧ-2, ПТО, Заготовительная фабрика, Очистные сооружния ВАЗа, ППИ, База УМТС, Прессовое производство, 10 КПП, Ремонтно-кузнечный цех, Чугунно-литейный цех, Кузнечно-прессовый цех, Автозаводстрой, Энергетическая, Инженерный центр, АВТОВАЗ-ТО, Машиностроительный колледж, Управление кадров, Медсанчасть, 7 вставка, 5 вставка, 3 вставка, 1 вставка, КВЦ, Восточное кольцо, УВД, АвтоВАЗтранс, Автопарковая, Полякова, Кафе Встреча, Студенческая, Цветной б-р, Тополиная, Школьная, 14 квартал.;прямое направление: ул. 40 лет Победы, ул. Тополиная, ул. 70 лет Октября, ул. Полякова, Южное шоссе, ул. Цеховая, ул. Вокзальная, ул. Борковская      обратное направление: ул.Северная, ул. Цеховая, ул. Вокзальная, ул. Борковская, Южное шоссе, разворот на ОП КВЦ, Южное шоссе, ул. Полякова, ул. 70 лет Октября, ул.Тополиная ул.40 лет Победы ;22,0;;;;;;;;;;;
109;№ 76в ;ОП 14 квартал – ОП КВЦ;14 квартал, 17 квартал (прямое направление), Школьная, ул. Тополиная (обратное направление), Рябиновый б-р, ул. 70 лет Октября, ул. Л. Яшина, Северо-Восточная, 21 квартал (прямое направление), 20 квартал, 19 квартал, Обводное шоссе, 18а квартал, Автопарковая, АвтоВАЗтранс, УВД, Восточное кольцо, АвтоВАЗ-ТО, Машиностроительный колледж, Управление кадров, Медсанчасть, 7 вставка, 5 вставка, 3 вставка, 1 вставка, КВЦ;ул.40 лет Победы, ул. Тополиная, ул. 70 лет Октября, ул. Л. Яшина, Южное шоссе;13,0;Только в установленных ОП;По регулируемым тарифам;Автобус;"СК
БК";Не ниже ЕВРО-3;Не более 15 лет;да;да;да;"1
6";01.06.2026
;;76/77 ОП 14 квартал - ОП Инженерный центр/ОП ЦЗЧ-2 - ОП 14 квартал;"в прямом направлении: ОП 14 квартал, 17 квартал, Школьная, Рябиновый б-р, 70 лет Октября, ул.Л.Яшина, Северо - Восточная, 21 квартал, 20 квартал, 19 квартал, Обводное шоссе, 18а квартал, Автопарковая, АвтоВАЗТранс, УВД, Восточное кольцо, АвтоВАЗ-ТО, Машиностроительный колледж, Управление кадров, Медсанчасть, 7 вставка, 5 вставка, 3 вставка, 1 вставка, КВЦ, ППИ, База УМТС, Прессовое производство, 10 КПП, Ремонтно-кузнечный цех, Чугунно-литейный цех, Кузнечно-прессовый цех, Автозаводстрой, Энергетическая, Инженерный центр.       в обратном направлении:ЦЗЧ-2, ПТО, Заготовительная фабрика, КВЦ, 1 вставка, 
3 вставка, 5 вставка, 7 вставка, Медсанчасть, Управление кадров, Очистные сооружения ВАЗа, ППИ, База УМТС, Прессовой производство, 10 КПП, Ремонтно-кузнечный центр, 
Чугунно-литейный центр, Кузнечно-прессовый цех, Автозаводстрой, Энергетическая, Инженерный центр, АвтоВАЗ-ТО, Машиностроительный колледж, Управление кадров, Медсанчасть, 7 вставка, 5 вставка, 3 вставка, 1 вставка, КВЦ, Восточное кольцо, УВД, АвтоВАЗтранс, Автопарковая,18а квартал, Обводное шоссе, 19 квартал, 20 квартал, 
Северо-Восточная, ул. Л. Яшина, ул. 70 лет Октября, Рябиновый б-р, ул. Тополиная, Школьная, 14 квартал.
";"прямое направление: ул.Тополиная, ул. 70 лет Октября, ул. Л. Яшина, Южное шоссе, ул. Цеховая, ул. Вокзальная, ул.Борковская. обратное направление: ул.Цеховая, ул. Вокзальная, ул. Борковская, Южное шоссе, разворот на ОП КВЦ , Южное шоссе, ул. Л. Яшина, ул.70 лет Октября, ул. Тополиная , ул.40 лет Победы.

";23,0;;;;;;;;;;;
110;№ 77в;ОП 14 квартал – ОП ЦЗЧ-2;14 квартал, 17 квартал (прямое направление), Школьная, ул. Тополиная (обратное направление), Рябиновый б-р, ул. 70 лет Октября, ул. Л. Яшина, Северо-Восточная, 21 квартал (прямое направление), 20 квартал, 19 квартал, Обводное шоссе, 18а квартал, Автопарковая, АвтоВАЗтранс, УВД, Восточное кольцо, Инженерный центр, Энергетическая, Автозаводстрой, Кузнечно-прессовый цех, Чугунно-литейный цех, Ремонтно-кузнечный цех, 10 КПП, Прессовое производство, База УМТС, ППИ, ОС ВАЗа, Заготовительная фабрика, ПТО, ЦЗЧ-2;ул.40 лет Победы, ул. Тополиная, ул. 70 лет Октября, ул.Л. Яшина, Южное шоссе, ул. Борковская, ул. Вокзальная, ул. Цеховая, ул. Северная;16,7;Только в установленных ОП;По регулируемым тарифам;Автобус;"СК
БК";Не ниже ЕВРО-3;Не более 15 лет;да;да;да;"1
5";01.06.2026
111;№ 5в;ОП Трансформатор – ОП КВЦ;Трансформатор, ТЗТО, Троллейбусное депо, ул. Карбышева, 27 квартал, Дом природы, ул. Победы, Гостиница Волга, (обратно к/т Космос, Горсад), ул. Гагарина, Дворец молодежи, ул. М. Горького, Детский мир, Техучилище (обратное направление), к/т Авангард, ул. Крупской, м-н Автолюбитель, Многопрофильная больница, ул. Мичурина, КВД, ЦРБ (обратное направление), Автозаводское шоссе, Южное шоссе, Треугольник, 21 квартал, 20 квартал, 19 квартал, Обводное шоссе, 18а квартал, Автопарковая, АвтоВАЗтранс, УВД, Восточное кольцо, АВТОВАЗ-ТО, Машиностроительный колледж, Управление кадров, Медсанчасть, 7 вставка, 5 вставка, 3 вставка, 1 вставка, КВЦ;"ул.Индустриальная, ул. Мира, ул. Победы (обратно К. Маркса), ул. Гагарина, ул. Ленина, б-р 50 лет Октября, Автозаводское шоссе, Южное шоссе 
";21,3;Только в установленных ОП;По регулируемым тарифам;Автобус;СК         БК;Не ниже ЕВРО-3;Не более 15 лет;да;да;да;1             2;01.06.2026
112;№ 9в;ОП Набережная – ОП КВЦ;Набережная, Дворец детского творчества, Музыкальная школа, 8 квартал, б-р Буденного, Дворец спорта, Приморский б-р, Школа имени академика Королева, магазин, Русь, Дом быта Орбита, магазин 1000 мелочей, Дом мод, к/т Сатурн, Универсам, Аптека, Колледж технического и художественного образования, корпус 1, Проектное управление, Учебный центр, Медсанчасть, 7 вставка, 5 вставка, 3 вставка, 1 вставка, КВЦ;ул.Спортивная, пр-т Ст. Разина, б-р Приморский, ул. Революционная, ул. Воскресенская, Южное шоссе;12,0;Только в установленных ОП;По регулируемым тарифам;Автобус;БК;Не ниже ЕВРО-3;Не более 15 лет;да;да;да;1;01.06.2026
113;№ 11в;ОП Набережная – ОП КВЦ;Набережная, Дворец детского творчества, Музыкальная школа, Детский мир, 7 квартал, 3б квартал, Телецентр, к/т Ставрополь, 4 квартал, Театральная, пр-т Ст. Разина, Лицей искусств, б-р Кулибина, Московский пр-т, Кооперативная, НТЦ, Учебный центр, Медсанчасть, 7 вставка, 5 вставка, 3 вставка, 1 вставка, КВЦ;ул.Спортивная, пр-т Ст. Разина, ул.  Дзержинского, ул. Заставная, Южное шоссе ;12,3;Только в установленных ОП;По регулируемым тарифам;Автобус;БК;Не ниже ЕВРО-3;Не более 15 лет;да;да;да;1;01.06.2026
1-к;№ 55к;"ОП Фосфор – ОП ТГК – ОП Фосфор
";Фосфор, Химэнергострой, КАТЗ, ТЭЦ, ТГАТК, Синтезкаучук, Химико-технологический колледж, ул. Новозаводская, ул. Октябрьская, ул. Украинская, к/т Авангард, ул. Крупской, Магазин Автолюбитель, Многопрофильная больница, ул. Мичурина, село Тимофеевка (по требованию), ТГК, поселок Загородный, Фосфор;ул.Новозаводская, б-р  50 лет Октября, Автозаводское шоссе, ул. А. Кудашева,Тимофеевское шоссе, Обводное шоссе, ул. Новозаводская;18,1;Только в установленных ОП;По регулируемым тарифам;Автобус;БК;Не ниже ЕВРО-3;Не более 15 лет;да;да;да;1;14.05.2024
2-к;№ 62к;ОП Легкоатлетический манеж – Кладбище (Поволжское шоссе);Легкоатлетический манеж, ул. Революционная, Вега, ул. Спортивная, Лесопарковое шоссе, Дворец детского творчества, Музыкальная школа, 8 квартал, б-р Буденного, Дворец спорта, Приморский б-р, Школа имени академика Королева, Магазин Русь, Дом быта Орбита, Магазин 1000 мелочей, Дом мод, ул. Юбилейная, б-р Курчатова, Гостиница, Стоматологическая поликлиника, Магазин Мебель, 10 квартал, б-р Луначарского, 15 квартал, Дом офицеров, ул. Полякова, 18а квартал, ТГК, Сосновый бор, Кладбище, ТП-20;ул.Спортивная, пр-т Ст. Разина, б-р Приморский, ул. Революционная, ул. Свердлова, ул. Ворошилова, ул.Полякова, Южное шоссе, Обводное шоссе, Поволжское шоссе;35,9;Только в установленных ОП;По регулируемым тарифам;Автобус;"СК
БК";Не ниже ЕВРО-3;Не более 15 лет;да;да;да;"1
14";05.05.2024
3-к;№ 66к;"ОП ул. Белорусская
– Кладбище 
(Поволжское шоссе)";ул. Белорусская, стадион Строитель, Автовокзал, Автовокзал, ул. Гидростроевская, Магазин Светлана, ул. Жилина, Горсад, Дом природы, 27 квартал, ул. Карбышева, Троллейбусное депо, Спецавтохозяйство, ул. Механизаторов, ул. Громовой, Молокозавод, АТК КуЭСП, Рынок, Дачи, Озерки, АвтоВАЗагрегат, Сосновый бор, Кладбище, ТП-20;ул.Баныкина, ул. Родины, ул.Мира, ул. Комсомольская, ул. Кунеевская, ул.Громовой, Поволжское шоссе;18,1;Только в установленных ОП;По регулируемым тарифам;Автобус;"СК
БК";Не ниже ЕВРО-3;Не более 15 лет;да;да;да;"1
10";05.05.2024
4-к;№ 67к;ОП Зона отдыха – Кладбище (Поволжское шоссе);Зона отдыха, Профилакторий, Профилакторий Парк-Отель, ул. Комзина, Автовокзал, Автовокзал, ул. Гидростроевская, Магазин Светлана, ул. Жилина, Горсад, Дом природы, 27 квартал, ул. Карбышева, Троллейбусное депо, Спецавтохозяйство, ул. Механизаторов, ул. Громовой, Молокозавод, АТК КуЭСП, Рынок, Дачи, Озерки, АвтоВАЗагрегат, Сосновый бор, Кладбище, ТП-20;Лесопарковое шоссе, ул. Комзина, ул.Родины, ул. Мира, ул. Комсомольская, ул. Кунеевская, ул. Громовой, Поволжское шоссе;21,5;Только в установленных ОП;По регулируемым тарифам;Автобус;БК;Не ниже ЕВРО-3;Не более 15 лет;да;да;да;1;05.05.2024
5-к;№ 84к;ОП ул. Есенина – Кладбище (Поволжское шоссе);ул. Есенина, 3 квартал, МСЧ № 8, Парк, Сквер Вадима Леванова (обратное направление), ул. Л. Чайкиной, Универмаг, Мясокомбинат, Рынок, Дачи, Озерки, АвтоВАЗагрегат, Сосновый бор, Кладбище, ТП-20;ул. Коммунистическая, ул. Механизаторов, ул. Л. Чайкиной, ул. Ярославская, ул. Громовой, Поволжское шоссе;11,1;Только в установленных ОП;По регулируемым тарифам;Автобус;"СК
БК";Не ниже ЕВРО-3;Не более 15 лет;да;да;да;"1
7";05.05.2024
6-к;№ 87к;ОП Площадь Никонова – Кладбище (Поволжское шоссе) – ОП Площадь Никонова;Площадь Никонова, ул. Зеленая, ул. Гидротехническая, Вертикаль, ул. Макарова, Вокзальная, ул. Куйбышева, Школа № 14, поселок Жигулевское море, Сосновый бор, Кладбище, ТП-20, Кладбище, Сосновый бор, поселок Жигулевское море, Школа №14, ул. Куйбышева, Вокзальная, ул. Макарова, ул. Гидротехническая, ул. Зеленая, Площадь Никонова;ул.Никонова, ул.  Шлюзовая, ул. Гидротехническая, ул. Куйбышева, Трасса М5,  Обводное шоссе, Поволжское шоссе, Обводное шоссе, Трасса М5, ул. Куйбышева, ул. Гидротехническая, ул. Шлюзовая, ул.Никонова;24,7;Только в установленных ОП;По регулируемым тарифам;Автобус;"СК
БК";Не ниже ЕВРО-3;Не более 15 лет;да;да;да;"1
4";05.05.2024
1-д;№ 25д;ОП Стадион Торпедо – Северный дачный массив;Стадион Торпедо, Приморский б-р, Школа имени академика Королева, Магазин Русь, Дом быта Орбита, Магазин 1000 мелочей, Дом мод, к/т Сатурн, Универсам, Аптека, Рынок, Южная база, Спецавтоцентр, Инженерный центр, Энергетическая, Спецстрой, ОРПОиН, УМР, ЗМК, База оборудования, Автобаза №98, ТЭЦ, ЦЗЧ-2, ПТО, ОП вдоль дачных массивов (по требованию);ул.Революционная, ул. Дзержинского, ул. Борковская, ул. Северная,  дорога вдоль дачных массивов;22,2;Только в установленных ОП;По регулируемым тарифам;Автобус;БК;Не ниже ЕВРО-3;Не более 15 лет;да;да;да;1;20.04.2024
2-д;№ 42д;ОП ул. Есенина – Федоровские луга (дачные участки);"ул. Есенина,3 квартал, МСЧ № 8, Парк, Сквер Вадима Леванова (обратное направление), ул. Л. Чайкиной, Универмаг, Мясокомбинат, Рынок, УТЭП, поселок Жигулевское море, Школа № 14,  ул. Куйбышева, Вокзальная, ул. Макарова, Вертикаль (обратное направление), ул. Гидротехническая, ул. Зеленая, Площадь Никонова, Стадион ""Дружба"", Опытный завод, Бетонная, ЛЗЖБИ, Нефтебаза, Дачная, Тракторная, Молодежная, Федоровка (обратное направление), Школа № 12 (обратное направление), 1-ая Яблоневая, 4-ая Яблоневая,  8-ая Яблоневая, 9-ая Садовая, 18-ая Садовая, Федоровские луга";ул.Коммунистическая, ул. Механизаторов, ул. Л. Чайкиной, ул. Ярославская, ул. Громовой, Трасса М5,ул.  Куйбышева, ул. Гидротехническая, ул. Шлюзовая, ул. Никонова, ул. Ингельберга,  Сибирский (обратно Луговой), ул. Кооперативная, дорога вдоль дачных массивов;18,8;Только в установленных ОП;По регулируемым тарифам;Автобус;БК;Не ниже ЕВРО-3;Не более 15 лет;да;да;да;2;20.04.2024
3-д;№ 56д;ОП ул. Есенина – п/о Копылово (дачные участки);ул. Есенина, 3 квартал, МСЧ № 8, Парк, Сквер Вадима Леванова (обратное направление), ул. Л. Чайкиной, Универмаг, Мясокомбинат, Рынок, УТЭП, пос. Жигулевское море, ВСО-5 (обратно Школа №14), 1-ая дачная, Переправа, 2-ая дачная, Зеленая стоянка;ул.Есенина, ул. Механизаторов, ул. Л. Чайкиной, ул. Ярославская, ул.Громовой  (обратно объездная дорога вдоль жилых домов по ул. Куйбышева), трасса М5, ул. Бурлацкая;14;Только в установленных ОП;По регулируемым тарифам;Автобус;БК;Не ниже ЕВРО-3;Не более 15 лет;да;да;да;3;20.04.2024
;;*ОП Бетонная – п/о Копылово (дачные участки);"Бетонная, Опытный завод, Стадион ""Дружба"", Площадь Никонова, ул. Зеленая, ул. Гидротехническая, Вертикаль (прямое направление), ул. Макарова, Вокзальная, ул. Куйбышева, Школа № 14 (прямое направление), ВСО-5 (прямое направление), 1-ая дачная, Переправа, 2-ая дачная, Зеленая стоянка";ул.Никонова, ул. Шлюзовая, ул.Гидротехническая, ул. Куйбышева, (обратно объездная дорога вдоль жилых домов по ул. Куйбышева), Трасса М5, ул. Бурлацкая;11,2;Только в установленных ОП;По регулируемым тарифам;Автобус;БК;Не ниже ЕВРО-3;Не более 15 лет;да;да;да;1;20.04.2024
6-д;№ 252 Ю;ОП Стадион Торпедо – Северный дачный массив;Стадион Торпедо, Парк Победы, Кафе Салют, ДКиТ, Преображенский собор, Молодежный центр, ул. Свердлова, 2-ое комплексное общежитие, 1-ое комплексное общежитие, Рынок, Южная база, Спецавтоцентр, Инженерный центр, Энергетическая, Спецстрой, ОРПОиН, ОП вдоль дачных массивов (по требованию);ул.Революционная, б-р Приморский, ул. Юбилейная, ул. Борковская, ул. Северная, Хрящёвское шоссе, дорога вдоль дачных массивов;21,4;Только в установленных ОП;По регулируемым тарифам;Автобус;БК;Не ниже ЕВРО-3;Не более 15 лет;да;да;да;2;20.04.2024
7-д;№ 252 Р;ОП Стадион Торпедо – Северный дачный массив;Стадион Торпедо, Дворец спорта, б-р Буденного, 8 квартал, Детский мир, 7 квартал, 3б квартал, Телецентр, к/т Ставрополь, 4 квартал, Театральная, пр-т Ст. Разина, Лицей искусств, Рынок, Южная база, Спецавтоцентр, Инженерный центр, Энергетическая, Спецстрой, ОРПОиН, ОП вдоль дачных массивов (по требованию);ул. Революционная, б-р Приморский,пр-т Ст. Разина, ул.Дзержинского, ул.Борковская, ул. Северная,Хрящёвское шоссе, дорога вдоль дачных массивов;23,4;Только в установленных ОП;По регулируемым тарифам;Автобус;БК;Не ниже ЕВРО-3;Не более 15 лет;да;да;да;2;20.04.2024
8-д;№ 252 М;ОП Стадион Торпедо – Северный дачный массив;Стадион Торпедо, ул. Революционная, Стадион Торпедо, СК Олимп, поселок Приморский, ул. Фрунзе, 3 квартал, Ленинский пр-т, Дом связи, Пожарное депо, ул. Дзержинского, Московский пр-т, б-р Кулибина, Рынок, Южная база, Спецавтоцентр, Инженерный центр, Энергетическая, Спецстрой, ОРПОиН, ОП вдоль дачных массивов (по требованию);ул. Революционная, б-р Приморский, пр-т Московский, ул. Дзержинского, ул. Борковская, ул. Северная,  Хрящёвское шоссе, дорога вдоль дачных массивов;23,4;Только в установленных ОП;По регулируемым тарифам;Автобус;БК;Не ниже ЕВРО-3;Не более 15 лет;да;да;да;1;20.04.2024
9-д;№ 252 Я;ОП Стадион Торпедо – Северный дачный массив;Стадион Торпедо, Дворец спорта, б-р Буденного, 8 квартал, Театр Дилижанс, Детский городок, д/с Лесной голосок, д/с Елочка, д/с Веселая семейка, д/с Соловушка, д/с Дубравушка, ул. Ворошилова, Кафе Каскад, 10 квартал, б-р Луначарского Общежитие Современник (прямое направление), б-р Космонавтов, ул. Автостроителей (обратное направление), 16 квартал, Строительная, 17 квартал (прямое направление), Школьная, ул. Тополиная (обратное направление), Рябиновый б-р, ул. 70 лет Октября, ул. Л. Яшина, Северо-Восточная, 21 квартал (прямое направление), 20 квартал, 19 квартал, Обводное шоссе, 18а квартал, Автопарковая, АвтоВАЗтранс, УВД, Восточное кольцо, Инженерный центр, Энергетическая, Спецстрой, ОРПОиН, ОП вдоль дачных массивов (по требованию);ул. Революционная, б-р Приморский, ул. Жукова, ул. Ворошилова, ул. Дзержинского, ул. Тополиная, ул. 70 лет Октября, ул. Л. Яшина, Южное шоссе, ул. Борковская, ул. Северная, Хрящёвское шоссе, дорога вдоль дачных массивов;31,5;Только в установленных ОП;По регулируемым тарифам;Автобус;БК;Не ниже ЕВРО-3;Не более 15 лет;да;да;да;2;20.04.2024
10-д;№ 252 А;ОП Стадион Торпедо – Северный дачный массив;"Стадион Торпедо, Дворец спорта, б-р Буденного, 8 квартал, Театр Дилижанс, Детский городок, д/с Лесной голосок, д/с Елочка, д/с Веселая семейка, д/с Соловушка, д/с Дубравушка, б-р Здоровья, Детская больница, Медгородок, ул. 40 лет Победы, Заводская, 12 квартал, Молодежная, Школа №82, Гостиница Лада (обратное направление), Студенческая, кафе Встреча, ул. Полякова, Автопарковая, АвтоВАЗтранс, УВД, Восточное кольцо, Инженерный центр, Энергетическая, Спецстрой, ОРПОиН, ОП вдоль дачных массивов (по требованию)

";ул. Революционная, б-р Приморский, ул. Жукова, ул. 40 лет Победы, ул. Автостроителей, ул. 70 лет Октября, ул. Полякова, Южное шоссе, ул. Борковская, ул. Северная, Хрящёвское шоссе, дорога вдоль дачных массивов;27,1;Только в установленных ОП;По регулируемым тарифам;Автобус;БК;не ниже ЕВРО-3;Не более 15 лет;да;да;да;1;20.04.2024
1;№ 2;ОП ул. Белорусская – ОП Западный пляж;"ул. Белорусская, Стадион Строитель, Автовокзал, ТПИ, Театр Колесо, Больница, Дом быта, Горсад, ул. Победы, Гостиница Волга (обратно к/т Космос, ул. Гагарина, Дворец молодежи, ул. М. Горького, Детский мир, Техучилище, Школа № 27, Колледж, Гостиница Ставрополь, ул. Л. Толстого, КВД, ЦРБ (обратное направление), Автозаводское шоссе, Южное шоссе, Треугольник, 21 квартал (обратное направление), Северо-Восточная, ул. Л. Яшина, ул. 70 лет Октября, Рябиновый б-р, ул. Тополиная (прямое направление), Магазин Мир продуктов (обратное направление), Цветной б-р, 19 квартал (обратное направление), Студенческая, Кафе Встреча, Дом офицеров, 15 квартал, ТВВКИСУ, Лесопитомник, Театральная, 4 квартал, к/т Ставрополь, Телецентр, 3б квартал, 7 квартал, Детский мир, 8 квартал, б-р Буденного, Дворец Спорта, ул. Революционная, Стадион Торпедо, СК Олимп, Западный пляж
";ул.Баныкина, ул. Родины, ул. Республиканская, ул. Белорусская, ул. Ленинградская, ул. К. Маркса, ул. Мира, ул. Победы, ул.Гагарина (обратно Гагарина – К. Маркса), ул. Ленина, ул. Л. Толстого, ул. А. Кудашева, Автозаводское шоссе,  Южное шоссе , ул. Л. Яшина, ул. 70 лет Октября, ул. Ворошилова, ул. Дзержинского, пр-т Ст. Разина, б-р Приморский, ул. Спортивная;24,10;Только в установленных ОП;По регулируемым тарифам;Автобус;БК;Не ниже ЕВРО-3;Не более 15 лет;да;да;да;20;01.01.2025
