№ п/п;Номер в реестре;Кадастровый номер;Наименование;Адрес;Протяженность;Вид права
1;2;3;4;5;6;7
1;П1300000014794;;Участки сетей бытовой канализации (выпуски) от стены дома № 67 по ул. Ворошилова до первых смотровых колодцев № 32, 34, 35, 37, 38, 39, 41, 42, 43, 23;Самарская область, Автозаводский район, г. Тольятти, ул. Ворошилова, д. 67;58,0;Муниципальная казна
2;П1300000014795;;Участки сетей бытовой канализации (выпуски) от стены дома № 71 по ул. Ворошилова до первых смотровых колодцев № 105, 103, 102, 82, 83, 84, 86, 87, 89;Самарская область, Автозаводский район, г. Тольятти, ул. Ворошилова, д. 71;51,0;Муниципальная казна
3;П1300000014876;;Выпуски сетей бытовой канализации от многоквартирного жилого дома по ул. Карла Маркса, д. 55;Самарская область, Центральный район, г. Тольятти, ул. Карла Маркса, д. 55;14,0;Муниципальная казна
4;П1300000014796;;Участки сетей бытовой канализации (выпуски) от стены дома № 14 по ул. Свердлова до первых смотровых колодцев № 108, 109, 110, 111, 112, 113, 114, 115, 116, 122а;Самарская область, Автозаводский район, г. Тольятти, ул. Свердлова, д. 14;59,0;Муниципальная казна
5;П1300000014711;;Выпуски сетей бытовой канализации от многоквартирного жилого дома по б-ру Ленина, д. 20;Самарская область, Центральный район, г. Тольятти, б-р Ленина, д. 20;59,0;Муниципальная казна
6;П1300000014788;;Участки сетей бытовой канализации (выпуски) от стены дома № 122 по ул. 40 лет Победы до первых смотровых колодцев № 73, № 75, № 76, № 77, № 78, № 80, № 81;Самарская область, Автозаводский район, г. Тольятти, ул. 40 лет Победы, д. 122;37,0;Муниципальная казна
7;П1300000014742;;Сеть водоснабжения, проходящая через МКД по ул. Дзержинского, д. 7, д. 7А, д. 7Б;Самарская область, Автозаводский район, г. Тольятти, проходящая через МКД по ул. Дзержинского, д. 7, д. 7А, д. 7Б;131,0;Муниципальная казна
8;П1300000014875;;Выпуски сетей бытовой канализации от многоквартирного жилого дома по ул. Карла Маркса, д. 76;Самарская область, Центральный район, г. Тольятти, ул. Карла Маркса, д. 76;10,0;Муниципальная казна
9;П1300000014798;;Участки сетей бытовой канализации (выпуски) от стены дома № 25 по пр-ту Степана Разина до первых смотровых колодцев № 34, 35;Самарская область, Автозаводский район, г. Тольятти, пр-кт Степана Разина, д. 25;12,0;Муниципальная казна
10;П1300000014874;;Выпуски сетей бытовой канализации от многоквартирного жилого дома по ул. Мира, д. 29;Самарская область, Центральный район, г. Тольятти, ул. Мира, д. 29;9,0;Муниципальная казна
11;П1300000014787;;Участки сетей бытовой канализации (выпуски) от стены дома № 22 по ул. Жукова до первых смотровых колодцев № 16, № 17, № 18, № 5, № 4, № 3, № 2, № 1;Самарская область, Автозаводский район, г. Тольятти, ул. Маршала Жукова, д. 22;68,0;Муниципальная казна
12;П1300000014784;;Сети бытовой канализации в районе д. № 44 по ул. Ставропольская;Самарская область, Центральный район, г. Тольятти, ул. Ставропольская, д. 44;107,0;Муниципальная казна
13;П1300000014873;;Выпуски сетей бытовой канализации от многоквартирного жилого дома по ул. Гагарина, д. 2;Самарская область, Центральный район, г. Тольятти, ул. Гагарина, д. 2;9,0;Муниципальная казна
14;П1300000014872;;Участки сетей бытовой канализации (выпуски) от стены дома № 94 по ул. Мира до первых смотровых колодцев № КК171, 172, 173, 174, 175;Самарская область, Центральный район, г. Тольятти, ул. Мира, д. 94;47,0;Муниципальная казна
15;П1300000014871;;"Сеть бытовой канализации от корпусов № 1 и № 2 ГБУЗ СО ""Тольяттинская городская клиническая больница № 1 им. В.А. Гройсмана""";Самарская область, Центральный район, г. Тольятти, ул. Октябрьская, д. 68;156,0;Муниципальная казна
16;П1300000014710;;Сеть бытовой канализации в районе д. № 133 по ул. Мира;Самарская область, Центральный район, г. Тольятти, ул. Мира, д. 133;148,0;Муниципальная казна
17;П1300000014709;;Сеть бытовой канализации от жилых домов № 6 и № 8 по ул. Мира;Самарская область, Центральный район, г. Тольятти, ул. Мира, д. 6, 8;113,0;Муниципальная казна
18;П1300000014745;;Участок сети водоснабжения от колодца ВК-60 на ул. Суворова через ТК до здания по ул. Суворова, д. 41;Самарская область, Центральный район, г. Тольятти, проезд Суворова, д. 41а;38,0;Муниципальная казна
19;П1300000014777;;Сеть ливневой канализации, расположенная в районе здания № 53 по ул. Ленинградская Центрального района, от дождеприёмного колодца в районе дома № 51 по ул. Ленинградская до магистральной сети ливневой канализации по ул. Ленинградской;Самарская область, Центральный район, г. Тольятти, ул. Ленинградская, д. 51, 53;121,0;Муниципальная казна
20;П1300000014743;;Сеть водоснабжения, проходящая через МКД по ул. Дзержинского, д. 9, д. 9А и Автостроителей, д. 39;Самарская область, Автозаводский район, г. Тольятти, проходящая через МКД по ул. Дзержинского, д. 9, д. 9А и ул. Автостроителей, д. 39;133,0;Муниципальная казна
21;П1300000014791;;Участки сетей бытовой канализации (выпуски) от стены дома № 25 по б-ру Гая до первых смотровых колодцев № 72а, 72, 73, 74, 75, 76, 77, 78, 79. 80, 81, 82;Самарская область, Автозаводский район, г. Тольятти, б-р Гая, д. 25;70,0;Муниципальная казна
22;П1300000014778;;Сеть ливневой канализации по ул. Победы Центрального района, до сети ливневой канализации по ул. Комсомольская;Самарская область, Центральный район, г. Тольятти, по ул. Победы до сети ливневой канализации по ул. Комсомольская;707,0;Муниципальная казна
23;П1000000000490;;Участок автодороги от кольца по Ленинскому пр-ту с пересечением 40 лет Победы, до дороги по ул. Патрульная;Самарская область, Автозаводский район, г. Тольятти, от кольца по Ленинскому пр-ту с пересечением 40 лет Победы. до дороги по ул. Патрульная;212,0;Муниципальная казна
24;П1300000014783;;Участок сети ливневой канализации здания, расположенного по адресу: Автозаводский район, ул. Юбилейная, д. 31-З;Самарская область, Автозаводский район, г. Тольятти, ул. Юбилейная, д. 31а;195,0;Муниципальная казна
25;П1300000014801;;Участки сетей бытовой канализации (выпуски) от стены дома № 5 по ул. Фрунзе до первых смотровых колодцев № 42, 43, 44, 45;Самарская область, Автозаводский район, г. Тольятти, ул. Фрунзе, д. 5;26,0;Муниципальная казна
26;П1300000014508;;Участок сети теплоснабжения от теплового пункта до здания, расположенного по адресу: ул. Ларина, 149, строение 1;Самарская область, Центральный район, г. Тольятти, ул. Ларина, д. 149, стр. 1;312,0;Муниципальная казна
27;П1300000014738;;Сеть теплоснабжения, проходящая через МКД по ул. Дзержинского, д. 3, д. 3А, д. 3Б;Самарская область, Автозаводский район, г. Тольятти, проходящая через МКД по ул. Дзержинского, д. 3, д. 3А, д. 3Б;132,0;Муниципальная казна
28;П1300000014785;;Сети бытовой канализации в районе д. № 89 по ул. Советская;Самарская область, Центральный район, г. Тольятти, ул. Советская, д. 89;46,0;Муниципальная казна
29;П1300000014779;;Участок сети ливневой канализации от начального колодца с южной стороны здания, имеющего адрес: Центральный район, д. 105 (ул. Мира) до сети ливневой канализации, проходящей вдоль д. 23 по ул. Карбышева;Самарская область, Центральный район, г. Тольятти, ул. Карбышева, д. 23;228,0;Муниципальная казна
30;П1300000014915;;Лоток и сеть ливневой канализации на пересечении ул. Ленина и бульвара 50 лет Октября;Самарская область, Центральный район, г. Тольятти, пересечение ул. Ленина и бульвара 50 лет Октября;239,0;Муниципальная казна
31;П1300000014782;;Сеть ливневой канализации от здания, расположенного по адресу: Автозаводский район, пр-т Ленинский, д. 17;Самарская область, Автозаводский район, г. Тольятти, пр-кт Ленинский, д. 17;326,0;Муниципальная казна
32;П1300000014780;;Сеть ливневой канализации от здания, имеющего адрес: Комсомольский район, ул. Механизаторов, д. 23 до магистральной сети по ул. Механизаторов;Самарская область, Комсомольский район, г. Тольятти, ул. Механизаторов, д. 23;73,0;Муниципальная казна
33;П1300000014781;;Сеть ливневой канализации от здания, имеющего адрес: Центральный район, ул. Индустриальная, д. 9 до магистральной сети по ул. Комсомольская;Самарская область, Центральный район, г. Тольятти, ул. Индустриальная, д. 9;230,0;Муниципальная казна
34;П1300000014744;;Участок сети водоснабжения по пер. К.Белова от ВК-5 до ВК-1;Самарская область, Центральный район, г. Тольятти, пер. Кирилла Белова;136,0;Муниципальная казна
35;П1300000014892;;Участки сетей бытовой канализации (выпуски) от стены дома № 23 по б-ру Гая до первых смотровых колодцев №№ 61, 62, 63, 19, 64;Самарская область, Автозаводский район, г. Тольятти, б-р Гая, д. 23;47,0;Муниципальная казна
36;П1300000014887;;Выпуски сетей бытовой канализации от многоквартирного жилого дома по ул. Ушакова, д. 42;Самарская область, Центральный район, г. Тольятти, ул. Ушакова, д. 42;27,0;Муниципальная казна
37;П1300000014886;;Выпуски сетей бытовой канализации от многоквартирного жилого дома по ул. Ушакова, д. 40а;Самарская область, Центральный район, г. Тольятти, ул. Ушакова, д. 40А;20,0;Муниципальная казна
38;П1300000014885;;Выпуски сетей бытовой канализации от многоквартирного жилого дома по ул. Ленина, д. 119;Самарская область, Центральный район, г. Тольятти, ул. Ленина, д. 119;20,0;Муниципальная казна
39;П1300000014740;;Сеть теплоснабжения, проходящая через МКД по ул. Дзержинского, д. 9, д. 9А и Автостроителей, д. 39;Самарская область, Автозаводский район, г. Тольятти, проходящая через МКД по ул. Дзержинского, д. 9, д. 9А и ул. Автостроителей, д. 39;131,0;Муниципальная казна
40;П1300000014739;;Сеть теплоснабжения, проходящая через МКД по ул. Дзержинского, д. 7, д. 7А, д. 7Б,;Самарская область, Автозаводский район, г. Тольятти, проходящая через МКД по ул. Дзержинского, д. 7, д. 7А, д. 7Б;134,0;Муниципальная казна
41;П1300000014884;;Выпуски сетей бытовой канализации от многоквартирного жилого дома по ул.Ленина, д. 51;Самарская область, Центральный район, г. Тольятти, ул. Ленина, д. 51;30,0;Муниципальная казна
42;П1300000014741;;Сеть водоснабжения, проходящая через МКД по ул. Дзержинского, д. 3, д. 3А, д. 3Б;Самарская область, Автозаводский район, г. Тольятти, проходящая через МКД по ул. Дзержинского, д. 3, д. 3А, д. 3Б;130,0;Муниципальная казна
43;П1000000000489;;Автодорога на участке от ул. Новозаводская до дома № 16а по ул. Голосова;Самарская область, Центральный район, г. Тольятти, от ул. Новозаводская до дома № 16а по ул. Голосова;175,0;Муниципальная казна
44;П1300000014714;;Сети бытовой канализации в районе д. № 31 - № 33 по ул. Ушакова;Самарская область, Центральный район, г. Тольятти, ул. Ушакова, д. 31;34,0;Муниципальная казна
45;П1300000014610;;Тепловая сеть от ТК-9 через ТК-9А до здания ГБУЗ Самарской области «Ставропольская ЦРБ»;Самарская область, Центральный район, г. Тольятти, ш. Автозаводское, д. 5;545,0;Муниципальная казна
46;П1300000014793;;Участки сетей бытовой канализации (выпуски) от стены дома № 43 по ул. Ворошилова до первых смотровых колодцев № 117, 118, 119, 120;Самарская область, Автозаводский район, г. Тольятти, ул. Ворошилова, д. 43;29,0;Муниципальная казна
47;П1300000014893;;Участки сетей бытовой канализации (выпуски) от стены дома № 21 по б-ру Гая до первых смотровых колодцев № 85, 86, 87, 88;Самарская область, Автозаводский район, г. Тольятти, б-р Гая, д. 21;23,0;Муниципальная казна
48;П1300000014894;;Участки сетей бытовой канализации (выпуски) от стены дома № 15 по б-ру Гая до первых смотровых колодцев № 21, 22, 5, 23, 4, 3, 2, 1;Самарская область, Автозаводский район, г. Тольятти, б-р Гая, д. 15;47,0;Муниципальная казна
49;П1300000014883;;Выпуски сетей бытовой канализации от многоквартирного жилого дома по ул.Ленина, д. 47;Самарская область, Центральный район, г. Тольятти, ул. Ленина, д. 47;34,0;Муниципальная казна
50;П1300000014792;;Участки сетей бытовой канализации (выпуски) от стены дома № 41 по ул. Ворошилова до первых смотровых колодцев № 93, 94, 96, 97, 98, 99, 100, 103, 104;Самарская область, Автозаводский район, г. Тольятти, ул. Ворошилова, д. 41;59,0;Муниципальная казна
51;П1300000014797;;Участки сетей бытовой канализации (выпуски) от стены дома № 17 по б-ру Королева до первых смотровых колодцев № 1, 2, 3, 4;Самарская область, Автозаводский район, г. Тольятти, б-р Королева, д. 17;21,0;Муниципальная казна
52;П1300000014882;;Выпуски сетей бытовой канализации от многоквартирного жилого дома по ул.Ленина, д. 43;Самарская область, Центральный район, г. Тольятти, ул. Ленина, д. 43;30,0;Муниципальная казна
53;П1300000014786;;Сети бытовой канализации в районе д. № 67 по ул. Ларина;Самарская область, Центральный район, г. Тольятти, ул. Ларина, д. 67;109,0;Муниципальная казна
54;П1300000014881;;Выпуски сетей бытовой канализации от многоквартирного жилого дома по ул.Ленина, д. 39;Самарская область, Центральный район, г. Тольятти, ул. Ленина, д. 39;29,0;Муниципальная казна
55;П1300000014895;;Участки сетей бытовой канализации (выпуски) от стены дома № 14 по б-ру Гая до первых смотровых колодцев № 78, 79, 80, 81;Самарская область, Автозаводский район, г. Тольятти, б-р Гая, д. 14;24,0;Муниципальная казна
56;П1300000014799;;Участки сетей бытовой канализации (выпуски) от стены дома № 102 по ул. Автостроителей до первых смотровых колодцев № 54;Самарская область, Автозаводский район, г. Тольятти, ул. Автостроителей, д. 102;10,0;Муниципальная казна
57;П1300000014713;;Выпуски сетей бытовой канализации от многоквартирного жилого дома по ул. Ушакова, д. 49;Самарская область, Центральный район, г. Тольятти, ул. Ушакова, д. 49;29,0;Муниципальная казна
58;П1300000014880;;Выпуски сетей бытовой канализации от многоквартирного жилого дома по ул.Чуковского, д. 1;Самарская область, Центральный район, г. Тольятти, ул. Чуковского, д. 1;19,0;Муниципальная казна
59;П1300000014891;;Участок сети бытовой канализации от жилого дома, расположенного по адресу: Комсомольский район, ул. Железнодорожная, д. 19;Самарская область, Комсомольский район, г. Тольятти, ул. Железнодорожная, д. 19;206,0;Муниципальная казна
60;П1300000014790;;Участки сетей бытовой канализации (выпуски) от стены дома № 90 по ул. 40 лет Победы до первых смотровых колодцев № 147, № 148, № 149, № 150;Самарская область, Автозаводский район, г. Тольятти, ул. 40 лет Победы, д. 90;19,0;Муниципальная казна
61;П1300000014712;;Выпуски сетей бытовой канализации от многоквартирного жилого дома по ул. Жилина, д. 18;Самарская область, Центральный район, г. Тольятти, ул. Жилина, д. 18;39,0;Муниципальная казна
62;П1300000014879;;Выпуски сетей бытовой канализации от многоквартирного жилого дома по ул. Советская, д. 71;Самарская область, Центральный район, г. Тольятти, ул. Советская, д. 71;57,0;Муниципальная казна
63;П1300000014789;;Участки сетей бытовой канализации (выпуски) от стены дома № 98 по ул. 40 лет Победы до первых смотровых колодцев № 141, № 141а, № 142а, № 142;Самарская область, Автозаводский район, г. Тольятти, ул. 40 лет Победы, д. 98;19,0;Муниципальная казна
64;П1300000014878;;Выпуски сетей бытовой канализации от многоквартирного жилого дома по ул. Советская, д. 59;Самарская область, Центральный район, г. Тольятти, ул. Советская, д. 59;14,0;Муниципальная казна
65;П1300000014877;;Выпуски сетей бытовой канализации от многоквартирного жилого дома по ул. Карла Маркса, д. 74;Самарская область, Центральный район, г. Тольятти, ул. Карла Маркса, д. 74;19,0;Муниципальная казна
66;П1300000014800;;Участки сетей бытовой канализации (выпуски) от стены дома № 90 по ул. Автостроителей до первых смотровых колодцев № 60;Самарская область, Автозаводский район, г. Тольятти, ул. Автостроителей, д. 90;8,0;Муниципальная казна
67;П1300000013950;;Участок тепловой сети от ктс-16 до т.Б;Самарская область, Автозаводский район, г. Тольятти, ул. Революционная, КТС16 квартал 1;59,5;Муниципальная казна
68;П1300000011905;;Сеть бытовой канализации от первых колодцев здания школы и здания хозблока до колодца КК11 на хозбытовом коллекторе жилого дома 36Д;Самарская область, Автозаводский район, г. Тольятти, ул. 40 лет Победы, д. 42, (Школа № 86, 2-ой корпус);311,0;Муниципальная казна
69;П1300000011587;;Сети водоснабжения от ПГ-23 Ст. Разина 59 до ВК297 А;Самарская область, Автозаводский район, г. Тольятти;5,0;Муниципальная казна
70;П1300000013944;;Сети бытовой канализации от колодца № 1 до № 10;Самарская область, Автозаводский район, г. Тольятти, ул. Юбилейная, д. 8, южнее административного здания;291,0;Муниципальная казна
71;П1300000011913;;Сеть ливневой канализации от первых колодцев здания школы до колодца ЛК-12А;Самарская область, Автозаводский район, г. Тольятти;277,0;Муниципальная казна
72;П1300000014071;;Участок сети дождевой канализации от колодца № 2 до колодца № 1;Самарская область, Автозаводский район, г. Тольятти, западнее жилого дома, имеющего адрес: ул. Революционная, 40 (1-И-2);32,0;Муниципальная казна
73;П1300000011640;;Участок сети водоснабжения от Уз-49 до УЗ-3 вдоль ул.Дзержинского во 2 квартале;Самарская область, Автозаводский район, г. Тольятти;154,0;Муниципальная казна
74;П1300000011889;;Сети ливневой канализации по ул. Заставной от колодца № 2 до № 5;Самарская область, Автозаводский район, г. Тольятти;130,0;Муниципальная казна
75;П1300000014086;;Участок сети дождевой канализации от колодца № 1 до колодца № 18;Самарская область, Автозаводский район, г. Тольятти, ул. Юбилейная, д. 2, (31-Б-5);93,1;Муниципальная казна
76;П1300000014001;;Участок тепловой сети от ТК.4(9) до корп.В;Самарская область, Автозаводский район, г. Тольятти, ул. Маршала Жукова, д. 21, корпус В;75,0;Муниципальная казна
77;П1300000014249;;"Участок сети водоснабжения 16 квартала; от ПГ-37 до ВК-455, от ТК-4 до ПГ (около Сбербанка)";Самарская область, Автозаводский район, г. Тольятти, северо-западнее, севернее здания, имеющего адрес: Цветной бульвар, 15-а;602,0;Муниципальная казна
78;П1300000012204;;Участок сети водоснабжения ввод от Уз-19 к дому 10-Е (б-р Орджоникидзе, 7) в 5 квартале;Самарская область, Автозаводский район, г. Тольятти, северо-восточнее здания, имеющего адрес: бульвар Орджоникидзе, 7;20,0;Муниципальная казна
79;П1300000012240;;Водопроводные сети по пер. Гаражный;Самарская область, Комсомольский район, г. Тольятти;183,0;Муниципальная казна
80;П1200000000050;;Сети бытовой канализации в районе д. 18 по ул. Воскресенская;Самарская область, Автозаводский район, г. Тольятти;1004,0;Муниципальная казна
81;П1300000012206;;Участок сети водоснабжения от входа в коллектор до Уз.7 в 5 квартале;Самарская область, Автозаводский район, г. Тольятти, южнее здания, имеющего адрес: бульвар Орджоникидзе, 15;7,0;Муниципальная казна
82;П1300000011956;;Участок сети водопровода (от ПГ-8/6 вдоль Приморского б-ра до дома 17-Л через ВК-22). Ст. Разина, 68 (ввод от ВК-2а). 8 квартал;Самарская область, Автозаводский район, г. Тольятти;611,0;Муниципальная казна
83;П1300000014037;;Транзитные теплосети по техподполью жилого дома;Самарская область, Комсомольский район, г. Тольятти, ул. Новосадовая, д. 2;30,0;Муниципальная казна
84;П1300000011842;;Участок сети бытовой канализации от существующего колодца до здания по ул. Революционная, 13 в 32 кв;Самарская область, Автозаводский район, г. Тольятти, северо-восточнее здания имеющего адрес: улица Революционная, 13;119,0;Муниципальная казна
85;П1300000013977;;Участок тепловой сети Тк.6 до 27-Т;Самарская область, Автозаводский район, г. Тольятти, б-р Космонавтов, д. 26, квартал 15;22,7;Муниципальная казна
86;П1300000011615;;Сети водоснабжения 15 квартала: по Н-19 от ВК-400 до т. А Н-30 Dy-300 по ул. Автостроителей;Самарская область, Автозаводский район, г. Тольятти, северо-восточнее здания, имеющего адрес: улица Автостроителей, 60;894,0;Муниципальная казна
87;П1300000012222;;Сети водоснабжения на территории Медгородка, кольцевой водопровод вокруг вычислительного центра;Самарская область, Автозаводский район, г. Тольятти;342,0;Муниципальная казна
88;П1300000014022;;Транзитные теплосети по техподполью жилого дома (отопление);Самарская область, Комсомольский район, г. Тольятти, ул. 60 лет СССР, д. 3;35,0;Муниципальная казна
89;П1300000011891;;Сети ливневой канализации по ул. Заставная от колодца № 1 до т. 1;Самарская область, Автозаводский район, г. Тольятти;493,0;Муниципальная казна
90;П1300000012361;;"Участок сети водопровода (25-ДМ-4, 25ДМ-3, 25-ДМ-2 (ул. Свердлова, 1;3;5; ул. Ворошилова, 49 (вводы))), (ЦТП-131 (вводы)), участок сети водопровода (от ВК-14 до ВК-359)";Самарская область, Автозаводский район, г. Тольятти;817,0;Муниципальная казна
91;П1300000014085;;Участок сети дождевой канализации от колодца № 419 до колодца № 242;Самарская область, Автозаводский район, г. Тольятти, б-р Космонавтов, д. 5, (28-Я-2);246,4;Муниципальная казна
92;П1300000012247;;Участок сети водопровода транзит по техподполью ул. Ворошилова, 35 (техподп. дома 22-Е);Самарская область, Автозаводский район, г. Тольятти;84,0;Муниципальная казна
93;П1300000012198;;Участок сети водоснабжения транзит по тех. подполью (Ленинский, 24) в 5 квартале;Самарская область, Автозаводский район, г. Тольятти, по тех.подполью здания, имеющего адрес: Ленинский проспект, 24;390,0;Муниципальная казна
94;П1300000013981;;Участок тепловой сети от Ут.20 до 30-РМ;Самарская область, Автозаводский район, г. Тольятти, б-р Цветной, д. 1, квартал 16;60,0;Муниципальная казна
95;П1300000014078;;Сети ливневой канализации от колодца № 6* до колодца № 3;Самарская область, Автозаводский район, г. Тольятти, пр-кт Московский, д. 37, (7-Ш) - Школа № 53;241,2;Муниципальная казна
96;П1300000014032;;Транзитные теплосети по техподполью жилого дома;Самарская область, Комсомольский район, г. Тольятти, ул. Олимпийская, д. 50;30,0;Муниципальная казна
97;П1300000011778;;Сети бытовой канализации в 1кв. в районе Ленинского пр. Автозаводского района;Самарская область, Автозаводский район, г. Тольятти;100,0;Муниципальная казна
98;П1300000013993;;Участок тепловой сети от дома 30-В до 30-Х-2;Самарская область, Автозаводский район, г. Тольятти, б-р Цветной, д. 15;112,0;Муниципальная казна
99;П1300000014028;;Транзитные теплосети по техподполью жилого дома;Самарская область, Комсомольский район, г. Тольятти, ул. Новосадовая, д. 2, стр. а;30,0;Муниципальная казна
100;П1300000012176;;Участок сети водоснабжения от сущ. коллектора в 3б кв. через ул Жукова кольцевой водопровод вокруг д/с, от ВК-1 до ДС №160 (ул. М.Жукова, 1), от ВК-11 до дС №159 (ул. М.Жукова, 5), о ВК-14 до ДС №171 (ул. М.Жукова, 11), от ВК-4 до ДС №159 (ул. М.Жукова,7);Самарская область, Автозаводский район, г. Тольятти, восточнее, юго-восточнее здания, имеющего адрес: улица Маршала Жукова, 7;1559,0;Муниципальная казна
101;П1300000014038;;Транзитные теплосети по техподполью жилого дома;Самарская область, Комсомольский район, г. Тольятти, ул. Новосадовая, д. 17;60,0;Муниципальная казна
102;П1300000014024;;Транзитные теплосети по техподполью жилого дома;Самарская область, Комсомольский район, г. Тольятти, ул. 60 лет СССР, д. 9;50,0;Муниципальная казна
103;П1300000014036;;Транзитные теплосети по техподполью жилого дома;Самарская область, Комсомольский район, г. Тольятти, ул. 60 лет СССР, д. 13;60,0;Муниципальная казна
104;П1000000000377;;Автодорога по улице М.Жукова к Медгородку ;Самарская область, Автозаводский район, г. Тольятти, улица М.Жукова к Медгородку;0,0;Муниципальная казна
105;П1300000012051;;Сеть бытовой канализации, расположенная северо-западнее, юго-западнее здания имеющего адрес: улица Свердлова, дом 17-а;Самарская область, Автозаводский район, г. Тольятти, северо-западнее, юго-западнее здания имеющего адрес: улица Свердлова, дом 17-а;1579,0;Муниципальная казна
106;П1300000014021;;Транзитная теплосеть по техподполью жилого дома;Самарская область, Комсомольский район, г. Тольятти, ул. Лизы Чайкиной, д. 43;17,0;Муниципальная казна
107;П1300000014019;;Транзитные теплосети по техподполью жилого дома;Самарская область, Комсомольский район, г. Тольятти, ул. Матросова, д. 49;64,0;Муниципальная казна
108;П1300000011923;;Сеть ливневой канализации от первых колодцев здания школы до колодца ЛК-7;Самарская область, Автозаводский район, г. Тольятти;242,0;Муниципальная казна
109;П1300000012269;;Участки водопроводной сети (от ВК-9 за кинотеатром до ВК-7/ПГ), участок (от Уз 17/2 в до Уз19/2в), участок (перемычка от ВК-7/ПГ до проезда Н-28), сеть вдоль ул. Дзержинского (от ПГ-67 до ВК-6 через ПГ-66, ПГ-65), вводы (ул. Дзержинского, 19 и 25);Самарская область, Автозаводский район, г. Тольятти, вдоль ул. Дзержинского, вводы ул. Дзержинского, 19 и 25;1208,0;Муниципальная казна
110;П1300000013988;;Участок тепловой сети от Тк.1 до Тк.4;Самарская область, Автозаводский район, г. Тольятти, СЖС (спецжилстрой) напротив 2 квартала вдоль Московского проспекта;957,0;Муниципальная казна
111;П1300000011973;;Участок магистральной сети водопровода (от ВК-62 до ВК-3 по улице Спортивной). 8 квартал;Самарская область, Автозаводский район, г. Тольятти, по улице Спортивной, 8 квартал;255,0;Муниципальная казна
112;П1300000011960;;Участок водопроводной сети, транзит (от 17-И до ВК-9 ч/з 17-М). От улицы Юбилейной, 83 до ВК9-ПГ8/13, квартал 8;Самарская область, Автозаводский район, г. Тольятти, от улицы Юбилейной, 83 до ВК9-ПГ8/13, квартал 8;207,0;Муниципальная казна
113;П1300000014080;;Участок сети дождевой канализации от колодца № 2 до колодца № 2';Самарская область, Автозаводский район, г. Тольятти, пр-кт Московский, д. 57, (5-Т);31,9;Муниципальная казна
114;П1300000011919;;Сеть ливневой канализации от ЦТП-142 до № 91;Самарская область, Автозаводский район, г. Тольятти;34,0;Муниципальная казна
115;П1300000013948;;Участок тепловой сети от стены здания до ЦТП-11;Самарская область, Автозаводский район, г. Тольятти, ул. Свердлова, д. 51, ЦТП-11 квартал 1;30,0;Муниципальная казна
116;П1300000011850;;Участок сети ливневой канализации от существующего колодца до здания по ул. Ворошилова, 27 в 12 кв;Самарская область, Автозаводский район, г. Тольятти;128,0;Муниципальная казна
117;П1300000011832;;Участок сети ливневой канализации от существующего колодца до здания по б-р Гая, 26;Самарская область, Автозаводский район, г. Тольятти;246,0;Муниципальная казна
118;П1300000012066;;Сети ливневой канализации от колодца №96 до №97;Самарская область, Автозаводский район, г. Тольятти;26,0;Муниципальная казна
119;П1300000011941;;Сеть ливневой канализации от колодца № 45 до № 2, от колодца № 59 до № 60, от колодца 72 (от ЦТП) до № 5, от № 60 до № 59;Самарская область, Автозаводский район, г. Тольятти;574,0;Муниципальная казна
120;П1300000011958;;Участок магистральной сети водопровода от ВК-4 до ВК-3 по улице Революционной, квартал 31-32;Самарская область, Автозаводский район, г. Тольятти, ул. Революционная;66,0;Муниципальная казна
121;П1300000011977;;Участок водопроводной сети от Юбилейной, 69 до 17-Х-1. Участок водопроводной сети (от дома 17-Е через ВК-12 до дома 17-Р). Участок водопроводной сети по техподполью 17-Р (Юбилейная, 69). 8 квартал;Самарская область, Автозаводский район, г. Тольятти, ул. Юбилейная;201,0;Муниципальная казна
122;П1300000012170;;"Участок сети водоснабжения от уз. 71 (2) До ВК 170А (на юге квартала) Dy 300 в 4 квартале, от точ. ""Е"" до Уз 71 Dy 300 в 4 квартале, от Уз 71 перемычка через Свердлова";Самарская область, Автозаводский район, г. Тольятти, ул. Свердлова;878,0;Муниципальная казна
123;П1300000011967;;"Участок водопроводной сети (от ВК-26 до ВК-59 через 17-А-1-3; 17-А-1-2; 17-А-1-1 по Юбилейной, 85). 8 квартал ";Самарская область, Автозаводский район, г. Тольятти, ул. Юбилейная;127,0;Муниципальная казна
124;П1300000011975;;Участок водопроводной сети (ВК-351 до ВК-6) по улице Спортивной. Участок водопроводной сети (от 17-Н до ВК-6). 8 квартал;Самарская область, Автозаводский район, г. Тольятти, ул. Спортивная, 8 квартал;482,0;Муниципальная казна
125;П1300000011964;;Участок водопроводной сети (от ВК-350 до ВК-7). Ввод от здания Приморский, 27 до здания Приморский, 21. Участок водопроводной сети (от ВК-16 до ВК-7 (перемычка)). Участок водопроводной сети (от коллектора на Приморском б-ре до ВК-18).;Самарская область, Автозаводский район, г. Тольятти, б-р Приморский, 8-й квартал;876,0;Муниципальная казна
126;П1300000011911;;Сеть бытовой канализации от ЦТП-171 до № 21;Самарская область, Автозаводский район, г. Тольятти, южнее здания, имеющего адрес: ул. 70 лет Октября, д. 29;11,0;Муниципальная казна
127;П1300000009156;;Асфальто-бетонная площадка ТП-4;Самарская область, Центральный район, г. Тольятти, между Центральным и Комсомольским районами;;Хозяйственное ведение
128;П1000000000169;;Автодорога по проезду 4-ый Лесной;Самарская область, Центральный район, г. Тольятти, проезд Лесной 4-й;436,0;Муниципальная казна
129;П1300000012190;;Участок сети водоснабжения от ВК-20 до ВК-1 (11-Х) к хозблоку ул. М.Жукова, 26 в 4 квартале;Самарская область, Автозаводский район, г. Тольятти;68,0;Муниципальная казна
130;П1300000011915;;Сеть ливневой канализации от первых колодцев до колодца КК12;Самарская область, Автозаводский район, г. Тольятти;264,0;Муниципальная казна
131;П1300000013982;;Участок тепловой сети от Ут.14 до ЦТП-161;Самарская область, Автозаводский район, г. Тольятти, б-р Цветной, д. 4, стр. а, квартал 16;19,7;Муниципальная казна
132;П1300000014094;;Водосток вдоль автодороги по проезду Служебный от колодца № 158 до колодца № 64;Самарская область, Автозаводский район, г. Тольятти, проезд Служебный;595,2;Муниципальная казна
133;П1300000014272;;Наружные сети водоснабжения, пожарные гидранты ПГ-1, ПГ-2;Самарская область, Комсомольский район, г. Тольятти, в границах земельного участка с кадастровым номером 63:09:0204067:1172, адрес ориентира: Российская Федерация, Самарская область, городской округ Тольятти, г.Тольятти, улица Ивана Красюка, здание 1;212,0;Муниципальная казна
134;П1200000000070;;Наружные сети канализации;Самарская обл., г. Тольятти, в/ч 52461, в/г № 7;;Муниципальная казна
135;П1300000014073;;Участок сети дождевой канализации от колодца № 3 до колодца № 1;Самарская область, Автозаводский район, г. Тольятти, ул. Свердлова, д. 35, (1-М);40,0;Муниципальная казна
136;П1300000011886;;Сети ливневой канализации от колодца № 6 до № 6а кв13;Самарская область, Автозаводский район, г. Тольятти;5,0;Муниципальная казна
137;П1300000014013;;КНС-12;Самарская область, Автозаводский район, г. Тольятти, западнее здания, имеющего адрес: ул. Свердлова, 51;;Муниципальная казна
138;П1300000014084;;Водосток №27-А по Н-10;Самарская область, Автозаводский район, г. Тольятти, пр-кт Ленинский, квартал 9;717,0;Муниципальная казна
139;П1300000012174;;Участок сети водоснабжения от ВК-287 в 11 квартале кольцевая водопр. сеть вокруг дет. сад Л,К (ул. Жукова, 15), Dy 150;Самарская область, Автозаводский район, г. Тольятти;591,0;Муниципальная казна
140;П1300000012025;;Сеть ливневой канализации от колодца №45 до №16;Самарская область, Автозаводский район, г. Тольятти;40,0;Муниципальная казна
141;П1300000013246;;Тепловая сеть - транзит по жилому дому (ул.Жилина, 17);Самарская область, Центральный район, г. Тольятти, ул. Жилина, д. 17;66,0;Муниципальная казна
142;П1300000011599;;"Сети водоснабжения 14 квартала; от Вк-370 до 26-Л (ул.40 лет Победы,84); ввод от Уз.63 до ЦТП-142 Dy-150; от Вк-373 до 26-И (ул.40 лет Победы,76); от т.78 до т.101 (в коллекторе вдоль Н-21)";Самарская область, Автозаводский район, г. Тольятти, юго-западнее здания, имеющего адрес: улица 40 лет Победы, 70;893,0;Муниципальная казна
143;П1300000012192;;Участок сети водоснабжения по дому 12-М (ул. Юбилейная, 1) в 4 квартале;Самарская область, Автозаводский район, г. Тольятти, по тех.подполью здания, имеющего адрес: улица Юбилейная, 1;358,0;Муниципальная казна
144;П1300000012017;;Сеть ливневой канализации от колодца № 34 до № 1;Самарская область, Автозаводский район, г. Тольятти, северо-восточнее здания, имеющего адрес: улица Ворошилова, 49;694,0;Муниципальная казна
145;П1300000013989;;Участок тепловой сети (Т-Т1);Самарская область, Автозаводский район, г. Тольятти, пр-кт Московский, д. 9, квартал 2;6,6;Муниципальная казна
146;П1300000013941;;Сети бытовой канализации от первых колодцев здания до колодца КК-44 на хозбытовом коллекторе по б-ру Кулибина;"Самарская область, Автозаводский район, г. Тольятти, б-р Кулибина, д. 1, 4-дс-1, МБУ детский сад № 73 ""Дельфин""";83,0;Муниципальная казна
147;П1300000013975;;Участок тепловой сети от К1 до 27-П;Самарская область, Автозаводский район, г. Тольятти, б-р Космонавтов, д. 2, квартал 15;23,4;Муниципальная казна
148;П1300000014069;;Участок сети дождевой канализации от колодца № 6 до колодца № 3;Самарская область, Автозаводский район, г. Тольятти, севернее жилого дома, имеющего адрес: Ленинский проспект, 36 (1-К);134,0;Муниципальная казна
149;П1300000011971;;Участок водопроводной сети (от ВК-347 до ВК-67 через улицу Спортивная);Самарская область, Автозаводский район, г. Тольятти, ул. Спортивная;67,0;Муниципальная казна
150;П1300000014000;;Участок тепловой сети от Тк.1 до Тк.3(7);Самарская область, Автозаводский район, г. Тольятти, ул. Маршала Жукова, д. 21, корпус Б;178,4;Муниципальная казна
151;П1000000000173;;Автодорога по проезду 5-ый Лесной;Самарская область, Центральный район, г. Тольятти, проезд Лесной 5-й;389,0;Муниципальная казна
152;П1300000013985;;Участок тепловой сети от корпуса Г до корпуса В (медгородок);Самарская область, Автозаводский район, г. Тольятти, б-р Здоровья, д. 25;18,0;Муниципальная казна
153;П1300000012031;;Сеть бытовой канализации от колодца №17 до №б/н, от колодца №б/н до №11, от колодца № б/н до №6, от колодца №6 до №5, от колодца №6 до №4, от колодца №4 до №3, от колодца №4 до №1;Самарская область, Автозаводский район, г. Тольятти, северо-восточнее, восточнее здания, имеющего адрес: улица Свердлова, дом 17-а;322,0;Муниципальная казна
154;П1300000014066;;Тепловая сеть от ТК до КНС-8;Самарская область, Центральный район, г. Тольятти, западнее здания, имеющего адрес: ул. Лесная, 3б квартал 143;10,0;Муниципальная казна
155;П1300000010676;;"Тепловая сеть от Тк11 до жилого дома ул. Белорусская, 13; от Ут1(Тк7) до жилого дома поз.26-28 по ул. Республиканской; от Тк2 до Тк6, от Тк6 до жилого дома ул. Белорусская,3 и ж/д № 19 по ул. Белорусской; от Тк6 до жилого дома ул. Белорусская, 7";Самарская область, Центральный район, г. Тольятти, ул. Республиканская и ул. Белорусская;467,0;Муниципальная казна
156;П1300000011855;;Участок сети бытовой канализации от существующего колодца до здания по ул. Юбилейная, 9 (12-ц) в 4 кв;Самарская область, Автозаводский район, г. Тольятти, севернее здания, имеющего адрес: улица Юбилейная, дом 9;75,0;Муниципальная казна
157;П1300000009145;;Открытая стоянка для троллейбусов;Самарская область, Комсомольский район, г. Тольятти, ул. Громовой, д. 55;;Хозяйственное ведение
158;П1300000009152;;Открытая площадка  ТП-6;Самарская область, Автозаводский район, г. Тольятти, б-р Татищева, д. 10;;Хозяйственное ведение
159;П1200000000072;;Наружные сети электроснабжения;Самарская обл., г. Тольятти, в/ч 52461, в/г № 7;;Муниципальная казна
160;П1300000012220;;"Участок сети водоснабжения ввод от Уз-29; от Уз.15 до Уз. 16,17,27,29; от Уз28 по дому 10-В (пр-т Ст. Разина,26) и до уз 14 в 5 квартале";Самарская область, Автозаводский район, г. Тольятти;729,0;Муниципальная казна
161;П1300000014029;;Транзитные теплосети по техподполью жилого дома;Самарская область, Комсомольский район, г. Тольятти, ул. Новосадовая, д. 3;30,0;Муниципальная казна
162;П1300000014275;;Тепловые сети;Самарская область, Автозаводский район, г. Тольятти, б-р Итальянский, д. 26;10,0;Муниципальная казна
163;П1300000011604;;Сети водоснабжения 15 квартала: от ВК-1а (ул.Ворошилова,19) до ВК-46 (ул.Ворошилова, 11);Самарская область, Автозаводский район, г. Тольятти;252,0;Муниципальная казна
164;П1300000011983;;Сеть ливневой канализации от колодца №7 до б/н, от колодца №б/н до № б/н;Самарская область, Автозаводский район, г. Тольятти, квартал 5;19,0;Муниципальная казна
165;П1300000013998;;Участок тепловой сети от Тк  до лицея 2 ввод;Самарская область, Автозаводский район, г. Тольятти, ул. Воскресенская, д. 18;115,7;Муниципальная казна
166;П1300000012015;;Сеть ливневой канализации от колодца №9 до №2;Самарская область, Автозаводский район, г. Тольятти;16,0;Муниципальная казна
167;П1300000013277;;Сети ливневой канализации: подключения от дождеприемников по ул.Дзержинского;Самарская область, Автозаводский район, г. Тольятти, ул. Дзержинского, сооружение 1;1302,1;Муниципальная казна
168;П1300000011815;;Подземный переход под дорогой на ул. Борковской;Самарская область, Автозаводский район, г. Тольятти, северо-восточнее здания, имеющего адрес: ул. Борковская, 60, строение 1;;Муниципальная казна
169;П1300000014031;;Транзитные теплосети по техподполью жилого дома;Самарская область, Комсомольский район, г. Тольятти, ул. Новосадовая, д. 9;30,0;Муниципальная казна
170;П1300000012210;;Участок сети водоснабжения от Уз 25 до дома 10-Б (б-р Орджоникидзе, 15), по дому 10-Б (б-р Орджоникидзе,15), в 5 квартале;Самарская область, Автозаводский район, г. Тольятти, по тех.подполья здания, имеющего адрес: бульвар Орджоникидзе, 15;544,0;Муниципальная казна
171;П1300000014238;;"Участок сети водоснабжения 16 квартала: к ПГ-48; ПГ-49; ПГ-33; ПГ-34; ПГ в р-не УТ-3 и ВК-6";Самарская область, Автозаводский район, г. Тольятти, юго-восточнее здания, имеющего адрес: улица Автостроителей, 13;22,0;Муниципальная казна
172;П1300000009151;;Открытая площадка для пр.разв. м. ТП-3;Самарская область, Центральный район, г. Тольятти, между Центральным районом и Портпоселком;;Хозяйственное ведение
173;П1300000013992;;Участок тепловой сети Уз12-13-3а(23)-10-Х;Самарская область, Автозаводский район, г. Тольятти, б-р Орджоникидзе, д. 19, квартал 5;19,9;Муниципальная казна
174;П1300000011925;;Сеть ливневой канализации от колодца № 1 до № 40;Самарская область, Автозаводский район, г. Тольятти;20,0;Муниципальная казна
175;П1300000011907;;"Сеть бытовой канализации от д/с № 210 ""Ладушки"" до колодца КК9";Самарская область, Автозаводский район, г. Тольятти, западнее, южнее, северо-восточнее здания, имеющего адрес: улица 40 лет Победы, 32;247,0;Муниципальная казна
176;П1300000014002;;Участок тепловой сети от Тк.3(7) до Тк.4(9);Самарская область, Автозаводский район, г. Тольятти, ул. Маршала Жукова, д. 21, корпус В;29,8;Муниципальная казна
177;П1300000008984;;Тепловые сети;Самарская область, Автозаводский район, г. Тольятти, севернее, северо-восточнее здания, имеющего адрес: ул. Маршала Жукова, 56;220,0;Муниципальная казна
178;П1300000014040;;Транзитные теплосети по техподполью жилого дома;Самарская область, Комсомольский район, г. Тольятти, ул. Новосадовая, д. 15;60,0;Муниципальная казна
179;П1300000014067;;Тепловая сеть от ТК-45/12-1 до КНС-5;Самарская область, Центральный район, г. Тольятти, ул. Баныкина, д. 5, стр. б, квартал 95;47,5;Муниципальная казна
180;П1000000000160;;Автодорога по проезду 3-ий Лесной;Самарская область, Центральный район, г. Тольятти, проезд Лесной 3-й;479,0;Муниципальная казна
181;П1300000011954;;Участок сети водопровода (участки вдоль Приморского бульвара от врезки в перемычку до угла поворота Н-14/Н-1). 8 квартал;Самарская область, Автозаводский район, г. Тольятти;883,0;Муниципальная казна
182;П1300000014072;;Водосток № 5-А от колодца № 4 до колодца № 13/19;Самарская область, Автозаводский район, г. Тольятти, севернее здания, имеющего адрес: ул. Свердлова, 51;172,0;Муниципальная казна
183;П1300000008957;;Участок дороги, протяженность 727,83 п.м.;Самарская область, Центральный район, г. Тольятти, Квартал 18, лыжная база;727,8;Муниципальная казна
184;П1300000011868;;Сети бытовой канализации от начального колодца до № 14;Самарская область, Автозаводский район, г. Тольятти;7,0;Муниципальная казна
185;П1300000012182;;Участок сети водоснабжения по дому 11-К (ул. Дзержинского, 49) в 4 квартале;Самарская область, Автозаводский район, г. Тольятти, по тех.подполью здания, имеющего адрес: улица Дзержинского, 49;346,0;Муниципальная казна
186;П1300000009673;;"Сети водоснабжения от ВК-1 до ЦТП-92; от Лит В1 до ж/д Ж(9Г); от Лит В3 до ж/д Г(9г)";Самарская область, Автозаводский район, г. Тольятти, (ул. Свердлова, д. 9В-9Г);385,0;Муниципальная казна
187;П1300000011929;;Сеть ливневой канализации от колодца № 5 до № 4, от колодца № 7 до № 6;Самарская область, Автозаводский район, г. Тольятти;14,0;Муниципальная казна
188;П1300000014026;;Транзитная теплосеть по техподполью жилого дома;Самарская область, Комсомольский район, г. Тольятти, ул. 60 лет СССР, д. 32;30,0;Муниципальная казна
189;П1300000013311;;Сети дождевой канализации в районе д.18 по ул.Воскресенская;Самарская область, Автозаводский район, г. Тольятти, в районе д.18 по ул.Воскресенская;916,0;Муниципальная казна
190;П1300000013983;;Участок тепловой сети от Тк до стены здания д/с № 209 (29-ДС-1);Самарская область, Автозаводский район, г. Тольятти, ул. Автостроителей, д. 19, квартал 16;58,3;Муниципальная казна
191;П1300000014041;;Транзитные теплосети по техподполью жилого дома;Самарская область, Комсомольский район, г. Тольятти, ул. Новосадовая, д. 16;30,0;Муниципальная казна
192;П1300000011845;;Участок сети бытовой канализации от существующего колодца до здания б-р Кулибина, 6 в 2 кв;Самарская область, Автозаводский район, г. Тольятти, севернее, северо-восточнее здания, имеющего адрес: бульвар Кулибина, дом 6;93,0;Муниципальная казна
193;П1300000012186;;Участок сети водоснабжения по дому 11-В (б-р Курчатова, 13), от 11-В до 11-Г, сеть по дому 11-Г (пр-т Ст. Разина, 10) в 4 квартале;Самарская область, Автозаводский район, г. Тольятти;396,0;Муниципальная казна
194;П1300000014075;;Участок сети дождевой канализации от колодца № 16 до колодца № 17;Самарская область, Автозаводский район, г. Тольятти, пр-кт Ленинский, д. 40, (2-М);16,8;Муниципальная казна
195;П1300000014279;;Наружные сети ливневой канализации;Самарская область, Автозаводский район, г. Тольятти, юго-западнее здания, имеющего адрес: Итальянский бульвар, 26;45,0;Муниципальная казна
196;П1200000000068;;Наружные сети водоснабжения;Самарская обл., г. Тольятти, в/ч 52461, в/г № 7;;Муниципальная казна
197;П1300000014079;;Участок сети дождевой канализации от колодца № 20а до колодца № 20;Самарская область, Автозаводский район, г. Тольятти, б-р Королева, д. 8, (5-К);20,1;Муниципальная казна
198;П1300000013980;;Участок тепловой сети от т.А до 29-РМ;Самарская область, Автозаводский район, г. Тольятти, ул. 70 лет Октября, д. 47, квартал 16;26,0;Муниципальная казна
199;П1300000014087;;Участок сети дождевой канализации от колодца № 4 до колодца № 3;Самарская область, Автозаводский район, г. Тольятти, переход через ул. Дзержинского квартал 31;37,4;Муниципальная казна
200;П1300000014034;;Транзитные теплосети по техподполью жилого дома;Самарская область, Комсомольский район, г. Тольятти, ул. 60 лет СССР, д. 7;30,0;Муниципальная казна
201;П1300000011947;;Сеть ливневой канализации от начального колодца до № 24;Самарская область, Автозаводский район, г. Тольятти;28,0;Муниципальная казна
202;П1300000011652;;участок сети водоснабжения перемычка через ул. Дзержинского от ВК-267 до ВК-256, вдоль ул. Дзержинского до ВК-274, по ул. Ворошилова от ВК-274 до ВК-102, от УЗ-72 до УЗ-73 по ул. Свердлова, от УЗ-73 до ЦТП-102, от ЦТП-102 до д. 15-М, от УЗ-9 до т. 13, от УЗ-5ПВ до Соборного комплекса;Самарская область, Автозаводский район, г. Тольятти, южнее, юго-восточнее здания, имеющего адрес: ул. Дзержинского, 56;5509,0;Муниципальная казна
203;П1300000014003;;Участок тепловой сети от Тк.4 до корпуса Г;Самарская область, Автозаводский район, г. Тольятти, ул. Маршала Жукова, д. 21, корпус Г;30,0;Муниципальная казна
204;П1300000014004;;Участок тепловой сети от Тк.1 до корп.Д;Самарская область, Автозаводский район, г. Тольятти, ул. Маршала Жукова, д. 21, корпус Д;125,4;Муниципальная казна
205;П1300000011921;;Сеть ливневой канализации от ЦТП-173 до № 12;Самарская область, Автозаводский район, г. Тольятти;12,0;Муниципальная казна
206;П1300000011899;;Сеть бытовой канализации от первых колодцев здания школы № 93 и хозблока до колода КК-21/127 на хозбытовом коллекторе по Южному шоссе;Самарская область, Автозаводский район, г. Тольятти, юго-западнее, северо-западнее, северо-восточнее здания, имеющего адрес: улица 40 лет Победы, 10;662,0;Муниципальная казна
207;П1300000008803;;Ливневая канализация от К6 до К4, от К13 до К16, от ЛК24 до ЛК9, от ЛК27 до ЛК8, от К26 до ЛК7, от ЛК1 до ЛК11, от К6 до К11, от К16 до ЛК4;Самарская область, Автозаводский район, г. Тольятти, ул. Маршала Жукова, д. 56;808,0;Муниципальная казна
208;П1300000014276;;Наружные сети водоснабжения;Самарская область, Автозаводский район, г. Тольятти, севернее здания, имеющего адрес: Итальянский бульвар, 26;10,0;Муниципальная казна
209;П1300000014033;;Транзитные теплосети по техподполью жилого дома;Самарская область, Комсомольский район, г. Тольятти, ул. Академика Вавилова, д. 29;60,0;Муниципальная казна
210;П1300000009675;;"Сети водоснабжения участок сети от ВК-31 до ВК-252; участок сети от уз.77 до ВК-31; участок сети от ВК-30 до ВК-34";Самарская область, Автозаводский район, г. Тольятти;741,0;Муниципальная казна
211;П1300000012178;;Участок сети водоснабжения от Уз 17 до уз 18 (вниз по ул. Революционной, рядом  с автосервисом), от уз 18 (Спортцентр) до ВК-61а в 8 квартале;Самарская область, Автозаводский район, г. Тольятти;1059,0;Муниципальная казна
212;П1300000014278;;Наружные сети бытовой канализации;Самарская область, Автозаводский район, г. Тольятти, севернее здания, имеющего адрес: Итальянский бульвар, 26;50,0;Муниципальная казна
213;П1300000011927;;Сеть ливневой канализации от колодца № 1 до № 40;Самарская область, Автозаводский район, г. Тольятти;28,0;Муниципальная казна
214;П1300000009153;;Асфальто-бетонная площадка;Самарская область, Автозаводский район, г. Тольятти, западнее территории учебного Центра ВАЗа;;Хозяйственное ведение
215;П1300000010702;;Ввод от ВК;Самарская область, Автозаводский район, г. Тольятти;80,0;Муниципальная казна
216;П1300000011903;;Сеть бытовой канализации от первых колодцев здания школы № 86 и хозблока до колодца КК-56 на внутриквартальном хозбытовом коллекторе;Самарская область, Автозаводский район, г. Тольятти, ул. 40 лет Победы, д. 44, (Школа № 86, 1-й корпус);213,0;Муниципальная казна
217;П1300000014074;;Участок сети дождевой канализации от колодца № 1 до колодца № 18;Самарская область, Автозаводский район, г. Тольятти, ул. Революционная, д. 26, (1-Х);60,0;Муниципальная казна
218;П1300000010262;;Участок сети водоснабжения до д.  Приморский, 20  от ВК-4 в 7 кв.;Самарская область, Автозаводский район, г. Тольятти;16,0;Муниципальная казна
219;П1300000011979;;Участок сети водопровода (часть маг. сети (от ВК-345 до ВК-114б) по улице Ворошилова. 13 квартал ;Самарская область, Автозаводский район, г. Тольятти;48,0;Муниципальная казна
220;П1300000014020;;Транзитные теплосети по техподполью жилого дома;Самарская область, Комсомольский район, г. Тольятти, ул. Лизы Чайкиной, д. 41;95,0;Муниципальная казна
221;П1300000014070;;Участок сети дождевой канализации от колодца № 12 до колодца № 11;Самарская область, Автозаводский район, г. Тольятти, б-р Баумана, д. 14, (2-Ж);45,4;Муниципальная казна
222;П1300000014065;;Тепловая сеть от ТК-IX-23 до здания по адресу: ул. Ленина, 44;Самарская область, Центральный район, г. Тольятти, ул. Ленина, д. 44;157,4;Муниципальная казна
223;П1300000014273;;Наружные сети бытовой канализации;Самарская область, Комсомольский район, г. Тольятти, в границах земельного участка с кадастровым номером 63:09:0204067:1172, адрес ориентира: Российская Федерация, Самарская область, городской округ Тольятти, г.Тольятти, улица Ивана Красюка, здание 1;178,0;Муниципальная казна
224;П1300000014023;;Транзитные теплосети по техподполью жилого дома (отопление);Самарская область, Комсомольский район, г. Тольятти, ул. 60 лет СССР, д. 5;30,0;Муниципальная казна
225;П1300000011951;;Участок водопроводной сети ДС№202 17-ДС-4 (Приморский, 25 от стены до ПГ8/6). 8 квартал;Самарская область, Автозаводский район, г. Тольятти, севернее здания, имеющего адрес: бульвар Приморский, 25;30,0;Муниципальная казна
226;П1300000014088;;Водосток № 3 по ул. Юбилейной от колодца № 1 до колодца № 7/11;Самарская область, Автозаводский район, г. Тольятти, квартал 31;384,0;Муниципальная казна
227;П1300000014039;;Транзитные теплосети по техподполью жилого дома;Самарская область, Комсомольский район, г. Тольятти, ул. Новосадовая, д. 11;30,0;Муниципальная казна
228;П1300000011909;;Сеть бытовой канализации от колодца № 30 до № 70 жилого дома по ул. 70 лет Октября, д. 17;Самарская область, Автозаводский район, г. Тольятти, юго-восточнее, северо-восточнее здания, имеющего адрес: улица 70 лет Октября, 17;119,0;Муниципальная казна
229;П1300000011363;;Сеть бытовой канализации от колодца №20а до №20;Самарская область, Автозаводский район, г. Тольятти, северо-западнее здания, имеющего адрес: проспект Степана Разина, д. 9;49,0;Муниципальная казна
230;П1300000011901;;Сеть бытовой канализации от ЦТП-173 до № 9;Самарская область, Автозаводский район, г. Тольятти;24,0;Муниципальная казна
231;П1300000014035;;Транзитные теплосети по техподполью жилого дома;Самарская область, Комсомольский район, г. Тольятти, ул. 60 лет СССР, д. 11;50,0;Муниципальная казна
232;П1300000011636;;"Участок сети водоснабжения магазин ""Цветы"" второй ввод по ул.Революционная в 6 квартале";Самарская область, Автозаводский район, г. Тольятти;25,0;Муниципальная казна
233;П1300000009154;;Открытая площадка  ТП-8;Самарская область, Автозаводский район, г. Тольятти, южнее территории Приморского бульвара;;Хозяйственное ведение
234;П1300000012096;;Сети бытовой канализации от колодца №44' до №10';Самарская область, Автозаводский район, г. Тольятти, юго-восточнее здания имеющего адрес: улица Фрунзе, 8-б;675,0;Муниципальная казна
235;П1300000009150;;Открытая площадка для подъезда разв.;Самарская область, Центральный район, г. Тольятти, Парк Центрального района;;Хозяйственное ведение
236;П1300000012124;;Асфальто-бетонная площадка;Самарская область, Центральный район, г. Тольятти, южнее здание, имеющего адрес: улица Ленина, 83;;Муниципальная казна
237;П1300000014025;;Транзитная теплосеть по техподполью жилого дома;Самарская область, Комсомольский район, г. Тольятти, ул. 60 лет СССР, д. 30;30,0;Муниципальная казна
238;П1300000010700;;Участок водопровода - ввод от ВК;Самарская область, Автозаводский район, г. Тольятти;27,0;Муниципальная казна
239;П1300000014030;;Транзитные теплосети по техподполью жилого дома;Самарская область, Комсомольский район, г. Тольятти, ул. Новосадовая, д. 5;60,0;Муниципальная казна
240;П1300000011749;;Водопроводные сети Центрального района (частный сектор) по пр. Молодёжный;Самарская область, Центральный район, г. Тольятти;700,0;Муниципальная казна
241;П1300000013999;;Участок тепловой сети от Тк.3(7) до корп.Б;Самарская область, Автозаводский район, г. Тольятти, ул. Маршала Жукова, д. 21, корпус Б;87,8;Муниципальная казна
242;П1300000011893;;Сети ливневой канализации по ул. Спортивной на пересечении с ул. Жукова;Самарская область, Автозаводский район, г. Тольятти;58,0;Муниципальная казна
243;П1000000000104;;Автодорога по проезду Рыночный;Самарская область, Центральный район, г. Тольятти, проезд Рыночный;357,0;Муниципальная казна
244;П1300000012208;;"Участок сети водоснабжения от Уз 56 до дома 9-Р (б-р Орджоникидзе, 6), через дом 9-Р (б-р Орджоникидзе, 6), до дома 10-Н (б-р Орджоникидзе,11); от Уз 40 до Уз 41 и до дома 9-Н (б-р Орджоникидзе,2); сеть по дому 9-Н (б-р Орджоникидзе,2) и до уз 57 и 5 квартале";Самарская область, Автозаводский район, г. Тольятти, севернее здания, имеющего адрес: бульвар Орджоникидзе, 11;687,0;Муниципальная казна
245;П1300000014277;;Наружные сети производственной канализации;Самарская область, Автозаводский район, г. Тольятти, севернее здания, имеющего адрес: Итальянский бульвар, 26;8,0;Муниципальная казна
246;П1300000013942;;Сеть бытовой канализации № 112 до № 28;Самарская область, Автозаводский район, г. Тольятти, ул. Дзержинского, Н-20 магистральный коллектор;678,4;Муниципальная казна
247;П1300000012196;;Участок сети водоснабжения транзит по тех. подполью (Ленинский, 18), 5 квартал;Самарская область, Автозаводский район, г. Тольятти, по тех.подполью здания, имеющего адрес: Ленинский проспект, 18;340,0;Муниципальная казна
248;П1300000010251;;Участок сети водоснабжения от ВК-2 вдоль ул. Жукова до т. врезки в коллектор (ВК 125) в 3б квартале;Самарская область, Автозаводский район, г. Тольятти, восточнее, северо-восточнее, севернее, юго-восточнее здания, имеющего адрес: проспект Ленинский, дом 1-В;492,0;Муниципальная казна
249;П1300000013936;;Сети бытовой канализации от колодца № 79 до № 71, от колодца № 77 до № 40, от колодца № 80 до № 86, от колодца № 86 до № 87;Самарская область, Автозаводский район, г. Тольятти, ул. Свердлова, д. 41, Ж/д - 1-Ж квартал 1;512,0;Муниципальная казна
250;П1300000014027;;Транзитные теплосети по техподполью жилого дома;Самарская область, Комсомольский район, г. Тольятти, ул. Академика Вавилова, д. 21;30,0;Муниципальная казна
251;П1300000014363;;Т/сети от котельной №6 по ул.Магистральная, 3Б и ввод отопления на воинскую часть 5ВСО;Самарская область, Комсомольский район, г. Тольятти, ул. Магистральная;412,4;Муниципальная казна
252;П1300000011759;;Волейбольная площадка;Самарская область, Комсомольский район, г. Тольятти, южнее здания, имеющего адрес: ул. Лизы Чайкиной, 56;;Муниципальная казна
253;П1300000014092;;Водосток № 30-А;Самарская область, Автозаводский район, г. Тольятти, ул. Маршала Жукова;232,0;Муниципальная казна
254;П1300000009155;;Асфальто-бетонная площадка;Самарская область, Автозаводский район, г. Тольятти, Промкомзона ВАЗа;;Хозяйственное ведение
255;П1300000011852;;Участок сети ливневой канализации от существующего колодца до здания по ул. Маршала Жукова, 42 в 11 кв;Самарская область, Автозаводский район, г. Тольятти;292,0;Муниципальная казна
256;П1300000014068;;Тепловая сеть от УТ-2 до КНС-9;Самарская область, Центральный район, г. Тольятти, восточнее здания, имеющего адрес: ул. Тимирязева, 25;35,8;Муниципальная казна
257;П1300000010701;;Участок водопровода - ввод от ВК;Самарская область, Автозаводский район, г. Тольятти;73,0;Муниципальная казна
258;П1300000011997;;Сеть ливневой канализации от колодца №15 до № 18;Самарская область, Автозаводский район, г. Тольятти;47,0;Муниципальная казна
259;П1200000000094;63:00:0000000:31363;"Автодорога от Обводного шоссе до СДТ ""Юбилей"",расположенного на территории Центрального района в пределах кадастрового квартала 63:09:0306032 Самарская область, г.Тольятти";Самарская область, г. Тольятти;4797,0;Муниципальная казна
260;П1200000000098;63:00:0000000:31577;Коллектор ХБС от п. Поволжский до ТОАЗа;Самарская область, Российская Федерация,Самарская область, муниципальный район Ставропольский;15620,0;Муниципальная казна
261;П1300000014840;63:00:0000000:31602;Водовод от водозабора до мкр. Поволжский;Самарская область, г. Тольятти, от водозабора до мкр. Поволжский;2129,0;Муниципальная казна
262;П1000000000367;63:00:0000000:615;Автодорога по Поволжскому шоссе;Самарская область, Комсомольский район, г. Тольятти, от улицы Раздольной до улицы Громовой, юго-западнее здания, имеющего адрес: Поволжское шоссе, 32;15172,0;Муниципальная казна
263;П1000000000239;63:00:0000000:616;Автодорога по улице Офицерской;Самарская область, Автозаводский район, г. Тольятти, от улицы Борковской до объекта недвижимости, имеющего адрес: улица Офицерская, 8;2275,0;Муниципальная казна
264;П1300000014266;63:09:0000000:10035;Сквер в Портпоселке;Самарская область, Центральный район, г. Тольятти;;Оперативное управление
265;П1300000012043;63:09:0000000:10059;Сеть бытовой канализации от колодца №6 до №4, от колодца №4 до №б/н от колодца №б/н до №5;Самарская область, Автозаводский район, г. Тольятти, юго-восточнее, южнее здания, имеющего адрес: проспект Степана Разина, дом 60;217,0;Муниципальная казна
266;П1300000014375;63:09:0000000:10076;Участок сети теплоснабжения от ТК-2 до здания, расположенного по адресу: Комсомольский район, ул. Коммунистическая, д. 100;Самарская область, Комсомольский район, г. Тольятти;77,0;Муниципальная казна
267;П1300000011731;63:09:0000000:10092;Водопроводные сети Центрального района (частный сектор) по пр. Урожайный;Самарская область, Центральный район, г. Тольятти, проезд Урожайный;787,0;Муниципальная казна
268;П1300000011709;63:09:0000000:10096;Водопроводные сети Центрального района (частный сектор) по пр. 1-ый Одесский;Самарская область, Центральный район, г. Тольятти;212,0;Муниципальная казна
269;П1300000011733;63:09:0000000:10097;Водопроводные сети Центрального района (частный сектор) по ул. Марии Ульяновой;Самарская область, Центральный район, г. Тольятти;342,0;Муниципальная казна
270;П1300000014338;63:09:0000000:10098;"Сети водоснабжения Перемычка через 70 лет Октября, от Уз11 до ТК-3;от ТК-3 до НК-11,от ТК-3 до врезки к дому 36-Ф; вдоль 36-М до точ.3 в коллекторе; от ТК-3 до ТК-49 (вдоль 36-Д); Тополиная 31, вводы; от ЦТП-172 до перемычки,2 ввода
Сети водоснабжения Перемычка через 70 лет Октября, от Уз11 до ТК-3;от ТК-3 до НК-11,от ТК-3 до врезки к дому 36-Ф;вдоль 36-М до точ.3 в коллекторе; от ТК-3 до ТК-49 (вдоль 36-Д);Тополиная 31, вводы; от ЦТП-172 до перемычки,2 ввода";Самарская область, Автозаводский район, г. Тольятти, северо-восточнее здания, имеющего адрес: улица Тополиная, дом 31;734,0;Муниципальная казна
271;П1300000012072;63:09:0000000:10099;Сети бытовой канализации от колодца №23' до №21', от колодца №21' до №19', от колодца №19' до №11', от колодца №11' до №10';Самарская область, Автозаводский район, г. Тольятти, юго-западнее здания, имеющего адрес: улица Маршала Жукова, дом 11;654,0;Муниципальная казна
272;П1300000011785;63:09:0000000:10102;Водопроводные сети Комсомольского района (частный сектор) по пр. Майский;Самарская область, Комсомольский район, г. Тольятти, южнее, юго-восточнее здания, имеющего адрес: ул. Телеграфная, 7;200,0;Муниципальная казна
273;П1300000011767;63:09:0000000:10103;Водопроводные сети Комсомольского района (частный сектор) по пр. 3-ий Мирный;Самарская область, Комсомольский район, г. Тольятти, юго-восточнее здания, имеющего адрес: ул. Телеграфная, 74;731,0;Муниципальная казна
274;П1300000011773;63:09:0000000:10104;Водопроводные сети Комсомольского района (частный сектор) по ул.Бориса Коваленко;Самарская область, Комсомольский район, г. Тольятти, юго-восточнее здания, имеющего адрес: ул. Бориса Коваленко, 53;247,0;Муниципальная казна
275;П1300000011769;63:09:0000000:10105;Водопроводные сети Комсомольского района (частный сектор) по ул. Брестская;Самарская область, Комсомольский район, г. Тольятти, юго-восточнее здания, имеющего адрес: ул. Брестская, 55;228,0;Муниципальная казна
276;П1300000011771;63:09:0000000:10106;Водопроводные сети Комсомольского района (частный сектор) по пр. Осиновый;Самарская область, Комсомольский район, г. Тольятти, северо-западнее здания, имеющего адрес: проезд Осиновый, 29;404,0;Муниципальная казна
277;П1300000011710;63:09:0000000:10122;Водопроводные сети Центрального района (частный сектор) по пр. 2-ой Одесский;Самарская область, Центральный район, г. Тольятти, проезд Одесский 2-й;312,0;Муниципальная казна
278;П1300000012271;63:09:0000000:10123;Водопроводные сети Центрального района (частный сектор) по ул. Ставропольская;Самарская область, Центральный район, г. Тольятти, северо-восточнее здания, имеющего адрес: ул. Ставропольская, 66;474,0;Муниципальная казна
279;П1300000011730;63:09:0000000:10124;Водопроводные сети Центрального района (частный сектор) по пр. Тверской;Самарская область, Центральный район, г. Тольятти, проезд Тверской;427,0;Муниципальная казна
280;П1300000012273;63:09:0000000:10131;Водопроводные сети Центрального района (частный сектор) по пр. Свободы;Самарская область, Центральный район, г. Тольятти, восточнее здания, имеющего адрес: ул. Ставропольская, 3;286,0;Муниципальная казна
281;П1300000011648;63:09:0000000:10132;Водопроводные сети Центрального района (частный сектор) по пер. 1-ый Парковый;Самарская область, Центральный район, г. Тольятти, пер. Парковый 1-й;243,0;Муниципальная казна
282;П1000000000470;63:09:0000000:10145;"Автодорога от переправы по ул. Бурлацкая полуострова Копылово до СНТ ""Яблонька"" полуострова
""Копылово"" Комсомольского района";Самарская область, Комсомольский район, г. Тольятти;1310,0;Муниципальная казна
283;П1000000000471;63:09:0000000:10153;Автодорога от улицы Спортивная до Набережной Автозаводского района;Самарская область, Автозаводский район, г. Тольятти, от улицы Спортивная до Набережной Автозаводского района;440,0;Муниципальная казна
284;П1000000000476;63:09:0000000:10166;Автодорога от пересечения ул. Вокзальная и шоссе Хрящевское до административного здания, расположенного по адресу: Центральный район, шоссе Обводное, д. 34;Центральный район, Самарская область, городской округ Тольятти, от Хрящевского шоссе, восточнее здания № 20 по Хрящевскому шоссе, до здания № 34 по Обводному шоссе;1622,0;Муниципальная казна
285;П1300000011721;63:09:0000000:10172;Водопроводные сети Центрального района (частный сектор) по пр. 9 Января;Самарская область, Центральный район, г. Тольятти, по пр. 9 Января;839,0;Муниципальная казна
286;П1300000011723;63:09:0000000:10175;Водопроводные сети Центрального района (частный сектор) по пр. Сосновый;Самарская область, Центральный район, г. Тольятти, по пр. Сосновый;613,0;Муниципальная казна
287;П1300000011725;63:09:0000000:10178;Водопроводные сети Центрального района (частный сектор) по пр. Яблоневый;Самарская область, Центральный район, г. Тольятти;557,0;Муниципальная казна
288;П1300000011726;63:09:0000000:10179;Водопроводные сети Центрального района (частный сектор) по пр. Печорский;Самарская область, Центральный район, г. Тольятти;749,0;Муниципальная казна
289;П1300000011728;63:09:0000000:10180;Водопроводные сети Центрального района (частный сектор) по пр. Студенческий;Самарская область, Центральный район, г. Тольятти;629,0;Муниципальная казна
290;П1300000011734;63:09:0000000:10181;Водопроводные сети Центрального района (частный сектор) по ул. Пугачевская;Самарская область, Центральный район, г. Тольятти;505,0;Муниципальная казна
291;П1300000011727;63:09:0000000:10182;Водопроводные сети Центрального района (частный сектор) по пр. Бородинский;Самарская область, Центральный район, г. Тольятти;634,0;Муниципальная казна
292;П1300000011718;63:09:0000000:10183;Водопроводные сети Центрального района (частный сектор) по пр. Озерный;Самарская область, Центральный район, г. Тольятти, по пр. Озерный;409,0;Муниципальная казна
293;П1300000011751;63:09:0000000:10193;Водопроводные сети Центрального района (частный сектор) по пр. Рабочий;Самарская область, Центральный район, г. Тольятти;743,0;Муниципальная казна
294;П1300000011732;63:09:0000000:10194;Водопроводные сети Центрального района (частный сектор) по ул. Герцена;Самарская область, Центральный район, г. Тольятти, северо-восточнее здания, имеющего адрес: ул. Кирова, 106;1311,0;Муниципальная казна
295;П1300000011729;63:09:0000000:10195;Водопроводные сети Центрального района (частный сектор) по пр. Енисейский;Самарская область, Центральный район, г. Тольятти;1014,0;Муниципальная казна
296;П1300000011867;63:09:0000000:10196;Канализационные сети Центрального района (частный сектор) по пр. 1-ый Одесский;Самарская область, Центральный район, г. Тольятти, северо-западнее здания, имеющего адрес: пр. 1-ый Одесский, 84;70,0;Муниципальная казна
297;П1300000014409;63:09:0000000:10197;Сеть ливневой канализации от Кл через Кл1-Кл2 до Кл3;Самарская область, Центральный район, г. Тольятти, северо-западнее здания, имеющего адрес: ул. Баныкина, 8, строение 1;114,0;Муниципальная казна
298;П1300000014407;63:09:0000000:10198;Канализационные сети Центрального района (частный сектор) по пр. 3-ий Лесной;Самарская область, Центральный район, г. Тольятти, юго-западнее здания, имеющего адрес: проезд 3-ий Лесной,30;459,0;Муниципальная казна
299;П1300000014344;63:09:0000000:10217;Сеть ливневой канализации от жилого дома, расположенного по адресу: Автозаводский район, бульвар Приморский, д. 1;Самарская область, Автозаводский район, г. Тольятти, б-р Приморский;355,0;Муниципальная казна
300;П1300000014345;63:09:0000000:10218;Сеть бытовой канализации от жилого дома, расположенного по адресу: Автозаводский район, бульвар Приморский, д. 1;Самарская область, Автозаводский район, г. Тольятти, б-р Приморский;308,0;Муниципальная казна
301;П1300000014342;63:09:0000000:10219;Участок сети теплоснабжения от Ут1-Ут2-Ут3-ЦТП№ 114, ЦТП №114-УТ4 до жилого дома, расположенного по адресу: бульвар Приморский, д.1;Самарская область, Автозаводский район, г. Тольятти, б-р Приморский;324,0;Муниципальная казна
302;П1300000014343;63:09:0000000:10220;Сеть водоснабжения от ВК-1 через ЦТП-114 до жилого дома. расположенного по адресу: Автозаводской район, бульвар Приморский. д.1;Самарская область, Автозаводский район, г. Тольятти, б-р Приморский;171,0;Муниципальная казна
303;П1300000014352;63:09:0000000:10228;Сеть водоснабжения;Самарская область, Центральный район, г. Тольятти, ул. Комзина, д. 8;345,0;Муниципальная казна
304;П1300000010945;63:09:0000000:10229;Внутриквартальные тепловые сети котельной № 8 (мкр. Шлюзовой), построенные до 1991 года;Самарская область, Комсомольский район, г. Тольятти;18460,0;Муниципальная казна
305;П1600000000008;63:09:0000000:10247;Набережная Автозаводского района с объектами инженерно-технического обеспечения и элементами благоустройства;Самарская область, Российская Федерация, Самарская область, Тольятти г, Автозаводский р-н, юго-западнее и юго-восточнее здания, имеющего адрес: ул. Спортивная, д. 9;3275,0;Муниципальная казна
306;П1300000012335;63:09:0000000:10282;Канализационные сети Центрального района (частный сектор) по ул. Кошеля;Самарская область, Центральный район, г. Тольятти, северо-восточнее здания, имеющего адрес: ул. Кошеля, 65;196,0;Муниципальная казна
307;П1300000012319;63:09:0000000:10283;Канализационные сети Центрального района (частный сектор) по ул. Крупской;Самарская область, Центральный район, г. Тольятти, севернее здания, имеющего адрес: ул.Мичурина, 46;351,0;Муниципальная казна
308;П1300000011887;63:09:0000000:10293;Канализационные сети Центрального района (частный сектор) по ул.Шлютова;Самарская область, Центральный район, г. Тольятти;365,0;Муниципальная казна
309;П1300000011861;63:09:0000000:10294;Канализационные сети Центрального района (частный сектор) по ул.Уральская;Самарская область, Центральный район, г. Тольятти, северо-восточнее здания, имеющего адрес: пр. 2-ой Минский, 53;228,0;Муниципальная казна
310;П1300000014506;63:09:0000000:10295;Участок сети канализации до здания, расположенного по адресу: Центральный район, ул. Баныкина, д. 21 (от КК-1 до КК-29);Самарская область, Центральный район, г. Тольятти, ул. Баныкина, д. 21;59,0;Муниципальная казна
311;П1300000010682;63:09:0000000:10296;Тепловая сеть;Самарская область, Комсомольский район, г. Тольятти, промзона по ул. Коммунистической;412,0;Муниципальная казна
312;П1300000014454;63:09:0000000:10328;Сети бытовой канализации в районе д.№67 по ул. Ленина Центрального района;Самарская область, Центральный район, г. Тольятти, ул. Ленина, д. 67;87,0;Муниципальная казна
313;П1300000014452;63:09:0000000:10329;Коммуникационный коллектор от сущ. Уз. 17-3-в до Ут. 9, протяженностью 199,6 м., от Ут. 9 до Ут. 1, ч/з Ут. 11, протяженность 161 м., от Ут. 1 до 34-Е, протяженность 35.3 м., расположенный г. Тольятти, Автозаводский район, ул. Тополиная, 15 (34-Е);Самарская область, Автозаводский район, г. Тольятти, ул. Тополиная, д. 15;396,0;Муниципальная казна
314;П1300000014405;63:09:0000000:10352;"Канализационные сети Комсомольского района в районе КНС ООО ""СМИК"" до КНС по ул. Шлюзовой";Самарская область, Комсомольский район, г. Тольятти;1395,0;Муниципальная казна
315;П1300000014584;63:09:0000000:10359;Сеть ливневой канализации-водосток 3 43 и № 51 по ул. Автостроителей, Южному шоссе до ул. Тополиная от КЛ-1 через КЛ-53а до Кл-35;Самарская область, Автозаводский район, г. Тольятти, водостоки № 43 и № 51 по ул. Автостроителей и ЮЖному шоссе;1590,0;Муниципальная казна
316;П1300000014516;63:09:0000000:10383;Участок сети бытовой канализации от жилого дома, имеющего адрес: ул. Победы, д. 31, от КК-4 од КК-133 сущ.;Самарская область, Центральный район, г. Тольятти, ул. Победы, д. 31;184,0;Муниципальная казна
317;П1300000014533;63:09:0000000:10410;Участок сети ливневой канализации от КЛ-1а до КЛ-1 по ул. 40 лет Победы (пересечение с кольцевой развязкой Южного шоссе);Самарская область, Автозаводский район, г. Тольятти, ул. 40 лет Победы;220,0;Муниципальная казна
318;П1300000014514;63:09:0000000:10411;Канализационные сети Центрального района (частный сектор) по ул. Интернациональная;Самарская область, Центральный район, г. Тольятти, ул. Интернациональная;241,0;Муниципальная казна
319;П1300000014589;63:09:0000000:10415;Ливневая канализация от жилого дома, расположенная по адресу: Самарская обл., г. Тольятти, Центральный район, ул. Белорусская, 13;Самарская область, Центральный район, г. Тольятти, ул. Белорусская, д. 13;302,0;Муниципальная казна
320;П1300000014588;63:09:0000000:10416;Участок сети бытовой канализации от КК-7 до КК-33 в районе дома № 82 по ул. Комсомольской;Самарская область, Центральный район, г. Тольятти, ул. Комсомольская, д. 82;142,0;Муниципальная казна
321;П1000000000098;63:09:0000000:10418;Автодорога по проезду Школьный;Самарская область, Центральный район, г. Тольятти, проезд Школьный;346,0;Муниципальная казна
322;П1300000014553;63:09:0000000:10419;Бытовая канализация от КК102 до КК-326, расположенная по адресу: Самарская область, г. Тольятти, Автозаводский район, б-р Цветной, 1 (стр № 30М);Самарская область, Автозаводский район, г. Тольятти, б-р Цветной, д. 1;39,0;Муниципальная казна
323;П1300000014769;63:09:0000000:10422;Участок сети теплоснабжения от УТ 1 до жилого дома, расположенного по адресу: ул. Тополиная, д. 56-а;Самарская область, Автозаводский район, г. Тольятти, участок сети теплоснабжения от УТ 1 до жилого дома, расположенного по адресу: ул. Тополиная, д. 56-а;14,0;Муниципальная казна
324;П1300000014704;63:09:0000000:10433;Участок сети бытовой канализации от дома № 62 по Московскому проспекту от КК-1, через КК-7, КНС, КГ-Ш до КК-131а;Самарская область, Автозаводский район, г. Тольятти, пр-кт Московский, д. 62;371,0;Муниципальная казна
325;П1300000014559;63:09:0000000:10434;Участок сети водоснабжения до административного здания, расположенного по адресу: ул.Свердлова, д.45а;Самарская область, Автозаводский район, г. Тольятти, в районе дома 45а по ул. Свердлова;30,0;Муниципальная казна
326;П1300000014628;63:09:0000000:10436;Участок сети водоснабжения от ВК-124 до ВК-1, от ВК-1 через ВК-2/ПГ-1, ПГ-2, ПГ-3 до жилого дома, имеющего адрес: проспект Московский, д. 62;Самарская область, Автозаводский район, г. Тольятти, пр-кт Московский, д. 62;798,0;Муниципальная казна
327;П1300000014601;63:09:0000000:10438;Участок сети теплоснабжения от Ут5 до жилого дома, расположенного по адресу: ул. Лесопарковое шоссе, 60;Самарская область, Центральный район, г. Тольятти, ш. Лесопарковое, д. 60;18,0;Муниципальная казна
328;П1300000014631;63:09:0000000:10440;"Участок сети водоснабжения от ВК-ПГПр/4 через ПГ-Лб/3 до здания расположенного по адресу: Автозаводский район, ул. Маршала Жукова, д. 49
";Самарская область, Автозаводский район, г. Тольятти, ул. Маршала Жукова, д. 49;380,0;Муниципальная казна
329;П1300000014749;63:09:0000000:10441;Сеть бытовой канализации от начальных колодцев жилых домов № 44 и № 46 по Московскому проспекту Автозаводского района до КК-120а/5;Самарская область, Автозаводский район, г. Тольятти, пр-кт Московский, д. 44, 46;563,0;Муниципальная казна
330;П1300000014835;63:09:0000000:10442;Участок сети водоснабжения от ВК-6, от ВК-7/ПГ-17а/9 до здания, расположенного по адресу: ул. 40 лет Победы, д. 7;Самарская область, Автозаводский район, г. Тольятти, ул. 40 лет Победы, д. 7;80,0;Муниципальная казна
331;П1300000014809;63:09:0000000:10460;Участок сети теплоснабжения от ТК45/5 до жилого дома, расположенного по адресу: Центральный район, бульвар Ленина, д. 23;Самарская область, Центральный район, г. Тольятти, б-р Ленина, д. 23;32,0;Муниципальная казна
332;П1000000000213;63:09:0000000:10461;Автодорога по улице Киевская;Самарская область, Центральный район, г. Тольятти, ул. Киевская;247,0;Муниципальная казна
333;П1300000014861;63:09:0000000:10471;Участок сети ливневой канализации жилого дома № 17 по ул. 40 лет Победы от ЛК-51, от ЛК-52а до ЛК-53 и участок сети ливневой канализации от ЛК-38 до ЛК-2сущ., с местоположением: северо-западнее жилого дома, имеющего адрес: по ул. 40 лет Победы, д. 17;Самарская область, Автозаводский район, г. Тольятти, ул. 40 лет Победы, д. 17;273,0;Муниципальная казна
334;П1300000014890;63:09:0000000:10472;Участок сети ливневой канализации от ЛК-6 до ЛК-34 до жилого дома, расположенного по адресу: Лесопарковое шоссе, д. 64;Самарская область, Автозаводский район, г. Тольятти, ш. Лесопарковое, д. 64;48,0;Муниципальная казна
335;П1300000014862;63:09:0000000:10476;Напорная бытовая канализация от КНС-2 до колодца гасителя на ул. 40 лет Победы, местоположение: Центральный район, южнее, юго-западнее здания пр. Ольховый, 12;Самарская область, Центральный район, г. Тольятти, проезд Ольховый, д. 12;534,0;Муниципальная казна
336;П1300000014832;63:09:0000000:10487;Участок водопроводной сети от ЦТП-191 до дома ул. Тополиная, 16, ввод до ул. Тополиная, 14, от УТ-17 к ЦТП-191 до ПГ-48, два ввода в 19 кв-ле, протяженность 312 м;Самарская область, Автозаводский район, г. Тольятти, от ЦТП-191 до дома ул. Тополиная, 16, ввод до ул. Тополиная, 14, от УТ-17 к ЦТП-191 до ПГ-48, два ввода в 19 кв-ле;312,0;Муниципальная казна
337;П1300000014851;63:09:0000000:10488;Сети бытовой канализации в районе д. №23 по бр. Ленина Центрального района;Самарская область, Центральный район, г. Тольятти, в районе д. № 23 по бр. Ленина Центрального района;148,0;Муниципальная казна
338;П1000000000149;63:09:0000000:10493;Автодорога по проезду 2-й Одесский;Самарская область, Центральный район, г. Тольятти, по проезду 2-й Одесский;408,0;Муниципальная казна
339;П1000000000273;63:09:0000000:10494;Автодорога по проезду Озерный;Самарская область, Центральный район, г. Тольятти, проезд Озерный;604,0;Муниципальная казна
340;П1000000000126;63:09:0000000:10499;Автодорога по проезду 1-й Одесский;Самарская область, Центральный район, г. Тольятти, проезд Одесский 1-й;427,0;Муниципальная казна
341;П1000000000305;63:09:0000000:10500;Автодорога по проезду Степной;Самарская область, Центральный район, г. Тольятти, проезд Степной;593,0;Муниципальная казна
342;П1000000000435;63:09:0000000:10503;Автодорога по улице Параллельная;Самарская область, Комсомольский район, г. Тольятти, ул. Параллельная;1713,0;Муниципальная казна
343;П1000000000325;63:09:0000000:10504;Автодорога по проезду Урожайный;Самарская область, Центральный район, г. Тольятти, проезд Урожайный;668,0;Муниципальная казна
344;П1300000010289;63:09:0000000:10509;Сети ливневой канализации от колодца № 4 до № 5;Самарская область, Автозаводский район, г. Тольятти;69,0;Муниципальная казна
345;П1300000014480;63:09:0000000:10515;Водопровод к зданию ИАЦ;Самарская область, Центральный район, г. Тольятти, ул. Белорусская, д. 11;82,0;Муниципальная казна
346;П1300000011999;63:09:0000000:10522;Сеть ливневой канализации от колодца № 12 до №13;Самарская область, Автозаводский район, г. Тольятти;45,0;Муниципальная казна
347;П1000000000075;63:09:0000000:10536;Автодорога по проезду Жилина;Самарская область, Центральный район, г. Тольятти, проезд Жилина;486,0;Муниципальная казна
348;П1300000012001;63:09:0000000:10540;Сеть ливневой канализации от колодца № 1 до № 5;Самарская область, Автозаводский район, г. Тольятти, севернее, северо-восточнее здания, имеющего адрес: Новый проезд, д. 4;87,0;Муниципальная казна
349;П1000000000492;63:09:0000000:10572;"Участок автодороги от пересечения ул. Родины и ул. Комсомольская, до территории лыжной базы МБУДО СШОР № 1 ""Лыжные гонки"" (Лесной квартал № 18)";"Самарская область, г. Тольятти, Лесной квартал № 18, от ул. Комсомольская, д. 2Г до территории МБУДО СШОР № 1 ""Лыжные гонки"" (лыжная база)";692,0;Муниципальная казна
350;П1300000011962;63:09:0000000:10585;Магистраль ДЦ водопроводной сети (вдоль Ст. Разина от Уз62 ПГ-18 до ВК-138, ВК-60-а, 60 (врезка в тр.)). Участок водопроводной сети (ВК-352 до ВК-23). Ст. Разина, 80 (от ВК-23). Участок водопроводной сети (от Уз-64 до ВК-1). Участок водопроводной сети (от УЗ-64 до ВК-1).от ВК-1 до ВК-23. 8 квартал;Самарская область, Автозаводский район, г. Тольятти;1695,0;Муниципальная казна
351;П1300000009195;63:09:0000000:2782;"ЛЭП -110 кВ к п/ст ""Северная"" (уч-к оп. № 19 - п/ст ""Северная""";Самарская область, Центральный район, г. Тольятти, севернее здания, имеющего адрес: улица Толстого, 32, строение 1;47,7;Муниципальная казна
352;П1300000009315;63:09:0000000:2783;Скважина № 176-б с подземной камерой;"Самарская область, Автозаводский район, г. Тольятти, территория водозабора ""Соцгородской"" в Автозаводском районе";;Муниципальная казна
353;П1300000007259;63:09:0000000:2790;Скважина № 2-а с наземным павильоном;"Самарская область, Комсомольский район, г. Тольятти, на территории водозабора ""Зеленовский""";;Муниципальная казна
354;П1300000008027;63:09:0000000:2796;Скважина № 180-а с подземной камерой;"Самарская область, Центральный район, г. Тольятти, на территории водозабора ""Соцгородской""";;Муниципальная казна
355;П1300000009319;63:09:0000000:2797;Скважина № 187-а;"Самарская область, Центральный район, г. Тольятти, на территории водозабора ""Прибрежный""";;Муниципальная казна
356;П1300000008690;63:09:0000000:2810;Скважина № 190-б с подземной камерой;"Самарская область, Центральный район, г. Тольятти, на территории водозабора ""Прибрежный"" в Центральном районе";;Муниципальная казна
357;П1300000008700;63:09:0000000:2811;Скважина № 200-б с подземной камерой;"Самарская область, Центральный район, г. Тольятти, на территории водозабора ""Прибрежный""";;Муниципальная казна
358;П1300000009322;63:09:0000000:2812;Скважина № 609-б;"Самарская область, Центральный район, г. Тольятти, на территории водозабора ""Портовый""";;Муниципальная казна
359;П1300000012430;63:09:0000000:2813;"Монументальная декоративно-скульптурная композиция ""Транспорт""";Самарская область, Автозаводский район, г. Тольятти, юго-западнее здания, имеющего адрес: ул. Революционная, 13;;Оперативное управление
360;П1300000012407;63:09:0000000:2814;"Монументально-мозаичная стела-панно ""Радость труда""";Самарская область, Автозаводский район, г. Тольятти, юго-западнее здания, имеющего адрес: Приморский бульвар, 37;;Муниципальная казна
361;П1300000012408;63:09:0000000:2815;"Монументальная декоративно-скульптурная композиция ""Транспорт""";Самарская область, Автозаводский район, г. Тольятти, северо-западнее здания, имеющего адрес: улица Революционная, 19;;Оперативное управление
362;П1300000012409;63:09:0000000:2816;"Монументальная декоративно-скульптурная композиция ""Транспорт""";Самарская область, Автозаводский район, г. Тольятти, северо-западнее здания, имеющего адрес: улица Революционная, 19, строение 1;;Оперативное управление
363;П1300000012400;63:09:0000000:2842;Памятник-бюст В. Жилина - Героя Советского Союза;Самарская область, Центральный район, г. Тольятти, на территории городского кладбища, южнее улицы Баныкина;;Муниципальная казна
364;П1300000011205;63:09:0000000:2885;Скважина № 3;"Самарская область, Комсомольский район, г. Тольятти, на территории водозабора ""Зеленовский""";;Муниципальная казна
365;П1000000000017;63:09:0000000:2888;Автодорога по улице Автостроителей;Самарская область, Автозаводский район, г. Тольятти, от Южного шоссе до улицы Свердлова- улицы 40 лет Победы, западнее кварталов 19,16,14;2548,0;Муниципальная казна
366;П1000000000048;63:09:0000000:2889;Автодорога по улице Вокзальной ;Самарская область, Автозаводский район, г. Тольятти, от улицы Борковской до здания №26 по улице Вокзальной, северо-восточнее здания №46 по улице Коммунальной;2246,0;Муниципальная казна
367;П1300000007861;63:09:0000000:2891;Скважина № 180 с наземным павильоном;"Самарская область, Центральный район, г. Тольятти, на территории водозабора ""Соцгородской""";;Муниципальная казна
368;П1300000009321;63:09:0000000:2892;Скважина № 5 с подземной камерой;"Самарская область, Центральный район, г. Тольятти, на территории водозабора ""Портовый""";;Муниципальная казна
369;П1300000012402;63:09:0000000:2907;"Памятник ""Военнослужащим, погибшим при исполнении воинского долга""";Самарская область, Автозаводский район, г. Тольятти, западнее здания, имеющего адрес: улица Революционная, д. 19;;Муниципальная казна
370;П1000000000212;63:09:0000000:2918;Автодорога по улице Карбышева ;Самарская область, Центральный район, г. Тольятти, восточнее кварталов 27,72, между улицей Комсомольской и улицей Баныкина;718,0;Муниципальная казна
371;П1000000000031;63:09:0000000:2919;Автодорога по улице Горького ;Самарская область, Центральный район, г. Тольятти, между улицей Лесной и улицей Новозаводской, севернее кварталов 52,50,44-42,11,10,6,7,16,19,19а;2530,0;Муниципальная казна
372;П1000000000333;63:09:0000000:2920;Автодорога по Хрящевскому шоссе ;Самарская область, Центральный район, г. Тольятти, северо-западнее здания, имеющего адрес: Автозаводское шоссе,2, между Южным шоссе и Обводным шоссе в Центральном районе, и далее от Обводного шоссе до границы городского округа Тольятти в Автозаводском районе;3736,0;Муниципальная казна
373;П1000000000291;63:09:0000000:2921;Автодорога по улице Ломоносова;Самарская область, Центральный район, г. Тольятти, восточнее кварталов 131,114, между улицей Кирова и бульваром 50 лет Октября;455,0;Муниципальная казна
374;П1000000000226;63:09:0000000:2922;Автодорога по улице Ленина;Самарская область, Центральный район, г. Тольятти, между улицей Толстого и улицей Гагарина, западнее кварталов 159а,152,137,128,117,104-112,83-в,5а,7,14,30;3357,0;Муниципальная казна
375;П1000000000251;63:09:0000000:2923;Автодорога по улице Мира;Самарская область, Центральный район, г. Тольятти, между ул.Родины и ул.Комсомольской, севернее кварталов 91,92,89-55,61,62,69,72,73;4129,0;Муниципальная казна
376;П1000000000062;63:09:0000000:2924;Автодорога по улице Победы;Самарская область, Центральный район, г. Тольятти, между улицей Мира и бульваром 50 лет Октября, западнее кварталов 24,23,21,19,26;2695,0;Муниципальная казна
377;П1000000000055;63:09:0000000:2925;Автодорога по улице Гагарина  ;Самарская область, Центральный район, г. Тольятти, между улицей Карла Маркса и улицей Победы, южнее кварталов 32,30;404,0;Муниципальная казна
378;П1000000000036;63:09:0000000:2926;Автодорога по бульвару Ленина;Самарская область, Центральный район, г. Тольятти, между улицей Ленинградской и улицей Баныкина, западнее квартала 71;552,0;Муниципальная казна
379;П1000000000299;63:09:0000000:2927;Автодорога по улице Советская;Самарская область, Центральный район, г. Тольятти, между улицей Лесной и улицей Баныкина, восточнее кварталов 52,53,88-54,89-55,96;1997,0;Муниципальная казна
380;П1000000000202;63:09:0000000:2928;Автодорога по улице Карла Маркса ;Самарская область, Центральный район, г. Тольятти, между улицей Лесной и улицей Ленинградской, западнее кварталов 100,9а-84а,9-84,11,12,32,35,69;2398,0;Муниципальная казна
381;П1000000000323;63:09:0000000:2929;Автодорога по ул. Украинской;Самарская область, Центральный район, г. Тольятти, между улицей Чапаева и бульваром 50 лет Октября, западнее кварталов 4а,106,111;655,0;Муниципальная казна
382;П1000000000289;63:09:0000000:2930;Автодорога по улице Лесная;Самарская область, Центральный район, г. Тольятти, между бульваром 50 лет Октября и улицей Комсомольской, западнее кварталов 100,51,87;2032,0;Муниципальная казна
383;П1000000000392;63:09:0000000:2931;Автодорога по ул. Воскресенской;Самарская область, Автозаводский район, г. Тольятти, севернее квартала 2 и северо-западнее здания, имеющего адрес: улица Революционная, 2, между улицей Дзержинского и улицей Заставной;1798,0;Муниципальная казна
384;П1000000000052;63:09:0000000:2932;Автодорога по улице Ворошилова ;Самарская область, Автозаводский район, г. Тольятти, от улицы Полякова до Ленинского проспекта -улицы 40 лет Победы- улицы Маршала Жукова, западнее кварталов 15,12,13;2590,0;Муниципальная казна
385;П1000000000261;63:09:0000000:2933;Автодорога по Московскому проспекту ;Самарская область, Автозаводский район, г. Тольятти, западнее кварталов 6,3,1,2, между Приморским бульваром и улицей Дзержинского;3065,0;Муниципальная казна
386;П1000000000255;63:09:0000000:2934;Автодорога по улице Мичурина;Самарская область, Центральный район, г. Тольятти, между улицей Тимирязева и проездом Енисейский, севернее кварталов 142-141,140-139,138,137,136,135,133;2396,0;Муниципальная казна
387;П1000000000111;63:09:0000000:2936;Автодорога по ул. Свердлова;Самарская область, Автозаводский район, г. Тольятти, севернее кварталов 1,32,5,9,13, между Московским проспектом и улицей Автостроителей -улицей 40 лет Победы;3759,0;Муниципальная казна
388;П1000000000350;63:09:0000000:2941;Автодорога по улице Ярославской ;Самарская область, Комсомольский район, г. Тольятти, между ул.Коммунистической и улицей Громовой,восточнее микрорайонов 4,3;1046,0;Муниципальная казна
389;П1000000000302;63:09:0000000:2942;Автодорога по улице Спортивной;Самарская область, Автозаводский район, г. Тольятти, между бульваром Приморский и улицей Маршала Жукова, южнее квартала 8;3106,0;Муниципальная казна
390;П1000000000101;63:09:0000000:2943;Автодорога по улице Родины;Самарская область, Центральный район, г. Тольятти, юго-западнее кварталов 93а-94а, 93, 91, 92, между улицей Комзина и улицей Комсомольской;3665,0;Муниципальная казна
391;П1000000000227;63:09:0000000:2944;Автодорога по улице Ленинградская;Самарская область, Центральный район, г. Тольятти, между ул.Родины и ул.Голосова, севернее кварталов 93,94,95,96,78,75,71;2695,0;Муниципальная казна
392;П1000000000315;63:09:0000000:2945;Автодорога по улице Тополиной;Самарская область, Автозаводский район, г. Тольятти, восточнее кварталов 19,16, между улицей Дзержинского и Южным шоссе;1650,0;Муниципальная казна
393;П1000000000401;63:09:0000000:2946;Кольцевая транспортная развязка по Южному  шоссе - улице Полякова;Самарская область, Автозаводский район, г. Тольятти, юго-восточнее здания, имеющего адрес: Южное шоссе, 14;;Муниципальная казна
394;П1000000000287;63:09:0000000:2947;Автодорога по Ленинскому проспекту ;Самарская область, Автозаводский район, г. Тольятти, между Московским проспектом и улицей Маршала Жукова, южнее кварталов 1,32,5,9.;3086,0;Муниципальная казна
395;П1000000000375;63:09:0000000:2948;Автодорога по проезду Дорофеева;Самарская область, Комсомольский район, г. Тольятти, между улицей Железнодорожной и улицей Гидротехнической, западнее микрорайона 3-4;304,0;Муниципальная казна
396;П1300000009658;63:09:0000000:2949;Резервуар  V=150 м3.;"Самарская область, Комсомольский район, г. Тольятти, на территории водозабора ""Федоровский""";;Муниципальная казна
397;П1000000000083;63:09:0000000:2950;Автодорога по улице Революционной;Самарская область, Автозаводский район, г. Тольятти, восточнее кварталов 6,3,1,2, между улицей Спортивной и улицей Дзержинского;4224,0;Муниципальная казна
398;П1000000000330;63:09:0000000:2951;Автодорога по ул. Фрунзе;Самарская область, Автозаводский район, г. Тольятти, севернее кварталов 6,7,11, между Московским проспектом и улицей Маршала Жукова;2881,0;Муниципальная казна
399;П1000000000262;63:09:0000000:2953;Автодорога по улице Мурысева;Самарская область, Комсомольский район, г. Тольятти, между улицей Механизаторов и улицей Коммунистической, южнее микрорайонов 1,4;1683,0;Муниципальная казна
400;П1000000000405;63:09:0000000:2954;Кольцевая транспортная развязка по проспекту  Степана Разина  - улице Спортивной;Самарская область, Автозаводский район, г. Тольятти, севернее здания, имеющего адрес: улица Спортивная, 3;;Муниципальная казна
401;П1000000000403;63:09:0000000:2955;Кольцевая транспортная развязка улица Автостроителей - улица Свердлова - улица 40 лет Победы;Самарская область, Автозаводский район, г. Тольятти, юго-восточнее здания, имеющего адрес: улица Автостроителей, 104;;Муниципальная казна
402;П1000000000249;63:09:0000000:2956;Автодорога по улице Механизаторов;Самарская область, Комсомольский район, г. Тольятти, между улицей Коммунистической и улицей Громовой, западнее микрорайонов 1,2;1036,0;Муниципальная казна
403;П1000000000175;63:09:0000000:2957;Автодорога по Комсомольскому  шоссе;Самарская область, г. Тольятти, между улицей Комзина и улицей Есенина, южнее кварталов 203,204,204а,205;6036,0;Муниципальная казна
404;П1000000000393;63:09:0000000:2958;Автодорога по улице Борковской ;Самарская область, Автозаводский район, г. Тольятти, между улицей Дзержинского и Южным шоссе, северо-западнее квартала 4;1701,0;Муниципальная казна
405;П1000000000026;63:09:0000000:2959;Автодорога по ул. Белорусская;Самарская область, Центральный район, г. Тольятти, между улицей Ленинградской и улицей Баныкина, западнее квартала 95;555,0;Муниципальная казна
406;П1000000000257;63:09:0000000:2960;Автодорога по Молодежному бульвару ;Самарская область, Центральный район, г. Тольятти, между площадью Свободы и улицей Победы, севернее кварталов 32,30;961,0;Муниципальная казна
407;П1000000000188;63:09:0000000:2961;Автодорога по улице Жилина ;Самарская область, Центральный район, г. Тольятти, между площадью Свободы и улицей Баныкина, западнее кварталов 38,36,62,75;1340,0;Муниципальная казна
408;П1000000000035;63:09:0000000:2962;Автодорога по 50 лет Октября;Самарская область, Центральный район, г. Тольятти, между ул.Лесной и ул.Новозаводской,южнее кварталов 122-121,120,119,118,117,116,115,114;2820,0;Муниципальная казна
409;П1000000000022;63:09:0000000:2963;Автодорога по улице Баныкина ;Самарская область, Центральный район, г. Тольятти, между улицей Родины и улицей Комсомольской, южнее кварталов 93а-94а,95,96,78,75,71,72,73;4857,0;Муниципальная казна
410;П1000000000153;63:09:0000000:2967;Автодорога по Южному  шоссе;Самарская область, Автозаводский район, г. Тольятти, от улицы Борковской до пересечения Хрящевского шоссе и Автозаводского шоссе, севернее кварталов МЖК, 18, 19, 20, 21;6059,0;Муниципальная казна
411;П1300000010650;63:09:0000000:2972;Тепловая сеть Ут5-ЦТП№171;Самарская область, Автозаводский район, г. Тольятти, восточнее здания, имеющего адрес: ул. Тополиная, 25-б;48,0;Муниципальная казна
412;П1000000000037;63:09:0000000:2975;Автодорога по улице Маршала Жукова;Самарская область, Автозаводский район, г. Тольятти, восточнее кварталов 11, 3б, между улицей Спортивной и Ленинским проспектом;2109,0;Муниципальная казна
413;П1000000000304;63:09:0000000:2976;Автодорога по проспекту Степана Разина;Самарская область, Автозаводский район, г. Тольятти, восточнее кварталов 8,7,3а,5,4, между улицей Спортивной и улицей Дзержинского;3650,0;Муниципальная казна
414;П1000000000221;63:09:0000000:2977;Автодорога по улице Комсомольская;Самарская область, Центральный район, г. Тольятти, севернее кварталов 92,87а,86,53,49,45,12,13,14,26,27,27а,73, между улицей Родины и улицей Базовая;4856,0;Муниципальная казна
415;П1000000000225;63:09:0000000:2978;Автодорога по улице Ларина;Самарская область, Центральный район, г. Тольятти, от улицы Тимирязева до улицы Васильевская, южнее кварталов 143,123,124,125,126,127,128,129,130,131;6739,0;Муниципальная казна
416;П1000000000314;63:09:0000000:2979;Автодорога по улице Толстого;Самарская область, Центральный район, г. Тольятти, между улицей Тимирязева и улицей Ломоносова, севернее кварталов 148,149,151,152,153,154;2514,0;Муниципальная казна
417;П1300000011182;63:09:0000000:2983;Самотечный канализационный коллектор по ул. Лесной от кв. 93 до КНС-6;Самарская область, Центральный район, г. Тольятти, северо-западнее, севернее, северо-восточнее жилого дома, имеющего адрес: ул. Ленинградская, д. 3;2713,0;Муниципальная казна
418;П1300000012855;63:09:0000000:2984;Воздушные линии 0,4 и 6(10) кВ Центрального и Комсомольского р-нов г. Тольятти;Самарская область, г. Тольятти, Центральный р-н, включая мкр. Портовый, Комсомольский р-н, включая мкр. Шлюзовой, мкр. Жигулевское море и пос. Федоровка;42968,0;Муниципальная казна
419;П1000000000269;63:09:0000000:2987;Автодорога по улице Новозаводская;Самарская область, Центральный район, г. Тольятти, между улицей Комсомольской и зданием, имеющим адрес: улица Новозаводская, 4-а, северо-восточнее кварталов 26,19а,21а,22а,23а,24а;5008,0;Муниципальная казна
420;П1300000011183;63:09:0000000:2989;Канализационные коллекторы от тубдиспансера по ул. Телеграфной, д. 34 до РНС-4 и от КНС-23 до РНС-4;Самарская область, Комсомольский район, г. Тольятти, юго-западнее здания, имеющего адрес: г. Тольятти, Комсомольский район, ул. Телеграфная, 34;3530,0;Муниципальная казна
421;П1300000009846;63:09:0000000:2990;Внутриквартальные сети канализации кварталов Центрального района, ограниченных улицами: Мира, Комсомольская, Баныкина, бульваром Ленина, построенные до 1991 года;Самарская область, Центральный район, г. Тольятти, вдоль и между ул. Ленинградской, ул. Голосова, ул. Мира, ул. Карбышева, ул. Комсомольская, бульвара Ленина;13694,0;Муниципальная казна
422;П1300000009496;63:09:0000000:2991;Внутриквартальные сети канализации (построенные до 1991 г. включительно) п. Поволжский;Самарская область, Комсомольский район, г. Тольятти, вдоль и между ул. 60 лет СССР, ул. Олимпийской, ул. Новосадовой, ул. Академика Скрябина, ул. Весенней, ул. Полевой, ул. Сиреневой, ул. Академика Вавилова;10029,0;Муниципальная казна
423;П1000000000029;63:09:0000000:2993;Автодорога по ул. Голосова;Самарская область, Центральный район, г. Тольятти, между улицей Комсомольской и улицей Баныкина, восточнее кварталов 26,71;1247,0;Муниципальная казна
424;П1000000000231;63:09:0000000:2996;Автодорога по улице Дзержинского;Самарская область, Автозаводский район, г. Тольятти, севернее кварталов 2,31,4,10,12,14, между Московским проспектом и улицей 40 лет Победы в Автозаводском районе;4727,0;Муниципальная казна
425;П1300000009991;63:09:0000000:3001;Объекты теплоэнергетики Центрального района, 3 зона: ул. Родины-ул. Комсомольская-ул. Ленина-ул. Мира (кв. 92, 88-54, 46, 47, 48, 38, 36, 32, 12, 13, шк.-интернат, стадион Труд);Самарская область, Центральный район, г. Тольятти, расположены в границах ул. Родины, ул. Мира, ул. Ленина, ул. Комсомольская и вдоль ул. Лесная Центрального района г. Тольятти;10451,0;Муниципальная казна
426;П1300000009989;63:09:0000000:3002;Объекты теплоэнергетики Центрального района, 1 зона - ул. Родины-ул.Мира-б-р Ленина-ул.Баныкина (кв. 90,91,93,93а,94,95,96,89,61,62,69,78,75);Самарская область, Центральный район, г. Тольятти, расположены в границах ул. Родины, ул. Мира, бульвар Ленина, ул. Баныкина Центрального района, г. Тольятти;17166,0;Муниципальная казна
427;П1300000009990;63:09:0000000:3005;Объекты теплоэнергетики Центрального района, 2 зона-б-р Ленина-ул. Мира-ул. Комсомольская-ул. Баныкина (кв. 71, 72, 73, 27, 27а);Самарская область, Центральный район, г. Тольятти, расположены в границах бульвара Ленина, ул. Баныкина, ул. Комсомольская, ул. Новозаводская, ул. Голосова, ул. Ленинградская Центрального района г. Тольятти;15520,0;Муниципальная казна
428;П1000000000270;63:09:0000000:3010;Автодорога по улице Новопромышленной;Самарская область, Центральный район, г. Тольятти, между улицей Голосова и бульваром 50 лет Октября, восточнее кварталов 26,19,21,22,23,24;2098,0;Муниципальная казна
429;П1000000000346;63:09:0000000:3011;Автодорога по улице Юбилейная;Самарская область, Автозаводский район, г. Тольятти, от улицы Спортивной до улицы Дзержинского, западнее кварталов 8,7,3а,5,4;4221,0;Муниципальная казна
430;П1300000009772;63:09:0000000:3013;"Указатель ""Тольятти""";Самарская область, Комсомольский район, г. Тольятти, северо-западнее пересечения федеральной трассы М-5 и Обводного шоссе;;Муниципальная казна
431;П1300000009773;63:09:0000000:3014;"Указатель ""Тольятти""";Самарская область, Комсомольский район, г. Тольятти, северо-восточнее пересечения федеральной трассы М-5 и улицы Бурлацкой;;Муниципальная казна
432;П1300000009949;63:09:0000000:3043;Объект теплоэнергетики Центрального района, 6 зона: ул.Ленина-ул. 50 лет Октября-ул.Лесная-ул.Тимирязева-Автозаводское шоссе-ул.Кудашева (101,143,160,148,149,157,мкр. 3,КВД,Психбольница,т/сети по ул.Ленина,т/сети по ул. 50 лет Октября);Самарская область, Центральный район, г. Тольятти, расположен по ул. Ленина-ул. 50 лет Октября, ул. Лесная, ул. Тимирязева, Автозаводское шоссе, ул. Кудашева (101, 143, 160, 148, 149, 157, мкр. 3, КВД, Психбольница, т/сети по ул. Ленина, т/сети по ул. 50 лет Октября) Центрального района, г. Тольятти;11980,0;Муниципальная казна
433;П1300000009994;63:09:0000000:3044;Объекты теплоэнергетики Центрального района, Зона № 4. ул. Ленина-ул. Комсомольская-ул. Победы-ул. Шлютова-ул. Новопромышленная-ул. Мира (кв. 26, 30, 14, 15, 16, 19, 21);Самарская область, Центральный район, г. Тольятти, расположены в границах ул. Ленина, ул. Мира, ул. Голосова, ул. Новопромышленная, ул. Шлютова, ул. Победы, ул. Горького, ул. Октябрьская, ул. Комсомольская Центрального района г. Тольятти;10819,0;Муниципальная казна
434;П1300000009947;63:09:0000000:3048;Объекты теплоэнергетики Центрального района, Зона № 5 - б-р 50 лет Октября-ул. Победы-ул. Комсомольская-ул. К. Маркса-ул. Горького-ул. Ленина-ул. Лесная (кв. 100, 109-122, 1а, 4а, 4, 1, 16, 17, 11-11а, 42, 83-83а, 83б);Самарская область, Центральный район, г. Тольятти, по бульвару 50 лет Октября, ул. Победы, ул. Комсомольская, ул. Карла Маркса, ул. Горького, ул. Лесная (кв. 100, 109-122, 1а, 4а, 4, 1, 16, 11-11а, 42, 83-83а, 83б) Центрального района г. Тольятти;14103,0;Муниципальная казна
435;П1300000011316;63:09:0000000:3052;"Водоводы Д700, 500, 300мм от в/з ""Соцгородской"" до насосной станции 3-го подъема КАТЗ и сети водопровода Д200мм по пр. Тупиковому от ВК-1024 до ТоТЭЦ и Д400-300мм по ул. Ленина от ул. Мичурина до ул. Толстого в Центральном районе";Самарская область, Центральный район, г. Тольятти, западнее, северо-восточнее здания, имеющего адрес: ул. Родины, 1;11503,0;Муниципальная казна
436;П1300000011306;63:09:0000000:3053;"Водоводы от водозабора ""Соцгородской"" по ул. Родины, Баныкина, по ул. Мира от ул. Родины до ул. Жилина, по ул. Голосова от ул. Баныкина до ул. Мира, по ул. Карбышева от ул. Баныкина до ул. Мира, по ул. Баныкина, Базовой от ул. Карбышева";Самарская область, Центральный район, г. Тольятти, севернее, северо-восточнее здания, имеющего адрес: ул. Родины, 1д;17560,0;Муниципальная казна
437;П1300000014380;63:09:0000000:3054;Второй водовод Комсомольского района г.Тольятти;Самарская область, г. Тольятти, юго-восточнее здания, имеющего адрес: Комсомольское шоссе, 63 в Центральном, Комсомольском районах г.Тольятти;4225,0;Муниципальная казна
438;П1300000008672;63:09:0000000:3072;Скважина № 1-а с подземной камерой;"Самарская область, Комсомольский район, г. Тольятти, на территории водозабора ""Зеленовский""";;Муниципальная казна
439;П1300000014608;63:09:0000000:3095;Площадка № 12 ПТО;Самарская область, Автозаводский район, г. Тольятти, севернее здания, имеющего адрес: улица Северная, д. 111;;Муниципальная казна
440;П1300000007445;63:09:0000000:3103;"Самотечный коллектор для отвода очищенных стоков от очистных сооружений ООО ""Тольяттикаучук"" до РНС-6 Комсомольского района";"Самарская область, Комсомольский район, г. Тольятти, юго- восточнее, южнее, западнее здания РНС-6, имеющего адрес : ул. Никонова д.51, далее вдоль ул.Никонова до улицы Ровной, вдоль ул.Ровной до ул.Шлюзовой, вдоль внутриквартального проезда параллельно ул.Железнодорожной до проезда Дорофеева, вдоль ул.Железнодорожной до ул.Куйбышева, вдоль ул.Куйбышева до ул.Нижнегородской, далее по территории МП ""ТПАТП №3"", ООО""Тольяттинское ТЭП"", далее через шоссе Поволжское Комсомольского р-на, далее до территории ООО КФ ""Тольятти-Нефтепродукт-Сервис"", до очистных сооружений ООО ""Тольяттикаучук"" Центрального р-на г.Тольятти";12568,0;Муниципальная казна
441;П1300000014119;63:09:0000000:3114;Теплосеть;Самарская область, Автозаводский район, г. Тольятти, западнее, южнее и юго-восточнее здания, имеющего адрес: улица Революционная, 52-Б;130,0;Муниципальная казна
442;П1300000009371;63:09:0000000:3119;Замощение;Самарская область, Комсомольский район, г. Тольятти, севернее здания, имеющего адрес: улица Бурлацкая, 92, строение 1;;Муниципальная казна
443;П1300000009375;63:09:0000000:3123;Ограждение;"Самарская область, Комсомольский район, г. Тольятти, по периметру территории турбазы ""Тополек"", севернее здания, имеющего адрес: улица Бурлацкая, 92, строение 1";705,0;Муниципальная казна
444;П1300000008789;63:09:0000000:3217;Очистные сооружения для сточных вод;Самарская область, Комсомольский район, г. Тольятти, юго-западнее здания, имеющего адрес: улица Энергетиков, 23;;Муниципальная казна
445;П1300000006329;63:09:0000000:3221;Труба дымовая кирпичная;Самарская область, Комсомольский район, г. Тольятти, северо-восточнее здания, имеющего адрес: улица Энергетиков, 23, строение 1;;Муниципальная казна
446;П1300000005663;63:09:0000000:3222;Установка конденсата;Самарская область, Комсомольский район, г. Тольятти, западнее здания, имеющего адрес: улица Энергетиков, 23;;Муниципальная казна
447;П1300000007183;63:09:0000000:3267;Скважина № 167-б с подземной камерой;"Самарская область, Автозаводский район, г. Тольятти, на территории водозабора ""Соцгородской""";;Муниципальная казна
448;П1300000009755;63:09:0000000:7149;Водопроводные сети;Самарская область, Комсомольский район, г. Тольятти, северо-восточнее здания, имеющего адрес: ул. Родниковая, 5;162,0;Муниципальная казна
449;П1300000010688;63:09:0000000:7151;Тепловая сеть от Ут-22 до ДС;Самарская область, Автозаводский район, г. Тольятти, северо-западнее здания, имеющего адрес: бул. Приморский, 37;179,0;Муниципальная казна
450;П1300000010716;63:09:0000000:7152;Тепловая сеть от стены здания до стены ТК2 уз. 17-7;Самарская область, Автозаводский район, г. Тольятти, восточнее здания, имеющего адрес: ул. Фрунзе, 12;28,0;Муниципальная казна
451;П1300000011302;63:09:0000000:7156;"Водоводы водозабора ""Соцгородской"" Центрального района, построенные до 1991 года включительно";Самарская область, Центральный район, г. Тольятти, северо-западнее, севернее, северо-восточнее здания, имеющего адрес: ул. Санаторная, 91;30029,0;Муниципальная казна
452;П1300000010638;63:09:0000000:7157;"Водоводы водозабора ""Жигулевское море-1"" Комсомольского района, построенные до 1991 года включительно";Самарская область, Комсомольский район, г. Тольятти, юго-восточнее здания, имеющего адрес: проезд Майский, 68;3926,0;Муниципальная казна
453;П1300000010644;63:09:0000000:7158;"Напорные канализационные коллекторы от КНС-125 до БОС ОАО ""Тольяттикаучук""";Самарская область, Центральный район, г. Тольятти, северо-восточнее здания, имеющего адрес: ул. Ларина, 161;8476,0;Муниципальная казна
454;П1300000009749;63:09:0000000:7169;Водопроводные сети;Самарская область, Комсомольский район, г. Тольятти, севернее, северо-восточнее здания, имеющего адрес: ул. Краснознаменная, 92;95,0;Муниципальная казна
455;П1300000009763;63:09:0000000:7171;Водопровод;Самарская область, Комсомольский район, г. Тольятти, юго-западнее здания, имеющего адрес: ул. Федора Наумова, 8;150,0;Муниципальная казна
456;П1300000009748;63:09:0000000:7172;Водопроводные сети;Самарская область, Комсомольский район, г. Тольятти, северо-восточнее здания, имеющего адрес: ул. Пионерская, 1;76,0;Муниципальная казна
457;П1300000010690;63:09:0000000:7173;Сеть дождевой канализации в мкр. Федоровка;Самарская область, Комсомольский район, г. Тольятти, северо-восточнее здания, имеющего адрес: проезд Сибирский, 22;4013,0;Муниципальная казна
458;П1300000011554;63:09:0000000:7174;Памятник-стелла воинам-интернационалистам;Самарская область, Центральный район, г. Тольятти, на территории городского кладбища, южнее пересечения улицы Баныкина и улицы Диагональная;;Муниципальная казна
459;П1300000010696;63:09:0000000:7175;Тепловая сеть от 6-Е до к-2(41);Самарская область, Автозаводский район, г. Тольятти, северо-восточнее здания, имеющего адрес: бул. Приморский, 32;20,0;Муниципальная казна
460;П1300000010699;63:09:0000000:7176;Тепловая сеть от УТ2 до КНС ОГТЦ;Самарская область, Автозаводский район, г. Тольятти, северо-восточнее здания, имеющего адрес: ул. Революционная, 54-в;31,0;Муниципальная казна
461;П1300000010717;63:09:0000000:7177;Тепловая сеть от ТК2 до д/с №160(Р);Самарская область, Автозаводский район, г. Тольятти, южнее здания, имеющего адрес: ул. Маршала Жукова, 1;35,0;Муниципальная казна
462;П1300000011217;63:09:0000000:7178;Тепловая сеть от тк1 до тк 1-1;Самарская область, Автозаводский район, г. Тольятти, юго-западнее здания, имеющего адрес: ул. Фрунзе, 14;29,0;Муниципальная казна
463;П1300000011218;63:09:0000000:7179;Тепловая сеть Уз8-8В;Самарская область, Автозаводский район, г. Тольятти, западнее здания, имеющего адрес: просп. Ленинский, 15;4,0;Муниципальная казна
464;П1300000009737;63:09:0000000:7180;Водопровод;Самарская область, Комсомольский район, г. Тольятти, восточнее здания, имеющего адрес: пер. Рижский, 34;78,0;Муниципальная казна
465;П1300000010687;63:09:0000000:7181;Тепловая сеть от К4 до 6-ДС-4;Самарская область, Автозаводский район, г. Тольятти, юго-западнее здания, имеющего адрес: бул. Королева, 1;44,0;Муниципальная казна
466;П1300000009742;63:09:0000000:7182;Водопровод;Самарская область, Комсомольский район, г. Тольятти, севернее здания, имеющего адрес: ул. Краснознаменная, 1;92,0;Муниципальная казна
467;П1300000009746;63:09:0000000:7183;Водопровод;Самарская область, Комсомольский район, г. Тольятти, юго-западнее здания, имеющего адрес: ул. Димитрова, 43;488,0;Муниципальная казна
468;П1300000009752;63:09:0000000:7184;Водопроводные сети;Самарская область, Комсомольский район, г. Тольятти, юго-западнее здания, имеющего адрес: ул. Грибоедова, 12;119,0;Муниципальная казна
469;П1300000010723;63:09:0000000:7185;Тепловая сеть транзит к ЦТП №62 (Муницип.). от ЦТП до 6-Ж;Самарская область, Автозаводский район, г. Тольятти, юго-восточнее здания, имеющего адрес: бул. Приморский, 36-а;44,0;Муниципальная казна
470;П1300000010719;63:09:0000000:7186;Тепловая сеть от стены здания до стены ТК3 уз. 17/2;Самарская область, Автозаводский район, г. Тольятти, северо-западнее здания, имеющего адрес: бул. Королева, 3;54,0;Муниципальная казна
471;П1300000010720;63:09:0000000:7188;Тепловая сеть от стены здания до стены ТК;Самарская область, Автозаводский район, г. Тольятти, восточнее здания, имеющего адрес: ул. Дзержинского, 51;45,0;Муниципальная казна
472;П1300000010722;63:09:0000000:7189;Тепловая сеть К8-5Г;Самарская область, Автозаводский район, г. Тольятти, севернее здания, имеющего адрес: просп. Московский, д.63;86,0;Муниципальная казна
473;П1300000010718;63:09:0000000:7190;Тепловая сеть от стены здания до стены камеры ТК2;Самарская область, Автозаводский район, г. Тольятти, южнее здания, имеющего адрес: бул. Буденного, 9;13,0;Муниципальная казна
474;П1300000010553;63:09:0000000:7191;Тепловая сеть от т. А до ЦТП 41;Самарская область, Автозаводский район, г. Тольятти, юго-западнее здания, имеющего адрес: бул. Курчатова, 3А;20,0;Муниципальная казна
475;П1300000010715;63:09:0000000:7192;Тепловая сеть от стены здания до ТК1 уз. 17/11;Самарская область, Автозаводский район, г. Тольятти, севернее здания, имеющего адрес: бул. Буденного, 1;49,0;Муниципальная казна
476;П1300000009756;63:09:0000000:7194;Водопроводные сети;Самарская область, Комсомольский район, г. Тольятти, южнее, юго-западнее здания, имеющего адрес: ул. Попова, 13;67,0;Муниципальная казна
477;П1300000012428;63:09:0000000:7195;Водопроводные сети;Самарская область, Комсомольский район, г. Тольятти, северо-восточнее здания, имеющего адрес: пер. Лобачевского, 8;66,0;Муниципальная казна
478;П1300000009745;63:09:0000000:7196;Водопровод;Самарская область, Комсомольский район, г. Тольятти, южнее здания, имеющего адрес: ул. Кооперативная, 75;98,0;Муниципальная казна
479;П1300000011343;63:09:0000000:7197;Тепловая сеть Уз12-9-1 (14) - 10Ж;Самарская область, Автозаводский район, г. Тольятти, восточнее, северо-восточнее здания, имеющего адрес: просп. Ленинский, 18;15,0;Муниципальная казна
480;П1300000011219;63:09:0000000:7198;Тепловая сеть от т. Б до 10Н до Уз.24;Самарская область, Автозаводский район, г. Тольятти, юго-западнее здания, имеющего адрес: бул. Орджоникидзе, 6;196,0;Муниципальная казна
481;П1300000010721;63:09:0000000:7199;Тепловая сеть от стены здания до стены ТК12-15 уз. 10/19;Самарская область, Автозаводский район, г. Тольятти, восточнее здания, имеющего адрес: бул. Орджоникидзе, 3;44,0;Муниципальная казна
482;П1300000009740;63:09:0000000:7200;Водопровод;Самарская область, Комсомольский район, г. Тольятти, юго-восточнее здания, имеющего адрес: ул. Кооперативная, 189;76,0;Муниципальная казна
483;П1300000009743;63:09:0000000:7201;Водопровод;Самарская область, Комсомольский район, г. Тольятти, южнее здания, имеющего адрес: ул. Ингельберга, 57;67,0;Муниципальная казна
484;П1300000010691;63:09:0000000:7204;Тепловая сеть от УЗ15Б-2В до Уз3;Самарская область, Автозаводский район, г. Тольятти, севернее, северо-западнее здания, имеющего адрес: ул. Юбилейная, 63;34,0;Муниципальная казна
485;П1300000010714;63:09:0000000:7205;Тепловая сеть от стены здания до стены ТК1 уз. 10/11;Самарская область, Автозаводский район, г. Тольятти, севернее здания, имеющего адрес: бул. Курчатова, 15;56,0;Муниципальная казна
486;П1300000008782;63:09:0000000:7400;"Сеть производственной канализации от насосной станции 2-го подъема в/з ""Жигулевское море-1""";Самарская область, Комсомольский район, г. Тольятти, северо-западнее здания, имеющего адрес: Самарская обл., г. Тольятти, ул. Нижнегородская, 44;65,0;Муниципальная казна
487;П1300000010710;63:09:0000000:7403;Магистраль стройбазы, от ВК-98 ПГ-82 до ВК-93 ПГ-87;Самарская область, Автозаводский район, г. Тольятти, северо-восточнее здания, имеющего адрес: ул. Вокзальная, 86;521,0;Муниципальная казна
488;П1300000009754;63:09:0000000:7405;Водопроводные сети;Самарская область, Комсомольский район, г. Тольятти, юго-восточнее здания, имеющего адрес: улица Пушкина, 17;107,0;Муниципальная казна
489;П1300000010694;63:09:0000000:7409;"Водопровод от ВК-138 до ВК-133 ул.Спортивная и Жукова; от Уз62 до ВК-138 пр.Ст.Разина";Самарская область, Автозаводский район, г. Тольятти, северо-восточнее здания, имеющего адрес: ул. Спортивная, 3;1380,0;Муниципальная казна
490;П1300000010709;63:09:0000000:7410;"Магистраль стройбазы, от ВК-43 (43-1) до ВК-40 (40-1); от ВК-34 ПГ-35 до ВК-40";Самарская область, Автозаводский район, г. Тольятти, севернее, северо-западнее, юго-западнее здания, имеющего адрес: ул. Северная, 57;997,0;Муниципальная казна
491;П1300000012945;63:09:0000000:7699;Магистральные тепловые сети центральной части Комсомольского района, построенные после 1991 г.;Самарская область, Комсомольский район, г. Тольятти, северо-восточнее, восточнее здания, имеющего адрес: ул. Лизы Чайкиной, 32;1696,0;Муниципальная казна
492;П1300000012391;63:09:0000000:7700;Магистральные тепловые сети, построенные до 1991 года включительно п. Поволжский;Самарская область, Комсомольский район, г. Тольятти, п.Поволжский;16240,0;Муниципальная казна
493;П1300000010949;63:09:0000000:7712;Сети дождевой канализации;Самарская область, Центральный район, г. Тольятти, южнее здания, имеющего адрес: ул.Мира, 62;1064,0;Муниципальная казна
494;П1300000010921;63:09:0000000:7714;Дождевая канализация по ул. Новозаводская;Самарская область, Центральный район, г. Тольятти, северо-восточнее здания, имеющего адрес: ул. Новозаводская, 35;641,0;Муниципальная казна
495;П1300000010785;63:09:0000000:7715;Сети дождевой канализации  в районе д. 65 ул. Чайкиной Комсомольского района;Самарская область, Комсомольский район, г. Тольятти, южнее, восточнее, северо-восточнее здания, имеющего адрес: ул. Л.Чайкиной, 65;177,0;Муниципальная казна
496;П1300000011319;63:09:0000000:7721;Внутриквартальные тепловые сети и сети ГВС, построенные до 1991 года;Самарская область, Комсомольский район, г. Тольятти, п. Поволжский;20887,0;Муниципальная казна
497;П1300000010956;63:09:0000000:7722;Сети дождевой канализации по ул. Ярославской;Самарская область, Комсомольский район, г. Тольятти, северо-восточнее здания, имеющего адрес: ул. Ярославская, 7а;1289,0;Муниципальная казна
498;П1300000010951;63:09:0000000:7724;Сети дождевой канализации по ул.Родины;Самарская область, Центральный район, г. Тольятти, северо-западнее здания, имеющего адрес: ул. Республиканская, 10;1350,0;Муниципальная казна
499;П1300000012136;63:09:0000000:7725;Сети дождевой канализации по ул.Комсомольской от ул.Победы до ул. Индустриальной;Самарская область, Центральный район, г. Тольятти, юго-восточнее здания, имеющего адрес: ул. Победы, 33;2280,0;Муниципальная казна
500;П1300000011428;63:09:0000000:7728;Сети дождевой канализации по ул. Республиканской и ул. Белорусской;Самарская область, Центральный район, г. Тольятти, южнее, юго-восточнее здания, имеющего адрес: ул. Ленинградская, 19;1364,0;Муниципальная казна
501;П1300000010922;63:09:0000000:7730;Сети дождевой канализации по б-ру Молодежный;Самарская область, Центральный район, г. Тольятти, севернее, северо-восточнее здания, имеющего адрес: ул.К.Маркса, 50;1321,0;Муниципальная казна
502;П1300000010948;63:09:0000000:7735;Сети дождевой канализации;Самарская область, Центральный район, г. Тольятти, северо-восточнее здания, имеющего адрес: ул. Ставропольская, 43;996,0;Муниципальная казна
503;П1300000010950;63:09:0000000:7740;Сети дождевой канализации по ул. Мира;Самарская область, Центральный район, г. Тольятти, севернее, северо-восточнее здания, имеющего адрес: бульвар Ленина, 1;4066,0;Муниципальная казна
504;П1300000010783;63:09:0000000:7888;Сети дождевой канализации  75 кв. Центрального района;Самарская область, Центральный район, г. Тольятти, севернее, северо-западнее здания, имеющего адрес: ул. Баныкина, 14;912,0;Муниципальная казна
505;П1300000011209;63:09:0000000:7889;Сети ливневой канализации от колодца № 31 до № 27/32;Самарская область, Автозаводский район, г. Тольятти, северо-восточнее здания, имеющего адрес: ул. Свердлова, 7-А;75,0;Муниципальная казна
506;П1300000011359;63:09:0000000:7895;Сеть бытовой канализации от колодца №1 до №15;Самарская область, Автозаводский район, г. Тольятти, юго-восточнее здания, имеющего адрес: ул. Борковская, 99;1215,0;Муниципальная казна
507;П1300000010953;63:09:0000000:7897;Сеть дождевой канализации по ул.Коммунистической;Самарская область, Комсомольский район, г. Тольятти, юго-восточнее здания, имеющего адрес: ул. Механизаторов, 1;4589,0;Муниципальная казна
508;П1300000012737;63:09:0000000:7898;Тепловые сети от ТК-2/1 (Т436) до ТК-50;Самарская область, Центральный район, г. Тольятти, северо-восточнее здания, имеющего адрес: ул. Баныкина, д. 8, стр. 1;347,0;Муниципальная казна
509;П1300000013123;63:09:0000000:7899;Внутриквартальные (распределительные) тепловые сети центральной части Комсомольского района;Самарская область, Комсомольский район, г. Тольятти, восточнее, юго-восточнее, южнее здания, имеющего адрес: ул.Механизаторов, 37;1198,0;Муниципальная казна
510;П1000000000275;63:09:0000000:7900;Автодорога по ул. Октябрьской;Самарская область, Центральный район, г. Тольятти, от улицы Комсомольская до бульвара 50 лет Октября, западнее объекта, имеющего адрес: ул. Октябрьская, 32-а;1613,0;Муниципальная казна
511;П1000000000327;63:09:0000000:7901;Автодорога по ул. Ушакова;Самарская область, Центральный район, г. Тольятти, от улицы Комсомольской до улицы Баныкина, западнее объекта, имеющего адрес: ул. Мира, 25;1205,0;Муниципальная казна
512;П1000000000107;63:09:0000000:7902;Автодорога по ул. Самарской;Самарская область, Центральный район, г. Тольятти, от улицы Горького до бульвара 50 лет Октября, западнее объекта, имеющего адрес: ул. Самарская, 68;1118,0;Муниципальная казна
513;П1000000000112;63:09:0000000:7904;Автодорога по ул. Первомайской;Самарская область, Центральный район, г. Тольятти, от улицы Алтайской до улицы Комсомольской, западнее объекта, имеющего адрес: ул. Чапаева, 64-а;1130,0;Муниципальная казна
514;П1000000000208;63:09:0000000:7905;Автодорога по ул. Калинина;Самарская область, Центральный район, г. Тольятти, от переулка Чернышевского до бульвара Молодежный, восточнее объекта, имеющего адрес: улица Горького, 31;1194,0;Муниципальная казна
515;П1000000000352;63:09:0000000:7906;Автодорога по проезду Слесарный;Самарская область, Автозаводский район, г. Тольятти, от улицы Вокзальной до Южного шоссе, западнее объекта, имеющего адрес: ул.Коммунальная, 25;1228,0;Муниципальная казна
516;П1000000000109;63:09:0000000:7911;Автодорога по ул. Пугачевской;Самарская область, Центральный район, г. Тольятти, от проезда 2-ой Пугачевский до бульвара 50 лет Октября, северо-восточнее объекта, имеющего адрес: бульвар 50 лет Октября,14;799,0;Муниципальная казна
517;П1000000000078;63:09:0000000:8560;Автодорога по ул. Радищева;Самарская область, Центральный район, г. Тольятти, от улицы Октябрьской до улицы Новозаводской, южнее объекта имеющего адрес: улица Октябрьская,6;681,0;Муниципальная казна
518;П1000000000335;63:09:0000000:8561;Автодорога по ул. Чапаева;Самарская область, Центральный район, г. Тольятти, от улицы Лесной до улицы Победы, северо-восточнее объекта, имеющего адрес: ул.Садовая,1;2267,0;Муниципальная казна
519;П1000000000206;63:09:0000000:8562;Автодорога по ул. Крупской;Самарская область, Центральный район, г. Тольятти, от объекта, имеющего адрес: улица Толстого, 9-б, до проезда Профсоюзов, южнее объекта, имеющего адрес: улица Толстого, 9;1326,0;Муниципальная казна
520;П1000000000344;63:09:0000000:8563;Автодорога по ул. Шлютова;Самарская область, Центральный район, г. Тольятти, от улицы Лесной до улицы Новозаводской, северо-восточнее объекта, имеющего адрес: улица Шлютова,3;2569,0;Муниципальная казна
521;П1000000000247;63:09:0000000:8564;Автодорога по ул. Маяковского;Самарская область, Центральный район, г. Тольятти, от проезда 2-ой Пугачевский до бульвара 50 лет Октября, севернее объекта, имеющего адрес: бульвар 50 лет Октября, 10-а;731,0;Муниципальная казна
522;П1000000000250;63:09:0000000:8565;Автодорога по улице Минская;Самарская область, Центральный район, г. Тольятти, от бульвара 50 лет Октября до улицы Толстого, восточнее здания, имеющего адрес: улица Минская, 85;851,0;Муниципальная казна
523;П1000000000007;63:09:0000000:8566;Автодорога по ул. Гидростроевская;Самарская область, Центральный район, г. Тольятти, от улицы Мира до улицы Республиканской, восточнее здания, имеющего адрес: улица Гидростроевская, 17;431,0;Муниципальная казна
524;П1300000013472;63:09:0000000:8578;Тепловые сети от ТК-9 (Т229) к д. ул.Ленина, 76;Самарская область, Центральный район, г. Тольятти, юго-западнее здания, имеющего адрес: ул. Ленина, 76;186,0;Муниципальная казна
525;П1300000012593;63:09:0000000:8583;Тепловые сети от ТК-10 к ул. Ленина, 68, 70, 72, 74 (ГОУ СПО Тольят. техникум произв. технологий и экологии промышленности);Самарская область, Центральный район, г. Тольятти, юго-западнее здания, имеющего адрес: ул. Ленина, 68;196,0;Муниципальная казна
526;П1000000000071;63:09:0000000:8594;Автодорога по ул. 25 лет Октября;Самарская область, Центральный район, г. Тольятти, от улицы Горького до улицы Ставропольской, западнее объекта, имеющего адрес: ул. Комсомольская, 18;569,0;Муниципальная казна
527;П1000000000303;63:09:0000000:8598;Автодорога по ул. Ставропольской;Самарская область, Центральный район, г. Тольятти, от улицы Дмитрия Ульянова до улицы Садовой, юго-западнее объекта, имеющего адрес: улица Садовая, 42-а;943,0;Муниципальная казна
528;П1000000000324;63:09:0000000:8600;Автодорога по ул. Уральской;Самарская область, Центральный район, г. Тольятти, от улицы Толстого до бульвара 50 лет Октября, юго-западнее объекта, имеющего адрес: ул.Толстого, 38;1039,0;Муниципальная казна
529;П1000000000363;63:09:0000000:8601;Автодорога по улице Комзина;Самарская область, Центральный район, г. Тольятти, от улицы Родины до улицы Инженерной, восточнее объекта, имеющего адрес: улица Инженерная, 2;1320,0;Муниципальная казна
530;П1300000013124;63:09:0000000:8602;Внутриквартальные т/сети котельной №8 (мкр.Шлюзовой);Самарская область, Комсомольский район, г. Тольятти, северо-западнее здания, имеющего адрес: улица Никонова, 24;1275,0;Муниципальная казна
531;П1000000000178;63:09:0000000:8609;Автодорога по ул. 70 лет Октября;Самарская область, Автозаводский район, г. Тольятти, от улицы Офицерской до улицы Льва Яшина, северо-восточнее объекта, имеющего адрес: улица 70 лет Октября, 37;2449,0;Муниципальная казна
532;П1000000000354;63:09:0000000:8610;Автодорога по проезду Фабричный;Самарская область, Автозаводский район, г. Тольятти, от улицы Вокзальной до Южного шоссе, восточнее объекта, имеющего адрес: ул. Коммунальная, 39;1125,0;Муниципальная казна
533;П1000000000105;63:09:0000000:8611;Автодорога по ул. Садовая;Самарская область, Центральный район, г. Тольятти, от улицы Чапаева до улицы Ставропольской, северо-западнее здания, имеющего адрес: улица Садовая, 42;972,0;Муниципальная казна
534;П1000000000224;63:09:0000000:8612;Автодорога по ул. Ботаническая;Самарская область, Автозаводский район, г. Тольятти, от улицы Дзержинского до улицы Коммунальной, восточнее объекта, имеющего адрес: улица Ботаническая, 20;2514,0;Муниципальная казна
535;П1000000000166;63:09:0000000:8613;Автодорога по ул. 40 лет Победы;Самарская область, Автозаводский район, г. Тольятти, от Ленинского проспекта до Южного шоссе, северо-восточнее объекта, имеющего адрес: улица 40 лет Победы, 69;4217,0;Муниципальная казна
536;П1000000000015;63:09:0000000:8614;Автодорога по ул. Александра Кудашева;Самарская область, Центральный район, г. Тольятти, ул. Александра Кудашева, от Автозаводского шоссе до северной границы городского округа Тольятти, восточнее объекта, имеющего адрес: Автозаводское шоссе, 5;1457,0;Муниципальная казна
537;П1000000000391;63:09:0000000:8615;Автодорога по ул. Заставная;Самарская область, Автозаводский район, г. Тольятти, от ул.Дзержинского до Южного шоссе, северо-западнее объекта, имеющего адрес: проспект Московский,1;1355,0;Муниципальная казна
538;П1000000000042;63:09:0000000:8638;Автодорога по улице Громовой;Самарская область, Комсомольский район, г. Тольятти, от улицы Кунеевской до улицы Куйбышева, северо-западнее объекта недвижимости, имеющего адрес: улица Громовой, 92;3707,0;Муниципальная казна
539;П1300000013192;63:09:0000000:8643;Ангар арочного типа;Самарская область, Автозаводский район, г. Тольятти, западнее сооружения - ангар арочного типа (лит. С) на территории технического музея ВАЗа в санитарно-защитной зоне;;Оперативное управление
540;П1300000008825;63:09:0000000:8686;Тепловая трасса;"Самарская область, Центральный район, г. Тольятти, северо-восточнее территории ОАО ""Трансформатор"", южнее ул. Ларина в северном Промузле";3369,0;Муниципальная казна
541;П1000000000223;63:09:0000000:8696;Автодорога по улице Лизы Чайкиной;Самарская область, Комсомольский район, г. Тольятти, от улицы Есенина до улицы Коммунистической, северо-восточнее объекта недвижимости, имеющего адрес: улица Есенина, 18;2736,0;Муниципальная казна
542;П1000000000003;63:09:0000000:8727;Автодорога по ул. Герцена;Самарская область, Центральный район, г. Тольятти, от улицы Толстого до бульвара 50 лет Октября, юго-восточнее объекта, имеющего адрес: ул. Толстого, 27;1101,0;Муниципальная казна
543;П1000000000246;63:09:0000000:8758;Автодорога по улице Матросова;Самарская область, Комсомольский район, г. Тольятти, северо-восточнее объекта недвижимости, имеющего адрес: ул. Коммунистическая, 26-б, до улицы Комсомольской;4549,0;Муниципальная казна
544;П1300000008771;63:09:0000000:8760;Сети ливневой канализации от колодца № 28 до № 53, от колодца № 53 до № 27, от колодца № 27 до № 69;Самарская область, Автозаводский район, г. Тольятти, восточнее, юго-восточнее здания, имеющего адрес: ул. Коммунальная, 39;2841,0;Муниципальная казна
545;П1300000008770;63:09:0000000:8761;Сети ливневой канализации от колодца № 4* до № 1;Самарская область, Автозаводский район, г. Тольятти, севернее, северо-восточнее здания, имеющего адрес: ул. Спортивная, 3;415,0;Муниципальная казна
546;П1000000000272;63:09:0000000:8763;Автодорога по улице Северная;Самарская область, Автозаводский район, г. Тольятти, от улицы Цеховой, северо-восточнее здания, имеющего адрес: улица Северная, 111;7920,0;Муниципальная казна
547;П1000000000424;63:09:0000000:8765;Пересечение автодорог по ул.Полякова и ул.Офицерской;Самарская область, Автозаводский район, г. Тольятти, улица Офицерская, пересечение с ул.Полякова и ул.Офицерской;286,0;Муниципальная казна
548;П1300000010926;63:09:0000000:8769;Сети ливневой канализации от колодца № 1 до № 17;Самарская область, Автозаводский район, г. Тольятти, юго-западнее здания, имеющего адрес: улица Свердлова, 16;763,0;Муниципальная казна
549;П1300000007420;63:09:0000000:8770;Сети ливневой канализации от колодца № 1 до № 19;Самарская область, Автозаводский район, г. Тольятти, западнее, северо-западнее здания, имеющего адрес: проспект Московский, 13;372,0;Муниципальная казна
550;П1300000010925;63:09:0000000:8772;Сети ливневой канализации от колодца № 1  до № 16, от колодца №38а до №7;Самарская область, Автозаводский район, г. Тольятти, южнее, юго-восточнее здания, имеющего адрес: улица Дзержинского, 58;879,0;Муниципальная казна
551;П1000000000061;63:09:0000000:8774;Автодорога по участку а/д от Московского пр-та до мкр Приморский;Самарская область, Автозаводский район, г. Тольятти, северо-западнее здания, имеющего адрес: улица Спортивная, 35;4282,0;Муниципальная казна
552;П1000000000214;63:09:0000000:8776;Автодорога по улице Кирова;Самарская область, Центральный район, г. Тольятти, от улицы Тимирязева до улицы Ломоносова, севернее объекта, имеющего адрес: ул. Ленина,58;2577,0;Муниципальная казна
553;П1000000000365;63:09:0000000:8778;Автодорога по улице Санаторная;Самарская область, Центральный район, г. Тольятти, от проезда 4-ый Волжский до проезда 1-ый Волжский, севернее объекта, имеющего адрес: проезд 4-ый Волжский, 16;534,0;Муниципальная казна
554;П1300000008779;63:09:0000000:8779;Сети ливневой канализации от колодца № 1 до № 6/7;Самарская область, Автозаводский район, г. Тольятти, южнее здания, имеющего адрес: улица 40 лет Победы, 122;275,0;Муниципальная казна
555;П1000000000423;63:09:0000000:8781;Автодорога по площади Свободы;Самарская область, Центральный район, г. Тольятти, южнее здания, имеющего адрес: площадь Свободы, 4;470,0;Муниципальная казна
556;П1300000010781;63:09:0000000:8807;Сети дождевой канализации;Самарская область, Комсомольский район, г. Тольятти, северо-восточнее здания, имеющего адрес: ул. Механизаторов, 26-а;2057,0;Муниципальная казна
557;П1300000008776;63:09:0000000:8813;Сети ливневой канализации от начального колодца до № 8/5 сущ.;Самарская область, Автозаводский район, г. Тольятти, северо-восточнее здания, имеющего адрес: улица Свердлова, 19;471,0;Муниципальная казна
558;П1300000008777;63:09:0000000:8854;Ливневый коллектор от камеры ЛК-III до камеры ЛК-I;Самарская область, Автозаводский район, г. Тольятти, севернее здания, имеющего адрес: проспект Московский, 21;1019,0;Муниципальная казна
559;П1300000011795;63:09:0000000:8866;Водоотводный лоток вдоль ул.Лесная;Самарская область, Центральный район, г. Тольятти, южнее здания, имеющего адрес: ул. Лесная, 3;420,0;Муниципальная казна
560;П1000000000193;63:09:0000000:8877;Автодорога по улице Инженерная;Самарская область, Центральный район, г. Тольятти, от проезда 4-ый Волжский до здания 76 по улице Инженерная, южнее объекта, имеющего адрес: улица Инженерная, 1;1087,0;Муниципальная казна
561;П1000000000284;63:09:0000000:8878;Автодорога по бульвару Здоровья;Самарская область, Автозаводский район, г. Тольятти, северо-восточнее объекта, имеющего адрес: ул. 40 лет Победы, 65, до ул. Свердлова;1348,0;Муниципальная казна
562;П1300000011774;63:09:0000000:8881;Сети дождевой канализации в районе д.12 по ул.Механизаторов и д.42,44,46,48,50,52,59 по ул.Мурысева Комсомольского района;Самарская область, Комсомольский район, г. Тольятти, юго-западнее здания, имеющего адрес: ул. Мурысева, 59-в;1720,0;Муниципальная казна
563;П1300000011757;63:09:0000000:8887;Сети дождевой канализации по ул.Громовой Комсомольского района;Самарская область, Комсомольский район, г. Тольятти, юго-восточнее здания, имеющего адрес: ул. Громовой, д.33, стр.2;2229,0;Муниципальная казна
564;П1300000012889;63:09:0000000:8889;Сети дождевой канализации по ул.Цеховая Автозаводского района;Самарская область, Автозаводский район, г. Тольятти, севернее здания, имеющего адрес: ул.Вокзальная, 37, стр.3;266,0;Муниципальная казна
565;П1300000013369;63:09:0000000:8900;Канализационные сети Центрального района (частный сектор) по ул.Лесная;Самарская область, Центральный район, г. Тольятти, северо-западнее здания, имеющего адрес:ул.Шлютова,1 и северо-западнее здания, имеющего адрес:ул.Лесная,56-б;114,0;Муниципальная казна
566;П1300000013393;63:09:0000000:8904;Канализационные сети Центрального района (частный сектор) по пр.Торговый;Самарская область, Центральный район, г. Тольятти, юго-западнее здания, имеющего адрес: ул. Комсомольская, 66 и северо-восточнее здания, имеющего адрес: пр.Торговый, 5;214,0;Муниципальная казна
567;П1000000000043;63:09:0000000:8905;Автодорога по проезду Федоровские луга;Самарская область, Комсомольский район, г. Тольятти, юго-восточнее здания, имеющего адрес: улица Кооперативная, 102, до восточной границы городского округа Тольятти;2468,0;Муниципальная казна
568;П1000000000355;63:09:0000000:8906;Автодорога по Лесопарковому шоссе ;Самарская область, Центральный район, г. Тольятти, от проспекта Степана Разина до улицы Комзина, западнее здания, имеющего адрес: улица Комзина, 12;5341,0;Муниципальная казна
569;П1300000013397;63:09:0000000:8907;Канализационные сети Центрального района (частный сектор) по пр.Сосновый;Самарская область, Центральный район, г. Тольятти, севернее здания, имеющего адрес: бул. 50 лет Октября, 4;672,0;Муниципальная казна
570;П1000000000372;63:09:0000000:8908;Автодорога по улице Раздольная;Самарская область, Комсомольский район, г. Тольятти, от улицы 60 лет СССР до Поволжского шоссе, северо-восточнее здания, имеющего адрес: Поволжское шоссе, 34;10311,0;Муниципальная казна
571;П1000000000177;63:09:0000000:8909;Автодорога по улице Бурлацкой;Самарская область, Комсомольский район, г. Тольятти, от улицы Магистральной, севернее здания, имеющего адрес: улица Бурлацкой, 74;9014,0;Муниципальная казна
572;П1000000000191;63:09:0000000:8913;Автодорога по улице Ингельберга;Самарская область, Комсомольский район, г. Тольятти, юго-западнее здания, имеющего адрес: улица Ингельберга, 189, до улицы Никонова;2566,0;Муниципальная казна
573;П1300000013487;63:09:0000000:8914;Канализационные сети Центрального района (частный сектор) по пр.Амурский;Самарская область, Центральный район, г. Тольятти, севернее здания, имеющего адрес: пр. Амурский, 69;128,0;Муниципальная казна
574;П1300000013392;63:09:0000000:8916;Канализационные сети Центрального района (частный сектор) по пр.Печорский;Самарская область, Центральный район, г. Тольятти, севернее здания, имеющего адрес: пр.Печорский, 41 и севернее здания, имеющего адрес: пр.Печорский, 75;188,0;Муниципальная казна
575;П1000000000054;63:09:0000000:8917;Автодорога по улице Высоковольтная;Самарская область, Комсомольский район, г. Тольятти, от улицы Калужской до улицы Бориса Коваленко, севернее здания, имеющего адрес: улица Высоковольтная, 29;994,0;Муниципальная казна
576;П1300000013656;63:09:0000000:8918;Канализационные сети Центрального района (частный сектор) по ул.Ломоносова;Самарская область, Центральный район, г. Тольятти, юго-восточнее здания, имеющего адрес: ул. Ломоносова, 73;70,0;Муниципальная казна
577;П1300000013687;63:09:0000000:8919;Канализационные сети Центрального района (частный сектор) по пр. Енисейский;Самарская область, Центральный район, г. Тольятти, севернее здания, имеющего адрес:пр.Енисейский, 63 и севернее здания, имеющего адрес:пр.Енисейский, 37;126,0;Муниципальная казна
578;П1300000013657;63:09:0000000:8920;Канализационные сети Центрального района (частный сектор) по ул.Марии Ульяновой;Самарская область, Центральный район, г. Тольятти, южнее здания, имеющего адрес: ул.Мичурина, 92;368,0;Муниципальная казна
579;П1300000013421;63:09:0000000:8921;Сети водоснабжения от ЦТП-173 до 36Э, от ЦТП-173 до 36Ч, от ЦТП-173 до Ут12, от ПГ-475 до т.А у ЦТП-173, от ЦТП-173 до дома 36Ф, от стены здания до стены здания 36-ДС-4;Самарская область, Автозаводский район, г. Тольятти, южнее, восточнее, северо-восточнее здания, имеющего адрес: ул. 40 лет Победы, 32;764,0;Муниципальная казна
580;П1300000013396;63:09:0000000:8924;Канализационные сети Центрального района (частный сектор) по пр.Бородинский;Самарская область, Центральный район, г. Тольятти, севернее здания, имеющего адрес: пр. Бородинский, 65 и севернее здания, имеющего адрес: бул. 50 лет Октября, 36;454,0;Муниципальная казна
581;П1300000013370;63:09:0000000:8933;Канализационные сети Центрального района (частный сектор) по ул.Чкалова;Самарская область, Центральный район, г. Тольятти, севернее здания, имеющего адрес:ул. Ларина, 119, и севернее здания, имеющего адрес: ул. Мичурина, 137;372,0;Муниципальная казна
582;П1300000010954;63:09:0000000:8950;Сети дождевой канализации по ул. Баныкина;Самарская область, Центральный район, г. Тольятти, восточнее, северо-восточнее здания, имеющего адрес: ул. Баныкина, 6;7659,0;Муниципальная казна
583;П1300000013812;63:09:0000000:8951;Сети водоснабжения к дому ул. 70 лет Октября, 26, ввод от УТ-7 до УТ-8, до дома 34-М;Самарская область, Автозаводский район, г. Тольятти, северо-западнее, западнее, юго-западнее здания, имеющего адрес: бул. Рябиновый, д. 4;1920,0;Муниципальная казна
584;П1300000013485;63:09:0000000:8957;Сети водоснабжения, перемычка через ул.Тополиная, от УТ-18 до УТ-7;Самарская область, Автозаводский район, г. Тольятти, севернее и северо-западнее здания, имеющего адрес: ул. Тополиная, д. 41;63,0;Муниципальная казна
585;П1300000013480;63:09:0000000:8964;Сети дождевой канализации по улице 40 лет Победы (21 квартал) Автозаводского района (лит.1);Самарская область, Автозаводский район, г. Тольятти, юго-западнее, южнее и юго-восточнее здания, имеющего адрес: ул. 40 лет Победы, д.24;1678,0;Муниципальная казна
586;П1300000013398;63:09:0000000:8977;Сети дождевой канализации к дому Молодежный бульвар, 13 Центрального района;Самарская область, Центральный район, г. Тольятти, южнее, восточнее и юго-восточнее здания, имеющего адрес: бул.Молодежный, д.13;86,0;Муниципальная казна
587;П1300000013078;63:09:0000000:8982;Газопровод высокого давления ;Самарская область, Комсомольский район, г. Тольятти, от подземной точки врезки колодца № 2 в районе Пожарного Депо Промзоны до ГРП мкр. Поволжский;7039,0;Муниципальная казна
588;П1300000012115;63:09:0000000:8993;Сети дождевой канализации по ул. Борковская Автозаводского района;Самарская область, Автозаводский район, г. Тольятти, севернее здания, имеющего адрес: ул. Борковская, 65;654,0;Муниципальная казна
589;П1300000012117;63:09:0000000:8994;Сети дождевой канализации по ул. Вокзальная Автозаводского района;Самарская область, Автозаводский район, г. Тольятти, южнее и юго-восточнее, имеющего адрес: ул. Вокзальная, д. 116;1705,0;Муниципальная казна
590;П1300000012119;63:09:0000000:9001;Сети дождевой канализации 73 кв. Центрального района;Самарская область, Центральный район, г. Тольятти, южнее, восточнее и юго-восточнее здания, имеющего адрес: ул.Мира, д.113;2642,0;Муниципальная казна
591;П1300000011810;63:09:0000000:9017;Сети канализации микрорайона Жигулевское море Комсомольского района;Самарская область, Комсомольский район, г. Тольятти, северо-восточнее здания, имеющего адрес: пр.Майский, 68;466,0;Муниципальная казна
592;П1300000011776;63:09:0000000:9021;Сети дождевой канализации в районе д.4,18,22,26,28,32,34,36,38 по ул.Коммунистическая Комсомольского района;Самарская область, Комсомольский район, г. Тольятти, северо-восточнее, восточнее здания, имеющего адрес: ул.Коммунистическая, 4;1139,0;Муниципальная казна
593;П1200000000036;63:09:0000000:9023;"Канализационная сеть к фонтану на площади у театра ""Колесо""";Самарская область, Центральный район, г. Тольятти, восточнее здания, имеющего адрес: ул. Ленинградская, 29;59,0;Муниципальная казна
594;П1200000000032;63:09:0000000:9027;Сети дождевой канализации по ул. Механизаторов;Самарская область, Комсомольский район, г. Тольятти, южнее, юго-западнее и юго-восточнее здания, имеющего адрес: ул.Механизаторов, д.1;836,0;Муниципальная казна
595;П1300000013220;63:09:0000000:9050;Контактная сеть троллейбусов;Самарская область, Автозаводский район, г. Тольятти, б-р Приморский, сооружение 2;3145,0;Хозяйственное ведение
596;П1300000013223;63:09:0000000:9051;Контактная сеть троллейбусов;Самарская область, Автозаводский район, г. Тольятти, ул. Автостроителей, сооружение 2;897,0;Хозяйственное ведение
597;П1300000013224;63:09:0000000:9052;Контактная сеть троллейбусов;Самарская область, Автозаводский район, г. Тольятти, ул. Маршала Жукова, сооружение 2;2380,0;Хозяйственное ведение
598;П1300000013214;63:09:0000000:9054;Контактная сеть троллейбусов;Самарская область, Автозаводский район, г. Тольятти, ул. Дзержинского, сооружение 2;4355,0;Хозяйственное ведение
599;П1300000013222;63:09:0000000:9057;Контактная сеть троллейбусов;Самарская область, Автозаводский район, г. Тольятти, ул. Спортивная, сооружение 2;2954,0;Хозяйственное ведение
600;П1300000013216;63:09:0000000:9059;Контактная сеть троллейбусов;Самарская область, Автозаводский район, г. Тольятти, ш. Южное, сооружение 1;11450,0;Хозяйственное ведение
601;П1300000013218;63:09:0000000:9060;Контактная сеть троллейбусов;Самарская область, Автозаводский район, г. Тольятти, проспект Степана Разина, ул. Ботаническая, сооружение 1;6024,0;Хозяйственное ведение
602;П1300000013221;63:09:0000000:9061;Контактная сеть троллейбусов;Самарская область, Автозаводский район, г. Тольятти, пр-кт Московский, сооружение 2;4856,0;Хозяйственное ведение
603;П1300000013217;63:09:0000000:9064;Контактная сеть троллейбусов;Самарская область, Автозаводский район, г. Тольятти, ул. Революционная, сооружение 2;3440,0;Хозяйственное ведение
604;П1300000013219;63:09:0000000:9065;Контактная сеть троллейбусов;Самарская область, Автозаводский район, г. Тольятти, ул. 40 лет Победы, сооружение 2;2135,0;Хозяйственное ведение
605;П1300000011787;63:09:0000000:9077;Сети дождевой канализации 71кв. Центрального района;Самарская область, Центральный район, г. Тольятти, южнее, восточнее, юго-восточнее и юго-западнее здания, имеющего адрес: ул.Мира, д.79;3891,0;Муниципальная казна
606;П1300000011791;63:09:0000000:9092;Сети дождевой канализации по ул.К.Маркса и пл.Свободы Центрального района;Самарская область, Центральный район, г. Тольятти, юго-восточнее здания, имеющего адрес: пл.Свободы, 4;882,0;Муниципальная казна
607;П1300000011779;63:09:0000000:9093;Сети дождевой канализации по Южному шоссе Автозаводского района;Самарская область, Автозаводский район, г. Тольятти, северо-западнее здания, имеющего адрес: Южное шоссе, 113;4636,0;Муниципальная казна
608;П1000000000369;63:09:0000000:9096;Автодорога по улице Есенина;Самарская область, Комсомольский район, г. Тольятти, от набережной до улицы Лизы Чайкиной, северо-восточнее объекта недвижимости, имеющего адрес: ул.Коммунистическая, 2;974,0;Муниципальная казна
609;П1000000000431;63:09:0000000:9116;Автодорога по улице Васильевская;Самарская область, Центральный район, г. Тольятти, от улицы Комсомольской до Обводного шоссе, северо-восточнее здания, имеющего адрес: улица Базовая, 60;4499,0;Муниципальная казна
610;П1000000000094;63:09:0000000:9117;Автодорога по улице Кунеевская;Самарская область, г. Тольятти, от улицы Баныкина до улицы Громовой, восточнее здания, имеющего адрес: улица Громовой, 13;2468,0;Муниципальная казна
611;П1000000000282;63:09:0000000:9118;Автодорога по улице Диагональная;Самарская область, Центральный район, г. Тольятти, от улицы Баныкина до улицы Матросова, юго-восточнее здания, имеющего адрес: улица Баныкина, 31;1446,0;Муниципальная казна
612;П1000000000432;63:09:0000000:9120;Автодорога по кольцевой транспортной развязке по ул. 40 лет Победы, Ленинскому проспекту, ул. Ворошилова, ул. Маршала Жукова;Самарская область, Автозаводский район, г. Тольятти, южнее здания, имеющего адрес: улица Ворошилова, 73;457,0;Муниципальная казна
613;П1200000000062;63:09:0000000:9122;Сети дождевой канализации по ул. 50 лет Октября;Самарская область, Центральный район, г. Тольятти, юго-восточнее здания, имеющего адрес: ул. Лесная, 3-б;2741,0;Муниципальная казна
614;П1000000000040;63:09:0000000:9123;Автодорога по улице Кошеля;Самарская область, Центральный район, г. Тольятти, от улицы Горького до улицы Радищева, северо-западнее здания, имеющего адрес: улица Горького, 88;1001,0;Муниципальная казна
615;П1000000000394;63:09:0000000:9124;Автодорога по улице Никонова;Самарская область, Комсомольский район, г. Тольятти, от улицы Макарова до улицы Грибоедова, восточнее здания, имеющего адрес: улица Макарова, 1;5514,0;Муниципальная казна
616;П1000000000220;63:09:0000000:9126;Автодорога по улице Коммунистической;Самарская область, Комсомольский район, г. Тольятти, от улицы Есенина до улицы Куйбышева, юго-восточнее здания, имеющего адрес: улица Коммунистическая, 13;4393,0;Муниципальная казна
617;П1600000000009;63:09:0000000:9148;Ливнеспуски;Самарская область, Автозаводский район, г. Тольятти, южнее ул. Спортивной, сооружение 8;7565,0;Муниципальная казна
618;П1000000000044;63:09:0000000:9154;Автодорога по улице Нижнегородская;Самарская область, Комсомольский район, г. Тольятти, от улицы Громовой до проезда Майский, южнее здания, имеющего адрес: проезд Майский, 11;1710,0;Муниципальная казна
619;П1000000000442;63:09:0000000:9155;Автодорога по проезду Береговому;Самарская область, Комсомольский район, г. Тольятти, от улицы Никонова до проезда 1-ый Береговой;271,0;Муниципальная казна
620;П1200000000052;63:09:0000000:9178;Сети ливневой канализации: подключения от дождеприемников по улице Автостроителей;Самарская область, Автозаводский район, г. Тольятти, ул. Автостроителей, сооружение 1;691,0;Муниципальная казна
621;П1000000000436;63:09:0000000:9179;Автодорога по улице Окраинной;Самарская область, Автозаводский район, г. Тольятти, от улицы Вокзальной до объекта недвижимости, имеющего адрес: улица Окраинная, 2;2492,0;Муниципальная казна
622;П1200000000048;63:09:0000000:9193;Сети ливневой канализации: подключения от дождеприемников по улице Маршала Жукова;Самарская область, Автозаводский район, г. Тольятти, ул. Маршала Жукова, сооружение 1;571,0;Муниципальная казна
623;П1200000000054;63:09:0000000:9200;Сети ливневой канализации: подключения от дождеприемников по улице Воскресенской;Самарская область, Автозаводский район, г. Тольятти, ул. Воскресенская, сооружение 1;442,0;Муниципальная казна
624;П1300000013178;63:09:0000000:9201;Сети ливневой канализации: подключения от дождеприемников по улице 70 лет Октября;Самарская область, Автозаводский район, г. Тольятти, ул. 70 лет Октября, сооружение 1;808,0;Муниципальная казна
625;П1000000000438;63:09:0000000:9205;Автодорога по улице Носова;Самарская область, Комсомольский район, г. Тольятти, от улицы Макарова до улицы Шлюзовая;452,0;Муниципальная казна
626;П1000000000263;63:09:0000000:9206;Автодорога по улице Полякова;Самарская область, Автозаводский район, г. Тольятти, от улицы Коммунальной до улицы Офицерской;1718,0;Муниципальная казна
627;П1300000013278;63:09:0000000:9207;Сети ливневой канализации: подключения от дождеприемников по улице Коммунальной;Самарская область, Автозаводский район, г. Тольятти, ул. Коммунальная, сооружение 1;480,0;Муниципальная казна
628;П1200000000042;63:09:0000000:9211;Сети ливневой канализации: подключения от дождеприемников по улице Фрунзе;Самарская область, Автозаводский район, г. Тольятти, ул. Фрунзе, сооружение 1;1256,0;Муниципальная казна
629;П1200000000056;63:09:0000000:9213;Сети ливневой канализации: подключения от дождеприемников по улице Революционная;Самарская область, Автозаводский район, г. Тольятти, ул. Революционная, сооружение 1;958,0;Муниципальная казна
630;П1300000013175;63:09:0000000:9215;Сети ливневой канализации: подключения от дождеприемников по бульвару Приморский;Самарская область, Автозаводский район, г. Тольятти, б-р Приморский, сооружение 1;530,0;Муниципальная казна
631;П1200000000060;63:09:0000000:9219;Сети ливневой канализации: подключения от дождеприемников по улице Ворошилова;Самарская область, Автозаводский район, г. Тольятти, ул. Ворошилова, сооружение 1;845,0;Муниципальная казна
632;П1000000000316;63:09:0000000:9222;Автодорога по проезду Торговый;Самарская область, Центральный район, г. Тольятти, от проезда Рыночный до проезда Пожарского, юго-восточнее здания, имеющего адрес: проезд Рыночный, 24;320,0;Муниципальная казна
633;П1000000000343;63:09:0000000:9223;Автодорога по улице Шлюзовая;Самарская область, Комсомольский район, г. Тольятти, от улицы Носова до улицы Железнодорожная, севернее здания, имеющего адрес: улица Носова, 15-а;1048,0;Муниципальная казна
634;П1000000000099;63:09:0000000:9224;Автодорога по бульвару Приморский;Самарская область, Автозаводский район, г. Тольятти, от проспекта Московский до ул. Маршала Жукова, севернее, северо-восточнее здания, имеющего адрес: бульвар Приморский, 55;2955,0;Муниципальная казна
635;П1300000013268;63:09:0000000:9225;Сети ливневой канализации: подключения от дождеприемников, расположенных на территории квартала 3 и ДКиТ;Самарская область, Автозаводский район, г. Тольятти, северо-восточнее здания, имеющего адрес: Московский проспект,43;275,0;Муниципальная казна
636;П1300000013407;63:09:0000000:9229;Сети ливневой канализации: подключения от дождеприемников, расположенных на территории 2 и 31 квартала ;Самарская область, Автозаводский район, г. Тольятти, западнее, северо-западнее,севернее здания, имеющего адрес: ул. Юбилейная, 4;473,0;Муниципальная казна
637;П1200000000040;63:09:0000000:9234;Сети ливневой канализации: подключения от дождеприемников по улице Спортивной;Самарская область, Автозаводский район, г. Тольятти, ул. Спортивная, сооружение 1;1827,0;Муниципальная казна
638;П1300000013813;63:09:0000000:9235;Сети и сооружения ливневой канализации по улице Тополиной;Самарская область, Автозаводский район, г. Тольятти, ул. Тополиная, сооружение 1;524,0;Муниципальная казна
639;П1200000000046;63:09:0000000:9237;Сети ливневой канализации: подключения от дождеприемников по улице Юбилейная;Самарская область, Автозаводский район, г. Тольятти, ул. Юбилейная, сооружение 1;1471,0;Муниципальная казна
640;П1200000000044;63:09:0000000:9242;Сети ливневой канализации: подключения от дождеприемников по Ленинскому проспекту;Самарская область, Автозаводский район, г. Тольятти, пр-кт Ленинский, сооружение 1;1480,0;Муниципальная казна
641;П1200000000058;63:09:0000000:9243;Сети ливневой канализации подключение от дождеприемников по улице Свердлова;Самарская область, Автозаводский район, г. Тольятти, ул. Свердлова, сооружение 1;1919,0;Муниципальная казна
642;П1300000013288;63:09:0000000:9246;Сети ливневой канализации: подключения от дождеприемников по проспекту Московскому;Самарская область, Автозаводский район, г. Тольятти, пр-кт Московский, сооружение 1;1511,0;Муниципальная казна
643;П1200000000064;63:09:0000000:9253;Сети ливневой канализации: подключения от дождеприемников по улице 40 лет Победы;Самарская область, Автозаводский район, г. Тольятти, ул. 40 лет Победы, сооружение 1;1007,0;Муниципальная казна
644;П1300000013262;63:09:0000000:9254;Сети ливневой канализации: подключения от дождеприемников по улице Офицерская;Самарская область, Автозаводский район, г. Тольятти, ул. Офицерская, сооружение 1;359,0;Муниципальная казна
645;П1300000013290;63:09:0000000:9256;Сети ливневой канализации: подключения от дождеприемников по проспекту Степана Разина, (лит.1);Самарская область, Автозаводский район, г. Тольятти, пр-кт Степана Разина, сооружение 2;1540,0;Муниципальная казна
646;П1300000013865;63:09:0000000:9257;Участок тепловой сети от ул.Горького до тепловой камеры по ул.Кошеля;Самарская область, Центральный район, г. Тольятти, северо-восточнее здания, имеющего адрес: улица Горького, д.51;95,0;Муниципальная казна
647;П1300000013342;63:09:0000000:9259;Сети ливневой канализации: подключения от дождеприемников, расположенных на территории Спортивного центра по Приморскому бульвару;Самарская область, Автозаводский район, г. Тольятти, восточнее, юго-восточнее здания, имеющего адрес: бульвар Приморский,49;134,0;Муниципальная казна
648;П1300000013571;63:09:0000000:9261;Сети ливневой канализации: подключения от дождеприемников, расположенных на территории 1 и 32 квартала;Самарская область, Автозаводский район, г. Тольятти, севернее, северо-восточнее здания, имеющего адрес: проспект Ленинский, д.40;810,0;Муниципальная казна
649;П1300000013463;63:09:0000000:9265;Сети ливневой канализации:подключения от дождеприемников, расположенных на территории квартала 3А (лит.1);Самарская область, Автозаводский район, г. Тольятти, юго-восточнее здания, имеющего адрес: проспект Ленинский, д.23-б;358,0;Муниципальная казна
650;П1300000013295;63:09:0000000:9268;Сети ливневой канализации по ул.Радищева, по ул.Победы;Самарская область, Центральный район, г. Тольятти, северо-западнее здания, имеющего адрес: ул. Радищева, 10;470,0;Муниципальная казна
651;П1300000013879;63:09:0000000:9293;Сети ливневой канализации: подключения от дождеприемников по ул.Льва Яшина;Самарская область, Автозаводский район, г. Тольятти, ул. Льва Яшина, сооружение 1;152,0;Муниципальная казна
652;П1000000000187;63:09:0000000:9304;Автодорога по улице Жигулевская;Самарская область, Центральный район, г. Тольятти, от улицы Карла Маркса до проезда Охотничий, юго-западнее здания, имеющего адрес: улица Жигулевская, 36;473,0;Муниципальная казна
653;П1000000000447;63:09:0000000:9376;Автодорога по улице Калмыцкая;Самарская область, Центральный район, г. Тольятти, ул. Калмыцкая;2892,0;Муниципальная казна
654;П1000000000448;63:09:0000000:9388;Автодорога АТЗ-Химзавод и автодорога для троллейбусного движения 1 оч.;Самарская область, Центральный район, г. Тольятти, ул. Новозаводская, д. 2, стр. А;4256,0;Муниципальная казна
655;П1300000012285;63:09:0000000:9414;Канализационные сети Центрального района (частный сектор) по ул.Чапаева;"Самарская область, Центральный район, г. Тольятти, юго-западнее здания, имеющего адрес: ул. Чапаева, д. 82 
и юго-восточнее здания, имеющего адрес: ул. Ленина, д. 82
";553,0;Муниципальная казна
656;П1300000012317;63:09:0000000:9416;Канализационные сети Центрального района (частный сектор) по ул. Мичурина;Самарская область, Центральный район, г. Тольятти;480,0;Муниципальная казна
657;П1300000012321;63:09:0000000:9417;Канализационные сети Центрального района (частный сектор) по ул. Ларина;"Самарская область, Центральный район, г. Тольятти, юго-западнее здания, имеющего адрес: ул. Ларина, д.18 
и юго-западнее здания, имеющего адрес: ул. Минская, д.95
";423,0;Муниципальная казна
658;П1000000000453;63:09:0000000:9419;Путепровод через автодорогу Восточная завода - часть улицы Борковской;Самарская область, Автозаводский район, г. Тольятти, ул. Вокзальная, пересечение с улицей Борковской;51,0;Муниципальная казна
659;П1300000011859;63:09:0000000:9430;Канализационные сети Центрального района (частный сектор) по ул.Кирова;Самарская область, Центральный район, г. Тольятти, юго-западнее здания, имеющего адрес: ул. Кирова, д.72 и северо-восточнее здания, имеющего адрес: ул. Кирова, д.117;730,0;Муниципальная казна
660;П1000000000450;63:09:0000000:9446;Автодорога по проезду Борковский;Самарская область, Автозаводский район, г. Тольятти, проезд Борковский, от здания по адресу: ул. Вокзальная, 54 до границы городского округа, южнее здания по адресу: ул. Вокзальная, 44Б;1499,0;Муниципальная казна
661;П1300000012019;63:09:0000000:9540;Сеть ливневой канализации от колодца №9 до № 12;Самарская область, Автозаводский район, г. Тольятти, северо-западнее здания, имеющего адрес: улица Ворошилова, дом 27-А;169,0;Муниципальная казна
662;П1300000011993;63:09:0000000:9548;Сеть ливневой канализации от колодца № 1 до № 25;Самарская область, Автозаводский район, г. Тольятти, пр-кт Степана Разина, квартал 5;326,0;Муниципальная казна
663;П1000000000466;63:09:0000000:9552;Автодорога по проезду Тупиковый от ул. Новозаводская Центрального района до здания, имеющего адрес:проезд Тупиковый, д. 18;Самарская область, Центральный район, г. Тольятти, от улицы Новозаводской, севернее здания № 21 по ул. Новозаводская, до здания № 18 по проезду Тупиковый;790,0;Муниципальная казна
664;П1300000011594;63:09:0000000:9561;Сети водоснабжения 14 квартала: перемычка через Н-19 от Dy-300 до Dy-300  т.А (в районе Автостроителей,61);Самарская область, Автозаводский район, г. Тольятти, юго-западнее здания, имеющего адрес: улица Автостроителей, 63;40,0;Муниципальная казна
665;П1300000011597;63:09:0000000:9562;"Сети водоснабжения 14 квартала от Уз.19-II-В до Уз.23-II-B Dy-400; от Уз.19-II-B до ВК-422 (вдоль Н-19) Dy-300 (вдоль жилых домов по ул.Дзержинского,5; ул.Дзержинского,11)";Самарская область, Автозаводский район, г. Тольятти, севернее, восточнее здания, имеющего адрес: улица Автостроителей, 41;1020,0;Муниципальная казна
666;П1000000000468;63:09:0000000:9569;"Автодорога по ул. Земляничная, от автодороги по ул. 40 лет победы Автозаводского района до проезда Хвойный Центрального района
Хвойный Центрального района";Самарская область, г. Тольятти, улица Земляничная, от улицы 40 лет Победы, через пересечение проезда Ореховый и проезда Светлый, до проезда Хвойный;428,0;Муниципальная казна
667;П1000000000469;63:09:0000000:9571;Автодорога от кольцевой развязки по проспекту Московский и ул. Свердлова до здания, расположенного по адресу: Автозаводский район, проспект Московский, д. 12-В;Самарская область, Автозаводский район, г. Тольятти, от кольцевой развязки Московского проспекта и ул. Свердлова, до здания № 12В по Московскому проспекту;551,0;Муниципальная казна
668;П1000000000464;63:09:0000000:9596;Автомобильная дорога от улицы Садовой до улицы Жилина;Самарская область, Центральный район, г. Тольятти, от улицы Садовой, восточнее здания по адресу: улица Садовая, 57, до площади Свободы, западнее здания по адресу: улица Жилина, 2;119,0;Муниципальная казна
669;П1300000012778;63:09:0101150:10645;Футбольное поле;Самарская область, Автозаводский район, г. Тольятти, ул. Автостроителей, д. 84;;Оперативное управление
670;П1300000008797;63:09:0101150:10699;Овощехранилище;Самарская область, Автозаводский район, г. Тольятти, б-р Гая, д. 20, стр. 1;;Муниципальная казна
671;П1300000009374;63:09:0101150:10709;Овощехранилище;Самарская область, Автозаводский район, г. Тольятти, ул. Автостроителей, д. 45, стр.;;Муниципальная казна
672;П1300000008795;63:09:0101150:10716;Овощехранилище;Самарская область, Автозаводский район, г. Тольятти, б-р Гая, д. 4, стр.;;Муниципальная казна
673;П1000000000283;63:09:0101150:12766;Автодорога по бульвару Гая;Самарская область, Автозаводский район, г. Тольятти, от улицы Свердлова до Ленинского проспекта, юго-западнее здания, имеющего адрес: бульвар Гая, 1;888,0;Муниципальная казна
674;П1300000013586;63:09:0101150:12856;Тепловая сеть (от ТК-45 до ж/д);Самарская область, Автозаводский район, г. Тольятти, северо-восточнее здания, имеющего адрес: ул. Автостроителей, 84-а;168,0;Муниципальная казна
675;П1000000000440;63:09:0101150:12938;Проезд внутриквартальный от ул.Ворошилова до ул.Автостроителей;Самарская область, Автозаводский район, г. Тольятти, от улицы Ворошилова до улицы Автостроителей, северо-западнее здания имеющего адрес: улица Автостроителей, 41;940,0;Муниципальная казна
676;П1300000014130;63:09:0101150:12989;Сети ливневой канализации: подключения от дождеприемников, расположенных на территории квартала 12;Самарская область, Автозаводский район, г. Тольятти, юго-западнее, юго-восточнее здания, имеющего адрес: улица Ворошилова, д.23-а;670,0;Муниципальная казна
677;П1300000012259;63:09:0101150:13044;Участок водопроводной сети (от ВК-344 до ВК-18 через 22-маг-1) по ул.Ворошилова, дом 27;Самарская область, Автозаводский район, г. Тольятти, южнее, западнее, юго-западнее, северо-западнее здания, имеющего адрес: улица Ворошилова, дом 29;194,0;Муниципальная казна
678;П1300000012267;63:09:0101150:13046;Водопроводная сеть вдоль общежития (сеть вдоль общежития от ВК-3 до врезки в d= 400 через ВК-10,9 ПГ-63) ул. Автостроителей, дом 68 (вводы);Самарская область, Автозаводский район, г. Тольятти, севернее, северо-западнее, юго-западнее здания, имеющего адрес: улица Автостроителей, дом 68;151,0;Муниципальная казна
679;П1300000012261;63:09:0101150:13047;Сети водопровода к ЦТП-121 по бульвару Гая 12 квартала;Самарская область, Автозаводский район, г. Тольятти, севернее здания, имеющего адрес: бульвар Гая, дом 16;66,0;Муниципальная казна
680;П1300000012257;63:09:0101150:13048;Сети водопровода по бульвару Гая, дом 25 (между блоками) (стр. 24-Р);Самарская область, Автозаводский район, г. Тольятти, северо-западнее здания, имеющего адрес: улица Свердлова, дом 8;28,0;Муниципальная казна
681;П1300000012255;63:09:0101150:13049;Сети водопровода по бульвару Гая, дом 10 (между блоками (стр. 22-С);Самарская область, Автозаводский район, г. Тольятти, западнее, северо-западнее здания, имеющего адрес: бульвар Гая, дом 1-А;28,0;Муниципальная казна
682;П1300000012265;63:09:0101150:13050;Участок сети водопровода (о ВК-4 до ВК-6 в районе 23-ДС-3) бульвар Гая, дом 13;Самарская область, Автозаводский район, г. Тольятти, восточнее, северо-восточнее здания, имеющего адрес: бульвар Гая, дом 15;175,0;Муниципальная казна
683;П1300000012263;63:09:0101150:13051;Участок сети водопровода к ЦТП-121 (от т. А до 22-Т) по бульвару Гая, дом 14;Самарская область, Автозаводский район, г. Тольятти, севернее здания, имеющего адрес: бульвар Гая, дом 14-Б;20,0;Муниципальная казна
684;П1300000012249;63:09:0101150:13052;Сети водопровода: транзит по техподполью бульвар Гая, дом 2 (техподполье дома 22-А);Самарская область, Автозаводский район, г. Тольятти, северо-восточнее здания, имеющего адрес: улица Ворошилова, дом 29;15,0;Муниципальная казна
685;П1300000012251;63:09:0101150:13054;Сети водопровода: МОУ школа № 72 24-Ш1 (по ул. Автостроителей, дом 92 от стены здания до ВК9/ПГ5);Самарская область, Автозаводский район, г. Тольятти, южнее здания, имеющего адрес: улица Автостроителей, дом 92;52,0;Муниципальная казна
686;П1300000012253;63:09:0101150:13055;Сети водопровода: вводы по ул. Автостроителей, дом 82 (стр. 23-Л);Самарская область, Автозаводский район, г. Тольятти, западнее здания, имеющего адрес: улица Автостроителей, дом 82;42,0;Муниципальная казна
687;П1300000012029;63:09:0101150:13056;Сеть ливневой канализации от колодца №11 до №3, от колодца №3 до №7, от колодца №7 до №8, от колодца №7 до №6, от колодца №3 до №2, от колодца №2 до №5, от колодца №2 до №1;Самарская область, Автозаводский район, г. Тольятти, севернее, северо-восточнее здания, имеющего адрес: улица Автостроителей, 84;186,0;Муниципальная казна
688;П1300000012023;63:09:0101150:13294;Сеть бытовой канализации от колодца №8 до №6, от колодца №6 до №5, от колодца №6 до №4, от колодца №4 до №3, от колодца №4 до №2, от колодца №2 до №1, от колодца №8 до №б/н, от колодца №б/н до №9, от колодца №9 до №10, от колодца №10 до №11, от колодца №11 до №12, от колодца №12 до №13, от колодца №13 до №14, от колодца №14 до №19, от колодца №19 до №17, от колодца №17 до №16, от колодца №17 до №15, от колодца №15 до №14, от колодца №15 до №13, от колодца №13 до №12, от колодца №19 до №23, от колодца №23 до №24, от колодца №24 до №25, от колодца №25 до №26, от колодца №26 до №б/н, от колодца №б/н до №28, от колодца №28 до №26, от колодца №26 до №27, от колодца №26 до №24, от колодца №24 до №25, от колодца №24 до №23, от колодца №23 до №22;Самарская область, Автозаводский район, г. Тольятти, северо-западнее здания, имеющего адрес: улица Автостроителей, дом 68-а;873,0;Муниципальная казна
689;П1300000011835;63:09:0101150:13300;Участок сети бытовой канализации от существующего колодца до здания по бул. Гая, 26 (22-ц) в 12 кв;Самарская область, Автозаводский район, г. Тольятти, севернее, юго-восточнее здания, имеющего адрес: бульвар Гая, дом 26;194,0;Муниципальная казна
690;П1300000012021;63:09:0101150:13301;Сеть бытовой канализации от колодца №1 до №3, от колодца №3 до №2, от колодца №3 до №5, от колодца № 5 до №7, от колодца №7 до №б/н, от колодца №б/н до №10, от колодца № 10 до № 9, от колодца №10 до №15,от колодца  №15 до №11, от колодца № 15 до № 14, от колодца № 14 до № 12 ;Самарская область, Автозаводский район, г. Тольятти, севернее, южнее здания, имеющего адрес: бульвар Гая, дом 13;289,0;Муниципальная казна
691;П1300000013971;63:09:0101150:13381;Участок тепловой сети от Тк.36 (38) до д/с № 182 (23-ДС-2);Самарская область, Автозаводский район, г. Тольятти, ул. Автостроителей, д. 76, квартал 12;60,0;Муниципальная казна
692;П1300000014688;63:09:0101150:13387;Канализационные сети (здание Автозаводского районного суда), расположенные по адресу: Самарская область, Автозаводский район, ул.Дзержинского, д.17-Б;Самарская область, Автозаводский район, г. Тольятти, ул. Дзержинского, д. 17б;38,0;Муниципальная казна
693;П1300000012027;63:09:0101150:13404;Сеть ливневой канализации от колодца № 4 до № 3, от колодца № 4 до № 2;Самарская область, Автозаводский район, г. Тольятти;24,0;Муниципальная казна
694;П1300000009962;63:09:0101150:779;Тепловая сеть  транзит к 24-Л;Самарская область, Автозаводский район, г. Тольятти, по техподполью здания, имеющего адрес: ул. Автостроителей, 104;45,0;Муниципальная казна
695;П1300000009979;63:09:0101150:780;Тепловая сеть  от КТС 43-ТК до здания общежития;Самарская область, Автозаводский район, г. Тольятти, севернее здания, имеющего адрес: бульвар Гая, 2;36,0;Муниципальная казна
696;П1300000009971;63:09:0101150:781;Тепловая сеть  между блоками 1, 2, 3;Самарская область, Автозаводский район, г. Тольятти, западнее, юго-западнее здания, имеющего адрес: бульвар Гая, 27;23,0;Муниципальная казна
697;П1300000010640;63:09:0101150:782;Тепловая сеть Тк34-Тк36-Тк42;Самарская область, Автозаводский район, г. Тольятти, севернее здания, имеющего адрес: ул. Автостроителей, 82;187,0;Муниципальная казна
698;П1300000009966;63:09:0101150:783;Тепловая сеть транзит к 23-Ж;Самарская область, Автозаводский район, г. Тольятти, по техподполью зданий, имеющих адреса: ул. Автостроителей, 70, 72;71,0;Муниципальная казна
699;П1300000009836;63:09:0101150:791;"Тепловая сеть от Уз5 до т.Б; от т.Б до ж/д 24-С";Самарская область, Автозаводский район, г. Тольятти, севернее здания, имеющего адрес бульвар Гая, 17;80,0;Муниципальная казна
700;П1300000009359;63:09:0101150:795;Тепловая сеть между блоками 1, 2, 3 ж/д 22-С;Самарская область, Автозаводский район, г. Тольятти, северо-восточнее, юго-восточнее здания, имеющего адрес: бульвар Гая, 8;23,0;Муниципальная казна
701;П1300000009955;63:09:0101150:796;Тепловая сеть  транзит к 24-К;Самарская область, Автозаводский район, г. Тольятти, по техподполью зданий, имеющих адреса: ул. Автостроителей, 100, 102;71,0;Муниципальная казна
702;П1300000009963;63:09:0101150:803;Тепловая сеть от Уз.5 до т .А;Самарская область, Автозаводский район, г. Тольятти, южнее здания, имеющего адрес: г. Тольятти, Автозаводский район, бульвар Гая, 9;164,0;Муниципальная казна
703;П1300000010140;63:09:0101150:804;Хоккейная площадка;Самарская область, Автозаводский район, г. Тольятти, восточнее здания, имеющего адрес: бульвар Гая, 19;;Муниципальная казна
704;П1300000009970;63:09:0101150:805;Тепловая сеть  транзит по 24-Р;Самарская область, Автозаводский район, г. Тольятти, по техподполью здания, имеющего адрес: бульвар Гая, 25;79,0;Муниципальная казна
705;П1300000009967;63:09:0101150:806;Тепловая сеть  Тк9 - Тк13, Тк9-Тк22;Самарская область, Автозаводский район, г. Тольятти, южнее здания, имеющего адрес: бульвар Гая, 21;270,0;Муниципальная казна
706;П1300000009980;63:09:0101150:807;Тепловая сеть  от КТС 44 до здания общежития;Самарская область, Автозаводский район, г. Тольятти, севернее здания, имеющего адрес: ул. Дзержинского, 17;59,0;Муниципальная казна
707;П1300000009965;63:09:0101150:808;Тепловая сеть  транзит к 23-И;Самарская область, Автозаводский район, г. Тольятти, по техподполью здания, имеющего адрес: ул. Автостроителей, 74;45,0;Муниципальная казна
708;П1300000009961;63:09:0101150:809;Тепловая сеть  транзит по 22 С;Самарская область, Автозаводский район, г. Тольятти, техническое подполье здания, имеющего адрес: г. Тольятти, Автозаводский район, бульвар Гая, 10;86,0;Муниципальная казна
709;П1300000009867;63:09:0101151:603;Тепловая сеть от ТК28 до ж/д 26-К;Самарская область, Автозаводский район, г. Тольятти, юго-восточнее здания, имеющего адрес: ул. Автостроителей, 49;42,0;Муниципальная казна
710;П1300000012941;63:09:0101151:6525;Футбольное поле;Самарская область, Автозаводский район, г. Тольятти, ул. 40 лет Победы, д. 86;;Оперативное управление
711;П1300000013475;63:09:0101151:6530;Участок теплосети от УЗ-20 IIВ через Т1 до дома 41-А по ул.Автостроителей (14 квартал);Самарская область, Автозаводский район, г. Тольятти, северо-восточнее здания, имеющего адрес: ул. Автостроителей, 41;94,0;Муниципальная казна
712;П1300000013384;63:09:0101151:6537;Тепловая сеть (от Уз.69 до ж/д 82А);Самарская область, Автозаводский район, г. Тольятти, восточнее здания, имеющего адрес: ул. 40 лет Победы, 82-а;70,0;Муниципальная казна
713;П1000000000441;63:09:0101151:6600;Проезд внутриквартальный от ул.Автостроителей до ул. 40 лет Победы;Самарская область, Автозаводский район, г. Тольятти, от улицы Автостроителей до улицы 40 лет Победы, юго-западнее здания, имеющего адрес: улица 40 лет Победы, 64;824,0;Муниципальная казна
714;П1300000013293;63:09:0101151:6603;Сети ливневой канализации: подключения от дождеприемников, расположенных на территории 14 квартала;Самарская область, Автозаводский район, г. Тольятти, западнее, юго-западнее здания, имеющего адрес: ул. 40 лет Победы, 60;530,0;Муниципальная казна
715;П1300000011897;63:09:0101151:6639;"Сеть бытовой канализации от д/с № 200 ""Волшебный башмачок"" до колодца КК62";Самарская область, Автозаводский район, г. Тольятти, севернее, южнее здания, имеющего адрес: улица Дзержинского, 1;295,0;Муниципальная казна
716;П1300000011895;63:09:0101151:6640;Сети бытовой канализации от ЦТП-142 до колодца № 112;Самарская область, Автозаводский район, г. Тольятти;30,0;Муниципальная казна
717;П1300000011598;63:09:0101151:6641;Сети водоснабжения 14 кв-ла: Автостроителей, 53 (транзит по техподполью);Самарская область, Автозаводский район, г. Тольятти, техподполье здания, имеющего адрес: улица Автостроителей, 53;172,0;Муниципальная казна
718;П1300000011600;63:09:0101151:6643;Сети водоснабжения 14 квартала: Дзержинского,1 от Вк-15 до стены здания;Самарская область, Автозаводский район, г. Тольятти, юго-восточнее здания, имеющего адрес: улица Дзержинского, 3-б;90,0;Муниципальная казна
719;П1300000011595;63:09:0101151:6644;Сети водоснабжения 14 квартала: транзит по техподполью дома 26-Г (ул.Автостроителей,43);Самарская область, Автозаводский район, г. Тольятти, техподполье здания, имеющего адрес: улица Автостроителей, 43;132,0;Муниципальная казна
720;П1300000013973;63:09:0101151:6910;Участок тепловой сети от Тк.52 (58) до д/с №200 (26-ДС-5);Самарская область, Автозаводский район, г. Тольятти, ул. Дзержинского, д. 1, квартал 14;101,0;Муниципальная казна
721;П1300000014653;63:09:0101151:6914;Участок сети теплоснабжения от ТК51 до жилого дома;Самарская область, Автозаводский район, г. Тольятти, участок сети теплоснабжения от ТК51 до жилого дома, расположенного по адресу: ул. Дзержинского, д. 5-а;16,0;Муниципальная казна
722;П1300000014557;63:09:0101151:6916;Канализационные сети, расположенные по адресу: Самарская область, г. Тольятти, Автозаводский район, к дому ул. Автостроителей, 41;Самарская область, Автозаводский район, г. Тольятти, к дому ул. Автостроителей, 41;113,0;Муниципальная казна
723;П1300000011596;63:09:0101151:6921;"Сети водоснабжения 14 квартала; транзит по техподполью дома 26-В (по ул.Автостроителей,47)";Самарская область, Автозаводский район, г. Тольятти;189,0;Муниципальная казна
724;П1300000011939;63:09:0101151:6923;Сеть ливневой канализации от первых колодцев здания до колодца ЛК12;Самарская область, Автозаводский район, г. Тольятти, ул. Дзержинского, д. 1;321,0;Муниципальная казна
725;П1300000011350;63:09:0101152:11090;Сеть бытовой канализации от колодца №485 до №189, от колодца №189 до №193, от колодца №467 до №469, от колодца 469 до № 472а, от начального колодца до №472;Самарская область, Автозаводский район, г. Тольятти, северо-западнее здания, имеющего адрес: ул. Автостроителей, 32;666,0;Муниципальная казна
726;П1300000010265;63:09:0101152:11095;Сети ливневой канализации от колодца № 359 до № 360;Самарская область, Автозаводский район, г. Тольятти, северо-восточнее здания, имеющего адрес: бульвар Космонавтов, 3;23,0;Муниципальная казна
727;П1300000011353;63:09:0101152:11096;Сеть бытовой канализации от начального колодца до №150;Самарская область, Автозаводский район, г. Тольятти, севернее здания, имеющего адрес: бульвар Космонавтов, 12;9,0;Муниципальная казна
728;П1300000010941;63:09:0101152:11098;Сети ливневой канализации от колодца №8` до №8;Самарская область, Автозаводский район, г. Тольятти, северо-западнее здания, имеющего адрес: бульвар Космонавтов, 17;29,0;Муниципальная казна
729;П1300000010942;63:09:0101152:11099;Сети ливневой канализации от колодца №174 до №175;Самарская область, Автозаводский район, г. Тольятти, северо-западнее здания, имеющего адрес: бульвар Космонавтов, 4;37,0;Муниципальная казна
730;П1300000011357;63:09:0101152:11100;Сеть бытовой канализации от колодцев №7 и №8 до №223;Самарская область, Автозаводский район, г. Тольятти, севернее здания, имеющего адрес: ул. Ворошилова, 3, стр. 2;79,0;Муниципальная казна
731;П1300000012780;63:09:0101152:11140;Футбольное поле;Самарская область, Автозаводский район, г. Тольятти, б-р Космонавтов, д. 17;;Оперативное управление
732;П1300000011355;63:09:0101152:11275;Сеть бытовой канализации от начального колодца до №48;Самарская область, Автозаводский район, г. Тольятти, северо-западнее здания, имеющего адрес: бульвар Космонавтов, 28;27,0;Муниципальная казна
733;П1300000011356;63:09:0101152:11276;Сеть бытовой канализации от колодца №334 до №228, от колодца №338 до №346, от колодца №342 до №339, от колодца №343 до №341;Самарская область, Автозаводский район, г. Тольятти, северо-восточнее здания, имеющего адрес: ул. Дзержинского, 38А;258,0;Муниципальная казна
734;П1300000011349;63:09:0101152:11285;Сети бытовой канализации от колодца №1 до №236а;Самарская область, Автозаводский район, г. Тольятти, западнее здания, имеющего адрес: бульвар Космонавтов, 12;64,0;Муниципальная казна
735;П1300000011354;63:09:0101152:11286;Сеть бытовой канализации от колодца №291 до №295, от колодца №295 до №299, от колодца №299 до №303, от колодца №303 до №311, от колодца №311 до №117;Самарская область, Автозаводский район, г. Тольятти, восточнее здания, имеющего адрес: бульвар Космонавтов, 20;676,0;Муниципальная казна
736;П1300000010935;63:09:0101152:12205;Сети ливневой канализации от колодца № 129 до № 104;Самарская область, Автозаводский район, г. Тольятти, западнее здания, имеющего адрес: бульвар Космонавтов, 18;278,0;Муниципальная казна
737;П1300000010940;63:09:0101152:12206;Сети ливневой канализации от колодца №248 до №256, от колодца №255 до №259;Самарская область, Автозаводский район, г. Тольятти, севернее здания, имеющего адрес: бульвар Космонавтов, 15;289,0;Муниципальная казна
738;П1300000010938;63:09:0101152:12207;Сети ливневой канализации от колодца №3 до №194;Самарская область, Автозаводский район, г. Тольятти, юго-западнее здания, имеющего адрес: улица Ворошилова, 3;150,0;Муниципальная казна
739;П1300000010932;63:09:0101152:12208;Сети ливневой канализации от колодца № 285 до № 297, от колодца №291 до №290;Самарская область, Автозаводский район, г. Тольятти, юго-восточнее здания, имеющего адрес: улица Автостроителей, 54;249,0;Муниципальная казна
740;П1300000010266;63:09:0101152:12209;Сети ливневой канализации от колодца № 151 до № 30а;Самарская область, Автозаводский район, г. Тольятти, северо-восточнее здания, имеющего адрес: ул. 70 лет Октября, 59;68,0;Муниципальная казна
741;П1300000010934;63:09:0101152:12211;Сети ливневой канализации от колодца № 93 до № 97;Самарская область, Автозаводский район, г. Тольятти, восточнее здания, имеющего адрес: бульвар Космонавтов, 18;115,0;Муниципальная казна
742;П1300000010937;63:09:0101152:12218;Сети ливневой канализации от колодца №419 до №242, от колодца №270 до №274, от колодца №274 до №276, от колодца №276 до №284, от колодца №242 до №22, от колодца  № 242 до №229, от колодца № 415 до №412а;Самарская область, Автозаводский район, г. Тольятти, юго-восточнее здания, имеющего адрес: бульвар Космонавтов, 8;1504,0;Муниципальная казна
743;П1300000010939;63:09:0101152:12219;Сети ливневой канализации от колодца №349 до №351;Самарская область, Автозаводский район, г. Тольятти, севернее здания, имеющего адрес: улица Автостроителей, 22;24,0;Муниципальная казна
744;П1300000010933;63:09:0101152:12220;Сети ливневой канализации от колодца № 11 до № 15;Самарская область, Автозаводский район, г. Тольятти, северо-восточнее здания, имеющего адрес: ул. Дзержинского, 46;106,0;Муниципальная казна
745;П1000000000285;63:09:0101152:12559;Автодорога по бульвару Космонавтов;Самарская область, Автозаводский район, г. Тольятти, от улицы 70 лет Октября до улицы Дзержинского, южнее здания, имеющего адрес: бульвар Космонавтов, 2;1011,0;Муниципальная казна
746;П1300000011612;63:09:0101152:12634;Сети водоснабжения 15 квартала: от ВК-410/ПГ-67 до ВК-57/ПГ-30 Dy-400 по бульвару Космонавтов;Самарская область, Автозаводский район, г. Тольятти, северо-восточнее здания, имеющего адрес: бульвар Космонавтов, 16;415,0;Муниципальная казна
747;П1300000011613;63:09:0101152:12635;"Сети водоснабжения 15 квартала: от ПГ-33 (б-р Космонавтов,3) до ПГ-22 (ул. Автостроителей); от ПГ-34 до ВК-91 (ул. Автостроителей,28)";Самарская область, Автозаводский район, г. Тольятти, южнее, юго-восточнее здания, имеющего адрес: бульвар Космонавтов, 3-а;344,0;Муниципальная казна
748;П1300000011611;63:09:0101152:12636;Сети водоснабжения 15 квартала: Космонавтов, 26 (вводы);Самарская область, Автозаводский район, г. Тольятти, северо-западнее здания, имеющего адрес: бульвар Космонавтов, 26;81,0;Муниципальная казна
749;П1300000011610;63:09:0101152:12637;Сети водоснабжения 15 квартала: Космонавтов,4 (вводы);Самарская область, Автозаводский район, г. Тольятти, северо-западнее здания, имеющего адрес: бульвар Космонавтов, 4;135,0;Муниципальная казна
750;П1300000011605;63:09:0101152:12638;"Сети водоснабжения 15 квартала: от ПГ-37 до ВК-71а,ПГ-52 (бул.Космонавтов); ввод к ЦТП от ВК-104 (ЦТП-152); от ВК-104/до 28-ДС-1 (ул.Автостроителей,30)";Самарская область, Автозаводский район, г. Тольятти, юго-западнее здания, имеющего адрес: улица Автостроителей, 30;501,0;Муниципальная казна
751;П1300000011616;63:09:0101152:1264;Сети водоснабжения 15 квартала: 70 лет Октября, 55 (транзит по тех. подполью и ввод на 27-маг-7);Самарская область, Автозаводский район, г. Тольятти, западнее здания, имеющего адрес: улица 70 лет Октября, 53;52,0;Муниципальная казна
752;П1300000012155;63:09:0101152:13082;Тепловая сеть (от УТ1 до ж/д 28И);Самарская область, Автозаводский район, г. Тольятти, б-р Космонавтов, 15;10,0;Муниципальная казна
753;П1300000014450;63:09:0101152:13092;"Участок сети водоснабжения от точки врезки в колодце ПГ-15/19 до здания, расположенного по адресу: ул. Автостроителей, д.42
";Самарская область, Автозаводский район, г. Тольятти, ул. Автостроителей, д. 42;30,0;Муниципальная казна
754;П1300000014518;63:09:0101152:13103;"Участок сети бытовой канализации от здания, расположенная по адресу: Самарская область, г. Тольятти, Автозаводский район, ул. Автостротелей, д. 60 (от начального колодца до КК-338 - павильон ""Аптека"")";Самарская область, Автозаводский район, г. Тольятти, ул. Автостроителей, д. 60;30,0;Муниципальная казна
755;П1300000013976;63:09:0101152:13129;Участок тепловой сети от Ут.21 до К1-27-Р;Самарская область, Автозаводский район, г. Тольятти, б-р Космонавтов, д. 4, квартал 15;216,0;Муниципальная казна
756;П1300000013978;63:09:0101152:13130;Участок тепловой сети от Тк.8 до здания школы №74 (27-Ш-2);Самарская область, Автозаводский район, г. Тольятти, ул. Ворошилова, д. 21, квартал 15;70,0;Муниципальная казна
757;П1300000013974;63:09:0101152:13131;Участок тепловой сети от Ут.11 до д/с №194 (27-ДС-2);Самарская область, Автозаводский район, г. Тольятти, б-р Космонавтов, д. 20, квартал 15;77,0;Муниципальная казна
758;П1300000014652;63:09:0101152:13141;Участок сети теплоснабжения от ТК12А до жилого дома, расположенного по адресу: ул. Автостроителей, д. 50;Самарская область, Автозаводский район, г. Тольятти, участок сети теплоснабжения от ТК12А до жилого дома, расположенного по адресу: ул. Автостроителей, д. 50;14,0;Муниципальная казна
759;П1300000014768;63:09:0101152:13142;Участок сети теплоснабжения от УТ 23 до жилого дома;Самарская область, Автозаводский район, г. Тольятти, ул. Автостроителей, д. 34;39,0;Муниципальная казна
760;П1300000014767;63:09:0101152:13143;Участок сети теплоснабжения от УТ 22 до жилого дома, расположенного по адресу: бульвар Космонавтов, д. 9-а;Самарская область, Автозаводский район, г. Тольятти, б-р Космонавтов, д. 9а;58,0;Муниципальная казна
761;П1300000014649;63:09:0101152:13145;Участок сети теплоснабжения от КТС 23-Ут1 до жилого дома, расположенного по адресу: ул. 70 лет Октября, д. 49;Самарская область, Автозаводский район, г. Тольятти, участок сети теплоснабжения от КТС 23-Ут1 до жилого дома, расположенного по адресу: ул. 70 лет Октября, д. 49;51,0;Муниципальная казна
762;П1300000014651;63:09:0101152:13148;Участок сети теплоснабжения от ТК12-ТК12А до жилого дома, расположенного по адресу: ул. Автостроителей, д. 50-б;Самарская область, Автозаводский район, г. Тольятти, участок сети теплоснабжения от ТК12-ТК12А до жилого дома, расположенного по адресу: ул. Автостроителей, д. 50-б;24,0;Муниципальная казна
763;П1300000014703;63:09:0101152:13155;Канализационные сети, расположенные по адресу: Самарская область, г.Тольятти, Автозаводский район, к дому ул.Ворошилова, 3;Самарская область, Автозаводский район, г. Тольятти, ул. Ворошилова, д. 3;137,5;Муниципальная казна
764;П1300000014748;63:09:0101152:13156;Бытовая канализация (К2) от КК-474 сущ. до фундамента дома по адресу: г. Тольятти, Автозаводский район, б-р Космонавтов, д. 3Б;Самарская область, Автозаводский район, г. Тольятти, б-р Космонавтов, д. 3Б;60,0;Муниципальная казна
765;П1300000014677;63:09:0101152:13157;Канализационные сети, расположенные по адресу: Самарская область, г.Тольятти, Автозаводский район, к дому ул.Ворошилова, 5;Самарская область, Автозаводский район, г. Тольятти, ул. Ворошилова, д. 5;85,1;Муниципальная казна
766;П1300000014830;63:09:0101152:13175;Участок сети водоснабжения здания, расположенного по адресу: Самарская область, г. Тольятти, Автозаводский район, ул. Автостроителей, д. 60 (от ВК-81 до павильона «Аптека»);Самарская область, Автозаводский район, г. Тольятти, ул. Автостроителей, д. 60;25,0;Муниципальная казна
767;П1300000014841;63:09:0101152:13182;Ливневая канализация (К1) от ЛК-420 сущ. до фундамента жилого дома по адресу: г. Тольятти, Автозаводский район, б-р Космонавтов, д. 3б;Самарская область, Автозаводский район, г. Тольятти, б-р Космонавтов, д. 3Б;158,0;Муниципальная казна
768;П1300000014856;63:09:0101152:13187;Сети ливневой канализации здания, расположенного по адресу: ул. 70 лет Октября, д. 49-В;Самарская область, Автозаводский район, г. Тольятти, ул. 70 лет Октября, д. 49-В;200,0;Муниципальная казна
769;П1300000014857;63:09:0101152:13188;Участок сети ливневой канализации здания, расположенного по адресу: ул. Автостроителей, д. 34;Самарская область, Автозаводский район, г. Тольятти, ул. Автостроителей, д. 34;95,0;Муниципальная казна
770;П1300000011876;63:09:0101152:13222;Сеть ливневой канализации от колодца № 12 до № 14;Самарская область, Автозаводский район, г. Тольятти, ул. Автостроителей, д. 30, 15 кв.;37,0;Муниципальная казна
771;П1300000011602;63:09:0101152:13226;Сети водоснабжения 15 квартала: от ВК-45 до Вк-21 (вдоль жилого дома по ул.Ворошиловаа,11);Самарская область, Автозаводский район, г. Тольятти;20,0;Муниципальная казна
772;П1300000009670;63:09:0101152:13232;Сети ливневой канализации от начального колодца до № 412;Самарская область, Автозаводский район, г. Тольятти, севернее здания, имеющего адрес: б-р Космонавтов, 5-а;14,0;Муниципальная казна
773;П1300000011601;63:09:0101152:13240;"Сети водоснабжения 15 квартала: Автостроителей,62 (ввод); Автостроителей,64 (ввод)";Самарская область, Автозаводский район, г. Тольятти;129,0;Муниципальная казна
774;П1300000010943;63:09:0101152:13243;Сеть ливневой канализации от начального колодца до № 144;Самарская область, Автозаводский район, г. Тольятти, юго-западнее здания, имеющего адрес: бульвар Космонавтов, 12-а;9,0;Муниципальная казна
775;П1300000011609;63:09:0101152:13253;Сети водоснабжения 15 квартала: ул.Ворошилова, 3 от стены здания до ответных фланцев задвижки в колодце ВК-29а;Самарская область, Автозаводский район, г. Тольятти;53,0;Муниципальная казна
776;П1300000011614;63:09:0101152:13255;"Сети водоснабжения 15 квартала: Космонавтов, 15 (от ВК-66;ПГ-55;ВК-67 до стены здания); Космонавтов, 15 (от ВК-66 до ВК-69)";Самарская область, Автозаводский район, г. Тольятти, северо-восточнее здания, имеющего адрес: бульвар Космонавтов, 15;325,0;Муниципальная казна
777;П1300000010672;63:09:0101152:679;Тепловая сеть Ут18IIIВ-Тк1а-Ут1-Ут2-Ут10;Самарская область, Автозаводский район, г. Тольятти, севернее, северо-восточнее здания, имеющего адрес: бульвар Космонавтов, д. 26;711,0;Муниципальная казна
778;П1300000010141;63:09:0101152:682;Хоккейная площадка;Самарская область, Автозаводский район, г. Тольятти, южнее здания, имеющего адрес: улица 70 лет Октября, 59;;Муниципальная казна
779;П1300000011290;63:09:0101152:691;"Тепловая сеть Ут26-Ут15; Ут27-ЦТП 152; Ут16-Ут13-Ут12; Ут11-Тк1а-Тк1";Самарская область, Автозаводский район, г. Тольятти, северо-западнее, западнее, юго-западнее здания, имеющего адрес: бульвар Космонавтов, д. 9а;925,0;Муниципальная казна
780;П1300000010357;63:09:0101152:695;Тепловая сеть от КТС45-Тк3 до здания общежития;Самарская область, Автозаводский район, г. Тольятти, южнее здания, имеющего адрес:г. Тольятти, Автозаводский район, ул. Автостроителей, 68;59,0;Муниципальная казна
781;П1300000012781;63:09:0101153:12827;Футбольное поле;Самарская область, Автозаводский район, г. Тольятти, б-р Цветной, д. 13;;Оперативное управление
782;П1300000012782;63:09:0101153:12828;Футбольное поле;Самарская область, Автозаводский район, г. Тольятти, б-р Цветной, д. 18;;Оперативное управление
783;П1300000011351;63:09:0101153:12840;Сеть бытовой канализации от начального колодца до №111;Самарская область, Автозаводский район, г. Тольятти, севернее здания, имеющего адрес: ул. 70 лет Октября, 37А;39,0;Муниципальная казна
784;П1300000011352;63:09:0101153:12851;Сеть бытовой канализации колодца №1 до №51;Самарская область, Автозаводский район, г. Тольятти, северо-восточнее здания, имеющего адрес: бульвар Цветной, 1;347,0;Муниципальная казна
785;П1000000000265;63:09:0101153:14400;Автодорога по бульвару Цветной;Самарская область, Автозаводский район, г. Тольятти, от улицы 70 лет Октября до улицы Дзержинского, северо-восточнее здания, имеющего адрес: бульвар Цветной, 28;1136,0;Муниципальная казна
786;П1300000010261;63:09:0101153:14414;Сети ливневой канализации от колодца № 15 до № 14;Самарская область, Автозаводский район, г. Тольятти, западнее здания, имеющего адрес: бульвар Цветной, 23;21,0;Муниципальная казна
787;П1300000013474;63:09:0101153:14527;Теплосеть от УТ-8 до дома №35 по Цветному бульвару;Самарская область, Автозаводский район, г. Тольятти, восточнее здания, имеющего адрес: бул. Цветной, 35;130,0;Муниципальная казна
788;П1300000013479;63:09:0101153:14528;Участок теплосети от УТ-13А до жилого дома №11А по улице Автостроителей;Самарская область, Автозаводский район, г. Тольятти, восточнее здания, имеющего адрес: ул. Автостроителей, 11-а;92,0;Муниципальная казна
789;П1300000013381;63:09:0101153:14549;Тепловая сеть (от Ут7(10) до ж/д 33Ю);Самарская область, Автозаводский район, г. Тольятти, севернее здания, имеющего адрес: ул.Тополиная, 38;28,0;Муниципальная казна
790;П1300000013688;63:09:0101153:14562;Участок теплосети от УТ-1 до д.12-А по Цветному бульвару (16кв.);Самарская область, Автозаводский район, г. Тольятти, южнее здания, имеющего адрес: бул.Цветной, д.12;164,0;Муниципальная казна
791;П1300000013577;63:09:0101153:14638;Тепловая сеть (от Ут18 до ж/д 29-СМ) (лит.Т-Т1);Самарская область, Автозаводский район, г. Тольятти, юго-восточнее здания, имеющего адрес: ул. 70 лет Октября, 37;46,0;Муниципальная казна
792;П1300000013584;63:09:0101153:14641;Тепловая сеть (от УТ-19 до ж/д 29-Ю-3);Самарская область, Автозаводский район, г. Тольятти, севернее здания, имеющего адрес: бул. Цветной, 10;28,0;Муниципальная казна
793;П1300000013632;63:09:0101153:14654;Тепловая сеть от УТ 1А до жилого дома № 30-Ц-1;Самарская область, Автозаводский район, г. Тольятти, южнее здания, имеющего адрес: ул. 70 лет Октября, 31;17,0;Муниципальная казна
794;П1300000013585;63:09:0101153:14655;Участок теплосети от УТ-3А до жилого дома №30-Э-1;Самарская область, Автозаводский район, г. Тольятти, западнее здания, имеющего адрес: ул. Тополиная, 50;40,0;Муниципальная казна
795;П1300000014181;63:09:0101153:15031;Тепловая сеть (от Ут17 до ж/д 29-Ю-2);"Самарская область, Автозаводский район, г. Тольятти, севернее здания, имеющего адрес: Цветной бульвар,16-а
";35,0;Муниципальная казна
796;П1300000014310;63:09:0101153:15492;Участок сети водоснабжения 16 квартала, б-р Цветной, 31;Самарская область, Автозаводский район, г. Тольятти;23,0;Муниципальная казна
797;П1300000014312;63:09:0101153:15493;Участок сети водоснабжения 16 квартала: ул. Автостроителей, 19 от стены здания до отвфланц/задвижки в коллекторе Ут-7;Самарская область, Автозаводский район, г. Тольятти;45,0;Муниципальная казна
798;П1300000014314;63:09:0101153:15497;Участок сети водоснабжения 16 квартала: ул. Тополиная, 36 (ввод);Самарская область, Автозаводский район, г. Тольятти;39,0;Муниципальная казна
799;П1300000014313;63:09:0101153:15498;"Участок сети водоснабжения 16 квартала; ул.Тополиная, 54 (ввода); ул.Тополиная, 52 (ввода)";Самарская область, Автозаводский район, г. Тольятти, юго-западнее здания, имеющего адрес: улица Тополиная, 52;22,0;Муниципальная казна
800;П1300000012142;63:09:0101153:15572;Тепловая сеть от (29-ЛМ-2 до 29-ЛМ-1) ;Самарская область, Автозаводский район, г. Тольятти, ул. 70 лет Октября, д. 41;19,0;Муниципальная казна
801;П1300000014440;63:09:0101153:15573;Бытовая канализация от ж/д до КК-10 (между 193-194), расположенная по адресу: Самарская область, г. Тольятти, Автозаводский район, б-р Цветной, 29 (стр. № 30П2);Самарская область, Автозаводский район, г. Тольятти, б-р Цветной, д. 29, стр. № 30П2;103,0;Муниципальная казна
802;П1300000014443;63:09:0101153:15574;Ливневая канализация от ж/д до ЛК-163, расположенная по адресу: Самарская область, г. Тольятти, Автозаводский район, б-р Цветной, 16а (стр. № 29-Ю-1);Самарская область, Автозаводский район, г. Тольятти, б-р Цветной, д. 16а, стр. № 29-Ю-1;147,0;Муниципальная казна
803;П1300000014435;63:09:0101153:15575;Бытовая канализация от ж/д до КК-202, расположенная по адресу: Самарская область, г. Тольятти, Автозаводский район, б-р Цветной, 16а (стр. № 29-Ю-1);Самарская область, Автозаводский район, г. Тольятти, б-р Цветной, д. 16а, (стр. №29-Ю-1);153,0;Муниципальная казна
804;П1300000014444;63:09:0101153:15576;Ливневая канализация от ЛК-1 до ЛК7, расположенная по адресу: Самарская область, г. Тольятти, Автозаводский район, б-р Цветной, 29 (стр. № 30П2);Самарская область, Автозаводский район, г. Тольятти, б-р Цветной, д. 29, стр. № 30П2;100,0;Муниципальная казна
805;П1300000014439;63:09:0101153:15577;Бытовая канализация от КК-2 до КК195, расположенная по адресу: Самарская область, г. Тольятти, Автозаводский район, б-р Цветной, 27 (стр. № 30П1);Самарская область, Автозаводский район, г. Тольятти, б-р Цветной, д. 27, (стр. № 30П1);90,0;Муниципальная казна
806;П1300000014451;63:09:0101153:15579;Участок сети водоснабжения от УТ8 через ВК-31 до здания, расположенного по адресу: бульвар Цветной, д.37;Самарская область, Автозаводский район, г. Тольятти, б-р Цветной, д. 37;80,0;Муниципальная казна
807;П1300000014466;63:09:0101153:15584;Участок сети водоснабжения от точки врезки в коллекторе УТ17 до здания, расположенного по адресу: бул. Цветной, д. 14;Самарская область, Автозаводский район, г. Тольятти, б-р Цветной, д. 14;70,0;Муниципальная казна
808;П1300000014519;63:09:0101153:15597;Ливневая канализация от ж/д до ЛК157, расположенная по адресу: Самарская область, г. Тольятти, Автозаводский район, б-р Цветной, 27 (стр. № 30П1);Самарская область, Автозаводский район, г. Тольятти, б-р Цветной, д. 27, (стр. № 30П1);92,0;Муниципальная казна
809;П1300000014523;63:09:0101153:15599;Транзитный трубопровод холодного водоснабжения в подвальном помещении жилого дома, расположенные по адресу: Самарская область, г. Тольятти, Автозаводский район, бульвар Цветной, д. 22;Самарская область, Автозаводский район, г. Тольятти, б-р Цветной, д. 22;30,0;Муниципальная казна
810;П1300000014580;63:09:0101153:15603;Тепловые сети от стены ж/д до УТ 15, расположенные по адресу: г. Тольятти, Автозаводский район, б-р Цветной, 27 (стр. №30П1);Самарская область, Автозаводский район, г. Тольятти, б-р Цветной, д. 27;58,0;Муниципальная казна
811;П1300000014581;63:09:0101153:15606;Участок сети ливневой канализации от здания, расположенного по адресу: Автозаводский район, ул.Автостроителей, дом 19, от ЛК-1, ЛК-3 до ЛК-66;Самарская область, Автозаводский район, г. Тольятти, ул. Автостроителей, д. 19;86,0;Муниципальная казна
812;П1300000014510;63:09:0101153:15611;Участок сети теплоснабжения от УТ12 до жилого дома, расположенного по адресу: ул. 70 лет Октября, д. 43;Самарская область, Автозаводский район, г. Тольятти, ул. 70 лет Октября, д. 43;42,0;Муниципальная казна
813;П1300000014561;63:09:0101153:15614;Участок сети водоснабжения от точки врезки в коллекторе УТ15 до здания, расположенного по адресу: ул. 70 лет Октября, д.31;Самарская область, Автозаводский район, г. Тольятти, ул. 70 лет Октября, д. 31;50,0;Муниципальная казна
814;П1300000014551;63:09:0101153:15620;Водопроводные сети, расположенные по адресу Самарская область, г.Тольятти, Автозаводский район, к дому ул. Автостроителей, 11А;Самарская область, Автозаводский район, г. Тольятти, ул. Автостроителей, д. 11А;41,0;Муниципальная казна
815;П1300000014770;63:09:0101153:15622;Участок сети теплоснабжения от УТ3а до жилого дома, расположенного по адресу: бульвар Цветной, д. 7;Самарская область, Автозаводский район, г. Тольятти, б-р Цветной, д. 7;20,0;Муниципальная казна
816;П1300000014566;63:09:0101153:15623;Участок теплосети от УТ6 до ж/д по ул. Дзержинского 18А;Самарская область, Автозаводский район, г. Тольятти, ул. Дзержинского, д. 18а;85,0;Муниципальная казна
817;П1300000014560;63:09:0101153:15631;Бытовая канализация от КК-2 до КК-294, расположенная по адресу: Самарская область, г.Тольятти, Автозаводский район, ул.Тополинная, 38 (стр. № 30-Ю);Самарская область, Автозаводский район, г. Тольятти, ул. Тополиная, д. 38, (стр. № 30-Ю), от КК-2 до КК-294;150,0;Муниципальная казна
818;П1300000014668;63:09:0101153:15632;Участок сети бытовой канализации в районе дома № 11а по ул. Автостроителей;Самарская область, Автозаводский район, г. Тольятти, ул. Автостроителей, д. 11А;143,0;Муниципальная казна
819;П1300000014747;63:09:0101153:15635;Сеть бытовой канализации от жилого дома, расположенного по адресу: Автозаводский район, ул. 70 лет Октября, д. 47;Самарская область, Автозаводский район, г. Тольятти, ул. 70 лет Октября, д. 47;35,0;Муниципальная казна
820;П1300000014667;63:09:0101153:15637;Канализационные сети;Самарская область, Автозаводский район, г. Тольятти, ул. Дзержинского, д. 24;137,0;Муниципальная казна
821;П1300000014689;63:09:0101153:15640;Ливневая канализация от 1 до КК237, расположенная по адресу: г. Тольятти, Автозаводский район, ул. Тополиная, 38 (стр №30-Ю);Самарская область, Автозаводский район, г. Тольятти, ул. Тополиная, д. 38, (стр. № 30-Ю);163,0;Муниципальная казна
822;П1300000014833;63:09:0101153:15647;Транзитные водопроводные сети, проходящие по техподполью жилых домов № 26, 26-а, 28 по бульвару Цветной Автозаводского района;Самарская область, Автозаводский район, г. Тольятти, техподполье жилых домов № 26, 26-а, 28 по бульвару Цветной Автозаводского района;95,0;Муниципальная казна
823;П1300000014479;63:09:0101153:15651;Участок сети водоснабжения от точки врезки в коллекторе УТ5 до здания, расположенного по адресу: ул. Дзержинского, 32;Самарская область, Автозаводский район, г. Тольятти, ул. Дзержинского, д. 32;40,0;Муниципальная казна
824;П1300000011881;63:09:0101153:15682;Сеть ливневой канализации от колодца № 4 до № 8;Самарская область, Автозаводский район, г. Тольятти;54,0;Муниципальная казна
825;П1300000011879;63:09:0101153:15683;Сеть ливневой канализации от колодца № 180 до № 181;Самарская область, Автозаводский район, г. Тольятти;27,0;Муниципальная казна
826;П1300000011883;63:09:0101153:15684;Сеть ливневой канализации от начального колодца до № 93 16 кв;Самарская область, Автозаводский район, г. Тольятти;69,0;Муниципальная казна
827;П1300000014311;63:09:0101153:15708;Участок сети водоснабжения 16 квартала, ул. Тополиная, 48 (ввода);Самарская область, Автозаводский район, г. Тольятти;52,0;Муниципальная казна
828;П1000000000402;63:09:0101153:750;Кольцевая транспортная развязка по улице Тополиной - улице Дзержинского - улице 40 лет Победы;Самарская область, Автозаводский район, г. Тольятти, юго-восточнее здания, имеющего адрес: улица Дзержинского, 10;;Муниципальная казна
829;П1300000009964;63:09:0101153:751;"Тепловая сеть  от ЦТП № 161 до Ут15; от Ут15-Ут11-Ут12-Ут13-т.А";Самарская область, Автозаводский район, г. Тольятти, юго-западнее, южнее, юго-восточнее здания, имеющего адрес: г. Тольятти, Автозаводский район, ул. 70 лет Октября, 47;426,0;Муниципальная казна
830;П1300000009977;63:09:0101153:752;Тепловая сеть  Ут10-ЦТП № 191 (ДЖКХ);Самарская область, Автозаводский район, г. Тольятти, западнее здания, имеющего адрес: ул. Тополиная, 22;8,0;Муниципальная казна
831;П1300000009957;63:09:0101153:753;Тепловая сеть  транзит до ж/д 30-ЕМ-1;Самарская область, Автозаводский район, г. Тольятти, техническое подполье здания, имеющего адрес: бульвар Цветной, 3;86,0;Муниципальная казна
832;П1300000009976;63:09:0101153:761;Тепловая сеть  транзит к ж/д 29-У;Самарская область, Автозаводский район, г. Тольятти, по техподполью здания, имеющего адрес: бульвар Цветной, 22;16,0;Муниципальная казна
833;П1300000010670;63:09:0101153:766;"Тепловая сеть УТ11(1)-УТ12; УТ14-УТ15-УТ16(6)";Самарская область, Автозаводский район, г. Тольятти, северо-западнее, северо-восточнее здания, имеющего адрес: бульвар Цветной, д. 31;203,0;Муниципальная казна
834;П1300000009960;63:09:0101153:767;Тепловая сеть  транзит к ж/д 29-АМ-2;Самарская область, Автозаводский район, г. Тольятти, северо-восточнее здания, имеющего адрес: г. Тольятти, Автозаводский район, ул. Автостроителей, 15;105,0;Муниципальная казна
835;П1300000009959;63:09:0101153:768;Тепловая сеть  транзит к ж/д 29-НМ-1;Самарская область, Автозаводский район, г. Тольятти, юго-восточнее здания, имеющего адрес: г. Тольятти, Автозаводский район, ул. 70 лет Октября, 35;102,0;Муниципальная казна
836;П1300000009958;63:09:0101153:769;Тепловая сеть транзит до ж/д 30-ГМ-1;Самарская область, Автозаводский район, г. Тольятти, техническое подполье здания, имеющего адрес: г. Тольятти, Автозаводский район, ул. Тополиная, 34;46,0;Муниципальная казна
837;П1300000009975;63:09:0101153:772;Тепловая сеть  транзит к ж/д 30-У;Самарская область, Автозаводский район, г. Тольятти, по техподполью здания, имеющего адрес: бульвар Цветной, 21;16,0;Муниципальная казна
838;П1300000010642;63:09:0101154:588;Тепловая сеть УТ4-36Е;Самарская область, Автозаводский район, г. Тольятти, северо-восточнее здания, имеющего адрес: ул. Тополиная, 31;92,0;Муниципальная казна
839;П1300000010647;63:09:0101154:590;Тепловая сеть Ут3-ЦТП№173;Самарская область, Автозаводский район, г. Тольятти, восточнее здания, имеющего адрес: ул. 70 лет Октября, 9-б;28,0;Муниципальная казна
840;П1300000009950;63:09:0101154:591;Тепловая сеть от  ЦТП № 171 (ДЖКХ)-Ут5-Ут6а;Самарская область, Автозаводский район, г. Тольятти, северо-западнее здания, имеющего адрес: ул. 70 лет Октября, 23;110,0;Муниципальная казна
841;П1300000009948;63:09:0101154:594;"Тепловая сеть от  ЦТП № 172 (ТЕВИС) до Ут2-Ут5 до Ут6; от Ут6-до ж/д 36-Т";Самарская область, Автозаводский район, г. Тольятти, севернее, восточнее, северо-восточнее здания, имеющего адрес: ул. 70 лет Октября, 13;421,0;Муниципальная казна
842;П1300000010649;63:09:0101154:604;Тепловая сеть Ут1-ЦТП№172;Самарская область, Автозаводский район, г. Тольятти, западнее здания, имеющего адрес: ул. 70 лет Октября, 15;20,0;Муниципальная казна
843;П1300000009868;63:09:0101154:605;Тепловая сеть от Ут-6а до ж/д 36-З;Самарская область, Автозаводский район, г. Тольятти, северо-восточнее здания, имеющего адрес: ул. Тополиная, 27;8,0;Муниципальная казна
844;П1300000011303;63:09:0101154:607;Тепловая сеть. Уз.12-(III)в-Ут1-Ут2-Ут2а-Ут3;Самарская область, Автозаводский район, г. Тольятти, севернее, западнее, северо-западнее здания, имеющего адрес: ул. 70 лет Октября, д. 5;230,0;Муниципальная казна
845;П1300000010643;63:09:0101154:609;"Тепловая сеть ЦТП№173-Ут4-Ут5; Ут5-36Ф";Самарская область, Автозаводский район, г. Тольятти, южнее здания, имеющего адрес: ул. 70 лет Октября, 9;101,0;Муниципальная казна
846;П1300000012913;63:09:0101154:6426;Универсальная спортивная площадка;Самарская область, Автозаводский район, г. Тольятти, ул. 40 лет Победы, д. 42;;Оперативное управление
847;П1300000013484;63:09:0101154:7439;Сети водоснабжения от ПГ-468 до ПГ-8, от ВК-9 до ВК-7;Самарская область, Автозаводский район, г. Тольятти, южнее здания, имеющего адрес: Тополиная, 43;372,0;Муниципальная казна
848;П1300000013846;63:09:0101154:7455;Сеть водоснабжения от ВК-7/ПГ до УТ-1 по ул. 40 лет Победы;Самарская область, Автозаводский район, г. Тольятти, севернее здания, имеющего адрес: ул. 40 лет Победы, д.48;245,0;Муниципальная казна
849;П1300000013792;63:09:0101154:7476;Участок теплосети от УТ- 4 до д.25 по ул. 70 лет Октября;Самарская область, Автозаводский район, г. Тольятти, юго-западнее здания, имеющего адрес: ул.70 лет Октября, д.23;62,0;Муниципальная казна
850;П1300000014337;63:09:0101154:7849;"Сети водоснабжения Тополиная 25, вводы;от Ут-5 до ЦТП-171 два ввода; от УТ-4 до УТ-5;ПГ-16";Самарская область, Автозаводский район, г. Тольятти, юго-западнее,юго-восточнее здания,имеющего адрес:улица Тополиная,дом 25-б;349,0;Муниципальная казна
851;П1300000014438;63:09:0101154:8096;Бытовая канализация от ж/д до КК-45, расположенная по адресу: Самарская область, г. Тольятти, Автозаводский район, ул. 40 лет Победы, 52 (стр. № 36Ц);Самарская область, Автозаводский район, г. Тольятти, ул. 40 лет Победы, д. 52, (стр. № 36Ц);92,0;Муниципальная казна
852;П1300000014578;63:09:0101154:8110;Тепловые сети от стены ж/д до Ут1, расположенные по адресу: г. Тольятти, Автозаводский район,ул.70 лет Октября, 15 (стр. № 36С);Самарская область, Автозаводский район, г. Тольятти, ул. 70 лет Октября, д. 15;8,0;Муниципальная казна
853;П1300000014577;63:09:0101154:8111;Тепловые сети от стены ж/д до ТК3, расположенные по адресу: г. Тольятти, Автозаводский район,ул.40 лет Победы, 52 (стр № 36Ц);Самарская область, Автозаводский район, г. Тольятти, ул. 40 лет Победы, д. 52;23,0;Муниципальная казна
854;П1300000014509;63:09:0101154:8113;Участок сети теплоснабжения от УТ19-Ут19-1 до жилого дома, расположенного по адресу: ул. 40 лет Победы, д. 58;Самарская область, Автозаводский район, г. Тольятти, ул. 40 лет Победы, д. 58;58,0;Муниципальная казна
855;П1300000014554;63:09:0101154:8114;Бытовая канализация от ж/д до КК-67, расположенная по адресу: Самарская область, г. Тольятти, Автозаводский район, ул. 70 лет Октября, д. 11 (стр. № 36М);Самарская область, Автозаводский район, г. Тольятти, от дома № 11 по ул. 70 лет Октября до КК-67;259,0;Муниципальная казна
856;П1300000014558;63:09:0101154:8115;Бытовая канализация от ж/д до КК-5, расположенная по адресу: Самарская область, г. Тольятти, Автозаводский район, 40 (стр № 36Т);Самарская область, Автозаводский район, г. Тольятти, от дома № 40 по 40 лет Победы;264,0;Муниципальная казна
857;П1300000014771;63:09:0101154:8116;Участок сети теплоснабжения от (УТ 19) Тк-1 Тк 1а до жилого дома, расположенного по адресу: ул. 40 лет Победы, д. 56;Самарская область, Автозаводский район, г. Тольятти, участок сети теплоснабжения от (УТ 19) Тк-1 Тк 1а до жилого дома, расположенного по адресу: ул. 40 лет Победы, д. 56;48,0;Муниципальная казна
858;П1300000014772;63:09:0101154:8117;Участок сети теплоснабжения от УТ 3 до жилого дома, расположенного по адресу: ул. 40 лет Победы, д. 34;Самарская область, Автозаводский район, г. Тольятти, участок сети теплоснабжения от УТ 3 до жилого дома, расположенного по адресу: ул. 40 лет Победы, д. 34;63,0;Муниципальная казна
859;П1300000014753;63:09:0101154:8126;Участок сети бытовой канализации от КК-1 до КК-5 здания, расположенного по адресу: ул. 70 лет Октября, 25;Самарская область, Автозаводский район, г. Тольятти, ул. 70 лет Октября, д. 25;124,0;Муниципальная казна
860;П1300000014691;63:09:0101154:8127;Ливневая канализация от ж/д до ЛК5, расположенная по адресу: г. Тольятти, Автозаводский район, ул. 40 лет Победы, 40 (стр №36Т);Самарская область, Автозаводский район, г. Тольятти, ул. 40 лет Победы, д. 40;234,0;Муниципальная казна
861;П1300000014690;63:09:0101154:8128;Ливневая канализация от ж/д до ЛК 19, расположенная по адресу: г. Тольятти, Автозаводской район, ул. 70 лет Октября, 11 (стр № 36М);Самарская область, Автозаводский район, г. Тольятти, ул. 70 лет Октября, д. 11;316,0;Муниципальная казна
862;П1300000014808;63:09:0101154:8133;Участок теплосети от ТК2 до ж/д по ул. 40 лет Победы, 54;Самарская область, Автозаводский район, г. Тольятти, ул. 40 лет Победы, д. 54;10,0;Муниципальная казна
863;П1300000014825;63:09:0101154:8136;Водопроводные сети от ж/д до тк5, расположенные по адресу Самарская область, г. Тольятти, Автозаводский район, ул. 70 лет Октября, 11 (стр № 36-М);Самарская область, Автозаводский район, г. Тольятти, ул. 70 лет Октября, д. 11;49,6;Муниципальная казна
864;П1300000011945;63:09:0101154:8139;Сеть ливневой канализации от колодца № 9 до № 8;Самарская область, Автозаводский район, г. Тольятти;178,0;Муниципальная казна
865;П1300000011917;63:09:0101154:8140;Сеть ливневой канализации от колодца № 22 до № 26, от колодца № 31 до № 26;Самарская область, Автозаводский район, г. Тольятти;255,0;Муниципальная казна
866;П1300000011935;63:09:0101154:8149;Сеть ливневой канализации от колодца № 26а до № 27;Самарская область, Автозаводский район, г. Тольятти;59,0;Муниципальная казна
867;П1300000014617;63:09:0101155:10059;Участок сети теплоснабжения от Ут 10 до жилого дома, расположенного по адресу: ул. Офицерская, д. 2-б;Самарская область, Автозаводский район, г. Тольятти, от Ут 10 до жилого дома, расположенного по адресу: ул. Офицерская, д. 2-б;18,9;Муниципальная казна
868;П1300000014773;63:09:0101155:10061;Участок сети теплоснабжения от УТ 9 до жилого дома, расположенного по адресу: ул. Офицерская, д. 19;Самарская область, Автозаводский район, г. Тольятти, ул. Офицерская, д. 19;47,0;Муниципальная казна
869;П1300000014618;63:09:0101155:10062;Участок сети теплоснабжения от Ут 6 до жилого дома, расположенного по адресу: ул. Офицерская, д. 4-в;Самарская область, Автозаводский район, г. Тольятти, от Ут 6 до жилого дома, расположенного по адресу: ул. Офицерская, д. 4-в;34,3;Муниципальная казна
870;П1300000014674;63:09:0101155:10113;Сеть ливневой канализации от КЛ-1 через КЛ-15-КЛ-14, КЛ-25-КЛ-26 до КЛ-5а от жилого дома №16 по ул. Автостроителей (38-О);Самарская область, Автозаводский район, г. Тольятти, ул. Автостроителей;558,0;Муниципальная казна
871;П1300000014616;63:09:0101155:10114;Участок сети теплоснабжения от Ут 4 до жилого дома, расположенного по адресу: ул. Офицерская, д. 6-в;Самарская область, Автозаводский район, г. Тольятти, от Ут 4 до жилого дома, расположенного по адресу: ул. Офицерская, д. 6-в;33,0;Муниципальная казна
872;П1300000014727;63:09:0101155:10115;Участок сети водоснабжения МЖК 18-а квартала Автозаводского района от УТ-7 до жилого дома, расположенного по адресу: ул. Офицерская, д. 4-б;Самарская область, Автозаводский район, г. Тольятти, в районе дома № 4-б по ул. Офицерская;50,0;Муниципальная казна
873;П1300000014728;63:09:0101155:10116;Участок сети водоснабжения МЖК 18-а квартала Автозаводского района от УТ-10 до М 3.6 до жилых домов №№ 2-б, 2-в, 2-г по ул. Офицерская;Самарская область, Автозаводский район, г. Тольятти, ул. до жилых домов №№ 2-б, 2-в, 2-г по ул. Офицерская;120,0;Муниципальная казна
874;П1300000014718;63:09:0101155:10126;Участок сети водоснабжения от ВК-5 до здания, расположенного по адресу: ул. 70 лет Октября, д. 74;Самарская область, Автозаводский район, г. Тольятти, ул. 70 лет Октября, д. 74;30,0;Муниципальная казна
875;П1300000014762;63:09:0101155:10127;Участок сети теплоснабжения от УТ3 до жилого дома, расположенного по адресу: Автозаводский район, ул. 70 лет Октября, д. 86;Самарская область, Автозаводский район, г. Тольятти, ул. 70 лет Октября, д. 86;8,0;Муниципальная казна
876;П1300000014719;63:09:0101155:10129;Участок сети водоснабжения от ПГ-18/20 до здания, расположенного по адресу: ул. 70 лет Октября, д. 84;Самарская область, Автозаводский район, г. Тольятти, ул. 70 лет Октября, д. 84;30,0;Муниципальная казна
877;П1300000014750;63:09:0101155:10140;Канализационные сети, расположенные по адресу: Самарская область, г. Тольятти, Автозаводский район, к дому ул. Офицерская, 3;Самарская область, Автозаводский район, г. Тольятти, ул. Офицерская, д. 3;102,0;Муниципальная казна
878;П1300000014702;63:09:0101155:10141;Канализационные сети, расположенные по адресу: Самарская область, г. Тольятти, Автозаводский район, к дому ул. Офицерская, 5;Самарская область, Автозаводский район, г. Тольятти, ул. Офицерская, д. 5;51,0;Муниципальная казна
879;П1300000014679;63:09:0101155:10162;Канализационные сети, расположенные по адресу: Самарская область, г.Тольятти, Автозаводский район, к дому ш.Южное, 83;Самарская область, Автозаводский район, г. Тольятти, ш. Южное, д. 83;290,5;Муниципальная казна
880;П1300000014680;63:09:0101155:10163;Канализационные сети, расположенные по адресу: Самарская область, г. Тольятти, Автозаводский район, к дому ш. Южное, 89;Самарская область, Автозаводский район, г. Тольятти, ш. Южное, д. 89;373,0;Муниципальная казна
881;П1300000014823;63:09:0101155:10177;Участок водопровода МЖК 18-а квартала Автозаводского района от ВК-659 до ВК-ПГМ11, от ВК-628 до ВК-648;Самарская область, Автозаводский район, г. Тольятти, 18 А квартал, МЖК;1500,0;Муниципальная казна
882;П1300000014717;63:09:0101155:10178;Участок сети водоснабжения от ВК через ПГ-18/18 до здания, расположенного по адресу: ул. Офицерская, д. 23;Самарская область, Автозаводский район, г. Тольятти, ул. Офицерская, д. 23;50,0;Муниципальная казна
883;П1300000014676;63:09:0101155:10179;Сеть ливневой канаклизации от ЛК-1 до ЛК-15* жилого дома, расположенного по адресу: ш. Южное, 77;Самарская область, Автозаводский район, г. Тольятти, сеть ливневой канаклизации от ЛК-1 до ЛК-15* жилого дома, расположенного по адресу: ш. Южное, 77;57,0;Муниципальная казна
884;П1300000014845;63:09:0101155:10195;Сеть ливневой канализации от КЛ-1 через КЛ-12 до Кл-17 от жилого дома № 78 по ул. 70 лет Октября (38-Ж);Самарская область, Автозаводский район, г. Тольятти, ул. 70 лет Октября, д. 78;184,0;Муниципальная казна
885;П1300000014842;63:09:0101155:10229;Участок сети ливневой канализации от КЛ-1 до КЛ-4 в районе дома № 9 по ул. Офицерской;Самарская область, Автозаводский район, г. Тольятти, ул. Офицерская;114,0;Муниципальная казна
886;П1300000014848;63:09:0101155:10231;Участок сети бытовой канализации от КЛ-1 до КЛ-4 в районе дома № 9 по ул. Офицерской;Самарская область, Автозаводский район, г. Тольятти, ул. Офицерская;94,0;Муниципальная казна
887;П1300000014839;63:09:0101155:10261;Участок сети водопровода от ПГ-18/20 до 38-К по ул. Офицерской, 19 (18 квартал), протяженность 272 м;Самарская область, Автозаводский район, г. Тольятти, от ПГ-18/20 до 38-К по ул. Офицерской, 19 (18 квартал);272,0;Муниципальная казна
888;П1000000000419;63:09:0101155:6636;Автодорога по бульвару Солнечный;Самарская область, Автозаводский район, г. Тольятти, б-р Солнечный;439,0;Муниципальная казна
889;П1300000010666;63:09:0101155:665;"Тепловая сеть  от Уз6-3в; Уз6-(III)в-Ут1-Ут2; Ут1-Ут3-Ут4-Ут5; Ут5-Ут6-Ут7; Ут7-Ут8-Ут10; Ут7-Ут9";Самарская область, Автозаводский район, г. Тольятти, юго-восточнее, южнее здания, имеющего адрес: ул. Офицерская, д. 21;479,0;Муниципальная казна
890;П1300000010667;63:09:0101155:666;"Тепловая сеть У37-(III)в(4) - УТ7; УТ7-Ут1; Ут1-Ут2-Ут3-Ут4-Ут5-Ут6; Ут6-Ут10; Ут6-Ут7-Ут8; Ут8-Ут9";Самарская область, Автозаводский район, г. Тольятти, северо-восточнее, восточнее здания, имеющего адрес: ул. 70 лет Октября, д. 78;1193,0;Муниципальная казна
891;П1300000011308;63:09:0101155:683;Тепловая сеть Ут2-38Х;Самарская область, Автозаводский район, г. Тольятти, восточнее здания, имеющего адрес: ул. 70 лет Октября, д. 82;5,0;Муниципальная казна
892;П1300000010267;63:09:0101155:9114;Сети ливневой канализации от колодца № 9-№12- №18;Самарская область, Автозаводский район, г. Тольятти, севернее, северо-западнее здания, имеющего адрес: ул. 70 лет Октября, 82;336,0;Муниципальная казна
893;П1300000013662;63:09:0101155:9187;Участок теплосети от УТ-16 до д.89 по Южному шоссе (18 кв.);Самарская область, Автозаводский район, г. Тольятти, западнее здания, имеющего адрес: ш.Южное, д.85;94,0;Муниципальная казна
894;П1300000013633;63:09:0101155:9196;Участок сети водопровода от ВК-4 до ПГ 18/21 ввод к дому по ул. 70 лет Октября, 78;Самарская область, Автозаводский район, г. Тольятти, ул. 70 лет Октября, севернее и северо-восточнее здания, имеющего адрес: ул. 70 лет Октября, 78;104,0;Муниципальная казна
895;П1300000013629;63:09:0101155:9200;Тепловая сеть (от Ут4 до ж/д 38С);Самарская область, Автозаводский район, г. Тольятти, юго-восточнее здания, имеющего адрес: ул. 70 лет Октября, 84;117,0;Муниципальная казна
896;П1300000013798;63:09:0101155:9219;Участок теплосети от УТ-17 до д.83 по Южному шоссе (18 кв);Самарская область, Автозаводский район, г. Тольятти, западнее здания, имеющего адрес: ш. Южное, д. 79;100,0;Муниципальная казна
897;П1300000013923;63:09:0101155:9272;Сети ливневой канализации: подключения от дождеприемников, расположенных на территории квартала 18 (лит.1);Самарская область, Автозаводский район, г. Тольятти, западнее, северо-западнее, севернее здания, имеющего адрес: ул. 70 лет Октября, 72;343,0;Муниципальная казна
898;П1000000000472;63:09:0101155:9711;Строительство магистральной улицы общегородского значения регулируемого движения ул. Офицерской;Самарская область, Автозаводский район, г. Тольятти, ул. Офицерская;1956,0;Муниципальная казна
899;П1300000014517;63:09:0101155:9834;Канализационные сети, расположенные по адресу: Самарская область, г. Тольятти, ул. 70 лет Октября, 88;Самарская область, Автозаводский район, г. Тольятти, ул. 70 лет Октября, д. 88;260,0;Муниципальная казна
900;П1300000014522;63:09:0101155:9835;Сеть водоснабжения от ВК до дома, расположенная по адресу: Самарская область, г. Тольятти, Автозаводский район, ул. 70 лет Октября, д. 88;Самарская область, Автозаводский район, г. Тольятти, ул. 70 лет Октября, д. 88;12,0;Муниципальная казна
901;П1300000014511;63:09:0101155:9969;Участок сети теплоснабжения от УТ23 до жилого дома, расположенного по адресу: ул. Офицерская, д. 2;Самарская область, Автозаводский район, г. Тольятти, ул. Офицерская, д. 2;30,0;Муниципальная казна
902;П1300000014562;63:09:0101155:9989;Участок сети водоснабжения до здания, расположенного по адресу: ул. Офицерская, д. 9;Самарская область, Автозаводский район, г. Тольятти, ул. Офицерская, д. 9;70,0;Муниципальная казна
903;П1000000000293;63:09:0101156:10013;Автодорога Северная завода-часть улицы Вокзальной;"Самарская область, Автозаводский район, г. Тольятти, между ул.Борковской и автодорогой вдоль западной границы ОАО ""АвтоВаз"" (лит.М2-М3)";5194,5;Муниципальная казна
904;П1000000000295;63:09:0101156:10027;Автодорога Южная завода-часть Южного шоссе;"Самарская область, Автозаводский район, г. Тольятти, между улицей Борковской и автодорогой вдоль западной границы АО""АвтоВАЗ"" (лит.(М2-М3)";6018,3;Муниципальная казна
905;П1300000010290;63:09:0101156:11237;Сети ливневой канализации от колодца № 17 до № 18;Самарская область, Автозаводский район, г. Тольятти, северо-западнее здания, имеющего адрес: ул. 70 лет Октября, 54;38,0;Муниципальная казна
906;П1300000012946;63:09:0101156:11285;Футбольное поле;Самарская область, Автозаводский район, г. Тольятти, б-р Татищева, д. 19;;Оперативное управление
907;П1300000013389;63:09:0101156:11291;Участок сети водопровода от ПГ-2 до ж/д ул.Автостроителей, 1 ввод (19 квартал);Самарская область, Автозаводский район, г. Тольятти, западнее здания, имеющего адрес: ул.Автостроителей, 1;25,0;Муниципальная казна
908;П1300000013388;63:09:0101156:11292;Участок сети водопровода от ПГ-2 до ж/д ул.Автостроителей, 3 ввод (19 квартал);Самарская область, Автозаводский район, г. Тольятти, западнее здания, имеющего адрес: ул.Автостроителей, 3;24,0;Муниципальная казна
909;П1300000013390;63:09:0101156:11293;Участок сети водопровода от ПГ-45 к храмовому комплексу (2 здания) по ул. 70 лет Октября (19 кв);Самарская область, Автозаводский район, г. Тольятти, западнее здания, имеющего адрес: ул. 70 лет Октября, 60;96,0;Муниципальная казна
910;П1300000013793;63:09:0101156:11296;Теплосеть от УТ-7 до д.51 по бульвару Татищева;Самарская область, Автозаводский район, г. Тольятти, северо-восточнее здания, имеющего адрес: ш.Южное, 51;28,0;Муниципальная казна
911;П1300000013419;63:09:0101156:11300;Тепловая сеть (от УТ до ж.д 32-С);Самарская область, Автозаводский район, г. Тольятти, юго-западнее здания, имеющего адрес: ул.70 лет Октября, 54;60,0;Муниципальная казна
912;П1300000013663;63:09:0101156:11301;Участок сети водопровода , ул.Тополиная, 4 ввод, ввод (2) от д.34-П до 34-маг4 в 19 квартале;Самарская область, Автозаводский район, г. Тольятти, северо-западнее здания, имеющего адрес: ул.Тополиная, д. 1-а;163,0;Муниципальная казна
913;П1300000013576;63:09:0101156:11302;Тепловая сеть (от Ут1 до ж/д 33Б-2) (лит.Т-Т1, Т1-Т2);Самарская область, Автозаводский район, г. Тольятти, северо-восточнее здания, имеющего адрес: ул. Автостроителей, 3;40,0;Муниципальная казна
914;П1300000013473;63:09:0101156:11307;Участок теплосети от УТ-9 до ж/д 20 по бульвару Татищева (19 кв);Самарская область, Автозаводский район, г. Тольятти, южнее здания, имеющего адрес: бул. Татищева, 16;158,0;Муниципальная казна
915;П1300000013418;63:09:0101156:11308;Тепловая сеть (от Ут9 до ж/д 32-Г);Самарская область, Автозаводский район, г. Тольятти, южнее здания, имеющего адрес: бульвар Татищева, 15;51,0;Муниципальная казна
916;П1300000013380;63:09:0101156:11309;Тепловая сеть (от Ут5 до ж/д 33-Г);Самарская область, Автозаводский район, г. Тольятти, юго-восточнее здания, имеющего адрес: Южное шоссе, 63;24,0;Муниципальная казна
917;П1300000013653;63:09:0101156:11312;Участок теплосети от УТ-1 по ул.Автостроителей до д.22 по бульвару Татищева;Самарская область, Автозаводский район, г. Тольятти, северо- западнее здания, имеющего адрес: бул. Татищева, д. 22;125,0;Муниципальная казна
918;П1300000013762;63:09:0101156:11313;Тепловая сеть (от Ут7 - до ж/д 32-Р);Самарская область, Автозаводский район, г. Тольятти, северо-западнее здания, имеющего адрес: ул. 70 лет Октября, 54-а;22,0;Муниципальная казна
919;П1300000013660;63:09:0101156:11320;Тепловая сеть (от Ут-6-Ут7 до ж/д 33К1);Самарская область, Автозаводский район, г. Тольятти, северо-западнее здания, имеющего адрес: бульвар Татищева, 10;269,0;Муниципальная казна
920;П1300000013796;63:09:0101156:11333;Участок сети водоснабжения от ВК-3 (ПГ-35) до жилого дома б-р Татищева, 15 ввод;Самарская область, Автозаводский район, г. Тольятти, южнее здания, имеющего адрес: бул.Татищева, д.20;79,0;Муниципальная казна
921;П1300000013406;63:09:0101156:11341;Сети ливневой канализации: подключения от дождеприемников, расположенных на территории 19 квартала;Самарская область, Автозаводский район, г. Тольятти, западнее, северо-западнее, севернее здания, имеющего адрес: ул. Тополиная, 22-а;523,0;Муниципальная казна
922;П1300000014340;63:09:0101156:11710;"Участок сети водопровода МОУ прогимназия ул.70 лет Октября,44; от ВК-9 до д/с в 19 квартале";Самарская область, Автозаводский район, г. Тольятти, юго-восточнее здания, имеющего адрес: улица 70 лет Октября, дом 44;25,0;Муниципальная казна
923;П1300000014339;63:09:0101156:11711;Участок сети водопровода от ВК-17 до жилого дома ул.Тополиная,8 ввод(19 квартал);Самарская область, Автозаводский район, г. Тольятти, южнее здания, имеющего адрес: улица Тополиная, дом 8;24,0;Муниципальная казна
924;П1600000000011;63:09:0101156:11742;Бытовая канализация от КК1 до КК-4, расположенная по адресу: Самарская область, г. Тольятти, Автозаводский район, б-р Татищева, 14 (стр. № 33Р);Самарская область, Автозаводский район, г. Тольятти, б-р Татищева, д. 14, (стр. № 33Р);221,0;Муниципальная казна
925;П1300000014437;63:09:0101156:11744;Бытовая канализация от КК1 до КК-32 (10), расположенная по адресу: Самарская область, г. Тольятти, Автозаводский район, б-р Татищева, 5 (стр. № 34У);Самарская область, Автозаводский район, г. Тольятти, б-р Татищева, д. 5, (стр. № 34У);180,0;Муниципальная казна
926;П1300000014441;63:09:0101156:11745;Ливневая канализация от ЛК1 до ЛК-32, расположенная по адресу: Самарская область, г. Тольятти, Автозаводский район, б-р Татищева, 5 (стр. № 34У);Самарская область, Автозаводский район, г. Тольятти, б-р Татищева, д. 5, стр. № 34У;177,0;Муниципальная казна
927;П1300000014436;63:09:0101156:11746;Бытовая канализация от ж/д до КК-25, расположенная по адресу: Самарская область, г. Тольятти, Автозаводский район, ул. Автостроителей, 5 (стр. № 32 Бмаг);Самарская область, Автозаводский район, г. Тольятти, ул. Автостроителей, д. 5, (стр. № 32 Бмаг);58,0;Муниципальная казна
928;П1300000014442;63:09:0101156:11747;Ливневая канализация от ЛК1 до ЛК-46, расположенная по адресу: Самарская область, г. Тольятти, Автозаводский район, б-р Татищева, 14 (стр. № 33Р);Самарская область, Автозаводский район, г. Тольятти, б-р Татищева, д. 14, стр. № 33Р;305,0;Муниципальная казна
929;П1300000014460;63:09:0101156:11750;Сеть ливневой канализации жилого дома, расположенного по адресу: бульвар Татищева, д. 3, от Кл2328 до КЛ2331;Самарская область, Автозаводский район, г. Тольятти, б-р Татищева, д. 3;181,0;Муниципальная казна
930;П1300000014447;63:09:0101156:11751;Сеть ливневой канализации жилого дома, расположенного по адресу: бульвар Татищева, д. 2, от Кл 2317 до Кл2318;Самарская область, Автозаводский район, г. Тольятти, б-р Татищева, д. 2;192,0;Муниципальная казна
931;П1300000014433;63:09:0101156:11752;Тепловая сеть (от Ут до ж/д 32-Н-1) ул. 70 лет Октября 58;Самарская область, Автозаводский район, г. Тольятти, ул. 70 лет Октября, д. 58;17,0;Муниципальная казна
932;П1300000014459;63:09:0101156:11753;Сеть ливневой канализации жилого дома, расположенного по адресу: Южное шоссе, 67, от Кл2303 до Кл2308;Самарская область, Автозаводский район, г. Тольятти, ш. Южное, д. 67;202,0;Муниципальная казна
933;П1300000014564;63:09:0101156:11759;Участок сети водопровода от ПГ-30 до жилого дома по б-ру Татищева, 5 ввод (19 кв-л);Самарская область, Автозаводский район, г. Тольятти, б-р Татищева, д. 5;53,0;Муниципальная казна
934;П1300000014579;63:09:0101156:11764;Тепловые сети от стены ж/д до УТ7, ЦТП 193, УТ5, расположенные по адресу: г. Тольятти, Автозаводский район, ул.Автостроителей, 5 (стр №32Бмаг);Самарская область, Автозаводский район, г. Тольятти, ул. Автостроителей, д. 5;99,0;Муниципальная казна
935;П1300000014532;63:09:0101156:11766;Ливневая канализация от ЛК5 до ЛК 26/9, расположенная по адресу: г. Тольятти, Автозаводский район, ул. 70 лет Октября, 50 (стр № 34Х);Самарская область, Автозаводский район, г. Тольятти, ул. 70 лет Октября, д. 50;52,0;Муниципальная казна
936;П1300000014534;63:09:0101156:11767;Бытовая канализация от КК-8 до КК-12, расположенная по адресу: Самарская область, г. Тольятти, Автозаводский район, ул. 70 лет Октября, 50 (стр № 34Х);Самарская область, Автозаводский район, г. Тольятти, ул. 70 лет Октября, д. 50;51,0;Муниципальная казна
937;П1300000014673;63:09:0101156:11768;Сеть ливневой канализации от КЛ-1, от КЛ-8 до КЛ-15 от здания, расположенного по адресу: ул. 70 лет Октября, д. 44 (34-ДС-1);Самарская область, Автозаводский район, г. Тольятти, от КЛ-1, от КЛ-8 до КЛ-15 от здания, расположенного по адресу: ул. 70 лет Октября, д. 44 (34-ДС-1);291,0;Муниципальная казна
938;П1300000014699;63:09:0101156:11769;Участок сети бытовой канализации от существующей трассы до первого смотрового колодца в районе дома № 51 по Южному шоссе;Самарская область, Автозаводский район, г. Тольятти, ш. Южное, д. 51;131,0;Муниципальная казна
939;П1300000014672;63:09:0101156:11770;Участок сети ливневой канализации от существующей трассы до первого смотрового колодца в районе дома № 51 по Южному шоссе;Самарская область, Автозаводский район, г. Тольятти, ш. Южное, д. 51;140,0;Муниципальная казна
940;П1300000014543;63:09:0101156:11772;Участок сети водоснабжения от ВК до здания, расположенного по адресу: ул. Автостроителей, д. 7;Самарская область, Автозаводский район, г. Тольятти, в районе дома № 7 по ул. Автостроителей;35,0;Муниципальная казна
941;П1300000014556;63:09:0101156:11773;Бытовая канализация от КК-3 до КК-12, расположенная по адресу: Самарская область, г. Тольятти, Автозаводский район, ул. 70 лет Октября, 52 (стр № 34-ФЗ);Самарская область, Автозаводский район, г. Тольятти, в районе дома № 52 по улице 70 лет Октября;127,0;Муниципальная казна
942;П1300000014544;63:09:0101156:11774;Участок сети водоснабжения от ВК-10 до здания, расположенного по адресу: ул. 70 лет Октября, д. 40;Самарская область, Автозаводский район, г. Тольятти, ул. 70 лет Октября, д. 40;20,0;Муниципальная казна
943;П1300000014555;63:09:0101156:11775;Бытовая канализация от о/КК1 до КК-11, расположенная по адресу: Самарская область, г. Тольятти, Автозаводский район, ул. 70 лет Октября, д. 58а (стр. № 32-Н-1);Самарская область, Автозаводский район, г. Тольятти, ул. 70 лет Октября, д. 58А, (стр № 32-Н-1);50,0;Муниципальная казна
944;П1300000014611;63:09:0101156:11779;Участок сети теплоснабжения от ТК4 до жилого дома, расположенного по адресу: ул. 70 лет Октября, д. 40;Самарская область, Автозаводский район, г. Тольятти, от ТК4 до жилого дома, расположенного по адресу: ул. 70 лет Октября, д. 40;19,0;Муниципальная казна
945;П1300000014536;63:09:0101156:11780;Водопроводные сети, расположенные по адресу: Самарская область, г. Тольятти, Автозаводский район, к дому б-р Татищева, 22;Самарская область, Автозаводский район, г. Тольятти, к дому б-р Татищева, 22;56,0;Муниципальная казна
946;П1300000014774;63:09:0101156:11781;Участок сети теплоснабжения от Тк 1 до жилого дома, расположенного по адресу: ул. 70 лет Октября, д. 60;Самарская область, Автозаводский район, г. Тольятти, участок сети теплоснабжения от Тк 1 до жилого дома, расположенного по адресу: ул. 70 лет Октября, д. 60;15,0;Муниципальная казна
947;П1300000014669;63:09:0101156:11784;Канализационные сети;Самарская область, Автозаводский район, г. Тольятти, б-р Татищева, д. 10;82,0;Муниципальная казна
948;П1300000014660;63:09:0101156:11785;Канализационные сети, расположенные по адресу: Самарская область, г. Тольятти, Автозаводский район, к дому б-р Татищева, 20;Самарская область, Автозаводский район, г. Тольятти, б-р Татищева, д. 20;218,0;Муниципальная казна
949;П1300000014661;63:09:0101156:11786;Канализационные сети, расположенные по адресу: Самарская область, г. Тольятти, Автозаводский район, к дому б-р Татищева, 22;Самарская область, Автозаводский район, г. Тольятти, б-р Татищева, д. 22;140,0;Муниципальная казна
950;П1300000014692;63:09:0101156:11787;Ливневая канализация от ЛК1 до ЛК26/9, расположенная по адресу: г. Тольятти, Автозаводской район, ул. 70 лет Октября, 52 (стр № 34Ф);Самарская область, Автозаводский район, г. Тольятти, ул. 70 лет Октября, д. 52;125,0;Муниципальная казна
951;П1300000014654;63:09:0101156:11788;Ливневая канализация от ЛК1 до ЛК10, расположенная по адресу: г. Тольятти, Автозаводский район, ул. 70 лет Октября, 58а (стр № 32-Н-1);Самарская область, Автозаводский район, г. Тольятти, ул. 70 лет Октября, д. 58А;49,0;Муниципальная казна
952;П1300000014656;63:09:0101156:11789;Ливневая канализация от ЛК 1 до ЛК 24, расположенная по адресу: г. Тольятти, Автозаводский район, ш. Южное, д. 63, (стр. 33Г);Самарская область, Автозаводский район, г. Тольятти, ш. Южное, д. 63;50,8;Муниципальная казна
953;П1300000014655;63:09:0101156:11790;Ливневая канализация от ЛК24 до ЛК25, расположенная по адресу: г. Тольятти, Автозаводский район, ул. Тополиная, д. 14 (стр №34Д);Самарская область, Автозаводский район, г. Тольятти, ул. Тополиная, д. 14;75,0;Муниципальная казна
954;П1300000014757;63:09:0101156:11792;Сеть бытовой канализации;Самарская область, Автозаводский район, г. Тольятти, ш. Южное, д. 63, (стр. № 33Г);70,0;Муниципальная казна
955;П1300000014664;63:09:0101156:11794;Канализационные сети, расположенные по адресу: Самарская область, г. Тольятти, Автозаводский район, к дому ул. Тополиная, 10;Самарская область, Автозаводский район, г. Тольятти, ул. Тополиная, д. 10;152,0;Муниципальная казна
956;П1300000014729;63:09:0101156:11795;Участок сети водоснабжения от ПГ-19/19 до здания, расположенного по адресу: бул. Татищева, д. 12;Самарская область, Автозаводский район, г. Тольятти, б-р Татищева, д. 12;30,0;Муниципальная казна
957;П1300000014726;63:09:0101156:11796;Участок водопровода 19 квартала Автозаводского района от ВК-6а/ПГ19/38 до ЦТП-193;Самарская область, Автозаводский район, г. Тольятти, 19 квартал;80,0;Муниципальная казна
958;П1300000014844;63:09:0101156:11800;Ливневая канализация от ЛК14 до ЛК15, расположенная по адресу: Самарская область, г. Тольятти, Автозаводский район, ул. Автостроителей, 5 (стр № 32 Бмаг);Самарская область, Автозаводский район, г. Тольятти, ул. Автостроителей, д. 5;108,0;Муниципальная казна
959;П1300000014896;63:09:0101156:11802;Сеть ливневой канализации жилого дома, расположенного по адресу: бульвар Татищева, д.1 от Кл 2327, Кл 2328;Самарская область, Автозаводский район, г. Тольятти, б-р Татищева, д. 1;201,0;Муниципальная казна
960;П1300000014859;63:09:0101156:11803;Сеть ливневой канализации жилого дома, расположенного по адресу: бульвар Татищева, д. 16, от Кл2308 до Кл2309;Самарская область, Автозаводский район, г. Тольятти, б-р Татищева, д. 16;139,0;Муниципальная казна
961;П1300000014897;63:09:0101156:11804;Сеть ливневой канализации жилого дома, расположенного по адресу: бульвар Татищева, д. 6, от Кл 2316 до Кл 2317;Самарская область, Автозаводский район, г. Тольятти, б-р Татищева, д. 6;204,0;Муниципальная казна
962;П1300000011874;63:09:0101156:11809;Сети ливневой канализации от начального колодца до № 11;Самарская область, Автозаводский район, г. Тольятти;8,0;Муниципальная казна
963;П1300000011870;63:09:0101156:11812;Сети ливневой канализации от колодца № 26 до № 1;Самарская область, Автозаводский район, г. Тольятти;50,0;Муниципальная казна
964;П1300000010355;63:09:0101156:677;Тепловая сеть от УТ5 до ж/д 34-У;Самарская область, Автозаводский район, г. Тольятти, юго-западнее здания, имеющего адрес: г. Тольятти, Автозаводский район, бульвар Татищева, 1;73,0;Муниципальная казна
965;П1000000000398;63:09:0101156:679;Кольцевая транспортная развязка по улице  Автостроителей - улице 70 лет Октября;Самарская область, Автозаводский район, г. Тольятти, юго-западнее здания, имеющего адрес: улица Автостроителей, 11;;Муниципальная казна
966;П1300000009157;63:09:0101156:680;Тепловая сеть от Уз 17-III-В до ж/д 34-Н;Самарская область, Автозаводский район, г. Тольятти, севернее, северо-восточнее, восточнее здания, имеющего адрес: ул. Тополиная, 16;181,0;Муниципальная казна
967;П1300000009968;63:09:0101156:681;Тепловая сеть от т. Б до ж/д 34-Д;Самарская область, Автозаводский район, г. Тольятти, южнее здания, имеющего адрес: г. Тольятти, Автозаводский район, ул. Тополиная, 14;21,0;Муниципальная казна
968;П1300000010669;63:09:0101156:683;Тепловая сеть Ут9-Ут10, Ут10-Ут11, Ут11-Ут11(1);Самарская область, Автозаводский район, г. Тольятти, восточнее, юго-восточнее здания, имеющего адрес: ул. Тополиная, д. 10;299,0;Муниципальная казна
969;П1300000010668;63:09:0101156:686;Тепловая сеть УЗ17-(III)в-УЗ10-(III)в, 34Н-Ут2, Ут2-Ут5-Ут6, Ут6-34С, 34С-Ут7-Ут8, Ут2-Ут3-34П, 34П-Ут4;Самарская область, Автозаводский район, г. Тольятти, юго-восточнее, восточнее, северо-восточнее, севернее, северо-западнее здания, имеющего адрес: ул. Тополиная, д. 14;1049,0;Муниципальная казна
970;П1300000009969;63:09:0101156:693;Тепловая сеть  от ЦТП № 191 (ДЖКХ) до ж/д 34-Е;Самарская область, Автозаводский район, г. Тольятти, северо-восточнее здания, имеющего адрес: г. Тольятти, Автозаводский район, ул. Тополиная, 16а;70,0;Муниципальная казна
971;П1300000011348;63:09:0101156:9978;Сети бытовой канализации от колодца №26 до №1;Самарская область, Автозаводский район, г. Тольятти, северо-восточнее здания, имеющего адрес: бульвар Татищева, 21;65,0;Муниципальная казна
972;П1000000000253;63:09:0101156:9984;Автодорога по бульвару Татищева;Самарская область, Автозаводский район, г. Тольятти, от Южного шоссе до ул.Автостроителей, южнее объекта, имеющего адрес: бульвар Татищева, 10;896,0;Муниципальная казна
973;П1000000000252;63:09:0101157:12604;Автодорога по бульвару Рябиновый;Самарская область, Автозаводский район, г. Тольятти, от Южного шоссе до улицы 70 лет Октября, северо-восточнее здания, имеющего адрес: бульвар Рябиновый, 8;848,0;Муниципальная казна
974;П1300000013621;63:09:0101157:12667;Сеть водоснабжения Южное шоссе, 39, ввод (лит.В-В1);Самарская область, Автозаводский район, г. Тольятти, юго-восточнее здания, имеющего адрес: Южное шоссе, 39;10,0;Муниципальная казна
975;П1300000013481;63:09:0101157:12668;Участок сети водоснабжения Южное шоссе, 27 ввод;Самарская область, Автозаводский район, г. Тольятти, западнее здания, имеющего адрес: Южное шоссе, 27;44,0;Муниципальная казна
976;П1300000013575;63:09:0101157:12669;Сеть водоснабжения Южное шоссе, 29, ввод;Самарская область, Автозаводский район, г. Тольятти, западнее здания, имеющего адрес: Южное шоссе, 29;10,0;Муниципальная казна
977;П1300000013478;63:09:0101157:12675;Участок теплосети от УТ-9 до дома 33 по Южному шоссе (20 кв.);Самарская область, Автозаводский район, г. Тольятти, юго-восточнее здания, имеющего адрес: ш. Южное, 33;44,0;Муниципальная казна
978;П1300000013618;63:09:0101157:12676;Участок теплосети от УТ-8 до дома №8 по Рябиновому бульвару;Самарская область, Автозаводский район, г. Тольятти, юго-восточнее здания, имеющего адрес: бульвар Рябиновый, 8;83,0;Муниципальная казна
979;П1300000013001;63:09:0101157:12677;Универсальная спортивная площадка;Самарская область, Автозаводский район, г. Тольятти, ул. Тополиная, д. 5;;Оперативное управление
980;П1300000013483;63:09:0101157:12678;Сети водоснабжения Южное шоссе 37, ввод;Самарская область, Автозаводский район, г. Тольятти, севернее здания, имеющего адрес: бул. Рябиновый, д. 2-а;10,0;Муниципальная казна
981;П1300000013482;63:09:0101157:12679;Сети водоснабжения от К до ВК/ПГ-9, от УТ-12 до УТ-13,14 и до дома 35-М, от УТ-13 до дома 35-Н;Самарская область, Автозаводский район, г. Тольятти, севернее, восточнее, северо-восточнее и юго-восточнее здания, имеющего адрес: бул. Рябиновый, д. 1;382,0;Муниципальная казна
982;П1300000013386;63:09:0101157:12680;Участок тепловой сети (Ут2-Ут3 до ж/д 34-Ц);Самарская область, Автозаводский район, г. Тольятти, юго-западнее, южнее здания, имеющего адрес: бульвар Рябиновый, 2;145,0;Муниципальная казна
983;П1300000013620;63:09:0101157:12682;Сети водоснабжения от ТК-5 через ТК-7 до дома 35-Г, от ТК-2 до дома 35В-1, от ТК-3 до ТК-4 и до дома 35-В;Самарская область, Автозаводский район, г. Тольятти, юго-западнее здания, имеющего адрес: ул. Льва Яшина, д. 16;658,0;Муниципальная казна
984;П1300000013379;63:09:0101157:12683;Участок теплосети (от Ут до ж/д 34Я);Самарская область, Автозаводский район, г. Тольятти, южнее здания, имеющего адрес: бульвар Рябиновый, 2-а;2,0;Муниципальная казна
985;П1300000013468;63:09:0101157:12684;Участок теплосети от УТ-4 до дома 12 по ул. Льва Яшина (19 кв.);Самарская область, Автозаводский район, г. Тольятти, южнее здания, имеющего адрес: ш. Южное, д. 29;32,0;Муниципальная казна
986;П1300000013685;63:09:0101157:12693;Участок теплосети от УТ-2 до д.6 по Рябиновому бульвару (20 кв);Самарская область, Автозаводский район, г. Тольятти, северо-восточнее здания, имеющего адрес: ул. Тополиная, д.15;50,0;Муниципальная казна
987;П1300000013631;63:09:0101157:12694;Тепловая сеть;Самарская область, Автозаводский район, г. Тольятти, северо-западнее здания, имеющего адрес: ул. Тополиная, д. 9;7,0;Муниципальная казна
988;П1300000013652;63:09:0101157:12695;Участок теплосети от УТ-13 до д.3 по Рябиновому бульвару (20кв);Самарская область, Автозаводский район, г. Тольятти, восточнее здания, имеющего адрес: бул. Рябиновый, д. 1;44,0;Муниципальная казна
989;П1300000013703;63:09:0101157:12698;Участок теплосети от УТ-12 до д.7 по ул.Тополиной (20кв);Самарская область, Автозаводский район, г. Тольятти, южнее и юго-восточнее здания, имеющего адрес: ул. Тополиная, д.3;80,0;Муниципальная казна
990;П1300000013651;63:09:0101157:12699;Участок теплосети от УТ-12 до д.5 по Рябиновому бульвару (20кв);Самарская область, Автозаводский район, г. Тольятти, восточнее здания, имеющего адрес: бульвар Рябиновый, д. 5;41,0;Муниципальная казна
991;П1300000013791;63:09:0101157:12742;Участок теплосети от УТ-7 до д.43 по Южному шоссе (20 кв.);Самарская область, Автозаводский район, г. Тольятти, юго-западнее здания, имеющего адрес: ш. Южное, 43;220,0;Муниципальная казна
992;П1300000013790;63:09:0101157:12743;Участок теплосети от Ут-3 до д.15 по Рябиновому бульвару (20кв.);Самарская область, Автозаводский район, г. Тольятти, северо-западнее здания, имеющего адрес: ул.70 лет Октября, д.16-а;165,0;Муниципальная казна
993;П1300000014336;63:09:0101157:12791;Сети водоснабжения от К-1 до УТ-6 и до дома 35-И, перемычка;Самарская область, Автозаводский район, г. Тольятти, юго-восточнее здания, имеющего адрес: улица Льва Яшина, 8;309,0;Муниципальная казна
994;П1300000013881;63:09:0101157:12797;Сети ливневой канализации: подключения от дождеприемников, расположенных на территории 20 квартала;Самарская область, Автозаводский район, г. Тольятти, восточнее, юго-восточнее, южнее здания, имеющего адрес: ул. Тополиная, 2;434,0;Муниципальная казна
995;П1300000013877;63:09:0101157:12798;Участок тепловой сети (от Ут1 до ж/д 35-Ф);Самарская область, Автозаводский район, г. Тольятти, севернее здания, имеющего адрес: улица Льва Яшина, д.16;22,0;Муниципальная казна
996;П1300000014457;63:09:0101157:13199;Коммуникационный коллектор от Ут16-3-в(К-1) до Ут.3 протяженностью 138 м, от УТ.3 до Ут.5 протяженностью 52,3 м, от Ут.5 до Ут.6 протяженностью 86 м, от Ут.6 до Уп.18 протяженностью 17,9 м, от Уп.18 до 35-И протяженностью 4,7 м, от Ут.3 до Ут.10 протяженностью 39,3 м, от Ут.10 до НО-21 протяженностью 72,5 м;Самарская область, Автозаводский район, г. Тольятти, ул. Льва Яшина, д. 8, (35-И);410,0;Муниципальная казна
997;П1300000014453;63:09:0101157:13200;Коммуникационный коллектор от сущ. Ут. 11-3в до Ут. 1, протяженность 23,0 м., расположенный г. Тольятти, Автозаводский район, ул. 70 лет Октября, 34 (34-А);Самарская область, Автозаводский район, г. Тольятти, ул. 70 лет Октября, (34-А);23,0;Муниципальная казна
998;П1300000014464;63:09:0101157:13201;Коммуникационный коллектор от сущ. Ут. 7 до Ут. 8, протяженность 41,4 м, от Ут. 1 до Ут. 2, протяженность 38,2 м, расположенный г. Тольятти, Автозаводский район, ул. 70 лет Октября, 34 (34-М);Самарская область, Автозаводский район, г. Тольятти, ул. 70 лет Октября, д. 34, (34-М);80,0;Муниципальная казна
999;П1300000014462;63:09:0101157:13202;Коммуникационный коллектор от НО-5 до Ут. 5 ч/з Ут. 4, протяженность 142,2 м., от Ут. 4 до Ут. 9 (6), протяженность 27,5 м., от Ут. 5 до НК-8, протяженность 8,2 м., расположенный г. Тольятти, Автозаводский район, ул. 70 лет Октября, 34 (34-Б);Самарская область, Автозаводский район, г. Тольятти, ул. 70 лет Октября, д. 34, (34-Б);155,0;Муниципальная казна
1000;П1300000014461;63:09:0101157:13203;Коммуникационный коллектор от сущ Ут.6 до Ут.8, протяженность 73 м, от Ут.8 до Ут.9, протяженность, 119.7 м, от Ут.9 до 35-Л, протяженность 36,7 м, расположенный по адресу: г. Тольятти, Автозаводский район, Южное шоссе, 27 (35-Л);Самарская область, Автозаводский район, г. Тольятти, ш. Южное, (35-Л);215,0;Муниципальная казна
1001;П1300000014463;63:09:0101157:13204;Коммуникационный коллектор от сущ. Ут. 2 до Ут.7, протяженность 108,6 м, от Ут.3 до кр. линии протяженность 129,9 м, расположенный г. Тольятти, Автозаводский район, ул. 70 лет Октября, 34 (34-А);Самарская область, Автозаводский район, г. Тольятти, ул. 70 лет Октября, д. 34, (34-А);238,0;Муниципальная казна
1002;П1300000014495;63:09:0101157:13212;Коммуникационный коллектор от сущ. Ут. 13 до Ут. 8, протяженностью 80,3 м., от Ут. 8 до 34-Ж, протяженностью 9,85 м., от Ут. 8 до 34-Ж, протяженность 102,45 м., расположенный: г. Тольятти, Автозаводский район, Южное шоссе, 45 (34-Ж);Самарская область, Автозаводский район, г. Тольятти, ш. Южное, д. 45;223,0;Муниципальная казна
1003;П1300000014582;63:09:0101157:13215;Сеть ливневой канализации от КЛ-13, КЛ-9 до КЛ-5а от здания, расположенного по адресу: ул. Тополиная, д.5 (34-Х);Самарская область, Автозаводский район, г. Тольятти, ул. Тополиная, д. 5;239,0;Муниципальная казна
1004;П1300000014583;63:09:0101157:13219;Участок сети ливневой канализации от ЛК-5 до ЛК-8 с местоположением: Автозаводский район ш. Южное, 33;Самарская область, Автозаводский район, г. Тольятти, ш. Южное, д. 33;58,0;Муниципальная казна
1005;П1300000014552;63:09:0101157:13220;Сети водоснабжения Рябиновый б-р, 7, ввод (20 кв-л), протяженность 10 м;Самарская область, Автозаводский район, г. Тольятти, б-р Рябиновый, д. 7;10,0;Муниципальная казна
1006;П1300000014550;63:09:0101157:13222;Участок сети бытовой канализации в районе дома № 8 по Рябиновому бульвару;Самарская область, Автозаводский район, г. Тольятти, б-р Рябиновый, д. 8;201,0;Муниципальная казна
1007;П1300000014545;63:09:0101157:13223;Участок сети ливневой канализации в районе дома № 27а по Южному шоссе;Самарская область, Автозаводский район, г. Тольятти, ш. Южное, д. 27а;91,0;Муниципальная казна
1008;П1300000014537;63:09:0101157:13224;Водопроводные сети, расположенные по адресу: Самарская область, г. Тольятти, Автозаводский район, к дому б-р Татищева, 22;Самарская область, Автозаводский район, г. Тольятти, ул. Льва Яшина, д. 12;32,0;Муниципальная казна
1009;П1300000014612;63:09:0101157:13225;Участок сети теплоснабжения от Ут3 до жилого дома, расположенного по адресу: ул. 70 лет Октября, д. 12;Самарская область, Автозаводский район, г. Тольятти, от Ут3 до жилого дома, расположенного по адресу: ул. 70 лет Октября, д. 12;27,0;Муниципальная казна
1010;П1300000014698;63:09:0101157:13230;Бытовая канализация от КК1 до КК-23;Самарская область, Автозаводский район, г. Тольятти, б-р Рябиновый, д. 2а, (стр. № 34Я);164,0;Муниципальная казна
1011;П1300000014671;63:09:0101157:13237;Канализационные сети, расположенные по адресу Самарская область, г.Тольятти, Автозаводский район, к дому ул. 70 лет Октября, 22а;Самарская область, Автозаводский район, г. Тольятти, ул. 70 лет Октября, д. 22а;43,0;Муниципальная казна
1012;П1300000014670;63:09:0101157:13239;Канализационные сети, расположенные по адресу: Самарская область, г. Тольятти, Автозаводский район, к дому б-р Рябиновый, 15;Самарская область, Автозаводский район, г. Тольятти, б-р Рябиновый, д. 15;187,0;Муниципальная казна
1013;П1300000014693;63:09:0101157:13241;Ливневая канализация от ЛК1,ЛК5 до ЛК209, расположенная по адресу: г. Тольятти, Автозаводский район, б-р Рябиновый, 2-а (стр №34Я);Самарская область, Автозаводский район, г. Тольятти, б-р Рябиновый, д. 2а;217,0;Муниципальная казна
1014;П1300000014829;63:09:0101157:13242;Тепловые сети, расположенные по адресу: Самарская область, г. Тольятти, Автозаводский район, ул. 70 лет Октября, 22а;Самарская область, Автозаводский район, г. Тольятти, ул. 70 лет Октября, д. 22а;58,0;Муниципальная казна
1015;П1300000014665;63:09:0101157:13245;Канализационные сети, расположенные по адресу: Самарская область, г. Тольятти, Автозаводский район, к дому б-р Рябиновый, 5;Самарская область, Автозаводский район, г. Тольятти, б-р Рябиновый, д. 5;46,0;Муниципальная казна
1016;П1300000014751;63:09:0101157:13246;Канализационные сети, расположенные по адресу: Самарская область, г. Тольятти, Автозаводский район, к дому ул. Л. Яшина, 12;Самарская область, Автозаводский район, г. Тольятти, к дому ул. Л. Яшина, д. 12;17,0;Муниципальная казна
1017;П1300000014752;63:09:0101157:13247;Канализационные сети, расположенные по адресу: Самарская область, г. Тольятти, Автозаводский район, к дому б-р Рябиновый, 3;Самарская область, Автозаводский район, г. Тольятти, б-р Рябиновый, д. 3;200,0;Муниципальная казна
1018;П1300000014657;63:09:0101157:13248;Ливневая канализация от ЛК1 до ЛК20, расположенная по адресу: г. Тольятти, Автозаводский район, б-р Рябиновый, д. 2 (стр № 34Ц);Самарская область, Автозаводский район, г. Тольятти, б-р Рябиновый, д. 2;99,0;Муниципальная казна
1019;П1300000014682;63:09:0101157:13249;Канализационные сети, расположенные по адресу: Самарская область, Автозаводский район, пр. Степана Разина, 88;Самарская область, Автозаводский район, г. Тольятти, пр. Ст. Разина, 88;131,0;Муниципальная казна
1020;П1300000014662;63:09:0101157:13256;Канализационные сети, расположенные по адресу: Самарская область, г. Тольятти, Автозаводский район, к дому б-р Татищева, 22;Самарская область, Автозаводский район, г. Тольятти, к дому ул. Тополиная, д. 7;56,0;Муниципальная казна
1021;П1300000014663;63:09:0101157:13258;Канализационные сети, расположенные по адресу: Самарская область, г. Тольятти, Автозаводский район, к дому ул. Тополиная, 9А;Самарская область, Автозаводский район, г. Тольятти, ул. Тополиная, д. 9а;109,0;Муниципальная казна
1022;П1300000014678;63:09:0101157:13262;Сеть бытовой канализации от КК-96 (сущ) до дома, расположенного по адресу: ш. Южное, 43;Самарская область, Автозаводский район, г. Тольятти, ш. Южное, д. 43;171,0;Муниципальная казна
1023;П1300000014707;63:09:0101157:13263;Коммуникационный коллектор от сущ. Ут. 7 до Ут. 8, протяженность 41,4 м, от Ут. 1 до Ут. 2, протяженность 38,2 м, расположенный г. Тольятти, Автозаводский район, ул. 70 лет Октября, 34 (34-М);Самарская область, Автозаводский район, г. Тольятти, ул. Тополиная, д. 23;107,0;Муниципальная казна
1024;П1300000014849;63:09:0101157:13269;Участок сети бытовой канализации от КК-7 до КК-8 в районе дома 33 по Южному шоссе;Самарская область, Автозаводский район, г. Тольятти, ш. Южное, д. 33;95,0;Муниципальная казна
1025;П1300000014827;63:09:0101157:13272;Участок тепловой сети от врезки в техподполье жилого дома по адресу: Южное шоссе, 27 до внешней стены здания по адресу: Южное шоссе, 27а;Самарская область, Автозаводский район, г. Тольятти, ш. Южное, д. 27;181,0;Муниципальная казна
1026;П1300000014907;63:09:0101157:13280;Водопроводные сети от ж/д до ПГ 3, расположенные по адресу Самарская область, г. Тольятти, Автозаводский район, б-р Рябиновый, 2а (стр № 34Я);Самарская область, Автозаводский район, г. Тольятти, б-р Рябиновый, д. 2а, (стр № 34Я);24,0;Муниципальная казна
1027;П1300000011949;63:09:0101157:13284;Сеть ливневой канализации от колодца № 27 до № 30, от колодца № 34 до № 30;Самарская область, Автозаводский район, г. Тольятти;150,0;Муниципальная казна
1028;П1300000011931;63:09:0101157:13289;Сеть ливневой канализации от колодца № 21 до № 23а;Самарская область, Автозаводский район, г. Тольятти;106,0;Муниципальная казна
1029;П1300000011933;63:09:0101157:13295;Сеть ливневой канализации от колодца № 1 до № 20а, от колодца № 9 до № 8;Самарская область, Автозаводский район, г. Тольятти;348,0;Муниципальная казна
1030;П1300000011304;63:09:0101157:634;Тепловая сеть Уз11-(III)в-Ут1, Ут1-Ут2-Ут3, Ут3-Ут4, Ут3-Ут5-Ут6;Самарская область, Автозаводский район, г. Тольятти, северо-восточнее, севернее, северо-западнее здания, имеющего адрес: ул. 70 лет Октября, д. 22а;664,0;Муниципальная казна
1031;П1300000011307;63:09:0101157:642;Тепловая сеть Ут2-34Л;Самарская область, Автозаводский район, г. Тольятти, восточнее здания, имеющего адрес: бульвар Рябиновый, д. 4;17,0;Муниципальная казна
1032;П1000000000290;63:09:0101158:3915;Автодорога по ул. Льва Яшина;Самарская область, Автозаводский район, г. Тольятти, от Южного шоссе до улицы 70 лет Октября, западнее объекта, имеющего адрес: улица Льва Яшина, 5;668,0;Муниципальная казна
1033;П1300000013476;63:09:0101158:4831;Участок теплосети от дома 19 по Южному шоссе через УТ-2 до УТ-1 (21 кв.);Самарская область, Автозаводский район, г. Тольятти, севернее здания, имеющего адрес: ул. 40 лет Победы, 14;182,0;Муниципальная казна
1034;П1300000013477;63:09:0101158:4832;Теплосеть от дома 15 через УТ-6 до дома 2 по улице 40 лет Победы (21 квартал);Самарская область, Автозаводский район, г. Тольятти, северо-восточнее здания, имеющего адрес: ул. 40 лет Победы, 2;60,0;Муниципальная казна
1035;П1300000013385;63:09:0101158:4836;Сети теплоснабжения;Самарская область, Автозаводский район, г. Тольятти, юго-западнее здания, имеющего адрес: ул. 40 лет Победы, 10;96,0;Муниципальная казна
1036;П1300000013799;63:09:0101158:4840;Участок теплосети от УТ-2 через УТ-4 и УТ-5 к д.2 по ул. 40 лет Победы (21 кв);Самарская область, Автозаводский район, г. Тольятти, западнее здания, имеющего адрес: ул. 40 лет Победы, 2;185,0;Муниципальная казна
1037;П1300000013814;63:09:0101158:4883;Участок теплосети от УТ-1 через УТ-2 до д.6 по ул. 40 лет Победы (21 кв);Самарская область, Автозаводский район, г. Тольятти, севернее, северо-западнее здания, имеющего адрес: ул.40 лет Победы, 6;224,0;Муниципальная казна
1038;П1300000014643;63:09:0101158:4921;Участок теплосети от УТ-7 через д. 23 по Южному шоссе до УТ-2 (21 кв);Самарская область, Автозаводский район, г. Тольятти, юго-восточнее, юго-западнее здания, имеющего адрес: Южное шоссе, д. 23;222,0;Муниципальная казна
1039;П1300000013880;63:09:0101158:4923;Сети ливневой канализации: подключения от дождеприемников, расположенных на территории 21 квартала (лит.1);Самарская область, Автозаводский район, г. Тольятти, севернее, северо-восточнее здания, имеющего адрес: ул.40 лет Победы, 26;137,0;Муниципальная казна
1040;П1300000014524;63:09:0101158:5450;Сеть водоснабжения от ВК 558а до дома, расположенного по адресу: Южное шоссе, 23;Самарская область, г. Тольятти, ш. Южное, д. 23;23,0;Муниципальная казна
1041;П1300000014535;63:09:0101158:5461;Водопроводные сети, расположенные по адресу: Самарская область, г. Тольятти, Автозаводский район, к дому ш. Южное, 19;Самарская область, Автозаводский район, г. Тольятти, в районе дома по ул. Южное шоссе;160,0;Муниципальная казна
1042;П1300000014613;63:09:0101158:5462;Участок сети теплоснабжения от Ут1 до жилого дома, расположенного по адресу: ул. Льва Яшина, д. 7-а;Самарская область, Автозаводский район, г. Тольятти, от Ут1 до жилого дома, расположенного по адресу: ул. Льва Яшина, д. 7-а;37,0;Муниципальная казна
1043;П1300000014761;63:09:0101158:5468;Канализационные сети;Самарская область, Автозаводский район, г. Тольятти, ш. Южное, д. 15;252,0;Муниципальная казна
1044;П1300000014755;63:09:0101158:5469;Канализационные сети, расположенные по адресу: Самарская область, г. Тольятти, Автозаводский район, к дому ул. 40 лет Победы, 6;Самарская область, Автозаводский район, г. Тольятти, ул. 40 лет Победы, д. 6;292,0;Муниципальная казна
1045;П1300000014754;63:09:0101158:5473;Канализационные сети, расположенные по адресу: Самарская область, г. Тольятти, Автозаводский район, к дому ул. 40 лет Победы, 2;Самарская область, Автозаводский район, г. Тольятти, ул. 40 лет Победы, д. 2;379,0;Муниципальная казна
1046;П1300000014659;63:09:0101158:5474;Сеть бытовой канализации от КК-51 до начальных колодцев дома по адресу: ул. 40 лет Победы, 18, местоположение: Самарская область, г. Тольятти, Автозаводский район;Самарская область, Автозаводский район, г. Тольятти, ул. 40 лет Победы, д. 18;283,0;Муниципальная казна
1047;П1300000014658;63:09:0101158:5475;Сеть ливневой канализации от ЛК-21 до начальных колодцев по адресу: ул. 40 лет Победы, 18, местоположение: Самарская область, г. Тольятти, Автозаводский район;Самарская область, Автозаводский район, г. Тольятти, ул. 40 лет Победы, д. 18;301,0;Муниципальная казна
1048;П1300000014758;63:09:0101158:5476;Бытовая канализация от КК1 до КК-61, расположенная по адресу: Самарская область, г. Тольятти, Автозаводский район, ул. Льва Яшина, 3 (стр. № 37е);Самарская область, Автозаводский район, г. Тольятти, ул. Льва Яшина, д. 3, (стр. № 37е);7,0;Муниципальная казна
1049;П1300000014681;63:09:0101158:5478;Канализационные сети, расположенные по адресу: Самарская область, г. Тольятти, Автозаводский район, к дому ш. Южное, 19;Самарская область, Автозаводский район, г. Тольятти, к дому ш. Южное, 19;245,0;Муниципальная казна
1050;П1300000014807;63:09:0101158:5485;Тепловые сети, расположенные по адресу: Самарская область, г. Тольятти, Автозаводский район, ул. 40 лет Победы, 24;Самарская область, Автозаводский район, г. Тольятти, ул. 40 лет Победы, д. 24;36,0;Муниципальная казна
1051;П1300000014806;63:09:0101158:5486;Тепловая сеть от УТ4 до дома по адресу: ул. 40 лет Победы, 18, местоположение: Самарская область, г. Тольятти, Автозаводский район;Самарская область, Автозаводский район, г. Тольятти, ул. 40 лет Победы, д. 18;69,0;Муниципальная казна
1052;П1300000011943;63:09:0101158:5495;Сеть ливневой канализации от первых колодцев здания школы до колодца КК-17/8 на коллекторе по Южному шоссе;Самарская область, Автозаводский район, г. Тольятти, ул. 40 лет Победы, д. 10;663,0;Муниципальная казна
1053;П1300000011305;63:09:0101158:552;Тепловая сеть Тк1-37-Х-1;Самарская область, Автозаводский район, г. Тольятти, северо-восточнее здания, имеющего адрес: ул. 40 лет Победы, д. 14;61,0;Муниципальная казна
1054;П1300000007690;63:09:0101159:10029;Сети ливневой канализации от колодца № 1 до № 1 сущ.;Самарская область, Автозаводский район, г. Тольятти, юго-восточнее здания, имеющего адрес: улица Дзержинского, 73;25,0;Муниципальная казна
1055;П1300000013666;63:09:0101159:10301;Плоскостное сооружение - спортивная площадка (футбольное поле);Самарская область, Автозаводский район, г. Тольятти, западнее здания, имеющего адрес: бульвар Кулибина, 4;1903,5;Оперативное управление
1056;П1300000011656;63:09:0101159:10349;Участок сети водоснабжения Революционная, 18 транзит в 2 квартале;Самарская область, Автозаводский район, г. Тольятти, техподполье здания, имеющего адрес: ул. Революционная, 18;153,0;Муниципальная казна
1057;П1300000011657;63:09:0101159:10350;Участок сети водоснабжения от ВК-33 до УЗ-47 на ул. Свердлова в 2 квартале;Самарская область, Автозаводский район, г. Тольятти, вдоль западной стороны здания, имеющего адрес: ул. Свердлова, 80;190,0;Муниципальная казна
1058;П1300000011660;63:09:0101159:10351;Участок сети водоснабжения от ВК-3 до ВК-10 (3-ДС-1) по просп. Московский во 2 квартале;Самарская область, Автозаводский район, г. Тольятти, севернее здания, имеющего адрес: ул. Дзержинского, 75;70,0;Муниципальная казна
1059;П1300000011658;63:09:0101159:10353;Участок сети водоснабжения транзит по тех. подполью 3-Ж (Дзержинского, 79) в 2 квартале;Самарская область, Автозаводский район, г. Тольятти, техподполье здания, имеющего адрес: ул. Дзержинского, 79;72,0;Муниципальная казна
1060;П1300000011655;63:09:0101159:10354;Участок сети водоснабжения ввод от ВК-65 до стены здания по ул. Дзержинского, 63 и по ул. Революционная, 2 в 2 квартале;Самарская область, Автозаводский район, г. Тольятти, севернее, северо-западнее здания, имеющего адрес: ул. Революционная, 2;68,0;Муниципальная казна
1061;П1300000011653;63:09:0101159:10355;Участок сети водоснабжения от ВК-45/ПГ-2/25 до Кулибина, 1 в 2 квартале;Самарская область, Автозаводский район, г. Тольятти, северо-западнее здания, имеющего адрес: бул. Кулибина, 1;132,0;Муниципальная казна
1062;П1300000011659;63:09:0101159:10363;Участок сети водоснабжения Кулибина, 3 в 2 квартале;Самарская область, Автозаводский район, г. Тольятти, западнее здания, имеющего адрес: бул. Кулибина, 3;52,0;Муниципальная казна
1063;П1300000014341;63:09:0101159:18042;Участок сети теплоснабжения от точки врезки в техподполье жилого дома № 2 по ул. Революционная до здания, расположенного по адресу: Автозаводский район, ул. Революционная, д.6 ;Самарская область, Автозаводский район, г. Тольятти, ул. Революционная;30,0;Муниципальная казна
1064;П1300000012145;63:09:0101159:18057;Участок тепловой сети (от К7б до школы №31) ;Самарская область, Автозаводский район, г. Тольятти, б-р Кулибина, д. 13;84,0;Муниципальная казна
1065;П1300000009778;63:09:0101159:18058;Тепловая сеть К1б-К1а, К1а до 3-К, транзит по 3К;Самарская область, Автозаводский район, г. Тольятти, севернее, северо-восточнее здания, имеющего адрес: ул. Дзержинского, 77;137,0;Муниципальная казна
1066;П1300000009777;63:09:0101159:18059;Тепловая сеть Тк14(323) до ТК3(39);Самарская область, Автозаводский район, г. Тольятти, б-р Кулибина, севернее здания, имеющего адрес: бульвар Кулибина, 6;251,0;Муниципальная казна
1067;П1300000013949;63:09:0101159:18119;Участок тепловой сети от 4-М до Тк.39, от Тк.39 до 4-ДС-1;Самарская область, Автозаводский район, г. Тольятти, б-р Кулибина, д. 1, д/с № 73 квартал 3;51,0;Муниципальная казна
1068;П1300000014567;63:09:0101159:18127;Участок сети теплоснабжения от К12-Ут1 до жилого дома, расположенного по адресу: бульвар Кулибина, д. 2-а;Самарская область, Автозаводский район, г. Тольятти, б-р Кулибина, д. 2а;98,0;Муниципальная казна
1069;П1300000014572;63:09:0101159:18129;Участок сети теплоснабжения от ТК-1 до жилого дома, расположенного по адресу: ул.Юбилейная, д.29;Самарская область, Автозаводский район, г. Тольятти, ул. Юбилейная, д. 29;7,0;Муниципальная казна
1070;П1300000010124;63:09:0101159:683;Тепловая сеть  транзит к ж/д 4-М;Самарская область, Автозаводский район, г. Тольятти, по техподполью здания, имеющего адрес: ул. Революционная, 2;114,0;Муниципальная казна
1071;П1000000000397;63:09:0101159:685;Кольцевая транспортная развязка по ул. Свердлова - Московскому проспекту;Самарская область, Автозаводский район, г. Тольятти, юго-западнее здания, имеющего адрес: Московский проспект, 19;;Муниципальная казна
1072;П1300000010118;63:09:0101159:693;Тепловая сеть  транзит к д/с № 64;Самарская область, Автозаводский район, г. Тольятти, по техподполью здания, имеющего адрес: ул. Свердлова, 72;82,0;Муниципальная казна
1073;П1300000010113;63:09:0101159:694;Тепловая сеть  транзит к ж/д 4-Ф;Самарская область, Автозаводский район, г. Тольятти, по техподполью здания, имеющего адрес: ул. Свердлова, 78;82,0;Муниципальная казна
1074;П1300000008730;63:09:0101159:695;Пешеходный тоннель;Самарская область, Автозаводский район, г. Тольятти, юго-западнее здания, имеющего адрес: улица Свердлова, 80;;Муниципальная казна
1075;П1300000010130;63:09:0101159:698;Тепловая сеть от К4(8)  до ж/д. 4-Ю;Самарская область, Автозаводский район, г. Тольятти, восточнее здания, имеющего адрес: бульвар Кулибина, 3;13,0;Муниципальная казна
1076;П1300000010133;63:09:0101159:704;Тепловая сеть  транзит к ж/д 3-Д;Самарская область, Автозаводский район, г. Тольятти, по техподполью здания, имеющего адрес: проспект Московский, 1;76,0;Муниципальная казна
1077;П1300000010134;63:09:0101159:710;Тепловая сеть от К8(2) до ж/д. 4-Я;Самарская область, Автозаводский район, г. Тольятти, северо-восточнее здания, имеющего адрес: бульвар Кулибина, 9;66,0;Муниципальная казна
1078;П1300000010120;63:09:0101159:712;Тепловая сеть  транзит к ж/д 4-Л;Самарская область, Автозаводский район, г. Тольятти, по техподполью здания, имеющего адрес: ул. Революционная, 18;151,0;Муниципальная казна
1079;П1300000010152;63:09:0101159:713;Тепловая сеть от К4 до ж/д. 3-В;Самарская область, Автозаводский район, г. Тольятти, восточнее здания, имеющего адрес: бульвар Кулибина, 12;8,0;Муниципальная казна
1080;П1300000010123;63:09:0101159:715;Тепловая сеть  транзит к ж/д 4-П, 4-Г;Самарская область, Автозаводский район, г. Тольятти, по техподполью здания, имеющего адрес: ул. Революционная, 10;150,0;Муниципальная казна
1081;П1300000010150;63:09:0101159:716;Тепловая сеть от К5 до ж/д. 3-Г;Самарская область, Автозаводский район, г. Тольятти, восточнее здания, имеющего адрес: бульвар Кулибина, 10;9,0;Муниципальная казна
1082;П1300000012426;63:09:0101159:9462;Сети ливневой канализации от колодца №1 до №10;Самарская область, Автозаводский район, г. Тольятти, северо-западнее здания, имеющего адрес: проспект Московский, 13;284,0;Муниципальная казна
1083;П1300000009634;63:09:0101159:9493;"Теннисное поле с резиновым покрытием стадиона ""Торпедо""";Самарская область, Автозаводский район, г. Тольятти, южнее здания (Лит А), имеющего адрес: ул. Революционная, 80;;Оперативное управление
1084;П1300000008760;63:09:0101159:9962;Сети ливневой канализации от колодца № 3` до № 5;Самарская область, Автозаводский район, г. Тольятти, юго-восточнее здания, имеющего адрес: бульвар Кулибина, 12;59,0;Муниципальная казна
1085;П1300000008778;63:09:0101159:9963;Сети ливневой канализации от колодца № 5 до № 2;Самарская область, Автозаводский район, г. Тольятти, севернее здания, имеющего адрес: бульвар Кулибина, 7, стр. 1;103,0;Муниципальная казна
1086;П1300000008765;63:09:0101159:9964;Сети ливневой канализации от колодца № 1 до № 3/3;Самарская область, Автозаводский район, г. Тольятти, южнее здания, имеющего адрес: ул. Дзержинского, 67;77,0;Муниципальная казна
1087;П1000000000211;63:09:0101159:9966;Автодорога по бульвару Кулибина;Самарская область, Автозаводский район, г. Тольятти, от улицы Дзержинского до улицы Свердлова, юго-западнее здания, имеющего адрес: бульвар Кулибина, 1;1272,0;Муниципальная казна
1088;П1300000011558;63:09:0101160:3455;Монумент Славы, площадка под монумент;Самарская область, Автозаводский район, г. Тольятти, северо- восточнее здания (Лит А), имеющего адрес: улица Юбилейная, 24;;Оперативное управление
1089;П1300000009086;63:09:0101160:3456;Тротуары, дорожки, отмостка, проезд;Самарская область, Автозаводский район, г. Тольятти, юго-восточнее здания (Лит А2), имеющего адрес: улица Юбилейная, 24, строение 2;;Оперативное управление
1090;П1300000009120;63:09:0101160:3457;Эстрадная площадка;Самарская область, Автозаводский район, г. Тольятти, южнее здания (Лит А2), имеющего адрес: улица Юбилейная, 24, строение 2;;Оперативное управление
1091;П1300000010354;63:09:0101160:527;"Газгольдерная станция для газоснабжения ""Вечного огня""";Самарская область, Автозаводский район, г. Тольятти, восточнее здания, имеющего адрес: улица Юбилейная, 24;;Муниципальная казна
1092;П1300000014494;63:09:0101160:5275;Участок сети теплоснабжения УЗ10-1(4) от Ут2 до жилого дома, расположенного по адресу: г. Тольятти, Автозаводский район, ул. Революционная, д. 3-а;Самарская область, Автозаводский район, г. Тольятти, ул. Революционная, д. 3-а;26,0;Муниципальная казна
1093;П1300000014633;63:09:0101160:5304;"Участок сети водоснабжения от ВК-15 до границы участка храма в честь иконы Божией Матери ""Скоропослушница"" расположенного по адресу: ул. Дзержинского, д. 59 (по постановлению Революционная, 3)";Самарская область, Автозаводский район, г. Тольятти, ул. Дзержинского, д. 59, (по постановлению Революционная, 3);11,0;Муниципальная казна
1094;П1300000012403;63:09:0101160:532;"Памятник ""Воинам-афганцам""";Самарская область, Автозаводский район, г. Тольятти, на территории Парка Победы, северо-восточнее здания, имеющего адрес: ул. Юбилейная, д. 24;;Муниципальная казна
1095;П1300000011291;63:09:0101161:700;Тепловая сеть ЦТП № 41-ТК1-ТК2-ТК3, ТК1-11-Л, ТК2-11-М, ТК3-11-Н;Самарская область, Автозаводский район, г. Тольятти, южнее здания, имеющего адрес: бульвар Курчатова, д. 1;258,0;Муниципальная казна
1096;П1300000010153;63:09:0101161:704;Тепловая сеть от т. Б до ж/д. 12-У;Самарская область, Автозаводский район, г. Тольятти, западнее, севернее здания, имеющего адрес: бульвар Курчатова, 8;101,0;Муниципальная казна
1097;П1300000010157;63:09:0101161:705;Тепловая сеть от т. А-К13 до ж/д. 12-Ю;Самарская область, Автозаводский район, г. Тольятти, северо-западнее здания, имеющего адрес: бульвар Курчатова, 12;37,0;Муниципальная казна
1098;П1300000012779;63:09:0101161:8698;Футбольное поле;Самарская область, Автозаводский район, г. Тольятти, ул. Дзержинского, д. 51;;Оперативное управление
1099;П1300000014005;63:09:0101161:8699;Футбольное поле;Самарская область, Автозаводский район, г. Тольятти, б-р Курчатова, д. 15;;Оперативное управление
1100;П1000000000234;63:09:0101161:8723;Автодорога по бульвару Курчатова;Самарская область, Автозаводский район, г. Тольятти, от улицы Дзержинского до улицы Свердлова, юго-восточнее объекта недвижимости, имеющего адрес: бульвар Курчатова, 2;1506,0;Муниципальная казна
1101;П1300000008772;63:09:0101161:9037;Сети ливневой канализации от колодца № 1 до № 13/18;Самарская область, Автозаводский район, г. Тольятти, северо-восточнее здания, имеющего адрес: проспект Степана Разина, 14;659,0;Муниципальная казна
1102;П1300000008745;63:09:0101161:9055;Площадка для спортивных автомобилей;"Самарская область, Автозаводский район, г. Тольятти, западнее здания, имеющего адрес: ул. Спортивная, д. 3
";;Муниципальная казна
1103;П1300000013298;63:09:0101161:9164;Сети ливневой канализации: подключения от дождеприемников, расположенных на территории 4 квартала;Самарская область, Автозаводский район, г. Тольятти, северо-восточнее здания, имеющего адрес: ул. Юбилейная, 17-а;862,0;Муниципальная казна
1104;П1300000012172;63:09:0101161:9214;Участок сети водоснабжения по техподполью 12-Д (бульвар Курчатова, дом 14) в 4 квартале;Самарская область, Автозаводский район, г. Тольятти, техподполье здания, имеющего адрес: бульвар Курчатова, дом 14;407,0;Муниципальная казна
1105;П1300000012184;63:09:0101161:9215;Участок сети водоснабжения по дому 11-Ж (бульвар Курчатова, дом 1) в 4 квартале;Самарская область, Автозаводский район, г. Тольятти, техподполье здания, имеющего адрес: бульвар Курчатова, дом 1;387,0;Муниципальная казна
1106;П1300000012180;63:09:0101161:9217;Участок сети водоснабжения ввод в ЦТП-42 2 Dy150, от ЦТП-42 до 12-Л (ул. Юбилейная, 13) в 4 квартале;Самарская область, Автозаводский район, г. Тольятти, севернее здания, имеющего адрес: улица Юбилейная, дом 13-А;64,0;Муниципальная казна
1107;П1300000012188;63:09:0101161:9218;Участок сети водоснабжения от ТК до 11-Л (б-р Курчатова,3) в 4 квартале;Самарская область, Автозаводский район, г. Тольятти, западнее, севернее бульвар Курчатова, дом 3;10,0;Муниципальная казна
1108;П1300000012153;63:09:0101161:9665;Тепловая сеть от К5-11-Х;Самарская область, Автозаводский район, г. Тольятти, пр-т Ст. Разина, 6;87,0;Муниципальная казна
1109;П1300000014666;63:09:0101161:9683;Участок сети бытовой канализации от КК-3 (сущ) до КК-1 с местоположением: Автозаводский район, бульвар Курчатова, д.12-А;Самарская область, Автозаводский район, г. Тольятти, б-р Курчатова, д. 12а;93,0;Муниципальная казна
1110;П1300000014625;63:09:0101161:9684;Участок сети водоснабжения от ПГ4/32 до здания, расположенного по адресу: Автозаводский район, бульвар Курчатова, д.12-А;Самарская область, Автозаводский район, г. Тольятти, б-р Курчатова, д. 12а;31,0;Муниципальная казна
1111;П1300000013940;63:09:0101161:9685;Сети бытовой канализации от колодца № 101 до № 81/111, от колодца № 73 до № 81/111, от колодца № 81/111 до № 84;Самарская область, Автозаводский район, г. Тольятти, ул. Свердлова, д. 46, Ж/д - 12-В;433,0;Муниципальная казна
1112;П1300000014843;63:09:0101161:9686;Участок сети ливневой канализации от ЛК-1 до ЛК-2 с местоположением: Автозаводский район, бульвар Курчатова, д.12-А;Самарская область, Автозаводский район, г. Тольятти, б-р Курчатова, д. 12а;96,0;Муниципальная казна
1113;П1000000000241;63:09:0101162:10004;Автодорога по бульвару Луначарского;Самарская область, Автозаводский район, г. Тольятти, от ул. Свердлова до ул. Ворошилова, восточнее объекта, имеющего адрес: бульвар Луначарского, 12;1074,0;Муниципальная казна
1114;П1300000010780;63:09:0101162:10969;Сети ливневой канализации от колодца № 1 до № 125;Самарская область, Автозаводский район, г. Тольятти, южнее здания, имеющего адрес: бульвар Луначарского, 19;23,0;Муниципальная казна
1115;П1300000010931;63:09:0101162:10992;Сети ливневой канализации от колодца № 250 до № 19;Самарская область, Автозаводский район, г. Тольятти, севернее здания, имеющего адрес: ул. Ворошилова, 6;24,0;Муниципальная казна
1116;П1300000010782;63:09:0101162:11001;Сети ливневой канализации от колодца № 112 до № 113;Самарская область, Автозаводский район, г. Тольятти, южнее здания, имеющего адрес: ул. Ворошилова, 14;48,0;Муниципальная казна
1117;П1300000010291;63:09:0101162:11003;Сети ливневой канализации от колодца № 2/3 до № 1;Самарская область, Автозаводский район, г. Тольятти, западнее здания, имеющего адрес: проспект Степана Разина, 15-а;39,0;Муниципальная казна
1118;П1300000010920;63:09:0101162:11022;Сети ливневой канализации от первых колодцев здания до колодцев Лк-13 и Лк-15;Самарская область, Автозаводский район, г. Тольятти, восточнее здания, имеющего адрес: бульвар Луначарского, 9;154,0;Муниципальная казна
1119;П1300000012937;63:09:0101162:11064;Футбольное поле;Самарская область, Автозаводский район, г. Тольятти, б-р Луначарского, д. 11;;Оперативное управление
1120;П1300000013383;63:09:0101162:11076;Тепловая сеть ;Самарская область, Автозаводский район, г. Тольятти, восточнее здания, имеющего адрес: ул.Свердлова, 22-а;32,0;Муниципальная казна
1121;П1300000011802;63:09:0101162:11092;Сети дождевой канализации в районе 10 квартала Автозаводского района г.Тольятти;Самарская область, Автозаводский район, г. Тольятти, юго-восточнее здания, имеющего адрес: ул. Ворошилова, д. 16-а;147,0;Муниципальная казна
1122;П1300000013012;63:09:0101162:11131;Футбольное поле;Самарская область, Автозаводский район, г. Тольятти, ул. Дзержинского, д. 39;;Оперативное управление
1123;П1300000013634;63:09:0101162:11159;Сети ливневой канализации: подключения от дождеприемников, расположенных на территории квартала 10;Самарская область, Автозаводский район, г. Тольятти, севернее, северо-западнее здания, имеющего адрес: улица Свердлова, д.16;1102,0;Муниципальная казна
1124;П1300000011632;63:09:0101162:11479;"Участок сети водоснабжения по техподполью 16-Б-5; 16-Б-3,4; 16-Б-2";Самарская область, Автозаводский район, г. Тольятти, техподполье здания, имеющего адрес: ул. Ворошилова, 12;248,0;Муниципальная казна
1125;П1300000008715;63:09:0101162:11480;"Участок сети водоснабжения от УЗ-69 до дома 16-В-3; от УЗ-69 до дома 16-В-1; ввод к насосной от УЗ-68";Самарская область, Автозаводский район, г. Тольятти, северо-восточнее здания, имеющего адрес: ул. Свердлова, 20;138,0;Муниципальная казна
1126;П1300000011627;63:09:0101162:11481;Участок сети водоснабжения от коллектора до дома 15-У;Самарская область, Автозаводский район, г. Тольятти, северо-западнее здания, имеющего адрес: ул. Свердлова, 30;27,0;Муниципальная казна
1127;П1300000011633;63:09:0101162:11482;Участок сети водоснабжения от стены здания Ворошилова,8 до УЗ-46, от ПГ-10/36 ТК-48;Самарская область, Автозаводский район, г. Тольятти, южнее здания, имеющего адрес: ул. Ворошилова, 6;142,0;Муниципальная казна
1128;П1300000011623;63:09:0101162:11483;Участок сети водоснабжения от ЦТП-101 до дома 15-К-Луначарского,4 и техподполье 15-К;Самарская область, Автозаводский район, г. Тольятти, южнее здания, имеющего адрес: ул. Дзержинского, 31-а;236,0;Муниципальная казна
1129;П1300000011620;63:09:0101162:11484;Участок сети водоснабжения от УЗ-10 (16-Д) до УЗ-12;Самарская область, Автозаводский район, г. Тольятти, юго-западнее здания, имеющего адрес: бул. Луначарского, 1;126,0;Муниципальная казна
1130;П1300000011630;63:09:0101162:11485;Участок сети водоснабжения от бул.Луначарского,10 до УЗ-20;Самарская область, Автозаводский район, г. Тольятти, юго-западнее здания, имеющего адрес: бул. Луначарского, 10;25,0;Муниципальная казна
1131;П1300000013964;63:09:0101162:11748;Участок тепловой сети от Уз.4 - 51- Уз.54а;Самарская область, Автозаводский район, г. Тольятти, пр-кт Степана Разина, д. 7, (15-М) квартал 10;341,0;Муниципальная казна
1132;П1300000013963;63:09:0101162:11749;Участок тепловой сети от Уз.2 до Уз.4, от Уз.4-уз6-уз9-Уз.12;Российская Федерация, Самарская область, город Тольятти, Автозаводский район, проспект Степана Разина, дом 11, квартал 10, (15-Н) квартал 10;374,0;Муниципальная казна
1133;П1300000013966;63:09:0101162:11765;Участок тепловой сети от 16-Е до Тк.34, от Тк.34 до т.А, до 16-Ш-2;Самарская область, Автозаводский район, г. Тольятти, б-р Луначарского, д. 19, квартал 10, шк. № 57 квартал 10;80,0;Муниципальная казна
1134;П1300000013955;63:09:0101162:11780;Участок тепловой сети от Уз.46 до д/с №165 (16-ДС-1);Самарская область, Автозаводский район, г. Тольятти, ул. Ворошилова, д. 8, квартал 10;14,0;Муниципальная казна
1135;П1300000013957;63:09:0101162:11781;Участок тепловой сети от ТК-20 до детского сада № 143 (15-ДС-4);Самарская область, Автозаводский район, г. Тольятти, б-р Луначарского, д. 12, квартал 10;40,0;Муниципальная казна
1136;П1300000013956;63:09:0101162:11782;Участок тепловой сети от Уз.51 до детского дома № 10 (15-ДС-1);Самарская область, Автозаводский район, г. Тольятти, ул. Дзержинского, д. 41, квартал 10;56,0;Муниципальная казна
1137;П1300000013961;63:09:0101162:11783;Участок тепловой сети от Уз.31 до д/сада № 140 (15-ДС-5);Самарская область, Автозаводский район, г. Тольятти, ул. Свердлова, д. 36, квартал 10;92,0;Муниципальная казна
1138;П1300000013958;63:09:0101162:11784;Участок тепловой сети от Уз.12 до гимназии № 89 (15-ДС-3);Самарская область, Автозаводский район, г. Тольятти, пр-кт Степана Разина, д. 13, квартал 10;95,0;Муниципальная казна
1139;П1300000013967;63:09:0101162:11785;Участок тепловой сети от ЦТП-102 до Уз.З (1/3);Самарская область, Автозаводский район, г. Тольятти, б-р Луначарского, д. 17, (16-П) квартал 10;45,0;Муниципальная казна
1140;П1300000014899;63:09:0101162:11796;Участок сети водоснабжения от точки врезки в коллекторе в Уз. 47 до жилого дома, расположенного по адресу: ул. Ворошилова, д. 6А;Самарская область, Автозаводский район, г. Тольятти, ул. Ворошилова, д. 6А;17,0;Муниципальная казна
1141;П1300000014763;63:09:0101162:11798;Участок сети теплоснабжения от Уз.6 до жилого дома, расположенного по адресу: Автозаводский район, бул. Луначарского, д. 9-а;Самарская область, Автозаводский район, г. Тольятти, б-р Луначарского, д. 9а;6,0;Муниципальная казна
1142;П1300000014911;63:09:0101162:11806;Участок сети бытовой канализации от КК-2, через КК-17 до жилого дома, расположенного по адресу: ул. Ворошилова, д. 6А;Самарская область, Автозаводский район, г. Тольятти, ул. Ворошилова, д. 6А;50,0;Муниципальная казна
1143;П1300000014912;63:09:0101162:11807;Участок сети ливневой канализации до жилого дома, расположенного по адресу: ул. Ворошилова, д. 6А;Самарская область, Автозаводский район, г. Тольятти, ул. Ворошилова, д. 6А;54,0;Муниципальная казна
1144;П1300000013959;63:09:0101162:11827;Участок тепловой сети от Уз. 4 до шк. № 52 (15-Ш-1);Самарская область, Автозаводский район, г. Тольятти, ул. Дзержинского, д. 39, квартал 10 квартал 10;15,0;Муниципальная казна
1145;П1300000013962;63:09:0101162:11828;Участок тепловой сети от Уз.62 до д/с № 145 (15-ДС-2);Самарская область, Автозаводский район, г. Тольятти, ул. Дзержинского, д. 33, квартал 10 квартал 10;28,0;Муниципальная казна
1146;П1300000013960;63:09:0101162:11829;Участок тепловой сети от Уз. 72  до д/с № 157 (16-ДС-2);Самарская область, Автозаводский район, г. Тольятти, ул. Ворошилова, д. 14, квартал 10 квартал 10;28,0;Муниципальная казна
1147;П1300000013965;63:09:0101162:11830;Участок тепловой сети от Уз.34 до Уг-2, от Уг-2 до 16-Ш-1;Самарская область, Автозаводский район, г. Тольятти, б-р Луначарского, д. 11, квартал 10, шк. № 71 квартал 10;95,0;Муниципальная казна
1148;П1000000000404;63:09:0101162:664;Кольцевая транспортная развязка по улице Свердлова - улице Ворошилова;Самарская область, Автозаводский район, г. Тольятти, юго-восточнее здания, имеющего адрес: улица Свердлова, 16.;;Муниципальная казна
1149;П1300000008934;63:09:0101162:665;Тепловая сеть от Уз66 до ж/д. 16-Ж;Самарская область, Автозаводский район, г. Тольятти, восточнее здания, имеющего адрес: ул. Свердлова, 24;9,0;Муниципальная казна
1150;П1300000010142;63:09:0101162:670;Хоккейная площадка;Самарская область, Автозаводский район, г. Тольятти, южнее здания, имеющего адрес: улица Дзержинского, 35А;;Муниципальная казна
1151;П1300000008937;63:09:0101162:671;Тепловая сеть от Уз12 до ж/д. 15-Н;Самарская область, Автозаводский район, г. Тольятти, восточнее здания, имеющего адрес: проспект Степана Разина, 11;34,0;Муниципальная казна
1152;П1300000010671;63:09:0101162:674;"Тепловая сеть Уз3(1/3)-Уз3; Уз3-16П-Уз4-16Н";Самарская область, Автозаводский район, г. Тольятти, севернее, северо-восточнее, восточнее здания, имеющего адрес: бульвар Луначарского, д. 12а;142,0;Муниципальная казна
1153;П1300000008917;63:09:0101162:675;Тепловая сеть от ТК до ж/д. 15-С;Самарская область, Автозаводский район, г. Тольятти, западнее здания, имеющего адрес: бульвар Луначарского, 2;41,0;Муниципальная казна
1154;П1300000008908;63:09:0101162:676;Тепловая сеть от Уз 9 до ж/д. 15-Г;Самарская область, Автозаводский район, г. Тольятти, севернее здания, имеющего адрес: бульвар Луначарского, 8;29,0;Муниципальная казна
1155;П1300000011017;63:09:0101162:677;"Тепловая сеть от ТК1а до 15И; Транзит по 15И; 15И-ЦТП № 101; т.Г-15К; транзит от ЦТП № 101";Самарская область, Автозаводский район, г. Тольятти, севернее, южнее здания, имеющего адрес: г. Тольятти, Автозаводский район, ул. Дзержинского, д. 31-а;152,0;Муниципальная казна
1156;П1300000008933;63:09:0101162:682;Тепловая сеть от т. А  до ж/д. 16-Т;Самарская область, Автозаводский район, г. Тольятти, севернее здания, имеющего адрес: ул. Свердлова, 20;8,0;Муниципальная казна
1157;П1300000010114;63:09:0101162:690;Тепловая сеть от Уз43 до ж/д. 16-С;Самарская область, Автозаводский район, г. Тольятти, севернее здания, имеющего адрес: ул. Ворошилова, 10;43,0;Муниципальная казна
1158;П1300000010125;63:09:0101162:691;Тепловая сеть т. В-15-р;Самарская область, Автозаводский район, г. Тольятти, севернее здания, имеющего адрес: бульвар Луначарского, 2;5,0;Муниципальная казна
1159;П1300000008921;63:09:0101162:692;Тепловая сеть от Уз 1 до ж/д. 15-Т;Самарская область, Автозаводский район, г. Тольятти, севернее, северо-западнее здания, имеющего адрес: бульвар Луначарского, 6;41,0;Муниципальная казна
1160;П1300000010127;63:09:0101162:693;Тепловая сеть от Уз59 до ж/д. 15-В;Самарская область, Автозаводский район, г. Тольятти, южнее здания, имеющего адрес: ул. Дзержинского, 35;11,0;Муниципальная казна
1161;П1300000008935;63:09:0101162:694;Тепловая сеть от Уз 54а до ж/д. 15-М;Самарская область, Автозаводский район, г. Тольятти, восточнее здания, имеющего адрес: проспект Степана Разина, 7;35,0;Муниципальная казна
1162;П1300000010779;63:09:0101162:9985;Сети ливневой канализации от колодца № 119а до № 119;Самарская область, Автозаводский район, г. Тольятти, севернее здания, имеющего адрес: ул. Свердлова, 16;21,0;Муниципальная казна
1163;П1300000011364;63:09:0101162:9987;Сеть бытовой канализации от начальных колодцев до №2;Самарская область, Автозаводский район, г. Тольятти, западнее здания, имеющего адрес: проспект С. Разина, 9А;410,0;Муниципальная казна
1164;П1300000011361;63:09:0101162:9988;Сеть бытовой канализации от колодца №10 до №20;Самарская область, Автозаводский район, г. Тольятти, севернее здания, имеющего адрес: ул. Ворошилова, 20;273,0;Муниципальная казна
1165;П1300000011362;63:09:0101162:9989;Сеть бытовой канализации от первых колодцев здания до колод. КК-14 и КК-17 на внутри кв. х/б коллекторе;Самарская область, Автозаводский район, г. Тольятти, севернее здания, имеющего адрес: ул. Ворошилова, 10;209,0;Муниципальная казна
1166;П1300000012125;63:09:0101163:788;Хоккейная площадка;Самарская область, Автозаводский район, г. Тольятти, севернее здания, имеющего адрес: Московский проспект, 33;;Муниципальная казна
1167;П1300000008726;63:09:0101163:789;Подземный переход (пешеходный тоннель);Самарская область, Автозаводский район, г. Тольятти, севернее здания, имеющего адрес: улица Свердлова, 35;;Муниципальная казна
1168;П1300000010665;63:09:0101163:790;Тепловая сеть КТС - 1М, транзит 1М-К4(63);Самарская область, Автозаводский район, г. Тольятти, севернее, северо-восточнее здания, имеющего адрес: ул. Революционная, д. 24;57,0;Муниципальная казна
1169;П1300000009995;63:09:0101163:803;Тепловая сеть  транзит к ж/д  2-В;Самарская область, Автозаводский район, г. Тольятти, по техподполью здания, имеющего адрес: бульвар Баумана, 2;33,0;Муниципальная казна
1170;П1300000009850;63:09:0101163:804;Плескательный бассейн;Самарская область, Автозаводский район, г. Тольятти, южнее здания, имеющего адрес: улица Революционная улица, д. 46;;Оперативное управление
1171;П1300000008925;63:09:0101163:805;Тепловая сеть от ж/д. 2Г до 2Х;Самарская область, Автозаводский район, г. Тольятти, западнее здания, имеющего адрес: бульвар Баумана, 6;23,0;Муниципальная казна
1172;П1300000010708;63:09:0101163:8455;Участок водопроводной сети от РТЦ до ВК-13/ПГ1/26;Самарская область, Автозаводский район, г. Тольятти, западнее здания, имеющего адрес: просп. Московский, 21;59,0;Муниципальная казна
1173;П1300000010703;63:09:0101163:8457;Участок водопроводной сети до общ. туалета от ВК на КНС-12 Революционная, 28а;Самарская область, Автозаводский район, г. Тольятти, севернее здания, имеющего адрес: ул. Революционная, 28а;34,0;Муниципальная казна
1174;П1300000011372;63:09:0101163:8458;Участок водопроводной сети от ВК-92 до дома по адресу: ул. Революционная, 26;Самарская область, Автозаводский район, г. Тольятти, северо-западнее здания, имеющего адрес: ул. Революционная, 26;80,0;Муниципальная казна
1175;П1300000010698;63:09:0101163:8459;Участок водопровода - ввод от ВК-42а;Самарская область, Автозаводский район, г. Тольятти, севернее здания, имеющего адрес: просп. Московский, 27;15,0;Муниципальная казна
1176;П1300000011214;63:09:0101163:8460;Участок водопроводной сети от ВК-6а до ж/домов по адресу: ул. Свердлова 35 и ул. Революционная 24;Самарская область, Автозаводский район, г. Тольятти, южнее здания, имеющего адрес: ул. Свердлова, 35;73,0;Муниципальная казна
1177;П1300000010704;63:09:0101163:8461;Участок водопровода - ввод от ВК-12;Самарская область, Автозаводский район, г. Тольятти, западнее здания, имеющего адрес: просп. Московский, 23;30,0;Муниципальная казна
1178;П1300000011215;63:09:0101163:8462;Участок водопроводной сети от ВК-57 до ж/дома по адресу: пр. Ленинский, 38;Самарская область, Автозаводский район, г. Тольятти, северо-западнее здания, имеющего адрес: просп. Ленинский, 38;27,0;Муниципальная казна
1179;П1300000010697;63:09:0101163:8474;Участок водопроводной сети от НС-11 до ВК-65;Самарская область, Автозаводский район, г. Тольятти, северо-восточнее здания, имеющего адрес: ул. Свердлова, 43-а;20,0;Муниципальная казна
1180;П1000000000023;63:09:0101163:8537;Автодорога по бульвару Баумана;Самарская область, Автозаводский район, г. Тольятти, от улицы Свердлова до Ленинского проспекта, западнее объекта, имеющего адрес: бульвар Баумана, 3;1028,0;Муниципальная казна
1181;П1300000012980;63:09:0101163:9317;Универсальная спортивная площадка;Самарская область, Автозаводский район, г. Тольятти, южнее здания, имеющего адрес: Самарская область, г.Тольятти, ул.Свердлова, 41;;Муниципальная казна
1182;П1300000013705;63:09:0101163:9478;Плоскостное сооружение - спортивная площадка (футбольное поле);Самарская область, Автозаводский район, г. Тольятти, севернее здания, имеющего адрес: бульвар Баумана, 3;;Муниципальная казна
1183;П1300000012147;63:09:0101163:9864;Участок тепловой сети (от ж/д 2Н до ТЦ-2);Самарская область, Автозаводский район, г. Тольятти, пр-кт Московский, д. 31;52,0;Муниципальная казна
1184;П1300000014565;63:09:0101163:9880;Самарская область, город Тольятти, Участок сети теплоснабжения (уз. 11-4) К2(87) до жилого дома, расположенного по адресу: бульвар Баумана, д. 5;Самарская область, Автозаводский район, г. Тольятти, б-р Баумана, д. 5;35,0;Муниципальная казна
1185;П1300000013937;63:09:0101163:9883;Сети бытовой канализации от колодца № 567 до № 557, от колодца № 557 до № 548;Самарская область, Автозаводский район, г. Тольятти, ул. Революционная, д. 50, Ж/д 1-И-4, ул. Революционная, 44, Ж/д - 1-И-3;335,0;Муниципальная казна
1186;П1300000013938;63:09:0101163:9901;Сеть бытовой канализации от колодца № 1 до колодца № 19;Самарская область, Автозаводский район, г. Тольятти, ул. Свердлова, д. 35, Ж/д - 1-М;69,0;Муниципальная казна
1187;П1300000013939;63:09:0101163:9902;Сеть бытовой канализации от колодца № 1 до колодца № 231;Самарская область, Автозаводский район, г. Тольятти, ул. Революционная, д. 26, хозблок - 1-Х;110,0;Муниципальная казна
1188;П1300000014730;63:09:0101164:2556;Участок сети водоснабжения от ПГ-13 через ПГ 32/11, 32/12, 32/10 до здания, расположенного по адресу: ул. Юбилейная, д. 4-а;Самарская область, Автозаводский район, г. Тольятти, ул. Юбилейная, д. 4а;800,0;Муниципальная казна
1189;П1300000014091;63:09:0101164:2628;Сети ливневой канализации от колодца № 9а до колодца № 4;Самарская область, Автозаводский район, г. Тольятти, восточнее здания, имеющего адрес: ул. Революционная, 11 (32-А-2);163,0;Муниципальная казна
1190;П1300000014731;63:09:0101164:2652;Участок сети водоснабжения от ВК-13а до н/с дома, от ВК-14а до н/с дома, расположенного по адресу: ул. Революционная, д. 11-б;Самарская область, Автозаводский район, г. Тольятти, ул. Революционная, д. 11-б;74865,4;Муниципальная казна
1191;П1300000011991;63:09:0101165:10170;Сеть ливневой канализации от колодца № 7 до № 10;Самарская область, Автозаводский район, г. Тольятти;65,0;Муниципальная казна
1192;П1300000012035;63:09:0101165:10171;Сеть бытовой канализации от колодца №15 до №23, от колодца №23 до №24, от колодца №23 до №22;Самарская область, Автозаводский район, г. Тольятти;62,0;Муниципальная казна
1193;П1300000012033;63:09:0101165:10172;Сеть бытовой канализации от колодца №5 до №2, от колодца №2 до №1;Самарская область, Автозаводский район, г. Тольятти, юго-западнее здания, имеющего адрес: бульвар Орджоникидзе, дом 6;130,0;Муниципальная казна
1194;П1300000011987;63:09:0101165:10173;Сеть ливневой канализации от колодца № 3а до № 11/16;Самарская область, Автозаводский район, г. Тольятти;31,0;Муниципальная казна
1195;П1300000012202;63:09:0101165:10174;Участок сети водоснабжения ввод от Уз-63 к дому 9-А (ул. Юбилейная, 27) в 5 квартале;Самарская область, Автозаводский район, г. Тольятти;6,0;Муниципальная казна
1196;П1300000008909;63:09:0101165:674;Тепловая сеть от т. С - Уз 12-26-2(57) до ж/д. 9-Н;Самарская область, Автозаводский район, г. Тольятти, западнее здания, имеющего адрес: бульвар Орджоникидзе, 2;8,0;Муниципальная казна
1197;П1300000008913;63:09:0101165:675;Тепловая сеть от Уз 12-4(5) до ж/д. 9-Б;Самарская область, Автозаводский район, г. Тольятти, восточнее здания, имеющего адрес: бульвар Орджоникидзе, 18;27,0;Муниципальная казна
1198;П1300000010145;63:09:0101165:676;Спортивная площадка;Самарская область, Автозаводский район, г. Тольятти, севернее здания, имеющего адрес: бульвар Орджоникидзе, 11;;Муниципальная казна
1199;П1300000010132;63:09:0101165:677;Тепловая сеть от Уз 35(75) до ЦТП № 93 (муниц.);Самарская область, Автозаводский район, г. Тольятти, севернее здания, имеющего адрес: ул. Свердлова, 13;165,0;Муниципальная казна
1200;П1300000008932;63:09:0101165:678;Тепловая сеть от ЦТП № 93  до ж/д. 14В2;Самарская область, Автозаводский район, г. Тольятти, северо-восточнее здания, имеющего адрес: ул. Свердлова, 13;34,0;Муниципальная казна
1201;П1300000008912;63:09:0101165:680;Тепловая сеть от Уз53 до ж/д. 9-Т;Самарская область, Автозаводский район, г. Тольятти, севернее здания, имеющего адрес: бульвар Орджоникидзе, 10;28,0;Муниципальная казна
1202;П1300000008938;63:09:0101165:681;Тепловая сеть от Уз12-14-2(29) до ж/д. 10-Г, от Уз12-16-1 до ж/д. 10-Г;Самарская область, Автозаводский район, г. Тольятти, западнее, северо-западнее здания, имеющего адрес: проспект Степана Разина, 22;74,0;Муниципальная казна
1203;П1300000011298;63:09:0101165:684;Тепловая сеть. Уз.12-14-2(29)-10К;Самарская область, Автозаводский район, г. Тольятти, южнее здания, имеющего адрес: проспект Степана Разина, д. 24;4,0;Муниципальная казна
1204;П1300000008875;63:09:0101165:687;Тепловая сеть от Уз12-5 до ж/д. 10-А, от Уз 12-6 до ж/д. 10-А;Самарская область, Автозаводский район, г. Тольятти, южнее здания, имеющего адрес: бульвар Орджоникидзе, 15;50,0;Муниципальная казна
1205;П1300000006753;63:09:0101165:688;Тепловая сеть от т. Б до ж/д 9-Р;Самарская область, Автозаводский район, г. Тольятти, севернее, северо-западнее здания, имеющего адрес: бульвар Орджоникидзе, 6;24,0;Муниципальная казна
1206;П1300000010652;63:09:0101165:689;Спортивная площадка;Самарская область, Автозаводский район, г. Тольятти, южнее здания, имеющего адрес: бульвар Орджоникидзе, 6;;Муниципальная казна
1207;П1300000008939;63:09:0101165:690;Тепловая сеть от т. А  до ж/д. 10-В, от Уз.12-14-1 до ж/д. 10-В;Самарская область, Автозаводский район, г. Тольятти, западнее, севернее здания, имеющего адрес: проспект Степана Разина, 26;45,0;Муниципальная казна
1208;П1300000006754;63:09:0101165:694;Тепловая сеть от Уз54 до ж/д. 9-С;Самарская область, Автозаводский район, г. Тольятти, севернее здания, имеющего адрес: бульвар Орджоникидзе, 8;30,0;Муниципальная казна
1209;П1300000008943;63:09:0101165:695;Тепловая сеть от Уз 66 до ж/д. 9-А;Самарская область, Автозаводский район, г. Тольятти, севернее здания, имеющего адрес: ул. Юбилейная, 27;18,0;Муниципальная казна
1210;П1300000010646;63:09:0101165:696;Тепловая сеть Уз.12-26-1-9И, Уз.53-9Т, Уз.54-9С, т.Б-9Р, т.С-уз.12-26-2(57)-9Н, ЦТП № 52-уз.52, т.А-уз.12-26-1-уз.12-27(59);Самарская область, Автозаводский район, г. Тольятти, восточнее здания, имеющего адрес: г. Тольятти, Автозаводский район, ул. Юбилейная, д. 19;261,0;Муниципальная казна
1211;П1300000011296;63:09:0101165:697;Тепловая сеть. Уз.12-16(31)-Уз.12-16-1-Уз.12-16-2, Уз.12-16-2-10Д, Уз.12-16-2(33)-10Л, Уз.12-17(34)-10Д;Самарская область, Автозаводский район, г. Тольятти, юго-восточнее, северо-восточнее здания, имеющего адрес: бульвар Орджоникидзе, д. 1;103,0;Муниципальная казна
1212;П1300000011340;63:09:0101165:8667;Тепловая сеть от Уз12-18(35) до д/с №119;Самарская область, Автозаводский район, г. Тольятти, севернее здания, имеющего адрес: бул. Орджоникидзе, 1;17,0;Муниципальная казна
1213;П1300000011345;63:09:0101165:8668;Тепловая сеть от Уз12-8 до д/с №107;Самарская область, Автозаводский район, г. Тольятти, южнее здания, имеющего адрес: просп. Ленинский, 22;43,0;Муниципальная казна
1214;П1300000011338;63:09:0101165:8669;Тепловая сеть ЦТП№52-Уз52-т.А-Уз12-26-1-уз12-26(60)-12-27;Самарская область, Автозаводский район, г. Тольятти, южнее, юго-западнее здания, имеющего адрес: ул. Свердлова, 25;275,0;Муниципальная казна
1215;П1300000011341;63:09:0101165:8670;Тепловая сеть от Уз12-32 до д/с №111;Самарская область, Автозаводский район, г. Тольятти, западнее, юго-западнее здания, имеющего адрес: бул. Орджоникидзе, 16;79,0;Муниципальная казна
1216;П1300000011344;63:09:0101165:8671;Тепловая сеть УЗ12-31-9А;Самарская область, Автозаводский район, г. Тольятти, северо-восточнее здания, имеющего адрес: ул. Юбилейная, 27;9,0;Муниципальная казна
1217;П1300000010712;63:09:0101165:8672;Тепловая сеть от стены здания до стены ТК12/31 ут 6;Самарская область, Автозаводский район, г. Тольятти, западнее здания, имеющего адрес: бул. Орджоникидзе, 14;49,0;Муниципальная казна
1218;П1300000011753;63:09:0101165:8825;Спортивная площадка;Самарская область, Автозаводский район, г. Тольятти, западнее здания, имеющего адрес: проспект Степана Разина, 20;;Муниципальная казна
1219;П1000000000242;63:09:0101165:9198;Автодорога по бульвару Орджоникидзе;Самарская область, Автозаводский район, г. Тольятти, от улицы Свердлова до Ленинского проспекта, северо-восточнее здания, имеющего адрес: бульвар Орджоникидзе, 18;1660,0;Муниципальная казна
1220;П1300000012935;63:09:0101165:9233;Футбольное поле;Самарская область, Автозаводский район, г. Тольятти, б-р Орджоникидзе, д. 3;;Оперативное управление
1221;П1300000013417;63:09:0101165:9324;Тепловая сеть от Тк2-ХТМ;Самарская область, Автозаводский район, г. Тольятти, юго-западнее здания, имеющего адрес: проспект Степана Разина, 16-а;36,0;Муниципальная казна
1222;П1300000013292;63:09:0101165:9489;Сети ливневой канализации: подключения от дождеприемников, расположенных на территории 5 квартала (лит.1);Самарская область, Автозаводский район, г. Тольятти, восточнее, юго-восточнее, южнее здания, имеющего адрес: ул. Юбилейная, 19-а;419,0;Муниципальная казна
1223;П1300000012216;63:09:0101165:9566;Участок сети водоснабжения по дому 10-Г (проспект Степана Разина, дом 22) в 5 квартале;Самарская область, Автозаводский район, г. Тольятти, техподполье здания, имеющего адрес: проспект Степана Разина, дом 22;447,0;Муниципальная казна
1224;П1300000012218;63:09:0101165:9567;Участок сети водоснабжения транзит по техподполью жилого дома 9-Ж ( ул. Свердлова, дом 25) в 5 квартале;Самарская область, Автозаводский район, г. Тольятти, техподполье здания, имеющего адрес: улица Свердлова, дом 25;360,0;Муниципальная казна
1225;П1300000012200;63:09:0101165:9568;Участок сети водоснабжения транзит по техподполью (ул. Юбилейная, дом 19) в 5 квартале;Самарская область, Автозаводский район, г. Тольятти, техподполье здания, имеющего адрес: улица Юбилейная, дом 19;248,0;Муниципальная казна
1226;П1300000012214;63:09:0101165:9569;Участок сети водоснабжения от Уз. 38 до Уз. 39 (на ул. Свердлова) в 5 квартале;Самарская область, Автозаводский район, г. Тольятти, западнее здания, имеющего адрес: улица Свердлова, дом 17;127,0;Муниципальная казна
1227;П1300000012212;63:09:0101165:9570;"Участок сети водоснабжения от ВК-93 до ВК-94 (на ул. Свердлова); от ВК-1 до ст. Дома быта ул. Свердлова, дом 16 в 5 квартале";Самарская область, Автозаводский район, г. Тольятти, севернее, северо-западнее, северо-восточнее здания, имеющего адрес: проспект Степана Разина,дом 16-А;406,0;Муниципальная казна
1228;П1300000012037;63:09:0101165:9571;Сеть ливневой канализации от колодца №25 до №4, от колодца №4 до №9, от колодца №4 до №1 ;Самарская область, Автозаводский район, г. Тольятти;210,0;Муниципальная казна
1229;П1300000011989;63:09:0101165:9573;Сеть ливневой канализации от колодца № б/н до №4, от колодца №4 до № 7, от колодца № 4 до № 3, от колодца № 3 до №1;Самарская область, Автозаводский район, г. Тольятти, ул. Свердлова, квартал 5;193,0;Муниципальная казна
1230;П1300000010784;63:09:0101166:10233;Сети ливневой канализации от колодца № 1 до № 11;Самарская область, Автозаводский район, г. Тольятти, восточнее здания, имеющего адрес: проспект Степана Разина, 35;16,0;Муниципальная казна
1231;П1300000010918;63:09:0101166:10236;Сети ливневой канализации от колодца № 1 до № 92;Самарская область, Автозаводский район, г. Тольятти, севернее здания, имеющего адрес: бульвар Туполева, 12-а;35,0;Муниципальная казна
1232;П1000000000264;63:09:0101166:10240;Автодорога по бульвару Туполева;Самарская область, Автозаводский район, г. Тольятти, от улицы Свердлова до Ленинского проспекта, юго-западнее здания, имеющего адрес: бульвар Туполева, 1;922,0;Муниципальная казна
1233;П1300000010924;63:09:0101166:10250;Сети ливневой канализации от колодца № 1 до колодца № 7а, от колодца №2 до колодца №2а, от колодца №5 до колодца №7, от колодца №11 до колодца №11в, от колодца №8 до колодца №11б;Самарская область, Автозаводский район, г. Тольятти, западнее здания, имеющего адрес: ул. Ворошилова, 30;280,0;Муниципальная казна
1234;П1300000010927;63:09:0101166:10254;Сети ливневой канализации от колодца № 14 до № 17;Самарская область, Автозаводский район, г. Тольятти, севернее здания, имеющего адрес: бульвар Туполева, 5;120,0;Муниципальная казна
1235;П1300000010919;63:09:0101166:10257;Сети ливневой канализации от колодца № 126  до № 86;Самарская область, Автозаводский район, г. Тольятти, севернее здания, имеющего адрес: бульвар Туполева, 17;88,0;Муниципальная казна
1236;П1300000010930;63:09:0101166:10259;Сети ливневой канализации от первых колодцев здания до колодца ЛК20;Самарская область, Автозаводский район, г. Тольятти, восточнее здания, имеющего адрес: улица Свердлова, 9-г;158,0;Муниципальная казна
1237;П1300000010928;63:09:0101166:10263;Сети ливневой канализации от колодца № 5 до № 2, от колодца №7 до №6;Самарская область, Автозаводский район, г. Тольятти, северо-восточнее здания, имеющего адрес: проспект Степана Разина, 23;111,0;Муниципальная казна
1238;П1300000012949;63:09:0101166:10277;Футбольное поле;Самарская область, Автозаводский район, г. Тольятти, б-р Туполева, д. 12;;Оперативное управление
1239;П1300000013650;63:09:0101166:10401;Сети ливневой канализации:  подключения от дождеприемников, расположенных на территории квартала 9;Самарская область, Автозаводский район, г. Тольятти, северо-восточнее здания, имеющего адрес: проспект Степана Разина, д.41;371,0;Муниципальная казна
1240;П1300000013953;63:09:0101166:10736;Участок тепловой сети от Тк.51 до д/с №128 (13-ДС-3);Самарская область, Автозаводский район, г. Тольятти, пр-кт Степана Разина, д. 37, квартал 9;72,0;Муниципальная казна
1241;П1300000013952;63:09:0101166:10738;Участок тепловой сети от Тк.2 до д/с №22 (14-ДС-4);Самарская область, Автозаводский район, г. Тольятти, ул. Свердлова, д. 7, квартал 9;94,0;Муниципальная казна
1242;П1300000014646;63:09:0101166:10752;Участок сети теплоснабжения от К1(6) до жилого дома, расположенного по адресу: ул. Свердлова, д. 9-ж;Самарская область, Автозаводский район, г. Тольятти, участок сети теплоснабжения от К1(6) до жилого дома, расположенного по адресу: ул. Свердлова, д. 9-ж;114,0;Муниципальная казна
1243;П1300000014645;63:09:0101166:10754;Участок сети теплоснабжения от т. между Уз37(77) и Уз38(78) до жилого дома, расположенного по адресу: бульвар Туполева, д. 15-б;Самарская область, Автозаводский район, г. Тольятти, участок сети теплоснабжения от т. между Уз37(77) и Уз38(78) до жилого дома, расположенного по адресу: бульвар Туполева, д. 15-б;17,0;Муниципальная казна
1244;П1300000014569;63:09:0101166:10757;Участок сети теплоснабжения от Уз74 до жилого дома, расположенного по адресу: ул. Свердлова, д. 9-и;Самарская область, Автозаводский район, г. Тольятти, ул. Свердлова, д. 9-и;24,0;Муниципальная казна
1245;П1300000011339;63:09:0101166:10773;Сети водоснабжения от ВК-36 до стены здания пр-т Ленинский, 10а;Самарская область, Автозаводский район, г. Тольятти;52,0;Муниципальная казна
1246;П1300000009671;63:09:0101166:10774;Сети водоснабжения от стены здания ДС №129 13-ДС-4 до стены ж/д 13-И;Самарская область, Автозаводский район, г. Тольятти;55,0;Муниципальная казна
1247;П1300000011347;63:09:0101166:10775;"Сети водоснабжения участок сети от ВК-13 до ВК-37; от стены здания школы №64 14-ш-2 до ВК-37";Самарская область, Автозаводский район, г. Тольятти;135,0;Муниципальная казна
1248;П1300000009669;63:09:0101166:10778;Сети водоснабжения   от стены здания МДОУ ул. Свердлова 7 до задвижки в ВК 23/ПГ-9/36;Самарская область, Автозаводский район, г. Тольятти;37,0;Муниципальная казна
1249;П1300000009672;63:09:0101166:10779;"Сети водоснабжения   от магистрали до Лит В4; от Лит В4 до ж/д Б(9А); от Лит В4 до ЦТП-93; от Лит В3 до ж/д В(13); от Лит В2 до ж/д А(11)";Самарская область, Автозаводский район, г. Тольятти;347,0;Муниципальная казна
1250;П1300000009674;63:09:0101166:10781;"Сети водоснабжения   от ВК-24 до ЦТП-91; от ЦТП-91 до ж/д 7Д(Д); от ЦТП-91 до ж/д 7Г(Г)";Самарская область, Автозаводский район, г. Тольятти;201,0;Муниципальная казна
1251;П1300000011373;63:09:0101166:10783;Сети водоснабжения транзит по техподполью, б-р Туполева 4;Самарская область, Автозаводский район, г. Тольятти;68,0;Муниципальная казна
1252;П1300000013954;63:09:0101166:10790;Участок тепловой сети от Тк.4 до школы № 64 (14-Ш-2);Самарская область, Автозаводский район, г. Тольятти, ул. Ворошилова, д. 32, квартал 9 квартал 9;24,0;Муниципальная казна
1253;П1000000000399;63:09:0101166:647;Кольцевая транспортная развязка по ул. Свердлова - проспекту Степана Разина;Самарская область, Автозаводский район, г. Тольятти, северо-западнее здания, имеющего адрес: улица Свердлова, 11а;;Муниципальная казна
1254;П1300000010131;63:09:0101166:648;Тепловая сеть К 2(9) до ЦТП № 92 (муниц);Самарская область, Автозаводский район, г. Тольятти, севернее, северо-восточнее здания, имеющего адрес: ул. Свердлова, 9д;31,0;Муниципальная казна
1255;П1300000010128;63:09:0101166:649;Тепловая сеть от К3 (14) до ЦТП № 91 (муниц);Самарская область, Автозаводский район, г. Тольятти, восточнее, юго-восточнее здания, имеющего адрес: ул. Свердлова, 7д;63,0;Муниципальная казна
1256;П1300000010129;63:09:0101166:650;Тепловая сеть от ЦТП № 93 (муниц.) до 2-68-Б;Самарская область, Автозаводский район, г. Тольятти, западнее здания, имеющего адрес: ул. Свердлова, 9а;77,0;Муниципальная казна
1257;П1300000010137;63:09:0101166:654;"Тепловая сеть ЦТП № 95  - 13К; транзит по 13К; 13К-13Д; транзит по 13Д; 13Д-13М";Самарская область, Автозаводский район, г. Тольятти, по техподполью здания, имеющего адрес: проспект Степана Разина, 29;323,0;Муниципальная казна
1258;П1300000008928;63:09:0101166:655;Тепловая сеть от ЦТП № 91 (ДЖКХ) до ж/д. 14Д-2;Самарская область, Автозаводский район, г. Тольятти, восточнее здания, имеющего адрес: ул. Свердлова, 7Д;15,0;Муниципальная казна
1259;П1300000008929;63:09:0101166:656;Тепловая сеть от ЦТП № 92 (ДЖКХ) до ж/д. 14Ж2;Самарская область, Автозаводский район, г. Тольятти, восточнее здания, имеющего адрес: ул. Свердлова, 9В;48,0;Муниципальная казна
1260;П1300000008930;63:09:0101166:657;Тепловая сеть от ЦТП № 92  до ж/д. 14Е-2;Самарская область, Автозаводский район, г. Тольятти, юго-западнее здания, имеющего адрес: ул. Свердлова, 9Г;22,0;Муниципальная казна
1261;П1300000010143;63:09:0101166:658;Хоккейная площадка;Самарская область, Автозаводский район, г. Тольятти, западнее здания, имеющего адрес: улица Свердлова, 11;;Муниципальная казна
1262;П1300000010126;63:09:0101166:660;Тепловая сеть от К4 до ж/д. 14-Л;Самарская область, Автозаводский район, г. Тольятти, северо-западнее здания, имеющего адрес: ул. Ворошилова, 30;173,0;Муниципальная казна
1263;П1300000008919;63:09:0101166:663;Тепловая сеть от ж/д. 13-И до ж/д. 13-Р;Самарская область, Автозаводский район, г. Тольятти, западнее здания, имеющего адрес: бульвар Туполева, 16;24,0;Муниципальная казна
1264;П1300000008916;63:09:0101166:664;Тепловая сеть от ЦТП № 95  до ж/д. 14-Н;Самарская область, Автозаводский район, г. Тольятти, южнее здания, имеющего адрес: бульвар Туполева, 11;29,0;Муниципальная казна
1265;П1300000008926;63:09:0101166:669;Тепловая сеть от ЦТП № 91 до ж/д. 14Г2;Самарская область, Автозаводский район, г. Тольятти, юго-западнее здания, имеющего адрес: ул. Свердлова, 7Г;30,0;Муниципальная казна
1266;П1300000008931;63:09:0101166:671;Тепловая сеть от ЦТП № 93 (ДЖКХ) до ж/д. 14А2;Самарская область, Автозаводский район, г. Тольятти, восточнее здания, имеющего адрес: ул. Свердлова, 11;62,0;Муниципальная казна
1267;П1300000010648;63:09:0101166:678;Тепловая сеть  т.А-уз.74-уз.35(75);Самарская область, Автозаводский район, г. Тольятти, северо-западнее, севернее здания, имеющего адрес: г. Тольятти, Автозаводский район, бульвар Туполева, 1-а;194,0;Муниципальная казна
1268;П1300000010136;63:09:0101166:679;"Тепловая сеть от  ЦТП № 95 (ТЕВИС)  -  Уз 36(76); Уз 36(76) - 13П; транзит по 13П к 13А";Самарская область, Автозаводский район, г. Тольятти, восточнее здания, имеющего адрес: бульвар Туполева, 8;289,0;Муниципальная казна
1269;П1300000010135;63:09:0101166:683;"Тепловая сеть  13П-13А; транзит по 13А;  13А-13Л";Самарская область, Автозаводский район, г. Тольятти, по техподполью здания, имеющего адрес: бульвар Туполева, 2;308,0;Муниципальная казна
1270;П1300000008918;63:09:0101166:684;Тепловая сеть от К13(48) до ж/д. 13И;Самарская область, Автозаводский район, г. Тольятти, севернее здания, имеющего адрес: бульвар Туполева, 14;25,0;Муниципальная казна
1271;П1300000008915;63:09:0101166:685;Тепловая сеть от К1(12)-К2 до ж/д. 13-К;Самарская область, Автозаводский район, г. Тольятти, западнее здания, имеющего адрес: бульвар Туполева, 8;109,0;Муниципальная казна
1272;П1300000011292;63:09:0101166:686;Тепловая сеть ЦТП № 95-уз.38(78)-13И, Транзит по 13И, 13И-13Н;Самарская область, Автозаводский район, г. Тольятти, юго-западнее здания, имеющего адрес: бульвар Туполева, д. 11;623,0;Муниципальная казна
1273;П1300000010929;63:09:0101166:9558;Сети ливневой канализации от начального колодца  до № 19, ул. Свердлова, 11- г;Самарская область, Автозаводский район, г. Тольятти, северо-восточнее здания, имеющего адрес: ул. Свердлова, 11- г;79,0;Муниципальная казна
1274;П1300000011367;63:09:0101166:9564;Сети бытовой канализации от колодца №1 до №4;Самарская область, Автозаводский район, г. Тольятти, восточнее здания, имеющего адрес: ул. Свердлова, 7;53,0;Муниципальная казна
1275;П1300000011365;63:09:0101166:9565;Сети бытовой канализации от колодца №1 до №6;Самарская область, Автозаводский район, г. Тольятти, северо-восточнее здания, имеющего адрес: проспект С. Разина, 23;108,0;Муниципальная казна
1276;П1300000011360;63:09:0101166:9574;Сеть бытовой канализации от первых колодцев здания до колодца КК-21 на хозбытовом коллекторе;Самарская область, Автозаводский район, г. Тольятти, северо-восточнее здания, имеющего адрес: ул. Свердлова, 9Д;257,0;Муниципальная казна
1277;П1300000011366;63:09:0101166:9575;Сети бытовой канализации от колодца №1 до №37;Самарская область, Автозаводский район, г. Тольятти, северо-западнее здания, имеющего адрес: ул. Свердлова, 9А;84,0;Муниципальная казна
1278;П1300000012421;63:09:0101167:4738;Сети ливневой канализации от колодца № 1 до №5/51;Самарская область, Автозаводский район, г. Тольятти, южнее, юго-западнее здания, имеющего адрес: ул. 40 лет Победы, 96;220,0;Муниципальная казна
1279;П1300000011358;63:09:0101167:4749;Сеть бытовой канализации от начального колодца до №158;Самарская область, Автозаводский район, г. Тольятти, южнее здания, имеющего адрес: ул. Свердлова, 3;4,0;Муниципальная казна
1280;П1300000008780;63:09:0101167:5084;Сети ливневой канализации от колодца № 96 до № 110;Самарская область, Автозаводский район, г. Тольятти, восточнее здания, имеющего адрес: ул. 40 лет Победы, 102;115,0;Муниципальная казна
1281;П1300000008781;63:09:0101167:5089;Сети ливневой канализации от колодца № 26 до № 27;Самарская область, Автозаводский район, г. Тольятти, южнее здания, имеющего адрес: ул. Ворошилова, 67;18,0;Муниципальная казна
1282;П1300000012999;63:09:0101167:5104;Универсальная спортивная площадка;Самарская область, Автозаводский район, г. Тольятти, ул. 40 лет Победы, д. 120;;Оперативное управление
1283;П1300000013619;63:09:0101167:5107;Участок теплосети от ТК 52 до д.69 по ул.Ворошилова (13кв.) (лит.1);Самарская область, Автозаводский район, г. Тольятти, юго-западнее здания, имеющего адрес: ул.Ворошилова, д.65-а;17,0;Муниципальная казна
1284;П1300000013648;63:09:0101167:5291;Сети ливневой канализации: подключения от дождеприемников, расположенных на территории квартала 13;Самарская область, Автозаводский район, г. Тольятти, северо-восточнее здания, имеющего адрес: улица Ворошилова, д.73;423,0;Муниципальная казна
1285;П1300000012352;63:09:0101167:5322;Участок сети водопровода ( улице 40 лет Победы, 110 (транзит по техподполью));Самарская область, Автозаводский район, г. Тольятти, северо-восточнее здания, имеющего адрес: улица 40 лет Победы, 112;30,0;Муниципальная казна
1286;П1300000012350;63:09:0101167:5323;Участок сети водопровода (ул. Ворошилова, 55) ;Самарская область, Автозаводский район, г. Тольятти, севернее здания, имеющего адрес: улица 40 лет Победы, дом 110;19,0;Муниципальная казна
1287;П1300000012355;63:09:0101167:5324;Участок сети водопровода (ДС№189 (ул. Ворошилова,51), (от ВК-356 до стены здания));Самарская область, Автозаводский район, г. Тольятти, юго-восточнее здания, имеющего адрес: улица Ворошилова, 51;6,0;Муниципальная казна
1288;П1300000012360;63:09:0101167:5325;Участок сети водопровода (от ВК-361 до ВК-363А) по улице 40 лет Победы;Самарская область, Автозаводский район, г. Тольятти, северо-восточнее здания, имеющего адрес: улица 40 лет Победы, 102;314,0;Муниципальная казна
1289;П1300000012358;63:09:0101167:5326;Участок сети водопровода (25-ДС-4( от ВК-358 до 25-ДС-4)) по улице Свердлова, 5-А;Самарская область, Автозаводский район, г. Тольятти;60,0;Муниципальная казна
1290;П1300000012363;63:09:0101167:5327;Участок сети водопровода к ЦТП-132 (от ЦТП №132 до Уз74), участок сети водопровода к ЦТП-133 (ввод к ЦТП от ЦТП до Уз68) по улице 40 лет Победы;Самарская область, Автозаводский район, г. Тольятти, юго-западнее здания, имеющего адрес: улица 40 лет Победы, 108-а;202,0;Муниципальная казна
1291;П1300000013972;63:09:0101167:5576;Участок тепловой сети от Тк.2 до д/с №192 (25-ДС-4);Самарская область, Автозаводский район, г. Тольятти, ул. Свердлова, д. 5, стр. А, квартал 13;32,0;Муниципальная казна
1292;П1300000014648;63:09:0101167:5577;Участок сети теплоснабжения ТК12 до жилого дома, расположенного по адресу: ул. 40 лет Победы, д. 104-а;Самарская область, Автозаводский район, г. Тольятти, участок сети теплоснабжения ТК12 до жилого дома, расположенного по адресу: ул. 40 лет Победы, д. 104-а;14,0;Муниципальная казна
1293;П1300000014650;63:09:0101167:5578;Участок сети теплоснабжения от ТКЗ до жилого дома, расположенного по адресу: ул.Свердлова, д. 1-в;Самарская область, Автозаводский район, г. Тольятти, участок сети теплоснабжения от ТКЗ до жилого дома, расположенного по адресу: ул.Свердлова, д. 1-в;8,0;Муниципальная казна
1294;П1300000011872;63:09:0101167:5581;Сети бытовой канализации  от колодца № 1 до колодца № 4;Самарская область, Автозаводский район, г. Тольятти, севернее, северо-восточнее здания, имеющего адрес: улица 40 лет Победы, 94 (коллектор по ул. Свердлова, 13 кв-л);145,0;Муниципальная казна
1295;П1300000010936;63:09:0101167:5583;Сети ливневой канализации от начального колодца до №141;Самарская область, Автозаводский район, г. Тольятти, юго-восточнее здания, имеющего адрес: ул. Свердлова, 3;8,0;Муниципальная казна
1296;П1300000009985;63:09:0101167:593;Тепловая сеть  от ж/д 25-И до ж/д 25-К;Самарская область, Автозаводский район, г. Тольятти, техническое подполье здания, имеющего адрес: ул. 40 лет Победы, 122;221,0;Муниципальная казна
1297;П1300000009987;63:09:0101167:594;Тепловая сеть  транзит к 25-К;Самарская область, Автозаводский район, г. Тольятти, южнее здания, имеющего адрес: ул. 40 лет Победы, 118;12,0;Муниципальная казна
1298;П1300000011216;63:09:0101168:3859;Тепловая сеть от ж/д. 18-Б до д/с №144;Самарская область, Автозаводский район, г. Тольятти, западнее здания, имеющего адрес: просп. Степана Разина, 53;53,0;Муниципальная казна
1299;П1300000010252;63:09:0101168:4092;Участок сети водоснабжения от ВК130 до ВК-4/ПГ по ул. Маршала Жукова, 2а в 3б кв;Самарская область, Автозаводский район, г. Тольятти, юго-западнее здания, имеющего адрес: улица Маршала Жукова, 2-в;70,0;Муниципальная казна
1300;П1300000010254;63:09:0101168:4093;Участок сети водоснабжения от Фрунзе, 4 ввод от ВК, по техподполью 18-П в 3б кв.;Самарская область, Автозаводский район, г. Тольятти, юго-западнее, южнее здания, имеющего адрес: проспект Ленинский, 7;1087,0;Муниципальная казна
1301;П1300000010253;63:09:0101168:4094;Участок сети водоснабжения от Ст. Разина 55/8 до ВК180 в 3б кв.;Самарская область, Автозаводский район, г. Тольятти, юго-западнее здания, имеющего адрес: проспект Степана Разина, 55;84,0;Муниципальная казна
1302;П1300000013377;63:09:0101168:5244;Тепловая сеть от Ут6-17;Самарская область, Автозаводский район, г. Тольятти, юго-восточнее здания, имеющего адрес: Ленинский проспект, д.1;44,0;Муниципальная казна
1303;П1300000013570;63:09:0101168:5554;Сети ливневой канализации: подключения от дождеприемников, расположенных на территории 3Б квартала (лит.1);Самарская область, Автозаводский район, г. Тольятти, западнее, юго-западнее здания, имеющего адрес: ул. Маршала Жукова, д.2;295,0;Муниципальная казна
1304;П1300000011848;63:09:0101168:6076;Участок сети бытовой канализации от существующего колодца до ж/д по пр. Ленинский, 3а (18М), и до ж/д по пр. Ленинский, 3б (18О) в 3б кв;Самарская область, Автозаводский район, г. Тольятти, севернее, северо-восточнее здания, имеющего адрес: Ленинский проспект, дом 3-б;91,0;Муниципальная казна
1305;П1300000012092;63:09:0101168:6079;Сети бытовой канализации от колодца №92 до №80;Самарская область, Автозаводский район, г. Тольятти, северо-восточнее здания, имеющего адрес: Ленинский проспект, дом 9;70,0;Муниципальная казна
1306;П1300000012098;63:09:0101168:6080;Сети бытовой канализации от колодца №105 до №38;Самарская область, Автозаводский район, г. Тольятти, западнее здания, имеющего адрес: проспект Степана Разина, дом 45;21,0;Муниципальная казна
1307;П1300000012094;63:09:0101168:6081;Сети бытовой канализации от колодца № 11 до №76, от колодца №9 до №10, от колодца №8 до №2, от колодца №5 до №4 в 3б квартале;Самарская область, Автозаводский район, г. Тольятти, севернее, южнее здания, имеющего адрес: Ленинский проспект, дом 7;242,0;Муниципальная казна
1308;П1300000012090;63:09:0101168:6082;Сети бытовой канализации от колодца №101 до №100 в 3б квартале;Самарская область, Автозаводский район, г. Тольятти, севернее здания, имеющего адрес: проспект Степана Разина, дом 51;5,0;Муниципальная казна
1309;П1300000012080;63:09:0101168:6083;Сети бытовой канализации от колодца №22 до №30, от колодца №27 до №28 ;Самарская область, Автозаводский район, г. Тольятти, южнее, юго-восточнее здания, имеющего адрес: улица Фрунзе, дом 2;253,0;Муниципальная казна
1310;П1300000012084;63:09:0101168:6084;Сети бытовой канализации от первого колодца до №51а в 3б квартале;Самарская область, Автозаводский район, г. Тольятти, западнее здания, имеющего адрес: улица Фрунзе, дом 4-в;4,0;Муниципальная казна
1311;П1300000012078;63:09:0101168:6085;Сети бытовой канализации от колодца №60 до № 65, от колодца №65 до №76 в 3б квартале;Самарская область, Автозаводский район, г. Тольятти, северо-восточнее здания, имеющего адрес: Ленинский проспект, дом 3-а;381,0;Муниципальная казна
1312;П1300000012082;63:09:0101168:6086;Сети бытовой канализации от колодца №30 до №33;Самарская область, Автозаводский район, г. Тольятти, южнее здания, имеющего адрес: улица Фрунзе, дом 4-а;39,0;Муниципальная казна
1313;П1300000012086;63:09:0101168:6087;Сети бытовой канализации от колодца №53 до №52а;Самарская область, Автозаводский район, г. Тольятти, западнее здания, имеющего адрес: улица Фрунзе, дом 4-б;43,0;Муниципальная казна
1314;П1300000010158;63:09:0101168:611;Тепловая сеть от ж/д. 18-А до ж/д. 18-Б;Самарская область, Автозаводский район, г. Тольятти, северо-западнее здания, имеющего адрес: проспект Степана Разина, 55;39,0;Муниципальная казна
1315;П1300000014446;63:09:0101168:6134;Сеть ливневой канализации от КЛ-1 через КЛ-4, КЛ-6, КЛ-9 до КЛ-121/101 от жилого дома № 2-в по ул. Маршала Жукова (8-В);Самарская область, Автозаводский район, г. Тольятти, ул. Маршала Жукова, д. 2-в;200,0;Муниципальная казна
1316;П1300000014467;63:09:0101168:6135;Участок сети водоснабжения от точки врезки в колодцах ПГ-3Б/22, ПГ-3Б/30 до здания, расположенного по адресу: ул. Маршала Жукова, д.2В;Самарская область, Автозаводский район, г. Тольятти, ул. Маршала Жукова, д. 2в;77,0;Муниципальная казна
1317;П1300000010707;63:09:0101168:6155;Тепловая сеть Уз.13 до ЦТП №33;Самарская область, Автозаводский район, г. Тольятти;40,0;Муниципальная казна
1318;П1300000014573;63:09:0101168:6161;Участок сети теплоснабжения от УТ2-УТ6-Ут до жилого дома, расположенного по адресу: проспект Ленинский, д. 1-а;Самарская область, Автозаводский район, г. Тольятти, пр-кт Ленинский, д. 1а;143,0;Муниципальная казна
1319;П1300000008923;63:09:0101168:626;Тепловая сеть от Уз 5 до ж/д. 18-Г;Самарская область, Автозаводский район, г. Тольятти, западнее здания, имеющего адрес: ул. Фрунзе, 4;10,0;Муниципальная казна
1320;П1300000010356;63:09:0101168:627;"Тепловая сеть от Ут2- Ут5 до ж/д 8-А; от Ут3 до 8-Б; от Ут1 до Ут2; от Ут2-Ут3 до Ут4; от Ут4 до 8-В";Самарская область, Автозаводский район, г. Тольятти, южнее, юго-восточнее здания, имеющего адрес: ул. Маршала Жукова, 2а;267,0;Муниципальная казна
1321;П1300000014546;63:09:0101168:6276;Участок сети бытовой канализации в районе дома № 8а по ул. Фрунзе;Самарская область, Автозаводский район, г. Тольятти, ул. Фрунзе, д. 8а;28,0;Муниципальная казна
1322;П1300000014542;63:09:0101168:6277;Участок сети водоснабжения от УТ-11 до здания, расположенного по адресу: ул. Маршала Жукова, д.6;Самарская область, Автозаводский район, г. Тольятти, ул. Маршала Жукова, д. 6;30,0;Муниципальная казна
1323;П1300000014547;63:09:0101168:6279;Участок сети бытовой канализации в районе дома № 8а по ул. Фрунзе;Самарская область, Автозаводский район, г. Тольятти, ул. Фрунзе, д. 8а;18,0;Муниципальная казна
1324;П1300000014615;63:09:0101168:6280;Участок сети теплоснабжения от Ут4 до жилого дома, расположенного по адресу: ул. Маршала Жукова, д. 2;Самарская область, Автозаводский район, г. Тольятти, от Ут4 до жилого дома, расположенного по адресу: ул. Маршала Жукова, д. 2;81,0;Муниципальная казна
1325;П1300000014736;63:09:0101168:6288;Участок наружной сети водоснабжения жилого дома, расположенного по адресу: Автозаводский район, проспект Ленинский, д. 1-в;Самарская область, Автозаводский район, г. Тольятти, пр-кт Ленинский, д. 1-в;20,0;Муниципальная казна
1326;П1300000014735;63:09:0101168:6289;Участок наружной сети водоснабжения жилого дома, расположенного по адресу: Автозаводский район, проспект Ленинский, д. 1-г;Самарская область, Автозаводский район, г. Тольятти, пр-кт Ленинский, д. 1-г;28,9;Муниципальная казна
1327;П1300000014734;63:09:0101168:6292;Участок наружной сети водоснабжения жилого дома, расположенного по адресу: Автозаводский район, проспект Ленинский, д. 1-д;Самарская область, Автозаводский район, г. Тольятти, пр-кт Ленинский, д. 1-д;70,0;Муниципальная казна
1328;П1300000014685;63:09:0101168:6295;Канализационные сети, расположенные по адресу: Самарская область, Автозаводский район, ул.Фрунзе, 6Д;Самарская область, Автозаводский район, г. Тольятти, ул. Фрунзе, д. 6д;11,0;Муниципальная казна
1329;П1300000014686;63:09:0101168:6296;Канализационные сети, расположенные по адресу: Самарская область, Автозаводский район, ул. Фрунзе, 6Б;Самарская область, Автозаводский район, г. Тольятти, ул. Фрунзе, д. 6б;53,0;Муниципальная казна
1330;П1300000014684;63:09:0101168:6300;Канализационные сети;Самарская область, Автозаводский район, г. Тольятти, ул. Фрунзе, д. 2б;200,0;Муниципальная казна
1331;П1300000014860;63:09:0101168:6311;Сеть ливневой канализации от жилого дома. расположенного по адресу: Автозаводский район, проспект Ленинский, д. 1-г;Самарская область, Автозаводский район, г. Тольятти, пр-кт Ленинский, д. 1г;47,0;Муниципальная казна
1332;П1300000014865;63:09:0101168:6312;Сеть бытовой канализации от жилого дома, расположенного по адресу: Автозаводский район, проспект Ленинский, д. 1-д;Самарская область, Автозаводский район, г. Тольятти, пр-кт Ленинский, д. 1д;16,7;Муниципальная казна
1333;П1300000014863;63:09:0101168:6313;Сеть бытовой канализации от жилого дома, расположенного по адресу: Автозаводский район, проспект Ленинский, д. 1-в;Самарская область, Автозаводский район, г. Тольятти, пр-кт Ленинский, д. 1в;15,0;Муниципальная казна
1334;П1300000014864;63:09:0101168:6314;Сеть бытовой канализации от жилого дома, расположенного по адресу: Автозаводский район, проспект Ленинский, д.1-г;Самарская область, Автозаводский район, г. Тольятти, пр-кт Ленинский, д. 1г;44,0;Муниципальная казна
1335;П1300000012068;63:09:0101168:6342;Сети ливневой канализации от первого колодца здания до колодца №75;Самарская область, Автозаводский район, г. Тольятти, северо-восточнее здания, имеющего адрес: проспект Ленинский, д. 18;48,0;Муниципальная казна
1336;П1300000010664;63:09:0101169:628;Тепловая сеть  транзит до К 6;Самарская область, Автозаводский район, г. Тольятти, по техподполью здания, имеющего адрес: ул. Фрунзе, д. 5;132,0;Муниципальная казна
1337;П1300000008924;63:09:0101169:629;Тепловая сеть от Тк5  до т. Б, от т. Б до ж/д. 8А;Самарская область, Автозаводский район, г. Тольятти, западнее здания, имеющего адрес: ул. Фрунзе, 5;40,0;Муниципальная казна
1338;П1300000008927;63:09:0101169:630;Тепловая сеть от ТК3  до ж/д. 7;Самарская область, Автозаводский район, г. Тольятти, восточнее здания, имеющего адрес: ул. Фрунзе, 7;7,0;Муниципальная казна
1339;П1300000008922;63:09:0101169:631;Тепловая сеть от Тк5  до ж/д. 8;Самарская область, Автозаводский район, г. Тольятти, юго-западнее здания, имеющего адрес: ул. Фрунзе, 3;104,0;Муниципальная казна
1340;П1300000010119;63:09:0101169:632;Тепловая сеть от Тк4 до ж/д. 12;Самарская область, Автозаводский район, г. Тольятти, севернее здания, имеющего адрес: ул. Маршала Жукова, 22;69,0;Муниципальная казна
1341;П1300000010663;63:09:0101169:634;"Тепловая сеть  от ЦТП № 111-Тк5; Тк-5-6А; Уз25(66)-Тк3-Тк5-Тк-7; Тк-5-Тк5а-ЦТП № 111; Тк7-Тк12";Самарская область, Автозаводский район, г. Тольятти, севернее здания, имеющего адрес: проспект Степана Разина, д. 65;408,0;Муниципальная казна
1342;П1300000008914;63:09:0101169:642;Тепловая сеть Д.8-Д.9, транзит по д.9, Д.9-Д.10;Самарская область, Автозаводский район, г. Тольятти, западнее, восточнее и по техподполью здания, имеющего адрес: ул. Фрунзе, 1;215,0;Муниципальная казна
1343;П1300000008936;63:09:0101169:643;Тепловая сеть от ж/д. 6А до ж/д. 6;Самарская область, Автозаводский район, г. Тольятти, севернее здания, имеющего адрес: ул. Фрунзе, 11;24,0;Муниципальная казна
1344;П1300000009370;63:09:0101169:644;Асфальто-бетонная  площадка;Самарская область, Автозаводский район, г. Тольятти, западнее здания, имеющего адрес: Приморский бульвар, д.8-а;;Хозяйственное ведение
1345;П1300000008876;63:09:0101169:647;Тепловая сеть от ТК12-4Б, транзит к 4-А;Самарская область, Автозаводский район, г. Тольятти, по техподполью и севернее здания, имеющего адрес: проспект Степана Разина, 63;210,0;Муниципальная казна
1346;П1300000008941;63:09:0101169:648;Тепловая сеть от 2-Б до ж/д. 2-А;Самарская область, Автозаводский район, г. Тольятти, восточнее здания, имеющего адрес: проспект Степана Разина, 79;24,0;Муниципальная казна
1347;П1300000010121;63:09:0101169:649;Тепловая сеть от ТК11 до ж/д. 15;Самарская область, Автозаводский район, г. Тольятти, севернее здания, имеющего адрес: ул. Маршала Жукова, 34;39,0;Муниципальная казна
1348;П1300000008920;63:09:0101169:652;Тепловая сеть Тк3-т. А, т. А-8, транзит по 8, 8-9;Самарская область, Автозаводский район, г. Тольятти, западнее, восточнее и по техподполью здания, имеющего адрес: ул. Фрунзе, 3;135,0;Муниципальная казна
1349;П1300000011591;63:09:0101169:6594;Сети водоснабжения по техподполью дома по ул. Маршала Жукова,22 (12а, 12б);Самарская область, Автозаводский район, г. Тольятти, техподполье здания, имеющего адрес: ул. Маршала Жукова, 22;102,0;Муниципальная казна
1350;П1300000011593;63:09:0101169:6595;Сети водоснабжения от ВК-163 (на юго-западе кв.) к адм. зданию УКС по пр. Ст.Разина;Самарская область, Автозаводский район, г. Тольятти, западнее здания, имеющего адрес: б-р Приморский, 8;77,0;Муниципальная казна
1351;П1300000011589;63:09:0101169:6596;Сети водоснабжения пр. Ст.Разина,77 от стены здания до ответных фланцев задвижки в Уз 25;Самарская область, Автозаводский район, г. Тольятти, восточнее здания, имеющего адрес: пр-т Степана Разина, 77;41,0;Муниципальная казна
1352;П1300000011585;63:09:0101169:6599;Сети водоснабжения от Ст.Разина,67 ввод до уз. 23;Самарская область, Автозаводский район, г. Тольятти, западнее здания, имеющего адрес: пр-т Степана Разина, 67;14,0;Муниципальная казна
1353;П1300000011581;63:09:0101169:6600;Сети водоснабжения от Жукова, 34 ввод до Уз.11;Самарская область, Автозаводский район, г. Тольятти, севернее здания, имеющего адрес: ул. Маршала Жукова, 34;41,0;Муниципальная казна
1354;П1300000011583;63:09:0101169:6601;Сети водоснабжения от ВК11 до ВК286 на ул. Маршала Жукова;Самарская область, Автозаводский район, г. Тольятти, северо-восточнее здания, имеющего адрес: ул. Маршала Жукова, 26;171,0;Муниципальная казна
1355;П1300000010271;63:09:0101169:6602;Участок сети водоснабжения перемычка от ВК299а до ВК160 в 7 кв.;Самарская область, Автозаводский район, г. Тольятти, западнее здания, имеющего адрес: пр-т Степана Разина, 79;5,0;Муниципальная казна
1356;П1300000010272;63:09:0101169:6603;Участок сети водоснабжения перемычка от ВК 161а до ВК-300а в 7 кв.;Самарская область, Автозаводский район, г. Тольятти, юго-западнее здания, имеющего адрес: пр-т Степана Разина, 81;5,0;Муниципальная казна
1357;П1300000011588;63:09:0101169:6604;Сети водоснабжения от Уз-12 до Уз-7;Самарская область, Автозаводский район, г. Тольятти, восточнее здания, имеющего адрес: пр-т Степана Разина, 61;104,0;Муниципальная казна
1358;П1300000011586;63:09:0101169:6615;"Сети водоснабжения от дома ул. Фрунзе,3 (стр. №8) до дома ул. Фрунзе,5 (стр. №8а); по техподполью дома по ул. Фрунзе,1 (стр. №9)";Самарская область, Автозаводский район, г. Тольятти, северо-западнее здания, имеющего адрес: ул. Маршала Жукова, 20;680,0;Муниципальная казна
1359;П1300000011592;63:09:0101169:6616;Сети водоснабжения от ВК на Н-15 до ЦТП-112;Самарская область, Автозаводский район, г. Тольятти, юго-западнее здания, имеющего адрес: пр-т Степана Разина, 83-а;103,0;Муниципальная казна
1360;П1300000011582;63:09:0101169:6617;Сети водоснабжения от дома по ул. Маршала Жукова,32 до дома по пр. Ст. Разина, 87;Самарская область, Автозаводский район, г. Тольятти, юго-западнее здания, имеющего адрес: ул. Маршала Жукова, 32;1604,0;Муниципальная казна
1361;П1300000013387;63:09:0101169:7291;Тепловая сеть (от Уз.19-19(62) до 18-А);Самарская область, Автозаводский район, г. Тольятти, юго-западнее здания, имеющего адрес: просп. Степана Разина, 85;210,0;Муниципальная казна
1362;П1300000013684;63:09:0101169:7300;"Тепловая сеть к зданию по ул. Маршала Жукова, 40 (ООО ""Град Продукт"") (лит.1)";Самарская область, Автозаводский район, г. Тольятти, севернее здания, имеющего адрес:ул.Маршала Жукова, д.38;3,0;Муниципальная казна
1363;П1300000013649;63:09:0101169:7366;Сети ливневой канализации: подключения от дождеприемников, расположенных на территории квартала 11;Самарская область, Автозаводский район, г. Тольятти, северо-западнее, юго-западнее здания, имеющего адрес: улица Маршала Жукова, д.16;520,0;Муниципальная казна
1364;П1300000012058;63:09:0101169:7442;Сети ливневой канализации от первых колодцев здания до колодца ЛК4 на водостоке по проспекту Степана Разина;Самарская область, Автозаводский район, г. Тольятти, севернее, северо-западнее здания, имеющего адрес: проспект Степана Разина, 77;175,0;Муниципальная казна
1365;П1300000012070;63:09:0101169:7450;Сети ливневой канализации от колодца №33 до №32;Самарская область, Автозаводский район, г. Тольятти, северо-западнее здания, имеющего адрес: проспект Степана Разина, 71;288,0;Муниципальная казна
1366;П1300000012053;63:09:0101169:7451;Сети ливневой канализации от колодца №1 до №2, о т колодца №10 до №2;Самарская область, Автозаводский район, г. Тольятти, южнее здания, имеющего адрес: бульвар Приморский, дом 6;295,0;Муниципальная казна
1367;П1300000012138;63:09:0101169:7759;Тепловая сеть;Самарская область, Автозаводский район, г. Тольятти, ул. Фрунзе, д. 11;64,0;Муниципальная казна
1368;П1300000013970;63:09:0101169:7810;Участок тепловой сети от Тк.25 до д/с №163 (ДС-1);Самарская область, Автозаводский район, г. Тольятти, пр-кт Степана Разина, д. 77, квартал 11;43,0;Муниципальная казна
1369;П1300000013968;63:09:0101169:7813;Участок тепловой сети от ТК44-ТК45,от Тк.45 до Х-З;Самарская область, Автозаводский район, г. Тольятти, ул. Маршала Жукова, д. 26, квартал 11;122,0;Муниципальная казна
1370;П1300000014695;63:09:0101169:7831;Участок сети ливневой канализации от КК-13 до дома № 16 по ул. Маршала Жукова;Самарская область, Автозаводский район, г. Тольятти, ул. Маршала Жукова, д. 16;45,0;Муниципальная казна
1371;П1300000014705;63:09:0101169:7832;Участок сети бытовой канализации от КК-33 до дома №16 по ул. Маршала Жукова;Самарская область, Автозаводский район, г. Тольятти, ул. Маршала Жукова, д. 16;93,0;Муниципальная казна
1372;П1300000014647;63:09:0101169:7833;Участок сети теплоснабжения от Тк123 до жилого дома, расположенного по адресу: бульвар Приморский, д.2;Самарская область, Автозаводский район, г. Тольятти, участок сети теплоснабжения от Тк123 до жилого дома, расположенного по адресу: бульвар Приморский, д.2;9,0;Муниципальная казна
1373;П1300000014627;63:09:0101169:7834;Участок сети водоснабжения от ВК-13 до жилого дома, расположенного по адресу: ул. Маршала Жукова, д. 16;Самарская область, Автозаводский район, г. Тольятти, ул. Маршала Жукова, д. 16;30,0;Муниципальная казна
1374;П1300000014696;63:09:0101169:7841;Участок сети ливневой канализации от ЛК-3 до ЛК-2 с местоположением: Автозаводский район, проспект Степана Разина, д.85;Самарская область, Автозаводский район, г. Тольятти, пр-кт Степана Разина, д. 85;73,0;Муниципальная казна
1375;П1300000014706;63:09:0101169:7842;Участок сети бытовой канализации от КК-1 до КК-5а с местоположением: Автозаводский район, проспект Степана Разина, д.85;Самарская область, Автозаводский район, г. Тольятти, пр-кт Степана Разина, д. 85;91,0;Муниципальная казна
1376;П1300000012060;63:09:0101169:7845;Сети бытовой канализации от колодца №6 до №1 в 11 квартале;Самарская область, Автозаводский район, г. Тольятти, юго-западнее здания, имеющего адрес: улица Маршала Жукова, дом 34;154,0;Муниципальная казна
1377;П1300000012074;63:09:0101169:7863;Сети бытовой канализации от первых колодцев здания до колодца КК103 на х/б коллекторе по проспекту Степана Разина;Самарская область, Автозаводский район, г. Тольятти, южнее, северо-западнее здания, имеющего адрес: проспект Степана Разина, дом 77;273,0;Муниципальная казна
1378;П1300000012102;63:09:0101169:7872;Сети ливневой канализации от колодца № 1 до № 21а;Самарская область, Автозаводский район, г. Тольятти, по ул. Маршала Жукова;495,0;Муниципальная казна
1379;П1300000011590;63:09:0101169:7873;Сети водоснабжения от ВК160,299а до дома по пр.Ст.Разина,75 с транзитом по дому по пр.Ст.Разина,79;Самарская область, Автозаводский район, г. Тольятти;56,0;Муниципальная казна
1380;П1300000011584;63:09:0101169:7874;Сети водоснабжения от ВК-289 до ПГ, от ПГ до Жукова,18 ввод;Самарская область, Автозаводский район, г. Тольятти;147,0;Муниципальная казна
1381;П1300000013969;63:09:0101169:7884;Участок тепловой сети от Тк.12 до д/с № 164 (ДС-2);Самарская область, Автозаводский район, г. Тольятти, пр-кт Степана Разина, д. 61, квартал 11 квартал 11;18,0;Муниципальная казна
1382;П1300000011837;63:09:0101169:7885;Участок сети бытовой канализации от существующего колодца до здания по ул. Маршала Жукова, 42 (ТЦ24) в 11 кв;Самарская область, Автозаводский район, г. Тольятти, от существующего колодца до здания по ул. Маршала Жукова, 42 (ТЦ24) в 11 кв.;214,0;Муниципальная казна
1383;П1300000010283;63:09:0101170:10034;Участок сети водоснабжения по техподполью д. Юбилейная, 57 до ВК-6;Самарская область, Автозаводский район, г. Тольятти, южнее здания, имеющего адрес: улица Юбилейная, 53;156,0;Муниципальная казна
1384;П1300000010279;63:09:0101170:10035;Участок сети водоснабжения по техподполью д. бул. Приморский, 12 в 7 кв.;Самарская область, Автозаводский район, г. Тольятти, техподполье здания, имеющего адрес: бульвар Приморский, 12;72,0;Муниципальная казна
1385;П1300000010285;63:09:0101170:10036;Участок сети водоснабжения от ВК-57а к АТС по бул. Буденного, 16 7 кв.;Самарская область, Автозаводский район, г. Тольятти, юго-восточнее здания, имеющего адрес: бульвар Буденного, 16;42,0;Муниципальная казна
1386;П1300000010269;63:09:0101170:10037;Участок сети водоснабжения от ЦТП-71 до ВК-80 в 7 кв.;Самарская область, Автозаводский район, г. Тольятти, северо-восточнее здания, имеющего адрес: ул. Фрунзе, 31-б;44,0;Муниципальная казна
1387;П1300000010273;63:09:0101170:10038;Участок сети водоснабжения от ВК-5* до д. Приморский, 14 в 7 кв.;Самарская область, Автозаводский район, г. Тольятти, севернее здания, имеющего адрес: б-р Приморский, 14;28,0;Муниципальная казна
1388;П1300000010287;63:09:0101170:10039;Участок сети водоснабжения от Юбилейная, 41 ввод от ВК в 7 кв.;Самарская область, Автозаводский район, г. Тольятти, западнее, юго-западнее здания, имеющего адрес: ул. Юбилейная, 41;27,0;Муниципальная казна
1389;П1300000010280;63:09:0101170:10040;Участок сети водоснабжения по техподполью д. бул. Приморский, 26 в 7 кв.;Самарская область, Автозаводский район, г. Тольятти, техподполье здания, имеющего адрес: бульвар Приморский, 26;89,0;Муниципальная казна
1390;П1300000010288;63:09:0101170:10041;Участок сети водоснабжения до Ст. Разина, 48 от ВК-17 в 7 кв.;Самарская область, Автозаводский район, г. Тольятти, севернее здания, имеющего адрес: проспект Степана Разина, 48;14,0;Муниципальная казна
1391;П1300000010278;63:09:0101170:10043;Участок сети водоснабжения от ВК-20 до ВК-20а в 7 кв.;Самарская область, Автозаводский район, г. Тольятти, северо-западнее здания, имеющего адрес: бульвар Буденного, 20;70,0;Муниципальная казна
1392;П1300000010276;63:09:0101170:10044;Участок сети водоснабжения до уз. 27, от уз. 27 до уз. 28 на пересечении улиц Юбилейная и Фрунзе в 7 кв.;Самарская область, Автозаводский район, г. Тольятти, северо-западнее здания, имеющего адрес: ул. Фрунзе, 31-а;85,0;Муниципальная казна
1393;П1300000010286;63:09:0101170:10045;Участок сети водоснабжения от д. Фрунзе, 15 до д. пр. Ст. Разина, 40 в 7 кв.;Самарская область, Автозаводский район, г. Тольятти, западнее здания, имеющего адрес: пр-т Степана Разина, 40;49,0;Муниципальная казна
1394;П1300000010263;63:09:0101170:10046;Участок сети водоснабжения д. Юбилейная, 61 транзит по техподполью в 7 кв.;Самарская область, Автозаводский район, г. Тольятти, техподполье здания, имеющего адрес: ул. Юбилейная, 61;70,0;Муниципальная казна
1395;П1300000010270;63:09:0101170:10047;Участок сети водоснабжения от ВК-55/ПГ-12 до дома Юбилейная, 53 по техподполью дома Юбилейная, 53 в 7 кв.;Самарская область, Автозаводский район, г. Тольятти, западнее и по техподполью здания, имеющего адрес: ул. Юбилейная, 53;161,0;Муниципальная казна
1396;П1300000010260;63:09:0101170:10051;Участок сети водоснабжения от д. Юбилейная, 35 до ВК-82 в 7 кв.;Самарская область, Автозаводский район, г. Тольятти, севернее здания, имеющего адрес: ул. Юбилейная, 35;10,0;Муниципальная казна
1397;П1300000010268;63:09:0101170:10052;Участок сети водоснабжения по техподполью д. Юбилейная, 45 от ВК-1 до д. Юбилейная, 45 в 7 кв.;Самарская область, Автозаводский район, г. Тольятти, севернее и по техподполью здания, имеющего адрес: ул. Юбилейная, 45;143,0;Муниципальная казна
1398;П1300000010277;63:09:0101170:10055;Участок сети водоснабжения к бассейну у дома Ст. Разина, 58 в 7 кв.;Самарская область, Автозаводский район, г. Тольятти, южнее здания, имеющего адрес: проспект Степана Разина, 58;29,0;Муниципальная казна
1399;П1300000012885;63:09:0101170:10407;Спортивная площадка;Самарская область, Автозаводский район, г. Тольятти, севернее здания, имеющего адрес: бульвар Буденного, 8;;Муниципальная казна
1400;П1300000012047;63:09:0101170:10408;Хоккейная площадка;Самарская область, Автозаводский район, г. Тольятти, южнее здания, имеющего адрес: бульвар Буденного, 8;;Муниципальная казна
1401;П1300000012947;63:09:0101170:10442;Футбольное поле;Самарская область, Автозаводский район, г. Тольятти, б-р Буденного, д. 1;;Оперативное управление
1402;П1000000000039;63:09:0101170:10475;Автодорога по бульвару Буденного;Самарская область, Автозаводский район, г. Тольятти, от улицы Фрунзе до Приморского бульвара, юго-восточнее здания, имеющего адрес: бульвар Буденного, 2;910,0;Муниципальная казна
1403;П1300000013346;63:09:0101170:10501;Сети ливневой канализации: подключения от дождеприемников, расположенных на территории квартала 7;Самарская область, Автозаводский район, г. Тольятти, западнее, юго-западнее здания, имеющего адрес: проспект Степана Разина, 40;879,0;Муниципальная казна
1404;П1300000012009;63:09:0101170:10550;Сеть ливневой канализации от колодца № 1 до № 3, от колодца № 3 до №4, от колодца № 4 до №5, от колодца №4 до №128;Самарская область, Автозаводский район, г. Тольятти, северо-западнее здания, имеющего адрес: бульвар Буденного, 8;93,0;Муниципальная казна
1405;П1300000010282;63:09:0101170:10552;Участок сети водоснабжения по техподполью по дому б-р Буденного, 18 в 7 квартале;Самарская область, Автозаводский район, г. Тольятти;169,0;Муниципальная казна
1406;П1300000010264;63:09:0101170:10553;Участок сети водоснабжения от ВК-6 до дома Приморский, 14 в 7 квартале;Самарская область, Автозаводский район, г. Тольятти;28,0;Муниципальная казна
1407;П1300000012039;63:09:0101170:10789;Сеть бытовой канализации от колодца №1 до №2, от колодца №2 до №3, от колодца №3 до №4, от колодца №4 до №4а, от колодца №4а до №170;Самарская область, Автозаводский район, г. Тольятти, северо-западнее здания, имеющего адрес: бульвар Буденного, дом 8;91,0;Муниципальная казна
1408;П1300000012045;63:09:0101170:10790;Сеть бытовой канализации от колодца №158 до №6, от колодца №6 до №7, от колодца №6 до №5, о т колодца №5 до №4;Самарская область, Автозаводский район, г. Тольятти, северо-восточнее здания, имеющего адрес: Приморский бульвар, дом 24;63,0;Муниципальная казна
1409;П1300000012041;63:09:0101170:10791;Сеть бытовой канализации от колодца №1 до №2, от колодца №2 до №3, от колодца №3 до №115;Самарская область, Автозаводский район, г. Тольятти, западнее здания, имеющего адрес: Приморский бульвар, дом 24;55,0;Муниципальная казна
1410;П1300000012049;63:09:0101170:10792;Сеть бытовой канализации от колодца №8 до № 160;Самарская область, Автозаводский район, г. Тольятти, западнее здания, имеющего адрес: бульвар Приморский, дом 24;28,0;Муниципальная казна
1411;П1300000011839;63:09:0101170:10795;Участок сети бытовой канализации от существующего колодца до здания по бул. Буденного, 16 в 7 кв;Самарская область, Автозаводский район, г. Тольятти, юго-западнее здания, имеющего адрес: бульвар Буденного, дом 16;85,0;Муниципальная казна
1412;П1300000012151;63:09:0101170:10812;Тепловая сеть до 62-Х;Самарская область, Автозаводский район, г. Тольятти, б-р Буденного, 20;4,0;Муниципальная казна
1413;П1300000012149;63:09:0101170:10813;Тепловая сеть до 63-Х;Самарская область, Автозаводский район, г. Тольятти, б-р Буденного, 2;6,0;Муниципальная казна
1414;П1300000010555;63:09:0101170:10814;Тепловая сеть Уз17-5(28)-ЦТП №71, ЦТП №71-ТК-1;Самарская область, Автозаводский район, г. Тольятти;17,0;Муниципальная казна
1415;П1300000012005;63:09:0101170:10845;Сеть ливневой канализации от колодца №9 до №8;Самарская область, Автозаводский район, г. Тольятти;15,0;Муниципальная казна
1416;П1300000012007;63:09:0101170:10847;Сеть ливневой канализации от колодца № 2 до № 34;Самарская область, Автозаводский район, г. Тольятти;84,0;Муниципальная казна
1417;П1300000012003;63:09:0101170:10848;Сеть ливневой канализации от колодца № 1 до № 9;Самарская область, Автозаводский район, г. Тольятти;42,0;Муниципальная казна
1418;П1300000012013;63:09:0101170:10849;Сеть ливневой канализации от колодца №120а до № 120б;Самарская область, Автозаводский район, г. Тольятти;16,0;Муниципальная казна
1419;П1300000012011;63:09:0101170:10850;Сеть ливневой канализации от колодца № 18 до № 17;Самарская область, Автозаводский район, г. Тольятти;15,0;Муниципальная казна
1420;П1300000010110;63:09:0101170:698;Тепловая сеть  транзит к ж/д  2;Самарская область, Автозаводский район, г. Тольятти, по техподполью здания, имеющего адрес: бульвар Приморский, 26;86,0;Муниципальная казна
1421;П1300000009997;63:09:0101170:699;Тепловая сеть  транзит к 64-Х;Самарская область, Автозаводский район, г. Тольятти, по техподполью здания, имеющего адрес: бульвар Приморский, 12;126,0;Муниципальная казна
1422;П1300000009996;63:09:0101170:701;Тепловая сеть  транзит к ж/д  5, 30, 3, 2;Самарская область, Автозаводский район, г. Тольятти, по техподполью здания, имеющего адрес: бульвар Буденного, 18;176,0;Муниципальная казна
1423;П1300000011015;63:09:0101170:709;Тепловая сеть  Уз.3-т.А-17Г;Самарская область, Автозаводский район, г. Тольятти, севернее, северо-восточнее здания, имеющего адрес: г. Тольятти, Автозаводский район, ул. Юбилейная, 67;221,0;Муниципальная казна
1424;П1300000010108;63:09:0101170:710;Тепловая сеть  транзит к д/с № 80;Самарская область, Автозаводский район, г. Тольятти, по техподполью здания, имеющего адрес: бульвар Приморский, 18;125,0;Муниципальная казна
1425;П1300000010111;63:09:0101170:713;Тепловая сеть  транзит к ж/д  6;Самарская область, Автозаводский район, г. Тольятти, по техподполью здания, имеющего адрес: ул. Юбилейная, 61;50,0;Муниципальная казна
1426;П1300000010122;63:09:0101170:714;Тепловая сеть от К1 до ж/д. 39;Самарская область, Автозаводский район, г. Тольятти, южнее здания, имеющего адрес: бульвар Буденного, 5;6,0;Муниципальная казна
1427;П1300000010713;63:09:0101170:9889;Тепловая сеть от стены здания до ТК8 от ТК8 до стены дома 13;Самарская область, Автозаводский район, г. Тольятти, восточнее здания, имеющего адрес: ул. Юбилейная, 39;55,0;Муниципальная казна
1428;П1300000011828;63:09:0101171:3857;Площадка для отдыха с пешеходной дорожкой;Самарская область, Автозаводский район, г. Тольятти, северо-восточнее здания, имеющего адрес: проспект Степана Разина, 32;;Муниципальная казна
1429;П1300000011781;63:09:0101171:3858;Спортивная площадка;Самарская область, Автозаводский район, г. Тольятти, севернее здания, имеющего адрес: проспект Степана Разина, 32;;Муниципальная казна
1430;П1300000010256;63:09:0101171:3860;Участок сети водоснабжения от Уз 13 ПГ-3А/26 до дома 8-А по проспекту Ленинский, 23 в 3а кв.;Самарская область, Автозаводский район, г. Тольятти, южнее здания, имеющего адрес: проспект Ленинский, 23;4,0;Муниципальная казна
1431;П1300000010255;63:09:0101171:3861;Участок сети водоснабжения от Уз-8а до 8 по проспекту Ленинский 15/30 в 3а кв.;Самарская область, Автозаводский район, г. Тольятти, западнее здания, имеющего адрес: проспект Ленинский, 15;49,0;Муниципальная казна
1432;П1300000010258;63:09:0101171:3862;Участок сети водоснабжения от Уз 7 до Уз 17 Ду 150, по проспекту Ленинскому, 15/30 в 3а кв.;Самарская область, Автозаводский район, г. Тольятти, восточнее здания, имеющего адрес: пр-т Ленинский, 21;115,0;Муниципальная казна
1433;П1000000000280;63:09:0101171:4299;Автодорога по Новому проезду;Самарская область, Автозаводский район, г. Тольятти, от Ленинского проспекта до улицы Фрунзе, юго-восточнее здания, имеющего адрес: проезд Новый, 2;481,0;Муниципальная казна
1434;П1300000013990;63:09:0101171:4597;Участок тепловой сети от т.Б до Уз.8;Самарская область, Автозаводский район, г. Тольятти, пр-кт Ленинский, д. 15, квартал 3а;183,0;Муниципальная казна
1435;П1300000014614;63:09:0101171:4599;Участок сети теплоснабжения от Уз.1-1-Ут3, от Тк2 до жилого дома, расположенного по адресу: ул. Фрунзе, д. 10-б;Самарская область, Автозаводский район, г. Тольятти, от Уз.1-1-Ут3, от Тк2 до жилого дома, расположенного по адресу: ул. Фрунзе, д. 10-б;121,0;Муниципальная казна
1436;П1300000014766;63:09:0101171:4600;Участок сети теплоснабжения от УТ-3 до жилого дома, расположенного по адресу: Автозаводский район, ул. Фрунзе, д. 10-а;Самарская область, Автозаводский район, г. Тольятти, ул. Фрунзе, д. 10а;67,0;Муниципальная казна
1437;П1300000008942;63:09:0101171:545;Тепловая сеть от Уз4-1 до ж/д. 8-Б;Самарская область, Автозаводский район, г. Тольятти, восточнее, северо-восточнее здания, имеющего адрес: ул. Фрунзе, 14;49,0;Муниципальная казна
1438;П1300000011016;63:09:0101171:546;Тепловая сеть. Транзит к ГСК;Самарская область, Автозаводский район, г. Тольятти, западнее здания, имеющего адрес: г. Тольятти, Автозаводский район, проспект Степана Разина, д. 36-а;37,0;Муниципальная казна
1439;П1300000011309;63:09:0101172:536;Тепловая сеть ЦТП № 71-ТК1;Самарская область, Автозаводский район, г. Тольятти, северо-западнее здания, имеющего адрес: ул. Юбилейная, д. 35;29,0;Муниципальная казна
1440;П1300000010257;63:09:0101172:597;"Участок сети водоснабжения от ВК-1"" до ВК-3 (к райисполкому) и от ВК-1"" до администрации по Новому проезду, 2 в 3а кв.";Самарская область, Автозаводский район, г. Тольятти, юго-восточнее здания, имеющего адрес: проезд Новый, 2;174,0;Муниципальная казна
1441;П1300000010259;63:09:0101172:598;Участок сети водоснабжения от уз 28 до ВК-1 (на ул. Юбилейной) и до ВК-1 на Новом проезде до ВК-1 на Юбилейной по кольцу вдоль Юбилейной и Ленинского пр-та до ВК-3 в 3а кв.;Самарская область, Автозаводский район, г. Тольятти, севернее, северо-восточнее здания, имеющего адрес: ул. Фрунзе, 14-в;1431,0;Муниципальная казна
1442;П1300000011701;63:09:0101172:599;Водопроводные сети Центрального района (частный сектор) по пер. 6-ый Онежский;Самарская область, Центральный район, г. Тольятти, юго-восточнее здания, имеющего адрес: ул. Минская, 77;205,0;Муниципальная казна
1443;П1300000008200;63:09:0101172:601;Подземный переход;Самарская область, Автозаводский район, г. Тольятти, северо-восточнее жилого дома, имеющего адрес: проспект Ленинский, 27;;Муниципальная казна
1444;П1300000011995;63:09:0101172:901;Сеть бытовой канализации от колодца № 20 до № 212, от колодца № 212 до № 215;Самарская область, Автозаводский район, г. Тольятти, юго-восточнее, южнее здания, имеющего адрес: проезд Новый, дом 4;122,0;Муниципальная казна
1445;П1300000014571;63:09:0101172:913;Участок сети теплоснабжения (Уз. 12-1) ТК8 до здания, расположенного по адресу: ул. Юбилейная, д. 31-З;Самарская область, Автозаводский район, г. Тольятти, ул. Юбилейная, д. 31з;85,0;Муниципальная казна
1446;П1300000014756;63:09:0101172:914;Бытовая канализация от ж/д до КК-19, 20, расположенная по адресу: Самарская область, г. Тольятти, Автозаводский район, ул. Тополиная, д. 14 (стр. № 34Д);Самарская область, Автозаводский район, г. Тольятти, ул. Тополиная, д. 14, (стр. № 34Д);97,0;Муниципальная казна
1447;П1300000012952;63:09:0101173:565;Участок сети от Уз.32 до инженерного центра;Самарская область, Автозаводский район, г. Тольятти, юго-восточнее здания, имеющего адрес: улица Революционная, дом 25;187,0;Муниципальная казна
1448;П1300000013945;63:09:0101173:778;Сеть бытовой канализации от колодца № 9 до № 7;"Самарская область, Автозаводский район, г. Тольятти, ул. Юбилейная, д. 8, МАУ ""КЦ ""Автоград""";12,0;Муниципальная казна
1449;П1300000014077;63:09:0101173:785;Водосток № 13 по Н-1 от колодца № 1 до колодца № 2/4;Самарская область, Автозаводский район, г. Тольятти, ул. Юбилейная, квартал 3;201,0;Муниципальная казна
1450;П1300000011755;63:09:0101175:3164;Хоккейный корт;Самарская область, Автозаводский район, г. Тольятти, западнее здания, имеющего адрес: Ленинский проспект, 29;;Муниципальная казна
1451;П1300000012953;63:09:0101175:3390;Транзитные сети 3 квартала: проспект Ленинский, дом 29 (транзитные сети по подвалу жилого дома 7-Б);Самарская область, Автозаводский район, г. Тольятти, транзит по техподполью здания, имеющего адрес: проспект Ленинский, дом 29;156,0;Муниципальная казна
1452;П1300000012951;63:09:0101175:3391;Участок сети, от ВК-3 до ВК-1, от ВК-1 до ВК-6 (в центре кварт), от ВК-6 до ЦТП-31;Самарская область, Автозаводский район, г. Тольятти, западнее, северо-западнее здания, имеющего адрес: проспект Ленинский, дом 27;396,0;Муниципальная казна
1453;П1300000013943;63:09:0101175:3640;Сети бытовой канализации от колодца № 5 до № 6, от колодца № 6 до № 1;Самарская область, Автозаводский район, г. Тольятти, пр-кт Московский, д. 37, 7-Ш, МБУ лицей № 51;176,0;Муниципальная казна
1454;П1000000000395;63:09:0101175:537;Кольцевая транспортная развязка по Ленинскому проспекту -Московскому проспекту;Самарская область, Автозаводский район, г. Тольятти, северо-западнее здания, имеющего адрес: Московский проспект, 35;;Муниципальная казна
1455;П1300000008874;63:09:0101175:539;Тепловая сеть от Уз12-7 до ж/д. 10-Ж;Самарская область, Автозаводский район, г. Тольятти, севернее здания, имеющего адрес: проспект Ленинский, 18;12,0;Муниципальная казна
1456;П1300000011300;63:09:0101175:541;Тепловая сеть. Уз.12-5-10А;Самарская область, Автозаводский район, г. Тольятти, северо-восточнее здания, имеющего адрес: Ленинский проспект, д. 24;26,0;Муниципальная казна
1457;П1300000010645;63:09:0101175:543;"Тепловая сеть Уз.16-18Р; Уз.18-18О; ЦТП № 33-уз.16-уз.17-уз.18; Уз.18-т.А; т.А-18С";Самарская область, Автозаводский район, г. Тольятти, южнее здания, имеющего адрес: г. Тольятти, Автозаводский район, Ленинский проспект, д. 9;172,0;Муниципальная казна
1458;П1300000011295;63:09:0101175:544;Тепловая сеть. Транзит к 18-К;Самарская область, Автозаводский район, г. Тольятти, по техподполью здания, имеющего адрес: проспект Ленинский, д. 9;47,0;Муниципальная казна
1459;П1300000008877;63:09:0101175:545;Тепловая сеть от т. А  до ж/д. 9-В;Самарская область, Автозаводский район, г. Тольятти, севернее здания, имеющего адрес: проспект Ленинский, 26;23,0;Муниципальная казна
1460;П1000000000396;63:09:0101175:546;Кольцевая транспортная развязка по Ленинскому проспекту - проспекту Степана Разина;Самарская область, Автозаводский район, г. Тольятти, северо-западнее здания, имеющего адрес: Ленинский проспект, 13;;Муниципальная казна
1461;П1300000008907;63:09:0101175:547;Тепловая сеть от Уз 66 до ж/д. 9-Г;Самарская область, Автозаводский район, г. Тольятти, севернее здания, имеющего адрес: проспект Ленинский, 28;110,0;Муниципальная казна
1462;П1300000011293;63:09:0101175:548;Тепловая сеть. Транзит к 18-М;Самарская область, Автозаводский район, г. Тольятти, по техподполью здания, имеющего адрес: Ленинский проспект, д. 3б;19,0;Муниципальная казна
1463;П1300000011301;63:09:0101175:550;Тепловая сеть. Уз.12-9-1(14)-10Ж;Самарская область, Автозаводский район, г. Тольятти, северо-восточнее здания, имеющего адрес: проспект Ленинский, д. 18;13,0;Муниципальная казна
1464;П1300000012950;63:09:0101176:10616;Футбольное поле;Самарская область, Автозаводский район, г. Тольятти, б-р Королева, д. 3;;Оперативное управление
1465;П1300000013794;63:09:0101176:10653;Тепловая сеть от 6-с до НС61;Самарская область, Автозаводский район, г. Тольятти, юго-восточнее здания, имеющего адрес: ул.Фрунзе, 35;14,0;Муниципальная казна
1466;П1300000013464;63:09:0101176:10680;Сети ливневой канализации: подключения от дождеприемников, расположенных на территории квартала 6;Самарская область, Автозаводский район, г. Тольятти, западнее, северо-западнее здания, имеющего адрес: ул. Революционная, 78;954,0;Муниципальная казна
1467;П1300000011638;63:09:0101176:10854;Участок сети водоснабжения от Т-3-4 до ЦТП-62, ЦТП-62, ввод от ЦТП-62 до Приморского,38 в 6 квартале;Самарская область, Автозаводский район, г. Тольятти, южнее здания, имеющего адрес: бул. Приморский, 38;163,0;Муниципальная казна
1468;П1300000011639;63:09:0101176:10855;Участок сети водоснабжения Королева,24 по тех.подполью в 6 квартале;Самарская область, Автозаводский район, г. Тольятти, техподполье здания, имеющего адрес: бул. Королева, 24;80,0;Муниципальная казна
1469;П1300000011634;63:09:0101176:10856;Участок сети водоснабжения Фрунзе,37 восточный ввод в 6 квартале;Самарская область, Автозаводский район, г. Тольятти, восточнее здания, имеющего адрес: ул. Фрунзе, 37;71,0;Муниципальная казна
1470;П1300000011637;63:09:0101176:10857;Участок сети водоснабжения от УЗ-40 до стк-33, до Приморского б-р, 34 (6-И) в 6 квартале;Самарская область, Автозаводский район, г. Тольятти, южнее здания, имеющего адрес: бул. Приморский, 34;109,0;Муниципальная казна
1471;П1300000011661;63:09:0101176:10866;Участок сети водоснабжения от ВК-122 до ВК-3, по Московскому пр-ту в 6 квартале;Самарская область, Автозаводский район, г. Тольятти, западнее здания, имеющего адрес: просп. Московский, 53;26,0;Муниципальная казна
1472;П1300000014081;63:09:0101176:11181;Участок сети дождевой канализации от колодца д-1 до колодца № 5;Самарская область, Автозаводский район, г. Тольятти, б-р Приморский, д. 44, (6-дс-1);141,0;Муниципальная казна
1473;П1300000014082;63:09:0101176:11182;Участок сети дождевой канализации от колодца № 14 до колодца № 3`;Самарская область, Автозаводский район, г. Тольятти, ул. Фрунзе, 41 (5-Ю), ул. Фрунзе, 43 (5-Ф);234,0;Муниципальная казна
1474;П1300000014083;63:09:0101176:11183;Сети ливневой канализации от колодца № 1 до № 4;Самарская область, Автозаводский район, г. Тольятти, ул. Революционная, д. 70, (6-Х);93,0;Муниципальная казна
1475;П1300000010549;63:09:0101176:9637;Открытая стоянка для временного хранения автомобилей;Самарская область, Автозаводский район, г. Тольятти, западнее здания, имеющего адрес: Московский проспект, 49;;Муниципальная казна
1476;П1000000000182;63:09:0101176:9796;Автодорога по бульвару Королева;Самарская область, Автозаводский район, г. Тольятти, б-р Королева, от улицы Фрунзе до Приморского бульвара, южнее объекта, имеющего адрес: бульвар Королева, 2;970,0;Муниципальная казна
1477;П1300000014478;63:09:0101178:1235;Тепловая сеть, расположенная от Тк2 до стены фундамента нежилого здания ул. Революционная, 80, строение 5 (подземная в лотках ДУ-80мм);Самарская область, Автозаводский район, г. Тольятти, ул. Революционная, д. 80;61,0;Муниципальная казна
1478;П1300000012413;63:09:0101178:652;Сети ливневой канализации от колодца №17 до №27/52;Самарская область, Автозаводский район, г. Тольятти, южнее, юго-восточнее здания, имеющего адрес: ул. Спортивная, 35;2100,0;Муниципальная казна
1479;П1300000009631;63:09:0101178:660;"Беговая дорожка № 1 асфальто-бетонная с резиновым покрытием стадиона ""Торпедо""";"Самарская область, Автозаводский район, г. Тольятти, в центре стадиона ""Торпедо""";;Оперативное управление
1480;П1300000009630;63:09:0101178:661;"Хоккейный корт с холодоканалом стадиона ""Торпедо""";"Самарская область, Автозаводский район, г. Тольятти, в центре стадиона ""Торпедо""";;Оперативное управление
1481;П1300000009642;63:09:0101178:662;"Центральное футбольное поле стадиона ""Торпедо""";"Самарская область, Автозаводский район, г. Тольятти, в центре стадиона ""Торпедо""";;Оперативное управление
1482;П1300000009163;63:09:0101178:838;Гидротехническое сооружение (пирс);Самарская область, Автозаводский район, г. Тольятти, юго-западнее здания диспетчерского пункта, имеющего адрес: ул. Спортивная, 34;;Муниципальная казна
1483;П1300000014496;63:09:0101179:1516;Участок сети теплоснабжения от ТК-ПР1 до жилого дома, расположенного по адресу: Автозаводский район, ул. Революционная, д. 49;Самарская область, Автозаводский район, г. Тольятти, ул. Революционная, д. 49;5,0;Муниципальная казна
1484;П1300000014493;63:09:0101179:1517;Участок сети теплоснабжения от ктс 38 – ТК-ПР1 до жилого дома, расположенного по адресу: Автозаводский район, ул. Революционная, д. 47;Самарская область, Автозаводский район, г. Тольятти, ул. Революционная, д. 47;76,0;Муниципальная казна
1485;П1300000014520;63:09:0101179:1518;Участок сети ливневой канализации от сущ. трассы до жилого дома, расположенного по адресу: Автозаводский район, ул. Революционная, д. 47;Самарская область, Автозаводский район, г. Тольятти, ул. Революционная;90,0;Муниципальная казна
1486;П1300000014576;63:09:0101179:1519;Участок сети теплоснабжения - транзит по жилому дому (поз.3), расположенного южнее жилого дома, имеющего адрес: Автозаводский район, ул. Революционная, д. 47;Самарская область, Автозаводский район, г. Тольятти, ул. Революционная, д. 51;41,0;Муниципальная казна
1487;П1300000014521;63:09:0101179:1520;Участок сети ливневой канализации до жилого дома, расположенного по адресу: Автозаводский район, ул. Революционная, д. 49;Самарская область, Автозаводский район, г. Тольятти, ул. Революционная, д. 49;45,0;Муниципальная казна
1488;П1200000000088;63:09:0101179:1521;Сети ливневой канализации от колодца № 8 до колодца № 16;"Самарская область, Автозаводский район, г. Тольятти, южная сторона Дворца спорта ""Волгарь""";53,0;Муниципальная казна
1489;П1300000014722;63:09:0101179:1526;Участок сети водоснабжения от коллектора до жилого дома, расположенного по адресу: Автозаводский район, ул. Революционная, д. 47;Самарская область, Автозаводский район, г. Тольятти, ул. Революционная, д. 47;20,0;Муниципальная казна
1490;П1300000012423;63:09:0101179:527;Сети ливневой канализации от колодца №1-№4 до №28;Самарская область, Автозаводский район, г. Тольятти, восточнее, юго-восточнее здания, имеющего адрес: ул. Революционная, 82-а;199,0;Муниципальная казна
1491;П1300000012948;63:09:0101180:10622;Футбольное поле;Самарская область, Автозаводский район, г. Тольятти, ул. Юбилейная, д. 81;;Оперативное управление
1492;П1300000013382;63:09:0101180:10632;Сети теплоснабжения;Самарская область, Автозаводский район, г. Тольятти, западнее здания, имеющего адрес: проспект Степана Разина, 84-а;29,0;Муниципальная казна
1493;П1300000013416;63:09:0101180:10633;Тепловая сеть (от ТК-70 до ж/д);Самарская область, Автозаводский район, г. Тольятти, северо-восточнее здания, имеющего адрес: ул. Юбилейная, 75;28,0;Муниципальная казна
1494;П1300000013587;63:09:0101180:10634;Тепловая сеть (от УТ 13 (II-В) до 17-Б-6);Самарская область, Автозаводский район, г. Тольятти, юго-восточнее здания, имеющего адрес: пр. Степана Разина, 82;184,0;Муниципальная казна
1495;П1300000013630;63:09:0101180:10641;Тепловая сеть;Самарская область, Автозаводский район, г. Тольятти, юго-восточнее здания, имеющего адрес: проспект Степана Разина, 88;57,0;Муниципальная казна
1496;П1300000013628;63:09:0101180:10642;Тепловая сеть (от 17-Б-5 до 17-Б-6 (лит. Т-Т1);Самарская область, Автозаводский район, г. Тольятти, восточнее здания, имеющего адрес: ул.Спортивная, 10;118,0;Муниципальная казна
1497;П1300000014458;63:09:0101180:10985;Канализационные сети к МКД по ул. Спортивная д. 8, 8А, 8Б;Самарская область, Российская Федерация, Самарская область, г. Тольятти, Автозаводский район, ул. Спортивная д. 8, 8А, 8Б;293,0;Муниципальная казна
1498;П1300000014445;63:09:0101180:10986;Ливневая канализация к МКД по ул. Спортивная д. 8, 8А, 8Б;Самарская область, Автозаводский район, г. Тольятти, ул. Спортивная, 8, 8А, 8Б;258,0;Муниципальная казна
1499;П1300000014456;63:09:0101180:10987;Участок теплосети от Уз3 до дома № 18а, расположенный по адресу: г. Тольятти, Автозаводский район, ул. Спортивная, 18а;Самарская область, Автозаводский район, г. Тольятти, ул. Спортивная, д. 18а;71,0;Муниципальная казна
1500;П1300000014570;63:09:0101180:11007;Участок сети теплоснабжения от ТК5 до жилого дома, расположенного по адресу: ул. Спортивная, д. 14;Самарская область, Автозаводский район, г. Тольятти, ул. Спортивная, д. 14;45,0;Муниципальная казна
1501;П1300000014568;63:09:0101180:11008;Участок сети теплоснабжения от К12-Ут1 до жилого дома, расположенного по адресу: бульвар Кулибина, д. 2-а;Самарская область, Автозаводский район, г. Тольятти, б-р Приморский, д. 15;12,0;Муниципальная казна
1502;П1300000014759;63:09:0101180:11010;Канализационные сети, расположенные по адресу: Самарская область, г. Тольятти, Автозаводский район, к дому ул. Спортивная, 10;Самарская область, Автозаводский район, г. Тольятти, ул. Спортивная, д. 10;134,0;Муниципальная казна
1503;П1300000014760;63:09:0101180:11011;Канализационные сети, расположенные по адресу: Самарская область, г. Тольятти, Автозаводский район, к дому ул. Спортивная, 4, 4а, 4б;Самарская область, Автозаводский район, г. Тольятти, к дому ул. Спортивная, 4, 4а, 4б;242,0;Муниципальная казна
1504;П1300000014626;63:09:0101180:11013;Участок сети водоснабжения к жилому дому, расположенному по адресу: Автозаводский район, ул. Спортивная, д. 6;Самарская область, Автозаводский район, г. Тольятти, ул. Спортивная, д. 6;63,0;Муниципальная казна
1505;П1300000014683;63:09:0101180:11014;Канализационные сети, расположенные по адресу: Самарская область, Автозаводский район, ул. Спортивная, 16;Самарская область, Автозаводский район, г. Тольятти, ул. Спортивная, д. 16;822,0;Муниципальная казна
1506;П1300000014636;63:09:0101180:11017;Участок сети водоснабжения между корпусами 14-А-1/2 и 17-А-1/3 жилого дома, расположенного по адресу: Автозаводский район, ул. Юбилейная, д. 85;Самарская область, Автозаводский район, г. Тольятти, ул. Юбилейная, д. 85;32,0;Муниципальная казна
1507;П1300000014634;63:09:0101180:11018;Участок сети водоснабжения от ВК-26 (ПГ/34) до корпуса 14-А-1/3 жилого дома,  расположенного по адресу: Автозаводский район, ул. Юбилейная, д. 85;Самарская область, Автозаводский район, г. Тольятти, ул. Юбилейная, д. 85;28,0;Муниципальная казна
1508;П1300000014737;63:09:0101180:11019;Участок сети водоснабжения от ВК-59 (ПГ-8/1) до корпуса 17-А-1/1 жилого дома, расположенного по адресу: Автозаводский район, ул. Юбилейная, д. 85;Самарская область, Автозаводский район, г. Тольятти, ул. Юбилейная, д. 85;43,0;Муниципальная казна
1509;П1300000014635;63:09:0101180:11020;Участок сети водоснабжения между корпусами 17-А-1/1 и 17-А-1/2 жилого дома, расположенного по адресу: Автозаводский район, ул. Юбилейная, д.85;Самарская область, Автозаводский район, г. Тольятти, ул. Юбилейная, д. 85;31,0;Муниципальная казна
1510;П1300000014765;63:09:0101180:11023;Сеть теплоснабжения-транзит по дому 17-А-2 и от дома 17-А-2 до жилого дома, расположенного по адресу: Автозаводский район, ул. Юбилейная, д. 89 (17-А-5);Самарская область, Автозаводский район, г. Тольятти, ул. Юбилейная, д. 89;25,0;Муниципальная казна
1511;П1300000014828;63:09:0101180:11028;Участок сети теплоснабжения от (Ут13-2В) до Тк2 в 8 квартале к МКД по ул. Спортивная, 8, 8А, 8Б;Самарская область, Автозаводский район, г. Тольятти, ул. Спортивная, д. 8, 8А, 8Б;152,0;Муниципальная казна
1512;П1300000014824;63:09:0101180:11031;Водопроводные сети, расположенные по адресу Самарская область, г. Тольятти, Автозаводский район, к дому ул. Спортивная, 10;Самарская область, Автозаводский район, г. Тольятти, к дому ул. Спортивная, 10;42,0;Муниципальная казна
1513;П1300000014831;63:09:0101180:11032;Водопроводные сети, расположенные по адресу Самарская область, г. Тольятти, Автозаводский район, к дому ул. Спортивная, 8, 8А, 8Б;Самарская область, Автозаводский район, г. Тольятти, ул. Спортивная, д. 8, 8А, 8Б;89,0;Муниципальная казна
1514;П1300000012414;63:09:0101180:11041;Сети ливневой канализации от колодца №19 до №10, от колодца №17 до №16;Самарская область, Автозаводский район, г. Тольятти, пр-кт Степана Разина, д. 78;17,0;Муниципальная казна
1515;П1300000008910;63:09:0101180:603;Тепловая сеть от Тк100 до ж/д. 17-Ф;Самарская область, Автозаводский район, г. Тольятти, севернее здания, имеющего адрес: проспект Степана Разина, 80;4,0;Муниципальная казна
1516;П1300000008940;63:09:0101180:619;Тепловая сеть от Тк100 до ж/д. 17-У;Самарская область, Автозаводский район, г. Тольятти, южнее здания, имеющего адрес: проспект Степана Разина, 68;92,0;Муниципальная казна
1517;П1300000010689;63:09:0101180:8155;Тепловая сеть от Уз-13 до тк39;Самарская область, Автозаводский район, г. Тольятти, северо-восточнее здания, имеющего адрес: бул. Приморский, 29;21,0;Муниципальная казна
1518;П1300000012411;63:09:0101180:8807;Сети ливневой канализации от колодца №1а до №130 от колодца №10 до №8;Самарская область, Автозаводский район, г. Тольятти, восточнее здания, имеющего адрес: ул. Юбилейная, 63;252,0;Муниципальная казна
1519;П1300000012424;63:09:0101180:8808;Сети ливневой канализации от колодца №3 до №17;Самарская область, Автозаводский район, г. Тольятти, южнее, юго-восточнее здания, имеющего адрес: ул. Спортивная, 18-в;947,0;Муниципальная казна
1520;П1300000012425;63:09:0101180:8809;Сети ливневой канализации от колодца №3 до №17;Самарская область, Автозаводский район, г. Тольятти, южнее, юго-восточнее здания, имеющего адрес: б-р Приморский, 31;59,0;Муниципальная казна
1521;П1300000011370;63:09:0101180:8810;Сети бытовой канализации от колодца №21 до №9;Самарская область, Автозаводский район, г. Тольятти, юго-восточнее здания, имеющего адрес: ул. Юбилейная, 71;245,0;Муниципальная казна
1522;П1300000012412;63:09:0101180:8811;Сети ливневой канализации от колодца №1 до №2;Самарская область, Автозаводский район, г. Тольятти, северо-восточнее здания, имеющего адрес: пр-т Степана Разина, 68;241,0;Муниципальная казна
1523;П1300000012415;63:09:0101180:8812;Сети ливневой канализации от колодца №100 до №1, от колодца №1 до №3;Самарская область, Автозаводский район, г. Тольятти, северо-восточнее здания, имеющего адрес: пр-т Степана Разина, 68-б;349,0;Муниципальная казна
1524;П1300000011368;63:09:0101180:8815;Сети бытовой канализации от колодца №1 до №13 от колодца №10 до №12;Самарская область, Автозаводский район, г. Тольятти, восточнее здания, имеющего адрес: ул. Юбилейная, 63;241,0;Муниципальная казна
1525;П1300000011561;63:09:0101180:8824;"Сети бытовой канализации от колодца №4"" до №5, от колодца №6"" до №6";Самарская область, Автозаводский район, г. Тольятти, северо-восточнее здания, имеющего адрес: ул. Юбилейная, 69;51,0;Муниципальная казна
1526;П1300000011369;63:09:0101180:8825;Сети бытовой канализации от колодца №100 до №106, от колодца №106 до №19;Самарская область, Автозаводский район, г. Тольятти, северо-восточнее здания, имеющего адрес: проспект С. Разина, 70;402,0;Муниципальная казна
1527;П1300000013654;63:09:0101181:1036;Участок сети водопровода интерната для слабовидящих от ВК-9 на Приморском бульваре до ПГ-1 на ул.Жукова, ввод;Самарская область, Автозаводский район, г. Тольятти, севернее, южнее, юго-восточнее здания, имеющего адрес: ул. Маршала Жукова, 56;744,0;Муниципальная казна
1528;П1300000008799;63:09:0101181:1040;Сети бытовой канализации школы -интерната №4 от колодца №1 до №27 до №7 на магистральной сети, от колодца 12 до №27, от колодца №20 до №22;Самарская область, Автозаводский район, г. Тольятти, юго-западнее, юго-восточнее здания, имеющего адрес:улица Маршала Жукова, д.56, стр.1;469,0;Муниципальная казна
1529;П1300000013267;63:09:0101181:1042;Канализация бытовая;Самарская область, Автозаводский район, г. Тольятти, севернее, восточнее здания, имеющего адрес: проспект Степана Разина, 93;163,0;Муниципальная казна
1530;П1300000013265;63:09:0101181:1043;Водопровод;Самарская область, Автозаводский район, г. Тольятти, восточнее здания, имеющего адрес: проспект Степана Разина, 93;164,0;Муниципальная казна
1531;П1300000013263;63:09:0101181:1044;Ливневая канализация;Самарская область, Автозаводский район, г. Тольятти, севернее, северо-западнее, западнее здания, имеющего адрес: проспект Степана Разина, 93;130,0;Муниципальная казна
1532;П1300000013266;63:09:0101181:1045;Тепловая сеть;Самарская область, Автозаводский район, г. Тольятти, западнее здания, имеющего адрес: проспект Степана Разина, 93;47,0;Муниципальная казна
1533;П1300000013987;63:09:0101181:1518;Участок тепловой сети от Уз.12а-2В до здания, от Тк.2а до хозблока;Самарская область, Автозаводский район, г. Тольятти, пр-кт Степана Разина, д. 99;175,0;Муниципальная казна
1534;П1300000014539;63:09:0101181:1667;Сеть водоснабжения от ПГ-ДЦ/19 до жилого дома, расположенного по адресу: Автозаводский район, ул. Жукова, 54-а;Самарская область, Автозаводский район, г. Тольятти, ул. Маршала Жукова, д. 54а;40,0;Муниципальная казна
1535;П1300000014541;63:09:0101181:1668;Сеть водоснабжения от ВК-ДЦ/25 до жилого дома, расположенного по адресу: Автозаводский район, ул. Жукова, 54-в;Самарская область, Автозаводский район, г. Тольятти, ул. Маршала Жукова, д. 54в;120,0;Муниципальная казна
1536;П1300000014538;63:09:0101181:1669;Сеть водоснабжения от ВК-ДЦ/26 до жилого дома, расположенного по адресу: Автозаводский район, ул. Жукова, 54;Самарская область, Автозаводский район, г. Тольятти, в районе дома № 54 по ул. Жукова;40,0;Муниципальная казна
1537;П1300000014540;63:09:0101181:1670;Сеть водоснабжения от ВК-ДЦ/4 до жилого дома, расположенного по адресу: Автозаводский район, ул. Жукова, 54-б;Самарская область, Автозаводский район, г. Тольятти, ул. Маршала Жукова, д. 54б;90,0;Муниципальная казна
1538;П1300000014764;63:09:0101181:1671;Участок сети теплоснабжения от ЦТП-114 до жилого дома, расположенного по адресу: Автозаводский район, ул. Маршала Жукова, д. 52;Самарская область, Автозаводский район, г. Тольятти, ул. Маршала Жукова, д. 52;108,0;Муниципальная казна
1539;П1300000014854;63:09:0101181:1676;Сеть бытовой канализации от КК-17, КК-15 до жилого дома, расположенного по адресу: Самарская область, Автозаводской район, ул. Маршала Жукова, 54 б;Самарская область, Автозаводский район, г. Тольятти, ул. Маршала Жукова, д. 54б;50,0;Муниципальная казна
1540;П1300000014855;63:09:0101181:1677;Сеть бытовой канализации от КК-1, КК-3, КК-39 сущ. до жилого дома, расположенного по адресу: Самарская область, Автозаводский район, ул. Маршала Жукова, 54 в;Самарская область, Автозаводский район, г. Тольятти, ул. Маршала Жукова, д. 54в;155,0;Муниципальная казна
1541;П1300000014853;63:09:0101181:1678;Сеть бытовой канализации от КК-4, КК-3 до жилого дома, расположенного по адресу: Самарская область, Автозаводской район, ул. Маршала Жукова, 54 а;Самарская область, Автозаводский район, г. Тольятти, ул. Маршала Жукова, д. 54а;16,0;Муниципальная казна
1542;П1300000014846;63:09:0101181:1679;Сети ливневой канализации от начальных колодцев жилых домов ул. Маршала Жукова, 54, 54а, 54б, 54в до колодца ЛК-4, расположенные по адресу: Самарская область, ул. Маршала Жукова, 54, 54а, 54б, 54в;Самарская область, Автозаводский район, г. Тольятти, ул. Маршала Жукова, д. 54;258,0;Муниципальная казна
1543;П1300000014847;63:09:0101181:1680;Ливневая насосная станция, расположенная по адресу: Самарская область, г. Тольятти, Автозаводской район, ул. Маршала Жукова, 54, 54А, 54б, 54в;Самарская область, Автозаводский район, г. Тольятти, ул. Маршала Жукова, д. 54;;Муниципальная казна
1544;П1300000014852;63:09:0101181:1681;Сеть бытовой канализации от КК-8, КК-6 до жилого дома, расположенного по адресу: Самарская область, Автозаводский район, ул. Маршала Жукова, 54;Самарская область, Автозаводский район, г. Тольятти, ул. Маршала Жукова, д. 54;38,0;Муниципальная казна
1545;П1300000013763;63:09:0101182:1337;Тепловая сеть;Самарская область, Автозаводский район, г. Тольятти, северо-западнее здания, имеющего адрес: ул. Маршала Жукова, 37;308,0;Муниципальная казна
1546;П1300000013296;63:09:0101182:1365;Сети ливневой канализации: подключения от дождеприемников, расположенных на территории ДГ по ул.Маршала Жукова;Самарская область, Автозаводский район, г. Тольятти, юго-восточнее здания, имеющего адрес: улица Маршала Жукова, 3-а;529,0;Муниципальная казна
1547;П1000000000465;63:09:0101182:1382;"Внутриквартальная автодорога от дублера по ул Маршала Жукова, вдоль жилых домов, расположенных по адресу: Автозаводский район, ул. Маршала Жукова, д. 35-А, корпус 1 и корпус 2
адресу: Автозаводский район, ул. Маршала Жукова, д. 35-А, корпус 1 и корпус 2";Самарская область, Автозаводский район, г. Тольятти, от улицы Маршала Жукова, севернее здания №35 по ул. Маршала Жукова, до здания №37 по ул. Маршала Жукова;223,0;Муниципальная казна
1548;П1300000012106;63:09:0101182:1383;Сети ливневой канализации от колодца №26 до №23, от колодца №28 до №29;Самарская область, Автозаводский район, г. Тольятти, южнее здания, имеющего адрес: улица Маршала Жукова, 7;82,0;Муниципальная казна
1549;П1300000012064;63:09:0101182:1384;Сети ливневой канализации от колодца №30 до №33, от колодца №32 до №24;Самарская область, Автозаводский район, г. Тольятти, северо-восточнее здания, имеющего адрес: улица Маршала Жукова, 11;114,0;Муниципальная казна
1550;П1300000012104;63:09:0101182:1385;"Сети ливневой канализации от колодца №12"" до №6, от колодца №1 до №6, от колодца №10 до №3, от колодца №11 до №4";"Самарская область, Автозаводский район, г. Тольятти, Детский городок ул. Жукова 3 ""Т"" д.с. № 156";199,0;Муниципальная казна
1551;П1300000012076;63:09:0101182:1603;Сети бытовой канализации от колодца №19 до №8, от колодца №21 до №9, от колодца №17 до №20;Самарская область, Автозаводский район, г. Тольятти, севернее здания, имеющего адрес: улица Маршала Жукова, дом 5;79,0;Муниципальная казна
1552;П1300000012088;63:09:0101182:1607;Сети бытовой канализации от колодца №12 до №41, от колодца №41 до №32, от колодца №32 до №11';Самарская область, Автозаводский район, г. Тольятти, юго-западнее здания, имеющего адрес: улица Маршала Жукова, дом 1;242,0;Муниципальная казна
1553;П1000000000480;63:09:0101182:1671;Участок автомобильной дороги - от автодороги ул. Маршала Жукова в районе д. 51/7 до автодороги по бульвару Здоровья, в районе д. 3-в по ул. Маршала Жукова (вдоль леса);Самарская область, Автозаводский район, г. Тольятти;2245,0;Муниципальная казна
1554;П1300000014548;63:09:0101182:1673;Участок сети ливневой канализации от ЛК-6 до ЛК-1 и ЛК6 до ЛК-5 к жилому дома № 35 «А» корп.1, корп.2 по ул. Маршала Жукова;Самарская область, Автозаводский район, г. Тольятти, ул. Маршала Жукова, д. 35А, корп. 1, корп. 2;87,0;Муниципальная казна
1555;П1300000014549;63:09:0101182:1674;Участок сети бытовой канализации от КК-6 до жилого дома № 35 «А» корп.1, корп.2 по ул. Маршала Жукова;Самарская область, Автозаводский район, г. Тольятти, ул. Маршала Жукова, д. 35А, корп. 1, корп. 2;115,0;Муниципальная казна
1556;П1300000014900;63:09:0101182:1680;"Участок сети водоснабжения от ВК-2 (ПГ11/51) до жилого дома № 35 ""В"" по ул. Маршала Жукова Автозаводского района";Самарская область, Автозаводский район, г. Тольятти, ул. Маршала Жукова, д. 35в;60,0;Муниципальная казна
1557;П1300000014721;63:09:0101182:1681;Участок сети водоснабжения от ВК-4/ПГ-11/53 до жилого дома, расположенного по адресу: ул. Маршала Жукова, д. 37;Самарская область, Автозаводский район, г. Тольятти, ул. Маршала Жукова, д. 37;80,0;Муниципальная казна
1558;П1300000012100;63:09:0101182:1783;Сети ливневой канализации от колодца №23 до №25;"Самарская область, Автозаводский район, г. Тольятти, Детский городок от корпуса ""Ф"" ул. Маршала Жукова";67,0;Муниципальная казна
1559;П1300000012062;63:09:0101182:1786;Сети ливневой канализации от колодца №13 до №6, от колодца №15 до №14;"Самарская область, Автозаводский район, г. Тольятти, Детский городок ул. Жукова, 5 ""С"" д.с. № 169";78,0;Муниципальная казна
1560;П1300000012108;63:09:0101182:1788;Сети ливневой канализации от колодца №17 до №8, от колодца №16 до №7;"Самарская область, Автозаводский район, г. Тольятти, Детский городок ул. Жукова 1 ""Р"" д.с. № 160";42,0;Муниципальная казна
1561;П1300000010116;63:09:0101182:562;Тепловая сеть от т. Г до 10А;Самарская область, Автозаводский район, г. Тольятти, севернее здания, имеющего адрес: ул. Маршала Жукова, 14;24,0;Муниципальная казна
1562;П1300000010117;63:09:0101182:579;Тепловая сеть от Уз9АIIВ - Тк1 до ж/д. 11;Самарская область, Автозаводский район, г. Тольятти, юго-восточнее здания, имеющего адрес: ул. Маршала Жукова, 18;156,0;Муниципальная казна
1563;П1300000014498;63:09:0101183:12613;Участок теплосети от УТ6 до жилого дома № 61-Б по ул. 40 лет Победы;Самарская область, Автозаводский район, г. Тольятти, ул. 40 лет Победы, д. 61б;6,0;Муниципальная казна
1564;П1300000014499;63:09:0101183:12614;Участок теплосети от УТ-5-УТ-7 до жилого дома № 61 по ул. 40 лет Победы, протяженностью 76,5 м-2013 год;Самарская область, Автозаводский район, г. Тольятти, ул. 40 лет Победы, д. 61;114,0;Муниципальная казна
1565;П1300000014497;63:09:0101183:12616;Участок теплосети от УТ4-УТ5-УТ6 до жилого дома № 61-А по ул. 40 лет Победы;Самарская область, Автозаводский район, г. Тольятти, ул. 40 лет Победы, д. 61а;191,0;Муниципальная казна
1566;П1300000013984;63:09:0101183:12618;Участок тепловой сети от Уз.5 до ЭВЦ (медгородок);Самарская область, Автозаводский район, г. Тольятти, б-р Здоровья, д. 25;54,0;Муниципальная казна
1567;П1300000013986;63:09:0101183:12626;Тепловая сеть от Администрации до ИТС Медгородка;Самарская область, Автозаводский район, г. Тольятти, б-р Здоровья, д. 25;33,0;Муниципальная казна
1568;П1300000014746;63:09:0101183:12632;Участок сети бытовой канализации от КБ-16 через КБ-24 до КБ-23а от жилого дома, расположенного по адресу: ул. 40 лет Победы, д. 15;Самарская область, Автозаводский район, г. Тольятти, ул. 40 лет Победы, д. 15;161,0;Муниципальная казна
1569;П1300000014720;63:09:0101183:12634;Водопроводная сеть т. врезки в УТ-14-III-в до наружной стены дома, транзит по техподполью до ВК-2 до жилого дома по адресу: г. Тольятти, Автозаводский район, ул. 40 лет Победы, д. 13Б;Самарская область, Автозаводский район, г. Тольятти, ул. 40 лет Победы, д. 13Б;400,0;Муниципальная казна
1570;П1300000014834;63:09:0101183:12635;Участок сети водоснабжения от ВК-4 до здания, расположенного по адресу: 40 лет Победы, д. 15-б;Самарская область, Автозаводский район, г. Тольятти, ул. 40 лет Победы, д. 15б;20,0;Муниципальная казна
1571;П1300000014715;63:09:0101183:12636;Участок сети водоснабжения от ВК-8 до здания, расположенного по адресу: ул. 40 лет Победы, д. 15-в;Самарская область, Автозаводский район, г. Тольятти, ул. 40 лет Победы, д. 15-в;20,0;Муниципальная казна
1572;П1300000014723;63:09:0101183:12748;Участок сети водоснабжения от ПГ-14а/6а от ПГ-14а/12а до здания, расположенного по адресу: ул. 40 лет Победы, д. 49-а;Самарская область, Автозаводский район, г. Тольятти, ул. 40 лет Победы, д. 49а;80,0;Муниципальная казна
1573;П1300000012224;63:09:0101183:12749;Сети водоснабжения на территории Медгородка, от Уз9 до ВК110;Самарская область, Автозаводский район, г. Тольятти;1781,0;Муниципальная казна
1574;П1300000014716;63:09:0101183:12751;Участок сети водоснабжения от ВК-2, расположенного по адресу: ул. 40 лет Победы, д. 15-г;Самарская область, Автозаводский район, г. Тольятти, ул. 40 лет Победы, д. 15Г;30,0;Муниципальная казна
1575;П1300000014733;63:09:0101183:12752;Участок сети водоснабжения от ПГ 17а/16 до жилого дома, расположенного по адресу: ул. 40 лет Победы, д. 17-д «поз. 11»;Самарская область, Автозаводский район, г. Тольятти, ул. 40 лет Победы, д. 17-Д;18,0;Муниципальная казна
1576;П1300000014898;63:09:0101183:12753;Участок сети водоснабжения от ВК-9 до здания, расположенного по адресу: ул. 40 лет Победы, д. 15е;Самарская область, Автозаводский район, г. Тольятти, ул. 40 лет Победы, д. 15е;20,0;Муниципальная казна
1577;П1300000014724;63:09:0101183:12754;Участок водопровода 14 б квартала Автозаодского района от ВК-11 через ПГ-14б/1, ПГ-14б/2, ПГ-14б/3, ПГ-14б/4, ПГ-14б/6 до ВК-4;Самарская область, Автозаводский район, г. Тольятти, 14 Б квартал;900,0;Муниципальная казна
1578;П1300000014836;63:09:0101183:12756;Участок сети водоснабжения от точки врезки в водопровод Д 315 до здания, расположенного по адресу: ул. 40 лет Победы, д. 63;Самарская область, Автозаводский район, г. Тольятти, ул. 40 лет Победы, д. 63;20,0;Муниципальная казна
1579;П1300000014837;63:09:0101183:12757;Участок сети водоснабжения от ПГ-14б/5, от ПГ-14б/6 до здания, расположенного по адресу: ул. 40 лет Победы, д. 61-в;Самарская область, Автозаводский район, г. Тольятти, ул. 40 лет Победы, д. 61в;80,0;Муниципальная казна
1580;П1300000014732;63:09:0101183:12758;Участок сети водоснабжения от ВК-9 до жилого дома, расположенного по адресу: ул. 40 лет Победы, д. 17-г «поз. 10»;Самарская область, Автозаводский район, г. Тольятти, ул. 40 лет Победы, д. 17-Г, «поз. 10»;46,0;Муниципальная казна
1581;П1300000014725;63:09:0101183:12760;Участок водопровода 14 б квартала Автозаводского района от ВК-2 через ПГ, ПГ-8 до ВК-7;Самарская область, Автозаводский район, г. Тольятти, 14 Б квартал;200,0;Муниципальная казна
1582;П1300000014869;63:09:0101183:12770;Сеть бытовой канализации домов №17 и №17-б по ул. 40 лет Победы от КК-46 через КК-50, КК-35 до КК- 25 сущ;Самарская область, Автозаводский район, г. Тольятти, ул. 40 лет Победы, д. 17Б;331,0;Муниципальная казна
1583;П1300000014913;63:09:0101183:12771;Участок сети ливневой канализации с кадастровым номером 63:09:0101183:5012, от КЛ-51 до КЛ-44 до жилого дома;Самарская область, Автозаводский район, г. Тольятти, ул. 40 лет Победы, д. 17В;200,0;Муниципальная казна
1584;П1300000014868;63:09:0101183:12772;Сеть бытовой канализации жилых домов № 17-г и № 17-д по ул. 40 лет Победы от КК-1, от КК-5 до КК 45;Самарская область, Автозаводский район, г. Тольятти, ул. 40 лет Победы, д. 17Г;112,0;Муниципальная казна
1585;П1300000014804;63:09:0101183:12781;Участок теплосети от УТ2до жилого дома №63 по ул. 40 лет Победы, протяженностью 26,3 м - 2014 год;Самарская область, Автозаводский район, г. Тольятти, от УТ2 до жилого дома № 63 по ул. 40 лет Победы;26,0;Муниципальная казна
1586;П1300000014866;63:09:0101183:12782;Участок сети бытовой канализации от КК-5 до КК-24, от КК-1 до КК-5 и до здания, расположенного по адресу: ул.40 лет Победы, д.49-А;Самарская область, Автозаводский район, г. Тольятти, ул. 40 лет Победы, д. 49а;100,0;Муниципальная казна
1587;П1300000014867;63:09:0101183:12783;Участок сети бытовой канализации от КК-1 до КК-10 и до здания, расположенного по адресу: ул. 40 лет Победы, д. 63;Самарская область, Автозаводский район, г. Тольятти, ул. 40 лет Победы, д. 63;150,0;Муниципальная казна
1588;П1300000014805;63:09:0101183:12794;Участок теплосети от УТ3 до жилого дома №63-А по ул. 40 лет Победы;Самарская область, Автозаводский район, г. Тольятти, участок теплосети от УТ3 до жилого дома № 63-А по ул. 40 лет Победы;57,0;Муниципальная казна
1589;П1300000014858;63:09:0101183:12795;Участок сети ливневой канализации здания, расположенного по адресу: ул. 40 лет Победы, д. 15-Г;Самарская область, Автозаводский район, г. Тольятти, ул. 40 лет Победы, д. 15г;300,0;Муниципальная казна
1590;П1300000012226;63:09:0101183:13351;Сети водоснабжения на территории Медгородка, ввод к зданию 15;Самарская область, Автозаводский район, г. Тольятти;40,0;Муниципальная казна
1591;П1300000012230;63:09:0101183:13359;Сети водоснабжения на территории Медгородка, ввод от здания Адм. корп., ввод в здание ЦТС;Самарская область, Автозаводский район, г. Тольятти, б-р Здоровья, д. 25;35,0;Муниципальная казна
1592;П1300000012228;63:09:0101183:13628;Сети водоснабжения на территории Медгородка, ввод к зданию 13;Самарская область, Автозаводский район, г. Тольятти;4,0;Муниципальная казна
1593;П1300000012777;63:09:0101183:3792;Футбольное поле;Самарская область, Автозаводский район, г. Тольятти, ул. 40 лет Победы, д. 10;;Оперативное управление
1594;П1300000010284;63:09:0101183:4887;Сети ливневой канализации от колодца № 1-№7 до №14, от колодца №7-№8 до №4, от колодца №11 до №9;Самарская область, Автозаводский район, г. Тольятти, юго-западнее, южнее здания, имеющего адрес: ул. 40 лет Победы, 55;315,0;Муниципальная казна
1595;П1300000010275;63:09:0101183:5173;Сети ливневой канализации от колодца № 4-№16 до №7, от колодца №14а до №13, от колодца №1 до №13, от колодца №1 до колодца №4, от колодца №1 до № 3;Самарская область, Автозаводский район, г. Тольятти, южнее, юго-восточнее здания, имеющего адрес: бульвар Здоровья, 25, стр. 11;604,0;Муниципальная казна
1596;П1300000010944;63:09:0101183:5174;Сети ливневой канализации от колодца №1 до №9а;Самарская область, Автозаводский район, г. Тольятти, юго-западнее здания, имеющего адрес: бульвар Здоровья, 25, стр. 18;340,0;Муниципальная казна
1597;П1300000010281;63:09:0101183:5175;Сети ливневой канализации от колодца № 12 до № 52;Самарская область, Автозаводский район, г. Тольятти, северо-западнее здания, имеющего адрес: бульвар Здоровья, 25, стр. 2;306,0;Муниципальная казна
1598;П1300000010274;63:09:0101183:5177;Сети ливневой канализации от колодца № 1 до № 5, от колодца № 2 до № 7;Самарская область, Автозаводский район, г. Тольятти, юго-западнее здания, имеющего адрес: бульвар Здоровья, 25, стр. 26;354,0;Муниципальная казна
1599;П1300000013914;63:09:0101183:6349;Сети бытовой канализации от КК-5 до колодца № 13;Самарская область, Автозаводский район, г. Тольятти, юго-западнее здания, имеющего адрес: ул. 40 лет Победы,58;109,0;Муниципальная казна
1600;П1300000013921;63:09:0101183:6350;Сети бытовой канализации от КК (сущ.) до КК 7;Самарская область, Автозаводский район, г. Тольятти, северо-восточнее здания, имеющего адрес: ул. 40 лет Победы,47;286,0;Муниципальная казна
1601;П1300000013882;63:09:0101183:6351;Сети дождевой канализации от КЛ-6 до колодца №9;Самарская область, Автозаводский район, г. Тольятти, юго-восточнее здания, имеющего адрес: ул. 40 лет Победы,66;107,0;Муниципальная казна
1602;П1300000013883;63:09:0101183:6352;Сети бытовой канализации от колодца № 13 до колодца №11;Самарская область, Автозаводский район, г. Тольятти, юго-восточнее здания, имеющего адрес: ул. 40 лет Победы,68;29,0;Муниципальная казна
1603;П1300000013878;63:09:0101183:6354;Сети дождевой канализации от колодца № 9 до колодца № 7;Самарская область, Автозаводский район, г. Тольятти, юго-восточнее здания, имеющего адрес: ул. 40 лет Победы,62;28,0;Муниципальная казна
1604;П1300000013910;63:09:0101183:6869;Сети водоснабжения от ПГ-3 до ВК-6;Самарская область, Автозаводский район, г. Тольятти, юго-восточнее здания, имеющего адрес: ул. 40 лет Победы, 64;183,0;Муниципальная казна
1605;П1300000013909;63:09:0101183:6870;Сети водоснабжения от ВК-4 до ПГ-3;Самарская область, Автозаводский район, г. Тольятти, юго-восточнее здания, имеющего адрес: ул. 40 лет Победы, 60;205,0;Муниципальная казна
1606;П1300000013922;63:09:0101183:7124;Сети водоснабжения от ВК (сущ.) до ПГ-3;Самарская область, Автозаводский район, г. Тольятти, северо-восточнее здания, имеющего адрес: ул. 40 лет Победы, 47-а;267,0;Муниципальная казна
1607;П1300000013864;63:09:0101183:7129;Тепловые сети от ТК-6 до ж/д по ул. 40 лет Победы, 11-б;Самарская область, Автозаводский район, г. Тольятти, южнее здания имеющего адрес: 40 лет Победы, 11-б;7,0;Муниципальная казна
1608;П1300000013868;63:09:0101183:7130;Тепловые сети от ТК-4 до ж/д по ул. 40 лет Победы, 7;Самарская область, Автозаводский район, г. Тольятти, юго-западнее здания имеющего адрес: 40 лет Победы, 7;275,0;Муниципальная казна
1609;П1300000013911;63:09:0101183:7601;Сети дождевой канализации от КЛ (сущ.) до КЛ-10;Самарская область, Автозаводский район, г. Тольятти, северо-восточнее здания, имеющего адрес: ул. 40 лет Победы,47-б;287,0;Муниципальная казна
1610;П1300000013279;63:09:0101183:7702;Сети ливневой канализации: подключения от дождеприемников, расположенных на территории Медгородка;Самарская область, Автозаводский район, г. Тольятти, южнее, юго-западнее здания, имеющего адрес: бульвар Здоровья, 25, строение 3;237,0;Муниципальная казна
1611;П1000000000445;63:09:0101183:7735;Автодорога от ул. 40 лет Победы до бульвара Здоровья;Самарская область, Автозаводский район, г. Тольятти, от ул. 40 лет Победы до бульвара Здоровья, юго-западнее здания, имеющего адрес: 40 лет Победы, д. 63-а;585,0;Муниципальная казна
1612;П1000000000475;63:09:0102151:7953;"Автодорога в микрорайоне ""Калина""Автозаводского района(проезд-1,2,4,5)";Самарская область, Автозаводский район, г. Тольятти;1470,0;Муниципальная казна
1613;П1300000014476;63:09:0102151:8164;Наружные сети канализации;Самарская область, Автозаводский район, г. Тольятти, ул. Ворошилова, д. 2а, в/г 3;3491,0;Муниципальная казна
1614;П1300000014475;63:09:0102151:8166;Наружные сети водопровода;Самарская область, Автозаводский район, г. Тольятти, ул. Ворошилова, д. 2а, в/г 3;1748,0;Муниципальная казна
1615;П1300000014474;63:09:0102151:8245;Наружные тепловые сети;Самарская область, Автозаводский район, г. Тольятти, ул. Ворошилова, д. 2а, в/г 3;896,0;Муниципальная казна
1616;П1300000014632;63:09:0102151:8952;Сеть водоснабжения от ВК-1, от ВК-2 до жилых домов №№ 24, 26, 28, 30 по ул. Полякова Автозаводского района;Самарская область, Автозаводский район, г. Тольятти, ул. Полякова, д. 24, 26, 28, 30;942,0;Муниципальная казна
1617;П1000000000485;63:09:0102151:8975;Строительство дороги по улице Владимира Высоцкого;Самарская область, Автозаводский район, г. Тольятти, ул. Владимира Высоцкого;958,0;Муниципальная казна
1618;П1000000000463;63:09:0102152:2987;Автодорога от ул. Борковской до здания ГСК по адресу: ул. Борковская,73;Самарская область, Автозаводский район, г. Тольятти, от улицы Борковской, севернее здания по адресу: ул. Борковская, 79, до здания по адресу: ул. Борковская, 73;366,0;Муниципальная казна
1619;П1000000000462;63:09:0102152:2988;Автодорога от ул. Борковской до здания ГСК по адресу: ул. Борковская,59;Самарская область, Автозаводский район, г. Тольятти, от улицы Борковской, южнее здания по адресу: ул. Борковская, 55, до здания по адресу: ул. Борковская, 59;338,0;Муниципальная казна
1620;П1000000000486;63:09:0102152:4581;Участок автомобильной дороги по ул. Ботаническая от дома № 52 до дома № 58 с южной стороны, расположенная по адресу:Самарская область, г. Тольятти, Автозаводский район, ул. Ботаническая;Самарская область, Автозаводский район, г. Тольятти, ул. Ботаническая;621,0;Муниципальная казна
1621;П1000000000487;63:09:0102152:4588;Участок автомобильной дороги по ул. Ботаническая от дома № 52 до дома № 58 с северной стороны, расположенная по адресу:Самарская область, г. Тольятти, Автозаводский район, ул. Ботаническая;Самарская область, Автозаводский район, г. Тольятти, ул. Ботаническая, от дома № 52 до дома № 58 с северной стороны;621,0;Муниципальная казна
1622;П1300000010115;63:09:0102152:772;Тепловая сеть от К1а до ж/д. 3-И;Самарская область, Автозаводский район, г. Тольятти, севернее, северо-западнее здания, имеющего адрес: ул. Дзержинского, 77;6,0;Муниципальная казна
1623;П1300000013082;63:09:0102153:2760;Внутриплощадочные тепловые сети технического музея;Самарская область, Автозаводский район, г. Тольятти, на территории музея, северо-западнее территории пождепо, имеющего адрес: ул.Заставная, дом 16;936,6;Оперативное управление
1624;П1300000013084;63:09:0102153:2761;Дождевая канализация К2 от подземного тира до К23 технического музея;Самарская область, Автозаводский район, г. Тольятти, на территории музея, северо-западнее территории пождепо, имеющего адрес: ул.Заставная, дом 16;78,0;Оперативное управление
1625;П1300000013081;63:09:0102153:2762;Внутриплощадочные сети дождевой канализации К2 технического музея;Самарская область, Автозаводский район, г. Тольятти, по периметру на территории музея, восточнее и севернее территории музея, северо-западнее территории пождепо, имеющего адрес: ул.Заставная, дом 16;2862,8;Оперативное управление
1626;П1300000013080;63:09:0102153:2767;Хоз. фекальная канализация К1 в районе подземного тира технического музея;Самарская область, Автозаводский район, г. Тольятти, на территории музея, северо-западнее территории пождепо, имеющего адрес: ул.Заставная, д.16;105,7;Оперативное управление
1627;П1300000013083;63:09:0102153:2768;Хоз. питьевой водопровод В1 к подземному тиру технического музея;Самарская область, Автозаводский район, г. Тольятти, на территории музея, северо-западнее территории пождепо, имеющего адрес: ул.Заставная, д.16;124,3;Оперативное управление
1628;П1300000013085;63:09:0102153:2772;Внутриплощадочные сети водопровода В1 технического музея (общая длина 3293,38 п.м.);Самарская область, Автозаводский район, г. Тольятти, на территории музея, северо-западнее территории пождепо, имеющего адрес:г.Тольятти, ул.Заставная, д.16;3293,4;Оперативное управление
1629;П1300000006020;63:09:0102153:2793;Ливневая канализация;Самарская область, Автозаводский район, г. Тольятти, ул. Революционная, д. 1;271,3;Муниципальная казна
1630;П1300000006018;63:09:0102153:2794;Замощение с ограждением территории;Самарская область, Автозаводский район, г. Тольятти, ул. Революционная, д. 1;;Муниципальная казна
1631;П1300000006019;63:09:0102153:2796;Кабельная линия электропередач наружного освещения;Самарская область, Автозаводский район, г. Тольятти, ул. Революционная, д. 1;230,0;Муниципальная казна
1632;П1300000014190;63:09:0102153:3227;Сети канализации протяженностью 70 п.м.;Самарская область, Автозаводский район, г. Тольятти, расположено севернее, западнее, южнее, юго-восточнее здания, имеющего адрес: ул. Борковская, 60, строение 2;70,0;Муниципальная казна
1633;П1300000014186;63:09:0102153:3229;Сети хозпитьевого водопровода протяженностью 120 п.м.;Самарская область, Автозаводский район, г. Тольятти, расположено юго-западнее здания, имеющего адрес: ул.Борковская, 60;120,0;Муниципальная казна
1634;П1300000013215;63:09:0102153:3515;Контактная сеть троллейбусов;Самарская область, Автозаводский район, г. Тольятти, ул. Воскресенская, сооружение 2;1800,0;Хозяйственное ведение
1635;П1000000000455;63:09:0102153:3568;Правоповоротная полоса движения юго-западнее пересечения Южного шоссе и улицы Борковской;Самарская область, Автозаводский район, г. Тольятти, кольцевое пересечение Южного шоссе и ул. Борковской;355,0;Муниципальная казна
1636;П1300000012194;63:09:0102153:3753;Участок сети водоснабжения (второй ввод) от ВК-2 до СПТУ-65 по ул. Воскресенская, 1;Самарская область, Автозаводский район, г. Тольятти, южнее здания, имеющего адрес: улица Воскресенска, дом 1;40,0;Муниципальная казна
1637;П1000000000473;63:09:0102153:3999;Автодорога (проезд) от ул. Борковская до ул. Воскресенская, расположенная южнее здания, имеющего адрес: Автозаводский район, ул. Революционная, д. 1 (Автозаводский рынок);Самарская область, Автозаводский район, г. Тольятти;330,0;Муниципальная казна
1638;П1200000000089;63:09:0102153:4089;Автодорога (проезд) от ул. Борковская Автозаводского района вдоль здания АО «Автоцентр-Тольятти-ВАЗ», имеющего адрес: Южное шоссе, д. 113 и автозаправочной станции с местоположением: ул. Борковская, д. 64, стр. 1;Самарская область, г. Тольятти;581,0;Муниципальная казна
1639;П1300000014473;63:09:0102153:4224;Скважина артезианских вод, имеющая адрес: Самарская область, г. Тольятти, Центральный район, 8 микрорайон «Северный», ул. Грачева, в районе дома 32;"Самарская область, Центральный район, г. Тольятти, Самарская область, г. Тольятти, Центральный район,8 микрорайона ""Северный"", ул. Грачева, в районе дома 32";;Муниципальная казна
1640;П1300000013924;63:09:0102155:1130;Автомобильные дороги и площадки;Самарская область, Автозаводский район, г. Тольятти, ул. Коммунальная, д. 17;;Муниципальная казна
1641;П1000000000456;63:09:0102155:1178;Правоповоротная полоса движения северо-восточнее пересечения Южного шоссе и улицы Борковской;Самарская область, Автозаводский район, г. Тольятти, кольцевое пересечение Южного шоссе и ул. Борковской;338,0;Муниципальная казна
1642;П1000000000281;63:09:0102155:1183;Автодорога по улице Транспортная;Самарская область, Автозаводский район, г. Тольятти, от проезда Фабричный до проезда Ремесленный;2237,0;Муниципальная казна
1643;П1300000013299;63:09:0102155:1355;Сети ливневой канализации: подключения от дождеприемников по ул.Транспортная;Самарская область, Автозаводский район, г. Тольятти, ул. Транспортная, сооружение 1;351,0;Муниципальная казна
1644;П1000000000479;63:09:0102155:1755;Автодорога проезд 1-ый Безымянный от Южного шоссе до ул. Транспортной;Самарская область, г. Тольятти;387,0;Муниципальная казна
1645;П1300000013997;63:09:0102155:2038;Участок тепловой сети Тк.9/3 - столовой, от Тк до столярки;Самарская область, Автозаводский район, г. Тольятти, ул. Коммунальная, д. 29, промышленно-коммунальная зона;25,0;Муниципальная казна
1646;П1300000010521;63:09:0102155:683;Магистральные тепловые сети котельной № 2;Самарская область, Комсомольский район, г. Тольятти, северо-западнее, севернее, северо-восточнее, восточнее, юго-восточнее здания, имеющего адрес: ул. Коммунистическая, 26;11485,0;Муниципальная казна
1647;П1000000000400;63:09:0102155:752;Кольцевая транспортная развязка по Южному шоссе- улице Ботанической;Самарская область, Автозаводский район, г. Тольятти, юго-западнее здания, имеющего адрес: Южное шоссе, 24а;;Муниципальная казна
1648;П1300000010705;63:09:0102155:834;Ввод на ПКЗ, от врезки в вод-ды на Н-2 до ВК-84 (ВК-105, 105а, 106);Самарская область, Автозаводский район, г. Тольятти, юго-западнее здания, имеющего адрес: Южное шоссе, 30;184,0;Муниципальная казна
1649;П1000000000342;63:09:0102155:867;Автодорога по проезду Кузнечный;Самарская область, Автозаводский район, г. Тольятти, проезд Кузнечный;711,0;Муниципальная казна
1650;П1000000000351;63:09:0102155:884;Автодорога по проезду Ремесленный;Самарская область, Автозаводский район, г. Тольятти, от улицы Коммунальной до Южного шоссе, восточнее объекта, имеющего адрес: ул.Коммунальная, 17;570,0;Муниципальная казна
1651;П1000000000341;63:09:0102155:886;Автодорога по проезду Аптечный;Самарская область, Автозаводский район, г. Тольятти, от улицы Коммунальной до Южного шоссе, восточнее объекта, имеющего адрес: ул.Коммунальная, 25;728,0;Муниципальная казна
1652;П1000000000353;63:09:0102155:887;Автодорога по проезду Служебный;Самарская область, Автозаводский район, г. Тольятти, от Южного шоссе, западнее здания, имеющего адрес: Южное шоссе, дом 26, до улицы Вокзальной, юго-западнее здания, имеющего адрес: улица Коммунальная, дом 38А;1196,0;Муниципальная казна
1653;П1000000000294;63:09:0102155:900;Автодорога Восточная завода-часть улицы Борковской;Самарская область, Автозаводский район, г. Тольятти, между улицей Северной и шоссе Южным;2679,0;Муниципальная казна
1654;П1300000014331;63:09:0102155:902;"Скульптурная стелла ""Ладья""";Самарская область, Автозаводский район, г. Тольятти, на пересечении улицы Борковской и шоссе Южного;;Муниципальная казна
1655;П1000000000411;63:09:0102155:917;Автодорога вдоль западной границы;Самарская область, Автозаводский район, г. Тольятти, ул.Цеховая;2711,0;Муниципальная казна
1656;П1000000000452;63:09:0102156:870;Автодорога от ул.Северной до здания, имеющего адрес: ул.Вокзальная, 106;Самарская область, Автозаводский район, г. Тольятти, от ул. Северной, западнее здания по адресу: ул.Северная, 105, до здания по адресу: ул.Вокзальная, 106;679,0;Муниципальная казна
1657;П1000000000483;63:09:0102157:565;Автодорога к асфальто-бетонному заводу;Самарская область, Автозаводский район, г. Тольятти, юго-западнее здания, имеющего адрес: ул.Окраинная, 8;753,2;Муниципальная казна
1658;П1300000014189;63:09:0102158:1211;Сети канализации протяженностью 2636,4 п.м.;Самарская область, Автозаводский район, г. Тольятти, расположено западнее, севернее и восточнее здания, имеющего адрес: ул. Вокзальная, 56;2636,0;Муниципальная казна
1659;П1300000014187;63:09:0102158:1317;Сети хозпитьевого водопровода протяженностью 4988,1 пм;Самарская область, Автозаводский район, г. Тольятти, расположено юго-западнее, западнее, севернее и северо-восточнее здания, имеющего адрес: ул. Вокзальная, 62, строение 2;4988,0;Муниципальная казна
1660;П1000000000427;63:09:0102158:1330;Автодорога промышленно-коммунальной зоны Автозаводского района;Самарская область, Автозаводский район, г. Тольятти, восточнее объекта недвижимости, имеющего адрес: улица Северная, 81, строение 1, до объекта недвижимости, имеющего адрес: улица Северная, 39;970,0;Муниципальная казна
1661;П1000000000429;63:09:0102158:1331;Автодорога промышленно-коммунальной зоны Автозаводского района;Самарская область, Автозаводский район, г. Тольятти, северо-западнее объекта недвижимости, имеющего адрес: улица Вокзальная, 50, до улицы Северной;1180,0;Муниципальная казна
1662;П1000000000430;63:09:0102158:1332;Автодорога промышленно-коммунальной зоны Автозаводского района;Самарская область, Автозаводский район, г. Тольятти, восточнее объекта недвижимости, имеющего адрес: улица Северная, 81, до объекта недвижимости, имеющего адрес: улица Борковская, 6;1679,0;Муниципальная казна
1663;П1000000000426;63:09:0102158:1333;Автодорога промышленно-коммунальной зоны Автозаводского района;Самарская область, Автозаводский район, г. Тольятти, юго-западнее объекта недвижимости, имеющего адрес: улица Северная, 79, до объекта недвижимости, имеющего адрес: улица Вокзальная, 90;506,0;Муниципальная казна
1664;П1000000000428;63:09:0102158:1334;Автодорога промышленно-коммунальной зоны Автозаводского района;Самарская область, Автозаводский район, г. Тольятти, юго-западнее объекта недвижимости, имеющего адрес: улица Северная, 57, до объекта недвижимости, имеющего адрес: улица Вокзальная, 76;757,0;Муниципальная казна
1665;П1000000000449;63:09:0102158:1409;Автодорога от ул.Северной до перекрестка со строением 27;Самарская область, Автозаводский район, г. Тольятти, в границах участка с почтовым адресом ориентира: г.Тольятти, ул.Северная, 21/21а, от ул.Северной до перекрестка со строением 27;430,0;Муниципальная казна
1666;П1000000000478;63:09:0102158:1700;Автодорога от здания 88 до здания 64 по ул. Вокзальная и от здания 64 по ул. Вокзальная до здания 20-А по ул. Борковская;Самарская область, г. Тольятти;1478,0;Муниципальная казна
1667;П1300000010711;63:09:0102158:922;Участок водопровода - ввод на Стройбазу, от камеры 4 до врезки в вод-д;Самарская область, Автозаводский район, г. Тольятти, северо-западнее здания, имеющего адрес: ул. Вокзальная, 62, стр. 2;281,0;Муниципальная казна
1668;П1300000014383;63:09:0102159:1042;Участок сети бытовой канализации от здания поликлиники ОАО «АВТОВАЗ», расположенного по адресу: Автозаводский район, Южное шоссе, д. 125, от КК-52 до границы территории ОАО «АВТОВАЗ», от границы территории ОАО «АВТОВАЗ» до КК-1, от КК-9’ до КК-9, от КК-10’ до КК-10, от КК-11’ до КК-11, от КК-12’ до КК-12, от КК-20 до КК-13;Самарская область, Автозаводский район, г. Тольятти, ш. Южное, д. 125, от КК-52 до границы территории ОАО «АВТОВАЗ», от границы территории ОАО «АВТОВАЗ» до КК-1, от КК-9’ до КК-9, от КК-10’ до КК-10, от КК-11’ до КК-11, от КК-12’ до КК-12, от КК-20 до КК-13;611,0;Муниципальная казна
1669;П1300000014392;63:09:0102159:1043;Участок сети ливневой канализации от здания поликлиники ОАО «АВТОВАЗ», расположенного по адресу: Автозаводский район, Южное шоссе, д. 125, от КЛ-1 до КЛ-12, от КЛ-15 до КЛ-12, от КЛ-12 до КЛ-18;Самарская область, Автозаводский район, г. Тольятти;433,0;Муниципальная казна
1670;П1300000014330;63:09:0102159:1044;"Участок сети водоснабжения от ВК-1 до здания поликлиники ОАО «АВТОВАЗ», расположенного по
Участок сети водоснабжения от ВК-1 до здания поликлиники ОАО «АВТОВАЗ», расположенного по адресу: Автозаводский район, Южное шоссе, д. 125";Самарская область, Автозаводский район, г. Тольятти, участок сети водоснабжения от ВК-1 до здания поликлиники ОАО «АВТОВАЗ», расположенного по адресу: Автозаводский район, Южное шоссе, д. 125;124,0;Муниципальная казна
1671;П1300000010706;63:09:0102160:1062;Водопроводная сеть до Ресурсконтракта, от ВК-1 до ВК-3;Самарская область, Автозаводский район, г. Тольятти, южнее здания, имеющего адрес: ул. Коммунальная, 18;113,0;Муниципальная казна
1672;П1000000000219;63:09:0102160:1374;Автодорога по улице Коммунальной;Самарская область, Автозаводский район, г. Тольятти, от ул.Борковской до Обводного шоссе, северо-западнее объекта недвижимости, имеющего адрес: ул.Коммунальная, 3;3668,0;Муниципальная казна
1673;П1300000012882;63:09:0102160:1468;Тепловые сети;Самарская область, Автозаводский район, г. Тольятти, северо-западнее, севернее и северо-восточнее здания, имеющего адрес: ул. Коммунальная, 16;1168,0;Муниципальная казна
1674;П1300000013289;63:09:0102160:1584;Сети ливневой канализации: подключения от дождеприемников по улице Вокзальной (от ул.Борковская до ул.Офицерская);Самарская область, Автозаводский район, г. Тольятти, юго-восточнее здания, имеющего адрес: ул. Вокзальная, 38;57,0;Муниципальная казна
1675;П1000000000422;63:09:0102160:1586;"Автодорога от ул.Коммунальной до складов ГСМ ЗАО ""ВИС-Сервис""";Самарская область, Автозаводский район, г. Тольятти, от улицы Коммунальной до улицы Вокзальной, северо-западнее объекта недвижимости, имеющего адрес: улица Коммунальная, 8;726,0;Муниципальная казна
1676;П1000000000460;63:09:0102160:1629;Автодорога от ул. Коммунальная до здания с адресом: ул. Коммунальная, 30Б;Самарская область, Автозаводский район, г. Тольятти, от улицы Коммунальной, западнее и северо-западнее здания по адресу: ул. Коммунальная, 32, до здания по адресу: ул. Коммунальная, 30Б;433,0;Муниципальная казна
1677;П1000000000474;63:09:0102160:1929;Автодорога по ул. Вокзальной от здания №8-Г по ул. Вокзальная до Хрящевского шоссе;Самарская область, Автозаводский район, г. Тольятти;1225,0;Муниципальная казна
1678;П1300000013194;63:09:0102161:588;Ангар арочного типа;Самарская область, Автозаводский район, г. Тольятти, на территории технического музея ВАЗа, северо-западнее здания пождепо, имеющего адрес: ул. Заставная, 16 в санитарно-защитной зоне;;Оперативное управление
1679;П1300000014317;63:09:0102161:700;Территория Паркового комплекса истории техники им.К.Г.Сахарова-трасса для картинга;"Самарская область, Автозаводский район, г. Тольятти, ш. Южное, санитарно-защитная зона ОАО ""АВТОВАЗ"" (на земельном участке с кадастровым номером:63:09:0102161:570)";;Оперативное управление
1680;П1000000000459;63:09:0102161:701;Автодорога по территории Паркового комплекса истории техники им.К.Г.Сахарова;"Самарская область, Автозаводский район, г. Тольятти, ш. Южное, санитарно-защитная зона ОАО ""АВТОВАЗ""";6511,0;Оперативное управление
1681;П1300000014384;63:09:0102161:990;Сети канализации;Самарская область, Автозаводский район, г. Тольятти, ш. Южное;830,0;Оперативное управление
1682;П1300000014393;63:09:0102161:991;Кабельная линия 10 Кв;Самарская область, Автозаводский район, г. Тольятти, ш. Южное;792,0;Оперативное управление
1683;П1300000014185;63:09:0102165:661;Сети хозпитьевого водопровода протяженностью 300 п.м.;Самарская область, Автозаводский район, г. Тольятти, расположено северо-восточнее здания, имеющего адрес: Московский проспект, 10-д;300,0;Муниципальная казна
1684;П1300000014192;63:09:0102165:664;Сети канализации, Общая длина - 662,7 п.м.;Самарская область, Автозаводский район, г. Тольятти, северо-восточнее, восточнее, юго-восточнее здания, имеющего адрес: Московский проспект, 10-б;663,0;Муниципальная казна
1685;П1000000000439;63:09:0103035:4117;Автодорога от улицы Фермерской до границы городского округа Тольятти;Самарская область, Автозаводский район, г. Тольятти, от границы городского округа Тольятти, южнее территории земельного участка с кадастровым номером 63:09:0103035:908 до границы городского округа Тольятти, юго-западнее территории земельного участка с кадастровым номером 63:09:0103035:865;1423,0;Муниципальная казна
1686;П1300000014694;63:09:0103035:9628;Участок сети ливневой канализации от дома № 62 по Московскому проспекту от КЛ-1 через КЛ-4, КНС, КГН-2 до КЛ-1сущ;Самарская область, Автозаводский район, г. Тольятти, пр-кт Московский, д. 62;392,0;Муниципальная казна
1687;П1300000014675;63:09:0103035:9967;Сеть ливневой канализации от начальных колодцев жилых домов № 44 и № 46 по Московскому проспекту Автозаводского района до КК- 21;Самарская область, Автозаводский район, г. Тольятти, пр-кт Московский, д. № 44, 46;504,0;Муниципальная казна
1688;П1300000014624;63:09:0104013:1703;Участок сети водоснабжения от ПГ-7 до жилого дома, распложенного по адресу: Лесопарковое шоссе, д. 64;Самарская область, Центральный район, г. Тольятти, ш. Лесопарковое, д. 64;26,0;Муниципальная казна
1689;П1300000014622;63:09:0104013:1704;Участок сети водоснабжения от ПГ-6 до жилого дома, расположенного по адресу: Лесопарковое шоссе, д. 60;Самарская область, Центральный район, г. Тольятти, ш. Лесопарковое, д. 60;17,0;Муниципальная казна
1690;П1300000014623;63:09:0104013:1705;Участок сети водоснабжения от ПГ-6 до жилого дома, расположенного по адресу: Лесопарковое шоссе, д. 62;Самарская область, Центральный район, г. Тольятти, ш. Лесопарковое, д. 62;7,0;Муниципальная казна
1691;П1300000014599;63:09:0104013:1711;Участок сети теплоснабжения от Уз12-1-2В до жилого дома, расположенного по адресу: Лесопарковое шоссе, д. 62;Самарская область, Центральный район, г. Тольятти, ш. Лесопарковое, д. 62;160,0;Муниципальная казна
1692;П1300000014600;63:09:0104013:1712;Участок сети теплоснабжения от Ут4-Ут5 до жилого дома, расположенного по адресу: ул. Лесопарковое шоссе, 64;Самарская область, Центральный район, г. Тольятти, ш. Лесопарковое, д. 64;127,0;Муниципальная казна
1693;П1300000014838;63:09:0104013:1713;Участок сети водоснабжения от ПГ-3 до жилого дома, расположенного по адресу: ул. Спортивная, 1-д;Самарская область, Автозаводский район, г. Тольятти, ул. Спортивная, д. 1Д;19,0;Муниципальная казна
1694;П1300000014889;63:09:0104013:1851;Участок сети ливневой канализации от ЛК-11 до КК-31 до жилого дома, расположенного по адресу: Лесопарковое шоссе, д. 60;Самарская область, Автозаводский район, г. Тольятти, ш. Лесопарковое, д. 60;92,0;Муниципальная казна
1695;П1300000007189;63:09:0104013:523;Скважина № 170-а с подземной камерой;"Самарская область, Автозаводский район, г. Тольятти, на территории водозабора ""Соцгородской""";;Муниципальная казна
1696;П1300000009845;63:09:0104013:526;Резервуар № 3, V= 10000 м3.;"Самарская область, Центральный район, г. Тольятти, водозабор ""Соцгородской""";;Муниципальная казна
1697;П1300000009843;63:09:0104013:527;Резервуар № 2, V=3000 м3.;"Самарская область, Центральный район, г. Тольятти, водозабор ""Соцгородской""";;Муниципальная казна
1698;П1300000009844;63:09:0104013:539;Резервуар № 1, V=3000 м3.;"Самарская область, Центральный район, г. Тольятти, водозабор ""Соцгородской""";;Муниципальная казна
1699;П1300000007827;63:09:0104013:550;Скважина № 206 с наземным павильоном;"Самарская область, Автозаводский район, г. Тольятти, на территории водозабора ""Соцгородской""";;Муниципальная казна
1700;П1300000014394;63:09:0105020:642;Бетонная площадка;Самарская область, Автозаводский район, г. Тольятти, Спортгавань;;Муниципальная казна
1701;П1300000014395;63:09:0105020:649;Сооружение производственного назначения;Самарская область, Автозаводский район, г. Тольятти, Спортгавань;;Муниципальная казна
1702;П1300000011180;63:09:0201055:1140;Магистральные сети канализации (построенные до 1991г. включительно)  п. Поволжский;Самарская область, Комсомольский район, г. Тольятти, севернее, северо-западнее, западнее здания, имеющего адрес: ул. Олимпийская, д. 60;5321,0;Муниципальная казна
1703;П1300000011055;63:09:0201055:1194;Магистральные сети водопровода п. Поволжский;Самарская область, Комсомольский район, г. Тольятти, северо-западнее, севернее, северо-восточнее здания, имеющего адрес: г. Тольятти, Комсомольский район, ул. Олимпийская, 60;7019,0;Муниципальная казна
1704;П1300000011054;63:09:0201055:1197;Внутриквартальные сети водопровода, построенные до 1991г. включительно, п. Поволжский;Самарская область, Комсомольский район, г. Тольятти, северо-восточнее, восточнее, юго-восточнее здания, имеющего адрес: г. Тольятти, Комсомольский район, ул. 60 лет СССР, 1;4075,0;Муниципальная казна
1705;П1300000012417;63:09:0201055:4655;Площадь;Самарская область, Комсомольский район, г. Тольятти, севернее здания, имеющего адрес: ул. 60 лет СССР, 17;;Муниципальная казна
1706;П1300000012416;63:09:0201055:4656;Фонтан;Самарская область, Комсомольский район, г. Тольятти, северо-восточнее здания, имеющего адрес: ул. 60 лет СССР, 17;;Оперативное управление
1707;П1000000000383;63:09:0201055:5029;Автодорога по улице Кожевенная;Самарская область, Комсомольский район, г. Тольятти, ул. Кожевенная;557,0;Муниципальная казна
1708;П1000000000384;63:09:0201055:5035;Автодорога по улице Удалецкая;Самарская область, Комсомольский район, г. Тольятти, ул. Удалецкая;845,0;Муниципальная казна
1709;П1300000012420;63:09:0201055:5147;Электрические сети к фонтану (442, 31 п. м.);Самарская область, Комсомольский район, г. Тольятти, южнее, юго-восточнее здания, имеющего адрес: ул. Новосадовая, 23;442,3;Муниципальная казна
1710;П1300000012418;63:09:0201055:5148;Водопроводные сети к фонтану ;Самарская область, Комсомольский район, г. Тольятти, южнее здания, имеющего адрес: ул. 60 лет СССР, 44;142,5;Муниципальная казна
1711;П1300000012419;63:09:0201055:5149;Канализационные сети к фонтану;Самарская область, Комсомольский район, г. Тольятти, юго-западнее здания, имеющего адрес:ул. 60 лет СССР, 46;9,8;Муниципальная казна
1712;П1300000012939;63:09:0201055:5168;Футбольное поле;Самарская область, Комсомольский район, г. Тольятти, ул. Сиреневая, д. 24;;Оперативное управление
1713;П1000000000113;63:09:0201055:5179;Автодорога по улице Пескалинская;Самарская область, Комсомольский район, г. Тольятти, от улицы Удалецкой до улицы Весенняя, восточнее здания, имеющего адрес: улица Пескалинская, 81;1310,0;Муниципальная казна
1714;П1000000000271;63:09:0201055:5180;Автодорога по улице Новосадовая;Самарская область, Комсомольский район, г. Тольятти, от улицы 60 лет СССР до улицы Академика Вавилова, севернее здания, имеющего адрес: улица Новосадовая, 12;557,0;Муниципальная казна
1715;П1000000000067;63:09:0201055:5181;Автодорога по улице Полевая;Самарская область, Комсомольский район, г. Тольятти, от улицы 60 лет СССР до улицы Пескалинской, севернее здания, имеющего адрес: улица Полевая, 20;747,0;Муниципальная казна
1716;П1000000000276;63:09:0201055:5182;Автодорога по улице Олимпийская;Самарская область, Комсомольский район, г. Тольятти, от улицы Кожевенной до улицы Весенняя, западнее здания, имеющего адрес: улица Олимпийская, 36;1229,0;Муниципальная казна
1717;П1000000000018;63:09:0201055:5183;Автодорога по улице Академика Вавилова;Самарская область, Комсомольский район, г. Тольятти, от улицы Кожевенной до улицы Академика Скрябина, восточнее здания, имеющего адрес: улица Академика Вавилова, 21;1164,0;Муниципальная казна
1718;П1000000000298;63:09:0201055:5184;Автодорога по улице Сиреневая;Самарская область, Комсомольский район, г. Тольятти, от улицы Раздольной до улицы Пескалинской, севернее здания, имеющего адрес: улица Сиреневая, 24;1081,0;Муниципальная казна
1719;П1000000000019;63:09:0201055:5247;Автодорога по улице Академика Скрябина;Самарская область, Комсомольский район, г. Тольятти, от улицы Олимпийской до улицы Пескалинской, севернее объекта недвижимости, имеющего адрес: улица Академика Скрябина, 4;278,0;Муниципальная казна
1720;П1000000000135;63:09:0201055:5248;Автодорога по улице 60 лет СССР;Самарская область, Комсомольский район, г. Тольятти, северо-западнее здания, имеющего адрес: улица 60 лет СССР, 19, до улицы Раздольной;940,0;Муниципальная казна
1721;П1300000014376;63:09:0201055:5699;"Участок сети водоснабжения от ВК-23 до жилого дома с местоположением: Комсомольский район, пос.Поволжский, ул. Академика Скрябина, д.21
Поволжский, ул. Академика Скрябина, д.21";Самарская область, Комсомольский район, г. Тольятти;132,0;Муниципальная казна
1722;П1300000014492;63:09:0201055:5801;Участок сети теплоснабжения от УТ-57 до многоквартирного жилого дома, расположенного по адресу: Комсомольский район, пос. Поволжский, ул. Новосадовая, д. 4-А;Самарская область, Комсомольский район, г. Тольятти, ул. Новосадовая, д. 4А;18,0;Муниципальная казна
1723;П1300000014490;63:09:0201055:5802;Участок сети теплоснабжения от УТ-57 до многоквартирного жилого дома, Комсомольский район, пос. Поволжский, ул. Олимпийская, д. 42-Б;Самарская область, Комсомольский район, г. Тольятти, ул. Олимпийская, д. 42-Б;27,0;Муниципальная казна
1724;П1300000014507;63:09:0201055:5809;Участок сети бытовой канализации от КК-249 сущ. до КК-1 с местоположением: Комсомольский район, мкр. Поволжский, ул. Академика Вавилова, д.31;Самарская область, Комсомольский район, г. Тольятти, ул. Академика Вавилова, д. 31, мкр. Поволжский;54,0;Муниципальная казна
1725;П1300000014594;63:09:0201055:5818;Участок сети бытовой канализации от КК-1 до жилого дома, расположенного по адресу: Комсомольский район, пос. Поволжский, ул.Новосадовая, д.2-Б;Самарская область, Комсомольский район, г. Тольятти, ул. Новосадовая, д. 2Б, пос. Поволжский;24,0;Муниципальная казна
1726;П1000000000382;63:09:0201055:5828;Автодорога по улице Весенняя;Самарская область, Комсомольский район, г. Тольятти, ул. Весенняя;477,0;Муниципальная казна
1727;П1000000000388;63:09:0201056:845;Автодорога по улице Саранская;Самарская область, Комсомольский район, г. Тольятти, ул. Саранская;1294,0;Муниципальная казна
1728;П1000000000390;63:09:0201056:846;Автодорога по проезду Памяти;Самарская область, Комсомольский район, г. Тольятти, от улицы Снежной до улицы Перспективной, севернее объекта, имеющего адрес: ул. Хрустальная, 2;686,0;Муниципальная казна
1729;П1000000000386;63:09:0201056:849;Автодорога по улице Дворцовая;Самарская область, Комсомольский район, г. Тольятти, ул. Дворцовая;1139,0;Муниципальная казна
1730;П1000000000387;63:09:0201056:896;Автодорога по улице Осенняя;Самарская область, Комсомольский район, г. Тольятти, ул. Осенняя;1135,0;Муниципальная казна
1731;П1000000000385;63:09:0201056:899;Автодорога по улице Автомобилистов;Самарская область, Комсомольский район, г. Тольятти, ул. Автомобилистов;381,0;Муниципальная казна
1732;П1300000012401;63:09:0201057:1142;"Памятник-горельеф ""У. Громовой - Героя Советского Союза""";Самарская область, Комсомольский район, г. Тольятти, севернее здания, имеющего адрес: улица Громовой, 16;;Муниципальная казна
1733;П1300000010146;63:09:0201057:1193;Хоккейная площадка;Самарская область, Комсомольский район, г. Тольятти, северо-восточнее здания, имеющего адрес: улица Мурысева, 71;;Муниципальная казна
1734;П1300000010147;63:09:0201057:1199;Хоккейная площадка;Самарская область, Комсомольский район, г. Тольятти, западнее здания, имеющего адрес: улица Мурысева, 59;;Муниципальная казна
1735;П1300000010148;63:09:0201057:1202;Баскетбольная площадка;Самарская область, Комсомольский район, г. Тольятти, севернее здания, имеющего адрес: улица Мурысева, 55;;Муниципальная казна
1736;П1300000010548;63:09:0201057:1205;"Водовод от ул. Матросова по ул. Громовой через мкр. Железнодорожный и Нагорный до в/з ""Жиг.Море1""";Самарская область, Комсомольский район, г. Тольятти, юго-восточнее здания, имеющего адрес: г. Тольятти, Комсомольский район, ул. Матросова, д. 39;4698,0;Муниципальная казна
1737;П1300000009649;63:09:0201057:1213;Сети канализации МКР-6 центральной части Комсомольского района, построенные до 1991 года включительно;Самарская область, Комсомольский район, г. Тольятти, северо-восточнее здания, имеющего адрес: ул. Коммунистическая, д. 2;5512,0;Муниципальная казна
1738;П1300000011176;63:09:0201057:1249;Самотечный канализационный коллектор по ул. Чайкиной, ул. Ярославской, ул. Громовой до РНС-4 и до коллектора условно чистых стоков Д=1200 мм;Самарская область, Комсомольский район, г. Тольятти, севернее, северо-восточнее здания, имеющего адрес: ул. Механизаторов, д. 31;4690,0;Муниципальная казна
1739;П1300000011174;63:09:0201057:1260;Самотечный канализационный коллектор по ул. Мурысева через МКР.4 по ул. Чайкиной до РНС-4;Самарская область, Комсомольский район, г. Тольятти, восточнее, северо-восточнее здания, имеющего адрес: г. Тольятти, Комсомольский район, ул. Механизаторов, д. 5-б;4159,0;Муниципальная казна
1740;П1300000009090;63:09:0201057:14702;РНС-4;Самарская область, Комсомольский район, г. Тольятти, ул. Громовой, д. 49;;Муниципальная казна
1741;П1300000009274;63:09:0201057:14789;Наружная сеть канализации (диаметр=400мм);Самарская область, Комсомольский район, г. Тольятти, юго-западнее, южнее и юго-восточнее здания (лит. А), имеющего адрес: ул. Громовой дом 31;632,2;Муниципальная казна
1742;П1300000006993;63:09:0201057:14790;Спортивная площадка;Самарская область, Комсомольский район, г. Тольятти, юго-западнее здания, имеющего адрес: ул. Коммунистическая, 2;;Оперативное управление
1743;П1000000000339;63:09:0201057:16010;Автодорога по улице Шевцовой;Самарская область, Комсомольский район, г. Тольятти, южнее здания, имеющего адрес: улица Мурысева, 62, до улицы Коммунистической;153,0;Муниципальная казна
1744;П1000000000322;63:09:0201057:16011;Автодорога по улице Тюленина;Самарская область, Комсомольский район, г. Тольятти, от улицы Коммунистической до улицы Мурысева, западнее здания, имеющего адрес: улица Тюленина, 6;237,0;Муниципальная казна
1745;П1000000000199;63:09:0201057:16012;Автодорога по улице Краснодонцев;Самарская область, Комсомольский район, г. Тольятти, восточнее здания, имеющего адрес: улица Мурысева, 51, до улицы Матросова;688,0;Муниципальная казна
1746;П1200000000030;63:09:0201057:16017;Сети дождевой канализации в районе д. 24 по ул. Механизаторов и д. 26, 28 по ул. Чайкиной Комсомольского района;Самарская область, Комсомольский район, г. Тольятти, северо-восточнее здания, имеющего адрес: ул. Механизаторов, 24;281,0;Муниципальная казна
1747;П1300000013003;63:09:0201057:16018;Универсальная спортивная площадка;Самарская область, Комсомольский район, г. Тольятти, ул. Есенина, д. 18;;Оперативное управление
1748;П1300000013371;63:09:0201057:16037;Сети бытовой канализации д.11-А по ул.Механизаторов Комсомольского района;Самарская область, Комсомольский район, г. Тольятти, севернее и северо-восточнее, имеющего адрес: ул. Механизаторов, д. 11-А (протяженность 91 м);91,0;Муниципальная казна
1749;П1000000000183;63:09:0201057:16042;Автодорога по улице Космодемьянской;Самарская область, Комсомольский район, г. Тольятти, от улицы Коммунистической до улицы Мурысева, восточнее здания, имеющего адрес: улица Космодемьянской, 3;239,0;Муниципальная казна
1750;П1300000011777;63:09:0201057:16061;Сети дождевой канализации в районе д.13 ул.Коммунистическая Комсомольского района;Самарская область, Комсомольский район, г. Тольятти, северо-западнее здания, имеющего адрес: ул.Механизаторов, 3;153,0;Муниципальная казна
1751;П1000000000446;63:09:0201057:16092;Проезд внутриквартальный от ул.Коммунистической до ул.Краснодонцев;Самарская область, Комсомольский район, г. Тольятти, западнее, северо-западнее здания, имеющего адрес: улица Мурысева, 45;491,0;Муниципальная казна
1752;П1300000013612;63:09:0201057:16097;Сети электроснабжения к туалету;Самарская область, Комсомольский район, г. Тольятти, южнее здания, имеющего адрес: ул. Матросова, дом 37;30,0;Оперативное управление
1753;П1300000013611;63:09:0201057:16098;Сети электроснабжения;Самарская область, Комсомольский район, г. Тольятти, южнее здания, имеющего адрес: ул.Матросова, дом 37;37,0;Оперативное управление
1754;П1300000013617;63:09:0201057:16100;Сети канализации;Самарская область, Комсомольский район, г. Тольятти, южнее здания, имеющего адрес: ул. Матросова, д. 37;71,0;Оперативное управление
1755;П1300000013616;63:09:0201057:16101;Сети водоснабжения;Самарская область, Комсомольский район, г. Тольятти, южнее здания, имеющего адрес: ул. Матросова, дом 37;64,0;Оперативное управление
1756;П1300000013613;63:09:0201057:16102;Тепловые сети;Самарская область, Комсомольский район, г. Тольятти, южнее здания, имеющего адрес: ул. Матросова, д. 37;32,0;Оперативное управление
1757;П1300000014354;63:09:0201057:16455;Сети водоснабжения от ВК-8 на внутриквартальной сети водопровода Д250 мм до жилого дома № 15-а по ул. Матросова;Самарская область, Комсомольский район, г. Тольятти;151,0;Муниципальная казна
1758;П1000000000374;63:09:0201057:16539;Проезд внутриквартальный от ул. Краснодонцев до ул.Коммунистической;Самарская область, Комсомольский район, г. Тольятти;498,0;Муниципальная казна
1759;П1300000014502;63:09:0201057:16609;Водопроводные сети от первого фланца задвижки (по ходу воды) в колодце ВК-16 до наружной грани фундамента ж/д, расположенные по адресу: Самарская область, г. Тольятти, Комсомольский район, ул. Есенина, 16Б;Самарская область, Комсомольский район, г. Тольятти, ул. Есенина, д. 16Б;20,0;Муниципальная казна
1760;П1300000014591;63:09:0201057:16646;Сети бытовой канализации в районе дома №19 по ул. Механизаторов;Самарская область, Комсомольский район, г. Тольятти, в районе дома № 19 по ул. Механизаторов;65,0;Муниципальная казна
1761;П1300000014597;63:09:0201057:16649;Участок сети водоснабжения от колодца ВК-1 до жилого дома № 5-б по Механизаторов;Самарская область, Комсомольский район, г. Тольятти, ул. Механизаторов, д. 5Б;32,0;Муниципальная казна
1762;П1300000014596;63:09:0201057:16650;Участок сети водоснабжения от колодца ВК-1 до жилого дома № 11-а по Механизаторов;Самарская область, Комсомольский район, г. Тольятти, ул. Механизаторов, д. 11А;16,0;Муниципальная казна
1763;П1300000014642;63:09:0201057:16660;Участок сети теплоснабжения от ТК 10/12 до здания, расположенного по адресу: Комсомольский район, ул. Чайкиной, д.37;Самарская область, Комсомольский район, г. Тольятти, ул. Лизы Чайкиной, д. 37;55,0;Муниципальная казна
1764;П1300000014630;63:09:0201057:16662;"Водопроводные сети от наружней стены колодца ВК-1 (по ходу воды) до наружной грани фундамента ж/д, расположенные по адресу: Самарская область, г. Тольятти, Комсомольский район, ул. Матросова, 15А, 15Б, 15В
";Самарская область, Комсомольский район, г. Тольятти, ул. Матросова, д. д. 15А, д. 15Б, д. 15В;126,0;Муниципальная казна
1765;П1300000014629;63:09:0201057:16663;Участок сети водоснабжения от колодца ВК-1 до жилого дома № 73 по ул. Мурысева;Самарская область, Комсомольский район, г. Тольятти, ул. Мурысева, д. 73;100,0;Муниципальная казна
1766;П1300000014697;63:09:0201057:16664;Канализационные сети от наружной стены первого колодца от ж/д (по ходу движения стоков) до стен колодца КК-1, расположенные по адресу: Самарская область, г. Тольятти, Комсомольский район, ул. Есенина, 16Б;Самарская область, Комсомольский район, г. Тольятти, ул. Есенина, д. 16Б;34,0;Муниципальная казна
1767;П1200000000097;63:09:0201057:16667;Водопроводные сети от наружных стен (фундамента) ж/д №51 по ул. Мурысева (по ходу воды) до наружных стен (фундамента) ж/д, расположенного по адресу: Самарская область, г. Тольятти, Комсомольский район, ул. Мурысева, 53;Самарская область, Комсомольский район, г. Тольятти, ул. Мурысева, д. 53;30,0;Муниципальная казна
1768;П1300000014701;63:09:0201057:16669;Участок сети бытовой канализации от колодца КК-1 до колодцев выпусков жилого дома, № 15-а по ул. Матросова;Самарская область, Комсомольский район, г. Тольятти, ул. Матросова, д. 15А;65,0;Муниципальная казна
1769;П1300000014644;63:09:0201057:16671;Тепловая сеть от МТК 34/4 (западнее д. 67-а по ул. Мурысева) до ЦТП (севернее жилого дома 21-а по ул. Матросова);Самарская область, Комсомольский район, г. Тольятти, севернее жилого дома по ул. Матросова, 21а;258,0;Муниципальная казна
1770;П1300000013024;63:09:0201058:1508;Берегоукрепление Куйбышевского водохранилища в районе набережной Комсомольского района г. Тольятти;Самарская область, Комсомольский район, г. Тольятти, набережная Комсомольского района;1500,0;Муниципальная казна
1771;П1300000010524;63:09:0201058:555;Внутриквартальные (распределительные) тепловые сети центральной части Комсомольского района;Самарская область, Комсомольский район, г. Тольятти, северо-восточнее, восточнее, юго-восточнее здания детского сада, имеющего адрес: ул. Коммунистическая, 2;42650,0;Муниципальная казна
1772;П1300000011756;63:09:0201059:12916;Хоккейный корт;Самарская область, Комсомольский район, г. Тольятти, западнее здания, имеющего адрес: ул. Матросова, 22;;Муниципальная казна
1773;П1300000011761;63:09:0201059:12924;Хоккейный корт;Самарская область, Комсомольский район, г. Тольятти, севернее здания, имеющего адрес: ул. Мурысева, 83;;Муниципальная казна
1774;П1300000013040;63:09:0201059:12927;Второй напорный коллектор КНС-1 по ул. Ярославской до ул. Чайкиной в Комсомольском районе г. Тольятти;Самарская область, Комсомольский район, г. Тольятти, северо-восточнее здания, имеющего адрес: ул. Коммунистическая, 96А;928,0;Муниципальная казна
1775;П1300000011763;63:09:0201059:12955;Баскетбольная площадка;Самарская область, Комсомольский район, г. Тольятти, западнее здания, имеющего адрес: ул. Лизы Чайкиной, 58;;Муниципальная казна
1776;П1000000000198;63:09:0201059:13913;Автодорога по улице  Кошевого;Самарская область, Комсомольский район, г. Тольятти, юго-восточнее здания, имеющего адрес: улица Матросова, 16, до улицы Мурысева;259,0;Муниципальная казна
1777;П1300000011813;63:09:0201059:13921;Сети дождевой канализации в районе д.77,75,85,81,83,87,93,91 по ул.Мурысева и д.14,16,18,20 по ул.Матросова Комсомольского района;Самарская область, Комсомольский район, г. Тольятти, северо-восточнее здания, имеющего адрес: ул. Мурысева, 77;3435,0;Муниципальная казна
1778;П1300000013372;63:09:0201059:13928;Сети бытовой канализации д.93-А по ул.Мурысева Комсомольского района;Самарская область, Комсомольский район, г. Тольятти, северо-восточнее здания, имеющего адрес: ул.Мурысева, д.93-а;47,0;Муниципальная казна
1779;П1300000013373;63:09:0201059:13931;Сети дождевой канализации д.93-А по ул.Мурысева Комсомольского района;Самарская область, Комсомольский район, г. Тольятти, восточнее здания, имеющего адрес: ул. Мурысева, д. 93-а;84,0;Муниципальная казна
1780;П1300000014280;63:09:0201059:14337;Сети водопровода;Самарская область, Комсомольский район, г. Тольятти, ул. Ярославская, д. 19;58,0;Муниципальная казна
1781;П1300000014281;63:09:0201059:14338;Канализационные сети;Самарская область, Комсомольский район, г. Тольятти, ул. Ярославская, д. 19;150,0;Муниципальная казна
1782;П1000000000376;63:09:0201059:14362;Автодорога по улице Плотинной;Самарская область, Комсомольский район, г. Тольятти, улица Плотинная;518,0;Муниципальная казна
1783;П1300000014500;63:09:0201059:14408;Водопроводные сети от точки подключения тр,/пр, Ду50 (по ходу воды) в колодце ВК/ПГ-1 до наружной грани фундамента ж/д, расположенные по адресу: Самарская область, г. тольятти, Комсомольскуий район, ул. Мурысева, 93А;Самарская область, Комсомольский район, г. Тольятти, ул. Мурысева;5,0;Муниципальная казна
1784;П1300000014592;63:09:0201059:14413;Сети бытовой канализации в районе д. №66 по ул. Л. Чайкиной Комсомольского района;Самарская область, Комсомольский район, г. Тольятти, в районе дома № 66 по ул. Лизы Чайкиной;139,0;Муниципальная казна
1785;П1300000014590;63:09:0201059:14414;Сети бытовой канализации в районе д. 76а по ул. Мурысева Комсомольского района;Самарская область, Комсомольский район, г. Тольятти, в районе дома № 76 по ул. Мурысева Комсомольского района;101,0;Муниципальная казна
1786;П1300000014640;63:09:0201059:14439;Участок сети теплоснабжения от УТ-13 до жилого дома, расположенный по адресу: г. Тольятти, Комсомольский район, ул. Мурысева, д. 77;Самарская область, Комсомольский район, г. Тольятти, ул. Мурысева, д. 77;25,0;Муниципальная казна
1787;П1300000014638;63:09:0201059:14440;Участок сети теплоснабжения от ТК6/6-ТК6/8 до жилого дома № 66 по ул. Чайкиной Комсомольского района;Самарская область, Комсомольский район, г. Тольятти, ул. Лизы Чайкиной, д. 66;161,0;Муниципальная казна
1788;П1300000014775;63:09:0201059:14441;Участок сети водоснабжения от ВК-1 до здания, расположенные по адресу: Самарская область, г. Тольятти, Комсомольский район, ул. Матросова, д. 26А;Самарская область, Комсомольский район, г. Тольятти, ул. Матросова, д. 26А;57,0;Муниципальная казна
1789;П1300000014637;63:09:0201059:14445;Участок сети теплоснабжения от УТ-1 до наружной стены здания многоквартирного дома по адресу: расположенные по адресу: Комсомольский район,ул. Матросова, 26а;Самарская область, Комсомольский район, г. Тольятти, ул. Матросова, д. 26А;57,0;Муниципальная казна
1790;П1300000014700;63:09:0201059:14446;Сеть бытовой канализации здания, расположенного по адресу: Комсомольский район, ул. Громовой, д. 30а;Самарская область, Комсомольский район, г. Тольятти, ул. Громовой, д. 30А;238,0;Муниципальная казна
1791;П1300000011171;63:09:0201060:1215;Водовод  d=200мм. по ул. Железнодорожной   от ПГ-1а в районе ж/д по ул. Железнодорожной, 21 до ВК-38;Самарская область, Комсомольский район, г. Тольятти, северо-восточнее жилого дома, имеющего адрес: г. Тольятти, Комсомольский район, ул. Железнодорожная, д. 17;1613,0;Муниципальная казна
1792;П1300000011053;63:09:0201060:1217;Водовод d=500 мм от ул. Железнодорожной по ул. Макарова до 11 кв. мкр. Шлюзовой;Самарская область, Комсомольский район, г. Тольятти, восточнее, северо-восточнее здания, имеющего адрес: г. Тольятти, Комсомольский район, ул. Гидротехническая, д. 26-а;1060,0;Муниципальная казна
1793;П1300000008792;63:09:0201060:1252;Резервуарный парк с железобетонными резервуарами;Самарская область, Комсомольский район, г. Тольятти, юго-западнее здания, имеющего адрес: улица Энергетиков, 23, строение 1;;Муниципальная казна
1794;П1300000011185;63:09:0201060:1260;Канализационный коллектор по ул. Энергетиков от К-1 до К-23а в районе КНС-3 в КВ-11 мкр. Шлюзовой;Самарская область, Комсомольский район, г. Тольятти, северо-восточнее здания, имеющего адрес: г. Тольятти, Комсомольский район, ул. Куйбышева, д. 64, стр. 1;1163,0;Муниципальная казна
1795;П1300000011187;63:09:0201060:1261;Напорные канализационные коллекторы от КНС-25 и КНС-14 до самотечного коллектора d=600 в КВ-11 мкр. Шлюзовой;Самарская область, Комсомольский район, г. Тольятти, юго-западнее, южнее, юго-восточнее здания, имеющего адрес: г. Тольятти, Комсомольский район, ул. Железнодорожная, д. 43-а;4960,0;Муниципальная казна
1796;П1300000010547;63:09:0201060:1278;Водовод по ул. Чайкиной, по ул. Куйбышева, по ул. Гидротехнической от ул. Шевцовой до КВ-11 мкр. Шлюзовой;Самарская область, Комсомольский район, г. Тольятти, северо-западнее жилого дома, имеющего адрес: г. Тольятти, Комсомольский район, ул. Гидротехническая, д. 33;4876,0;Муниципальная казна
1797;П1300000007136;63:09:0201060:1280;Труба дымовая металлическая;Самарская область, Комсомольский район, г. Тольятти, восточнее здания, имеющего адрес: улица Энергетиков, 23, строение 1;;Муниципальная казна
1798;П1300000013179;63:09:0201060:14640;Канализационный коллектор по ул.Энергетиков от К-13до КНС-3 в КВ-11 мкр.Шлюзовой;Самарская область, Комсомольский район, г. Тольятти, севернее здания, имеющего адрес: ул.Куйбышева, 56;466,0;Муниципальная казна
1799;П1000000000010;63:09:0201060:14685;Автодорога по ул. Гидротехническая;Самарская область, Комсомольский район, г. Тольятти, от улицы Куйбышева до улицы Шлюзовой, южнее здания, имеющего адрес: улица Гидротехническая, 31;1823,0;Муниципальная казна
1800;П1000000000244;63:09:0201060:14686;Автодорога по ул. Макарова;Самарская область, Комсомольский район, г. Тольятти, от улицы Никонова до улицы Железнодорожной, западнее объекта, имеющего адрес: улица Макарова, 14;846,0;Муниципальная казна
1801;П1000000000190;63:09:0201060:14717;Автодорога по ул. Зеленая;Самарская область, Комсомольский район, г. Тольятти, от улицы Макарова, юго-западнее здания, имеющего адрес: улица Шлюзовая, 10-а;580,0;Муниципальная казна
1802;П1300000009088;63:09:0201060:14902;КНС-17;Самарская область, Комсомольский район, г. Тольятти, ул. Гидротехническая, д. 9, стр. А;;Муниципальная казна
1803;П1300000011556;63:09:0201060:15036;Мемориал Никонова;Самарская область, Комсомольский район, г. Тольятти, юго-западнее пересечения ул. Никонова и ул. Шлюзовая;;Муниципальная казна
1804;П1300000008738;63:09:0201060:15038;Площадка;Самарская область, Комсомольский район, г. Тольятти, юго-западнее здания, имеющего адрес: ул. Железнодорожная, д.46, строение 1;;Муниципальная казна
1805;П1300000008995;63:09:0201060:15506;"Стадион  ""Дружба""";Самарская область, Комсомольский район, г. Тольятти, Никонова улица, севернее жилых домов № 19, 21;;Оперативное управление
1806;П1000000000186;63:09:0201060:15880;Автодорога по  улице Железнодорожная;Самарская область, Комсомольский район, г. Тольятти, от улицы Куйбышева до улицы Никонова, северо-западнее здания, имеющего адрес: улица Никонова, 52, строение 78;3322,0;Муниципальная казна
1807;П1000000000371;63:09:0201060:15889;Автодорога по улице Энергетиков;Самарская область, Комсомольский район, г. Тольятти, от улицы Куйбышева до здания, имеющего адрес: улица Макарова, 23, строение 12;834,0;Муниципальная казна
1808;П1000000000207;63:09:0201060:15940;Автодорога по улице Крылова;Самарская область, Комсомольский район, г. Тольятти, от улицы Севастопольская до улицы Носова, западнее здания, имеющего адрес: улица Крылова, 6;351,0;Муниципальная казна
1809;П1000000000296;63:09:0201060:15941;Автодорога по улице Севастопольская;Самарская область, Комсомольский район, г. Тольятти, от улицы Макарова до улицы Шлюзовая, южнее здания, имеющего адрес: улица Севастопольская, 1;428,0;Муниципальная казна
1810;П1300000012916;63:09:0201060:15968;Аккумулирующая емкость в мкр. Шлюзовой в районе д. 16 по ул. Гидротехническая;Самарская область, Комсомольский район, г. Тольятти, севернее здания, имеющего адрес: улица Гидротехническая, 16;;Муниципальная казна
1811;П1300000011794;63:09:0201060:15983;Сети дождевой канализации в мкр.Шлюзовой Комсомольского района;Самарская область, Комсомольский район, г. Тольятти, северо-западнее здания, имеющего адрес: ул. Гидротехническая, д. 21;837,0;Муниципальная казна
1812;П1000000000370;63:09:0201060:16234;Автодорога по улице Куйбышева;Самарская область, Комсомольский район, г. Тольятти, ул. Куйбышева, от пересечения улицы Железнодорожная и автомагистрали М-5 до здания, имеющего адрес: улица Куйбышева, 64, строение 2;1261,0;Муниципальная казна
1813;П1300000014262;63:09:0201060:16522;Тепловая сеть - транзит по жилому дому ул.Железнодорожная, д.1;Самарская область, Комсомольский район, г. Тольятти;86,0;Муниципальная казна
1814;П1300000014263;63:09:0201060:16523;Сеть горячего водоснабжения - транзит по жилому дому ул.Железнодорожная, д.1;Самарская область, Комсомольский район, г. Тольятти;92,0;Муниципальная казна
1815;П1300000014377;63:09:0201060:16532;Участок сети водоснабжения от ВК на внутриквартальной сети водопровода до здания, имеющего адрес: Комсомольский район, ул. Железнодорожная, д. 19;Самарская область, Комсомольский район, г. Тольятти;73,0;Муниципальная казна
1816;П1300000014351;63:09:0201060:16533;Участок сети теплоснабжения от МТК 14/3 до здания, расположенного по адресу: ул. Куйбышева, 21;Самарская область, Комсомольский район, г. Тольятти, участок сети теплоснабжения от МТК 14/3 до здания, расположенного по адресу: ул. Куйбышева, 21;451,0;Муниципальная казна
1817;П1300000014378;63:09:0201060:16534;Сеть бытовой канализации от КК-8 через КК-4, кк-16 до жилого дома, расположенного по адресу: Комсомольский район, ул. Гидротехническая, д.16;Самарская область, Комсомольский район, г. Тольятти, ул. Гидротехническая, д. 16;236,0;Муниципальная казна
1818;П1300000014379;63:09:0201060:16535;Сети ливневой канализации (подводящие лотки, трубопровод), расположенные в районе аккумулирующей емкости по адресу: Комсомольский район, ул. Гидротехническая, д. 16;Самарская область, Комсомольский район, г. Тольятти;129,0;Муниципальная казна
1819;П1300000014374;63:09:0201060:16547;Участок сети теплоснабжения от УТ1-УТ3 до жилого дома, расположенного по адресу: Комсомольский район, ул. Куйбышева, д.42;Самарская область, Комсомольский район, г. Тольятти;190,0;Муниципальная казна
1820;П1000000000481;63:09:0201060:16563;Автодорога по ул. Куйбышева до жилого дома по ул. Магистральная, 8-б;Самарская область, Самарская область, г. Тольятти;332,0;Муниципальная казна
1821;П1300000014575;63:09:0201060:16601;Участок сети теплоснабжения от ТК-59/1 до наружной стены фундамента многоквартирных жилых домов, расположенных по адресу: Комсомольский район, ул. Гидротехническая, д. 18 и д. 20;Самарская область, Комсомольский район, г. Тольятти, ул. Гидротехническая, д. 18, 20;102,0;Муниципальная казна
1822;П1300000014489;63:09:0201060:16602;Участок сети теплоснабжения от ТК-59/7 до наружной стены фундамента многоквартирного жилого дома, расположенного по адресу: Комсомольский район, ул. Гидротехническая, д. 22;Самарская область, Комсомольский район, г. Тольятти, ул. Гидротехническая;76,0;Муниципальная казна
1823;П1200000000087;63:09:0201060:16605;Участок сети водоснабжения от ВК\ПГ-1 до жилого дома, расположенного по адресу: Комсомольский район, ул. Железнодорожная, д. 37;Самарская область, Комсомольский район, г. Тольятти, севернее жилого дома, имеющего адрес: ул. Железнодорожная, д. 37;30,0;Муниципальная казна
1824;П1000000000488;63:09:0201060:16619;Автодорога по ул. Владимира Поплавского;Самарская область, Комсомольский район, г. Тольятти, ул. Владимира Поплавского;948,0;Муниципальная казна
1825;П1300000012404;63:09:0201061:2023;"Горельеф ""Прощание""";Самарская область, Комсомольский район, г. Тольятти, восточнее здания, имеющего адрес: ул. Ингельберга, 1-в;;Муниципальная казна
1826;П1300000010523;63:09:0201061:2036;Теплосеть от котельной № 7;Самарская область, Комсомольский район, г. Тольятти, севернее, северо-западнее, северо-восточнее, восточнее, юго-восточнее здания, имеющего адрес: переулок Лобачевского, 13, строение 1;1633,0;Муниципальная казна
1827;П1300000009751;63:09:0201061:3121;Водопроводные сети;Самарская область, Комсомольский район, г. Тольятти, юго-западнее здания, имеющего адрес: ул. Грибоедова, 4;125,0;Муниципальная казна
1828;П1300000009739;63:09:0201061:3127;Водопровод;Самарская область, Комсомольский район, г. Тольятти, юго-западнее здания, имеющего адрес: ул. Клары Цеткин, 2;79,0;Муниципальная казна
1829;П1300000009753;63:09:0201061:3141;Водопроводные сети;Самарская область, Комсомольский район, г. Тольятти, восточнее здания, имеющего адрес: ул. Пионерская, 5;176,0;Муниципальная казна
1830;П1300000009750;63:09:0201061:3184;Водопроводные сети;Самарская область, Комсомольский район, г. Тольятти, южнее здания, имеющего адрес: ул. Попова, 7;73,0;Муниципальная казна
1831;П1300000009463;63:09:0201061:3185;Водопровод;Самарская область, Комсомольский район, г. Тольятти, севернее здания, имеющего адрес: пер. Луговой, 1;84,0;Муниципальная казна
1832;П1300000009765;63:09:0201061:3186;Водопровод;Самарская область, Комсомольский район, г. Тольятти, южнее здания, имеющего адрес: ул. Попова, 3;55,0;Муниципальная казна
1833;П1300000009461;63:09:0201061:3187;Водопроводные сети;Самарская область, Комсомольский район, г. Тольятти, юго-восточнее здания, имеющего адрес: пр. 2-ой Тракторный, 4;283,0;Муниципальная казна
1834;П1300000009460;63:09:0201061:3188;Водопроводные сети;Самарская область, Комсомольский район, г. Тольятти, севернее, северо-восточнее здания, имеющего адрес: пр. 1-ый Тракторный, 1;171,0;Муниципальная казна
1835;П1300000009741;63:09:0201061:3189;Водопровод;Самарская область, Комсомольский район, г. Тольятти, северо-восточнее здания, имеющего адрес: ул. Песчаная, 11;78,0;Муниципальная казна
1836;П1300000009464;63:09:0201061:3190;Водопровод;Самарская область, Комсомольский район, г. Тольятти, восточнее здания, имеющего адрес: ул. Подгорная, 1;59,0;Муниципальная казна
1837;П1300000009762;63:09:0201061:3192;Водопровод;Самарская область, Комсомольский район, г. Тольятти, юго-восточнее здания, имеющего адрес: пр. 4-ый Тракторный, 20;51,0;Муниципальная казна
1838;П1300000009462;63:09:0201061:3212;Водопровод;Самарская область, Комсомольский район, г. Тольятти, юго-восточнее здания, имеющего адрес: пр. 3-ий Тракторный, 22;20,0;Муниципальная казна
1839;П1000000000033;63:09:0201061:3743;Автодорога по улице Грибоедова;Самарская область, Комсомольский район, г. Тольятти, от улицы Ингельберга до улицы Краснознаменной, юго-западнее здания, имеющего адрес: улица Грибоедова, 4;296,0;Муниципальная казна
1840;П1000000000378;63:09:0201061:3765;Автодорога по переулку Ученический;Самарская область, Комсомольский район, г. Тольятти, от улицы Кооперативной до улицы Подгорной, юго-западнее здания, имеющего адрес: переулок Ученический, 12;323,0;Муниципальная казна
1841;П1000000000379;63:09:0201061:3766;Автодорога по переулку Лобачевского;Самарская область, Комсомольский район, г. Тольятти, северо-восточнее здания, имеющего адрес: переулок Лобачевского, 2, до переулка Ученический;280,0;Муниципальная казна
1842;П1300000009738;63:09:0201061:4190;Водопроводная сеть;Самарская область, Комсомольский район, г. Тольятти, северо-восточнее здания, имеющего адрес: ул. Клары Цеткин, 15;258,0;Муниципальная казна
1843;П1300000012236;63:09:0201061:4246;Водопроводные сети по пер. Ростовский;Самарская область, Комсомольский район, г. Тольятти;74,0;Муниципальная казна
1844;П1300000012157;63:09:0201061:4260;Водопровод от ВК-1 до ВК-3 и вет. лечебницы в пос. Федоровка г.о. Тольятти;Самарская область, Комсомольский район, г. Тольятти, севернее здания, имеющего адрес: переулок Лобачевского, 6;76,0;Муниципальная казна
1845;П1000000000140;63:09:0201061:4267;Автодорога по переулку 2-й Горный;Самарская область, Комсомольский район, г. Тольятти, пер. Горный 2-й;83,0;Муниципальная казна
1846;П1000000000200;63:09:0201061:4279;Автодорога по ул. Краснознаменная;Самарская область, Комсомольский район, г. Тольятти;1291,0;Муниципальная казна
1847;П1000000000120;63:09:0201061:4280;Автодорога по переулку 1-й Горный;Самарская область, Комсомольский район, г. Тольятти, пер. Горный 1-й;119,0;Муниципальная казна
1848;П1000000000218;63:09:0201061:4281;Автодорога по ул. Кольцова;Самарская область, Комсомольский район, г. Тольятти, ул. Кольцова;936,0;Муниципальная казна
1849;П1000000000381;63:09:0201061:4298;Автодорога от улицы Ингельберга  до переулка Лобачевского;Самарская область, Комсомольский район, г. Тольятти;290,0;Муниципальная казна
1850;П1000000000114;63:09:0201061:4368;Автодорога по улице Песчаная;Самарская область, Комсомольский район, г. Тольятти, ул. Песчаная;285,0;Муниципальная казна
1851;П1000000000060;63:09:0201061:4369;Автодорога по переулку Пионерский;Самарская область, Комсомольский район, г. Тольятти, пер. Пионерский;84,0;Муниципальная казна
1852;П1000000000245;63:09:0201061:4380;Автодорога по проезду Малый;Самарская область, Комсомольский район, г. Тольятти, проезд Малый;259,0;Муниципальная казна
1853;П1000000000051;63:09:0201061:4393;Автодорога по улице Воронежская;Самарская область, Комсомольский район, г. Тольятти, ул. Воронежская;430,0;Муниципальная казна
1854;П1300000011179;63:09:0201062:1645;Внутриквартальные сети канализации мкр. Железнодорожный, Нагорный, п. Жиг.Море, Тубдиспансера;Самарская область, Комсомольский район, г. Тольятти, северо-западнее, северо-восточнее жилого дома, имеющего адрес: пр. Майский, д. 66;3607,0;Муниципальная казна
1855;П1300000010673;63:09:0201062:1646;Кабельные линии 0,4 кВ пос. Жигулевское Море, построенные до 1991 г. включительно;Самарская область, Комсомольский район, г. Тольятти, северо-восточнее, западнее, юго-западнее, южнее здания, имеющего адрес: г. Тольятти, Комсомольский район, ул. Фадеева, д. 29-а;2386,0;Муниципальная казна
1856;П1300000009840;63:09:0201062:1647;Резервуар,  V=900 м3;"Самарская область, Комсомольский район, г. Тольятти, водозабор ""Жигулевское море""";;Муниципальная казна
1857;П1300000009841;63:09:0201062:1698;Резервуар,  V=900 м3;"Самарская область, Комсомольский район, г. Тольятти, водозабор ""Жигулевское море""";;Муниципальная казна
1858;П1300000009983;63:09:0201062:1699;Резервуар № 4,  V=250 м3;"Самарская область, Комсомольский район, г. Тольятти, на территории водозабора ""Жигулевское море""";;Муниципальная казна
1859;П1000000000248;63:09:0201062:5531;Автодорога по улице Менделеева;Самарская область, Комсомольский район, г. Тольятти, от проезда Майский до улицы Бориса Коваленко, севернее здания, имеющего адрес: улица Фадеева, 29-а;932,0;Муниципальная казна
1860;П1000000000328;63:09:0201062:5532;Автодорога по улице Фадеева;Самарская область, Комсомольский район, г. Тольятти, северо-восточнее здания, имеющего адрес: улица Фадеева, 67, до улицы Телеграфная;513,0;Муниципальная казна
1861;П1000000000243;63:09:0201062:5537;Автодорога по проезду Майский;Самарская область, Комсомольский район, г. Тольятти, от улицы Нижнегородской до улицы Высоковольтной, северо-западнее здания, имеющего адрес: проезд Майский, 64;213,0;Муниципальная казна
1862;П1300000011806;63:09:0201062:5596;Водопроводные сети Комсомольского района (частный сектор) по пр. Достоевского;Самарская область, Комсомольский район, г. Тольятти, юго-восточнее здания, имеющего адрес: ул.Телеграфная, 50;639,0;Муниципальная казна
1863;П1300000011797;63:09:0201062:5597;Водопроводные сети Комсомольского района (частный сектор) по пр. Иркутский;Самарская область, Комсомольский район, г. Тольятти, юго-восточнее здания, имеющего адрес: ул.Телеграфная, 26;665,0;Муниципальная казна
1864;П1300000011790;63:09:0201062:5598;Водопроводные сети Комсомольского района (частный сектор) по пр. Розы Люксембург;Самарская область, Комсомольский район, г. Тольятти, северо-западнее здания, имеющего адрес: проезд Майский, 68;652,0;Муниципальная казна
1865;П1300000011808;63:09:0201062:5599;Водопроводные сети Комсомольского района (частный сектор) по пр. 1-ый Мирный;Самарская область, Комсомольский район, г. Тольятти, юго-восточнее здания, имеющего адрес: ул.Телеграфная, 56;670,0;Муниципальная казна
1866;П1300000011765;63:09:0201062:5868;Водопроводные сети Комсомольского района (частный сектор) по пр. 2-ой Мирный;Самарская область, Комсомольский район, г. Тольятти, юго-восточнее здания, имеющего адрес: ул. Телеграфная, 70;500,0;Муниципальная казна
1867;П1300000011793;63:09:0201062:5869;Водопроводные сети Комсомольского района (частный сектор) по ул. Белинского;Самарская область, Комсомольский район, г. Тольятти, южнее, юго-восточнее здания, имеющего адрес: ул. Телеграфная, 20;672,0;Муниципальная казна
1868;П1300000011804;63:09:0201062:5871;Водопроводные сети Комсомольского района (частный сектор) по ул. Фадеева;Самарская область, Комсомольский район, г. Тольятти, северо-западнее здания, имеющего адрес: ул. Фадеева, 60;671,0;Муниципальная казна
1869;П1300000011801;63:09:0201062:5872;Водопроводные сети Комсомольского района (частный сектор) по пр. Оренбургский;Самарская область, Комсомольский район, г. Тольятти, юго-восточнее здания, имеющего адрес: ул. Телеграфная, 34-а;673,0;Муниципальная казна
1870;П1300000011826;63:09:0201062:5904;Канализационные сети;Самарская область, Комсомольский район, г. Тольятти, северо-западнее здания, имеющего адрес: проезд 1-ый Мирный, 52;173,0;Муниципальная казна
1871;П1300000014528;63:09:0201062:5979;Участок сети бытовой канализации от КК-12 до жилого дома, расположенная по адресу: Самарская область, г. Тольятти, Комсомольский район, проезд Майский, д. 5;Самарская область, Комсомольский район, г. Тольятти, проезд Майский, д. 5;348,0;Муниципальная казна
1872;П1300000014598;63:09:0201062:5982;Внутриквартальная сеть водопровода от ВК/ПГ-1 в районе жилого дома № 14 по ул. Куйбышева Комсомольского района, через ВК/ПГ до ВК-4 сети водопровода и до жилого дома № 12 по ул. Куйбышева;Самарская область, Комсомольский район, г. Тольятти, ул. Куйбышева, д. 14;447,0;Муниципальная казна
1873;П1300000014593;63:09:0201062:5983;Участок сети бытовой канализации от КК-2, КК-1 до жилого дома, расположенного по адресу: Комсомольский район, ул. Куйбышева, д.12;Самарская область, Комсомольский район, г. Тольятти, от дома № 12 по ул. Куйбышева;233,0;Муниципальная казна
1874;П1300000014776;63:09:0201062:5985;Участок сети водоснабжения от ВК/ПГ-1 от ВК-4 до жилого дома, расположенного по адресу: Самарская область, г. Тольятти, Комсомольский район, проезд Майский, д. 5;Самарская область, Комсомольский район, г. Тольятти, проезд Майский, д. 5;24,0;Муниципальная казна
1875;П1000000000209;63:09:0201062:5988;Автодорога по улице Калужская;Самарская область, Комсомольский район, г. Тольятти, ул. Калужская;575,0;Муниципальная казна
1876;П1000000000311;63:09:0201062:5999;Автодорога по улице Телеграфная;Самарская область, Комсомольский район, г. Тольятти, ул. Телеграфная;853,0;Муниципальная казна
1877;П1300000009764;63:09:0201063:1726;Водопровод;Самарская область, Комсомольский район, г. Тольятти, севернее здания, имеющего адрес: ул. 2-ая Линейная, 12;25,0;Муниципальная казна
1878;П1000000000216;63:09:0201063:1911;Автодорога по улице Клубная;Самарская область, Комсомольский район, г. Тольятти, от улицы 2-ая Линейная до улицы Ингельберга, западнее здания, имеющего адрес: улица Клубная, 10;69,0;Муниципальная казна
1879;П1000000000347;63:09:0201063:1912;Автодорога по переулку Южный;Самарская область, Комсомольский район, г. Тольятти, от улицы Кооперативной до улицы Ингельберга, восточнее здания, имеющего адрес: переулок Южный, 1;137,0;Муниципальная казна
1880;П1000000000179;63:09:0201063:1913;Автодорога по улице Кооперативная;Самарская область, Комсомольский район, г. Тольятти, юго-восточнее здания, имеющего адрес: улица Кооперативная, 1, до здания № 186 по улице Кооперативная;2269,0;Муниципальная казна
1881;П1000000000443;63:09:0201063:1952;Автодорога по проезду 1-му Береговому;Самарская область, Комсомольский район, г. Тольятти, южнее проезда Береговой, от здания, имеющего адрес: проезд Береговой, д.31 до здания, имеющего адрес: проезд 1-ый Береговой, д.16;258,0;Муниципальная казна
1882;П1000000000444;63:09:0201063:1953;Автодорога по проезду 2-му Береговому;Самарская область, Комсомольский район, г. Тольятти, западнее здания, имеющего адрес: проезд 2-ой Береговой, 14;205,0;Муниципальная казна
1883;П1300000011783;63:09:0201063:2004;Водопровод;Самарская область, Комсомольский район, г. Тольятти, юго-западнее здания, имеющего адрес: ул. Канальная, 3;63,0;Муниципальная казна
1884;П1300000010539;63:09:0201063:2409;Водопровод;Самарская область, Комсомольский район, г. Тольятти, вдоль улицы Федоровская;148,0;Муниципальная казна
1885;П1000000000412;63:09:0202049:1148;Автодорога базисный склад хлора;Самарская область, г. Тольятти, юго-западнее здания, имеющего адрес: Поволжское шоссе,3;1359,0;Муниципальная казна
1886;П1300000006767;63:09:0202049:1165;Яма Беккари (скотомогильник);Самарская область, Комсомольский район, г. Тольятти, юго-западнее здания, имеющего адрес: Поволжское шоссе, 6;;Муниципальная казна
1887;П1300000012956;63:09:0202051:1009;Сливная эстакада;Самарская область, Комсомольский район, г. Тольятти, ул. Громовой, в районе дома № 43 по ул. Громовой;95,0;Муниципальная казна
1888;П1300000013016;63:09:0202051:1010;Участок железной дороги на территории котельной № 2;Самарская область, Комсомольский район, г. Тольятти, ул. Громовой, начало: в районе дома 43 по ул. Громовой, окончание: в районе дома 45 по ул. Громовой;406,0;Муниципальная казна
1889;П1300000013014;63:09:0202051:1011;Участок железной дороги на территории котельной № 2;Самарская область, Комсомольский район, г. Тольятти, ул. Громовой, в районе дома № 43 и № 45 по ул. Громовой;288,0;Муниципальная казна
1890;П1300000010546;63:09:0202051:611;Водовод  d=700мм. от ул. Коммунистической по ул. Есенина-Чайкиной-Шевцовой-Громовой до ул. Матросова;Самарская область, Комсомольский район, г. Тольятти, юго-западнее здания, имеющего адрес: г. Тольятти, Комсомольский район, ул. Матросова, д. 66-а;2539,0;Муниципальная казна
1891;П1300000010692;63:09:0202051:839;Ствол трубы дымовой железобетонной;Самарская область, Комсомольский район, г. Тольятти, юго-восточнее здания, имеющего адрес: улица Громовой, 43, строение 7;;Муниципальная казна
1892;П1300000010693;63:09:0202051:842;Ствол дымовой кирпичной трубы;Самарская область, Комсомольский район, г. Тольятти, юго-западнее здания, имеющего адрес: улица Громовой, 43, строение 9;;Муниципальная казна
1893;П1300000013138;63:09:0202052:1256;Магистральные тепловые сети котельной № 8 (мкр.Шлюзовой) после 1991 года;Самарская область, Комсомольский район, г. Тольятти, северо-западнее, юго-восточнее здания, имеющего адрес: ул.Железнодорожная, 31;1460,0;Муниципальная казна
1894;П1300000006685;63:09:0202052:1286;Сооружение;Самарская область, Комсомольский район, г. Тольятти, ул. Коммунистическая, д. 122;;Муниципальная казна
1895;П1300000012123;63:09:0202052:1455;Сети дождевой канализации по очистным сооружениям Комсомольского района;Самарская область, Комсомольский район, г. Тольятти, южнее, юго-восточнее и юго-западнее здания, имеющего адрес: ул. Коммунистическая, д. 101, стр. 1;848,0;Муниципальная казна
1896;П1000000000196;63:09:0202052:1511;"Автодорога  к ОАО ""Жито"" от ул. Коммунистической";Самарская область, Комсомольский район, г. Тольятти, от улицы Коммунистической, юго-западнее здания по адресу: ул. Коммунистическая, 100, северо-восточнее здания по адресу: ул. Коммунистическая, 106, до территории западнее здания по адресу: ул. Коммунистическая, 108;956,0;Муниципальная казна
1897;П1000000000467;63:09:0202052:1756;Подъездная автомобильная дорога к промышленным предприятиям в Комсомольском районе г.о. Тольятти в границах кадастрового квартала 63:09:0202052;Самарская область, Комсомольский район, г. Тольятти;705,0;Муниципальная казна
1898;П1300000014325;63:09:0202052:1792;Тротуар ул. Коммунистической;Самарская область, Комсомольский район, г. Тольятти;2426,0;Муниципальная казна
1899;П1300000011184;63:09:0202052:962;Напорные канализационные коллекторы от КНС-3 до самотечного коллектора d=600 по ул. Громовой в районе РНС-4 и коллектор от КНС-5 до врезки в напорный коллектор от КНС-3;Самарская область, Комсомольский район, г. Тольятти, северо-восточнее, восточнее, юго-восточнее здания, имеющего адрес: г. Тольятти, Комсомольский район, ул. Магистральная, д. 9;5058,0;Муниципальная казна
1900;П1300000010655;63:09:0202052:979;Сети канализации объектов промзоны Комсомольского района, ограниченной ул. Ярославской, северной окраиной района, трассой М-5, ул. Куйбышева, водохранилищем, построенные до 1991 г. включительно;Самарская область, Комсомольский район, г. Тольятти, северо-западнее, севернее здания, имеющего адрес: ул. Коммунистическая, 106, строение 1;820,0;Муниципальная казна
1901;П1300000014641;63:09:0202053:1545;Участок сети теплоснабжения от ТК-14/4 через УТ-2 до жилого дома, расположенного по адресу: Комсомольский район, ул. Л. Чайкиной, д. 70А;Самарская область, Комсомольский район, г. Тольятти, ул. Лизы Чайкиной, д. 70А;70,0;Муниципальная казна
1902;П1300000014639;63:09:0202053:1546;Участок тепловой сети от УТ14/2 до жилого дома, расположенного по адресу: Комсомольский район, ул. Ярославская, д.10;Самарская область, Комсомольский район, г. Тольятти, ул. Ярославская, д. 10;40,0;Муниципальная казна
1903;П1300000011188;63:09:0202053:607;Напорный коллектор от КНС-1 по ул. Ярославской до ул. Громовой;Самарская область, Комсомольский район, г. Тольятти, западнее здания, имеющего адрес: г. Тольятти, Комсомольский район, ул. Ярославская, д.12;1492,0;Муниципальная казна
1904;П1300000009459;63:09:0202053:637;Ствол дымовой кирпичной трубы;Самарская область, Комсомольский район, г. Тольятти, южнее здания, имеющего адрес: улица Лизы Чайкиной, 72;;Муниципальная казна
1905;П1300000009348;63:09:0202054:1789;Площадка стоянки автобусов;Самарская область, Комсомольский район, г. Тольятти, южнее здания, имеющего адрес: улица Никонова, 41б;;Муниципальная казна
1906;П1000000000201;63:09:0202054:1865;Автодорога к УР-65/16 от ул.Железнодорожной;Самарская область, Комсомольский район, г. Тольятти, юго-восточнее здания, имеющего адрес: ул. Железнодорожная, 42;1205,4;Муниципальная казна
1907;П1000000000433;63:09:0202054:1936;Автодорога от ул.Никонова до границы шлюза № 23-24;Самарская область, Комсомольский район, г. Тольятти, западнее здания, имеющего адрес: улица Никонова, 66, строение 5;187,0;Муниципальная казна
1908;П1300000014406;63:09:0202054:2255;"Канализационные сети Комсомольского района, в районе ООО ""СМИК"" от КНС пожарной части № 39, УР 85/16";Самарская область, Комсомольский район, г. Тольятти;610,0;Муниципальная казна
1909;П1300000010653;63:09:0202054:676;"Напорный канализационный коллектор по ул. Никонова от КНС-1 ЗАО ""ТДСК"" (ЛЗЖБИ) до КК-1 на ул. Ровная мкр. Шлюзовой";Самарская область, Комсомольский район, г. Тольятти, севернее, северо-западнее, северо-восточнее здания, имеющего адрес: ул. Никонова, д. 41;1098,0;Муниципальная казна
1910;П1300000010522;63:09:0202054:680;Магистральные тепловые сети котельной № 8;Самарская область, Комсомольский район, г. Тольятти, северо-западнее, севернее, северо-восточнее здания, имеющего адрес: ул. Носова, 21;8869,0;Муниципальная казна
1911;П1300000010514;63:09:0204067:1038;Теплосеть от миникотельной до дома по ул. Брестской, 26;Самарская область, Комсомольский район, г. Тольятти, восточнее жилого дома, имеющего адрес: ул. Брестская, 21;18,0;Муниципальная казна
1912;П1000000000368;63:09:0204067:1268;Автодорога по улице Бориса Коваленко;Самарская область, Комсомольский район, г. Тольятти, южнее здания, имеющего адрес: улица Бориса Коваленко, 71, до улицы Параллельная;1198,0;Муниципальная казна
1913;П1300000014271;63:09:0204067:1592;Тепловые сети;Самарская область, Комсомольский район, г. Тольятти, в границах земельного участка с кадастровым номером 63:09:0204067:1172, адрес ориентира: Российская Федерация, Самарская область, городской округ Тольятти, г.Тольятти, улица Ивана Красюка, здание 1;114,0;Муниципальная казна
1914;П1300000010520;63:09:0204067:632;Теплосеть от котельной № 4 до Тубдиспансера;Самарская область, Комсомольский район, г. Тольятти, северо-западнее здания, имеющего адрес: ул. Телеграфная, 36;491,0;Муниципальная казна
1915;П1300000009842;63:09:0204067:634;Резервуар,  V=900 м3;"Самарская область, Комсомольский район, г. Тольятти, водозабор ""Жигулевское море""";;Муниципальная казна
1916;П1300000011056;63:09:0204067:645;"Водовод  d=300мм. по ул. Железнодорожной и ул. Ровной от ВК-16 до Вк-14 и водоводы в/з ""Зеленовский""";Самарская область, Комсомольский район, г. Тольятти, юго-восточнее здания, имеющего адрес: г. Тольятти, Комсомольский район, ул. Железнодорожная, д. 51-б;1946,0;Муниципальная казна
1917;П1300000011190;63:09:0204068:553;Напорные коллекторы от РНС-4 до очистных сооружений ТоАЗа;Самарская область, Комсомольский район, г. Тольятти, южнее, юго-восточнее, северо-восточнее здания, имеющего адрес: г. Тольятти, Комсомольский район, ул. Громовой, д. 53;18449,0;Муниципальная казна
1918;П1300000007086;63:09:0204068:557;Очистные сооружения на 30 л/сек;Самарская область, Комсомольский район, г. Тольятти, западнее здания (Лит. А10), имеющего адрес: ул. Громовой, 55, строение 4;;Хозяйственное ведение
1919;П1300000009146;63:09:0204068:570;Очистные сооружения на 10 л/сек;Самарская область, Комсомольский район, г. Тольятти, юго-восточнее здания (Лит А), имеющего адрес: ул. Громовой, 55, строение 1;;Хозяйственное ведение
1920;П1300000008837;63:09:0204068:594;"Участок теплосети, расположенный от камеры УТ-2 на ул. Громовой до Депо № 3 МУП ""ТТУ"" на ул. Громовой, 55";Самарская область, Комсомольский район, г. Тольятти, северо-западнее, западнее, юго-западнее здания, имеющего адрес: ул. Громовой, 55;550,6;Муниципальная казна
1921;П1300000014201;63:09:0204068:614;"Яма ""Беккари-2"" (скотомогильник)";Самарская область, Комсомольский район, г. Тольятти, Поволжское шоссе, здание 6, сооружение 1;;Муниципальная казна
1922;П1300000009192;63:09:0205030:1456;Артезианская скважина;"Самарская область, Комсомольский район, г. Тольятти, севернее сооружения (Лит С1) на территории спортивной базы ""Плес"" на п/о Копылово в Комсомольском районе г. Тольятти";50,0;Оперативное управление
1923;П1300000009193;63:09:0205030:1493;Гандбольная площадка;Самарская область, Комсомольский район, г. Тольятти, ул. Бурлацкая, здание 42, сооружение 11;;Оперативное управление
1924;П1300000012410;63:09:0206056:8975;Канализационный коллектор (Рассеивающий выпуск № 2);"Самарская область, Комсомольский район, г. Тольятти, от вантуза № 3 (С1 - точка подключения к коллектору ОСК ""ТК""), расположенного юго-восточнее т/б ""Озёрко"" АО ""Трансаммиак"" на п/ове Копылово, до конечной точки (С2 - реки Волга)";838,4;Муниципальная казна
1925;П1300000006996;63:09:0206057:2425;Скважина;Самарская область, Комсомольский район, г. Тольятти, севернее здания, имеющего адрес: улица Бурлацкая, 94, строение 42;;Муниципальная казна
1926;П1300000012982;63:09:0206057:3048;Дамба на полуострове Копылово;"Самарская область, Комсомольский район, г. Тольятти, полуостров Копылово, начало дамбы: поворот, окончание дамбы: въезд на б/о ""Волжанка""";738,0;Муниципальная казна
1927;П1300000009304;63:09:0206058:1522;Скважина № 8 с подземной камерой;"Самарская область, Комсомольский район, г. Тольятти, на территории водозабора ""Жигулевское море""";;Муниципальная казна
1928;П1300000007263;63:09:0206060:3385;Напорный коллектор для отвода очищенных стоков от РНС-6, дюкер и водовыпускная часть в реку Волга в районе поселка Федоровка Комсомольского района;Самарская область, Комсомольский район, г. Тольятти, восточнее здания РНС-6, имеющего адрес: улица Никонова, 51, далее вдоль улицы Никонова, вдоль ул. Ингельберга до здания, имеющего адрес: ул. Ингельберга, 2б, далее через улицу 2-ую Линейную, через ул. Кооперативную, юго-восточнее жилого дома, имеющего адрес: ул. Кооперативная, 2-е, до территории лодочной станции, далее южнее лодочной станции через ул. Бурлацкую Комсомольского района г.Тольятти;5816,0;Муниципальная казна
1929;П1000000000420;63:09:0206060:4023;Автодорога по ул. Речной;Самарская область, Комсомольский район, г. Тольятти, от улицы Никонова до объекта, имеющего адрес: улица Речная, 57;1098,0;Муниципальная казна
1930;П1000000000482;63:09:0206060:5547;Автодорога от ул. Никонова до нежилого здания, расположенного по адресу: Комсомольский район ул. Никонова, д. 49;Самарская область, г. Тольятти;353,0;Муниципальная казна
1931;П1300000012717;63:09:0301083:2302;Тепловые сети от ж. д. № 51 ул. Советская к ж. д. № 35 ул. Ставропольская (ЖСК-2);Самарская область, Центральный район, г. Тольятти, восточнее здания, имеющего адрес: ул. Ставропольская, д. 35;25,0;Муниципальная казна
1932;П1300000012653;63:09:0301083:2306;Тепловые сети от ТК-13 (Т179) до ул. Ставропольская, 29;Самарская область, Центральный район, г. Тольятти, юго-восточнее здания, имеющего адрес: ул. Ставропольская, 29;74,0;Муниципальная казна
1933;П1300000012623;63:09:0301083:2309;"Тепловые сети от ТК-1 (Т82) до ул. Мира, 62 (ОАО ""ВНИИцеммаш"")";Самарская область, Центральный район, г. Тольятти, южнее здания, имеющего адрес: ул. Мира, 62;3,0;Муниципальная казна
1934;П1300000012633;63:09:0301083:2310;"Тепловые сети от ТК-18 (Т191) до ул. Мира, 56 (ЗАО ""Арена-С"")";Самарская область, Центральный район, г. Тольятти, зона 3, в 88-5 кв.;168,0;Муниципальная казна
1935;П1300000012807;63:09:0301083:2311;"Тепловые сети от ТК-8а(Т162) до ул. Мира, 60 б (ООО""ЭГО"")";Самарская область, Центральный район, г. Тольятти, южнее здания, имеющего адрес: ул. Мира, 60-а;45,0;Муниципальная казна
1936;П1300000012635;63:09:0301083:2312;"Тепловые сети от ТК-55 (Т156) до ул. Мира, 62 (ООО ""База С"")";Самарская область, Центральный район, г. Тольятти, зона 3, в 88-54 кв., северо-восточнее здания, имеющего адрес: ул. Мира, 62;40,0;Муниципальная казна
1937;П1300000013238;63:09:0301083:2771;Участок тепловой сети - транзит по жилому дому (ул.Ставропольская, 21);Самарская область, Центральный район, г. Тольятти, ул. Ставропольская, д. 21, сооружение 1 (по техподполью здания);16,0;Муниципальная казна
1938;П1300000011186;63:09:0301083:599;"Самотечные канализационные коллекторы по ул. Баныкина, ул. Ленинградской, ул. Ушакова по территории кв. кв. 78; 96";Самарская область, Центральный район, г. Тольятти, южнее, юго-восточнее здания, имеющего адрес: ул. Мира, д. 48;4161,0;Муниципальная казна
1939;П1200000000022;63:09:0301101:2057;Тепловые сети от ТК-9А до ул. Мира, 31а (пиццерия);Самарская область, Центральный район, г. Тольятти, восточнее здания, имеющего адрес: ул. Мира, 29;39,0;Муниципальная казна
1940;П1300000012619;63:09:0301101:2058;Тепловые сети от ТК-4 (Т177) до ТК-4/1 (Тольят. социально-педагогический колледж);Самарская область, Центральный район, г. Тольятти, зона 1, в 89 кв., северо-западнее здания, имеющего адрес: ул. Ленинградская, 28;30,0;Муниципальная казна
1941;П1300000012617;63:09:0301101:2059;Тепловые сети от ТК-4/1 до ул. Ленинградская, 28 (Тольят. социально-педагогический колледж);Самарская область, Центральный район, г. Тольятти, зона 1, в 89 кв., западнее здания, имеющего адрес: ул. Ленинградская, 28;7,0;Муниципальная казна
1942;П1300000012615;63:09:0301101:2060;Тепловые сети от ТК-4/1 до ТК-4/2 (Тольят. социально-педагогический колледж);Самарская область, Центральный район, г. Тольятти, зона 1, в 89 кв., юго-восточнее здания, имеющего адрес: ул. Ленинградская, 28;75,0;Муниципальная казна
1943;П1300000012613;63:09:0301101:2061;Тепловые сети от ТК-4/2 до хозблока (Тольят. социально-педагогический колледж);Самарская область, Центральный район, г. Тольятти, зона 1, в 89 кв.;54,0;Муниципальная казна
1944;П1300000013239;63:09:0301101:2294;Участок тепловой сети - транзит по жилому дому (ул.Мира, 39);Самарская область, Центральный район, г. Тольятти, ул. Мира, д. 39, сооружение 1;48,0;Муниципальная казна
1945;П1300000013271;63:09:0301101:2295;Транзитная теплосеть по техподполью жилого дома (ул.Ленинградская, 42);Самарская область, Центральный район, г. Тольятти, ул. Ленинградская, д. 42, сооружение 1 (по техподполью здания);68,0;Муниципальная казна
1946;П1300000012669;63:09:0301104:1488;Тепловые сети от ТК-1 (Т65) к д. ул. Гидростроевская, 20;Самарская область, Центральный район, г. Тольятти, южнее здания, имеющего адрес: ул. Ленинградская, 11;59,0;Муниципальная казна
1947;П1300000012667;63:09:0301104:1490;Тепловые сети от ТК-3 (Т68) к д. ул. Гидростроевская, 24;Самарская область, Центральный район, г. Тольятти, южнее, восточнее здания, имеющего адрес: ул. Гидростроевская, 24;51,0;Муниципальная казна
1948;П1300000012679;63:09:0301104:1491;Тепловые сети от ТК-8  к д. ул. Гидростроевская, 26;Самарская область, Центральный район, г. Тольятти, восточнее здания, имеющего адрес: ул. Гидростроевская, 26;46,0;Муниципальная казна
1949;П1300000013582;63:09:0301104:1500;Тепловые сети от ТК-4 (ТК-47) до ТК-2;Самарская область, Центральный район, г. Тольятти, зона 1, в 93 кв.;53,0;Муниципальная казна
1950;П1300000013470;63:09:0301104:1501;Тепловые сети от ТК-2 до д. ул.Родины, 36;Самарская область, Центральный район, г. Тольятти, зона 1, в 93 кв.;11,0;Муниципальная казна
1951;П1300000013471;63:09:0301104:1502;Тепловые сети от ТК-2 до Т58;Самарская область, Центральный район, г. Тольятти, зона 1, в 93 кв.;19,0;Муниципальная казна
1952;П1300000014425;63:09:0301104:2126;Газопровод низкого давления от жилого дома №32 по ул. Родины до жилого дома №19 по ул. Гидростроевская Центрального района;Самарская область, г. Тольятти;159,0;Муниципальная казна
1953;П1300000014455;63:09:0301104:2128;Сети бытовой канализации в районе д.№7 по ул. Белорусская Центрального района;Самарская область, Центральный район, г. Тольятти, ул. Белорусская, д. 7;224,0;Муниципальная казна
1954;П1300000014486;63:09:0301104:2130;Участок сети теплоснабжения от ТК-11 до наружной стены фундамента многоквартирного жилого дома, расположенного по адресу: Центральный район, ул. Белорусская, д. 13;Самарская область, Центральный район, г. Тольятти, ул. Белорусская;35,0;Муниципальная казна
1955;П1300000014482;63:09:0301104:2139;Теплосеть к зданию ИАЦ;Самарская область, Центральный район, г. Тольятти, ул. Белорусская, д. 11;168,0;Муниципальная казна
1956;П1300000014481;63:09:0301104:2140;Канализация к зданию ИАЦ;Самарская область, Центральный район, г. Тольятти, ул. Белорусская, д. 11;159,0;Муниципальная казна
1957;П1000000000096;63:09:0301104:576;Автодорога по улице Республиканская;Самарская область, Центральный район, г. Тольятти, между улицей Родины и улицей Белорусской, южнее кварталов 93,94;395,0;Муниципальная казна
1958;П1300000011433;63:09:0301105:730;Электросети;Самарская область, Центральный район, г. Тольятти, северо-западнее здания, имеющего адрес: ул. Белорусская, 29;60,0;Муниципальная казна
1959;П1300000011432;63:09:0301105:731;Электросети;Самарская область, Центральный район, г. Тольятти, юго-восточнее здания, имеющего адрес: ул. Белорусская,27;51,0;Муниципальная казна
1960;П1300000011552;63:09:0301105:732;Водопровод в квартале 93а;Самарская область, Центральный район, г. Тольятти, юго-западнее здания, имеющего адрес: ул. Белорусская, 27;37,0;Муниципальная казна
1961;П1300000011547;63:09:0301105:733;Теплосети к общежитию в квартале 93а;Самарская область, Центральный район, г. Тольятти, юго-восточнее здания, имеющего адрес: ул. Белорусская, 25;51,0;Муниципальная казна
1962;П1300000011542;63:09:0301105:735;Канализация к общежитию в квартале 93а;Самарская область, Центральный район, г. Тольятти, северо-западнее, севернее, северо-восточнее здания, имеющего адрес: ул. Белорусская, 25а;130,0;Муниципальная казна
1963;П1300000012817;63:09:0301105:781;Сеть дождевой канализации в районе д. 33 по ул. Белорусская Центрального района г. Тольятти;Самарская область, Центральный район, г. Тольятти, северо-восточнее здания, имеющего адрес: ул. Белорусская, д. 33;297,0;Муниципальная казна
1964;П1300000011544;63:09:0301106:1306;Канализация  к главному корпусу;Самарская область, Центральный район, г. Тольятти, юго-восточнее здания, имеющего адрес: ул. Белорусская, 6а;7,0;Муниципальная казна
1965;П1300000011434;63:09:0301106:1307;Электросети;Самарская область, Центральный район, г. Тольятти, северо-восточнее здания, имеющего адрес: ул. Белорусская, 16;107,0;Муниципальная казна
1966;П1300000011541;63:09:0301106:1308;Электросети;Самарская область, Центральный район, г. Тольятти, севернее здания, имеющего адрес: ул. Белорусская, 14в;158,0;Муниципальная казна
1967;П1300000011546;63:09:0301106:1309;Теплосети к зданию столовой;Самарская область, Центральный район, г. Тольятти, южнее, юго-восточнее здания, имеющего адрес: ул. Белорусская, 16г;320,0;Муниципальная казна
1968;П1300000011435;63:09:0301106:1310;Электросети;Самарская область, Центральный район, г. Тольятти, восточнее здания, имеющего адрес: ул. Белорусская, 16;179,0;Муниципальная казна
1969;П1300000011550;63:09:0301106:1311;Водопровод к столовой;Самарская область, Центральный район, г. Тольятти, юго-восточнее здания, имеющего адрес: ул. Белорусская, 16б;298,0;Муниципальная казна
1970;П1300000011545;63:09:0301106:1312;Канализация  к столовой;Самарская область, Центральный район, г. Тольятти, восточнее, юго-восточнее здания, имеющего адрес: ул. Белорусская, 16;270,0;Муниципальная казна
1971;П1300000011543;63:09:0301106:1313;Канализация  от главного корпуса к мастерским;Самарская область, Центральный район, г. Тольятти, юго-восточнее здания, имеющего адрес: ул. Белорусская, 12;561,0;Муниципальная казна
1972;П1300000012631;63:09:0301106:1320;Тепловые сети;Самарская область, Центральный район, г. Тольятти, северо-западнее здания, имеющего адрес: ул. Белорусская, 16;38,0;Муниципальная казна
1973;П1300000013329;63:09:0301106:1323;"Тепловые сети от ТК-4512 до ул.Ушакова, 59 (ГОУ ВПО ""ТГУ"")";Самарская область, Центральный район, г. Тольятти, юго-западнее здания, имеющего адрес: ул.Ушакова, 62;200,0;Муниципальная казна
1974;П1300000011549;63:09:0301106:1324;Теплосети к зданию мастерских;Самарская область, Центральный район, г. Тольятти, юго-западнее здания, имеющего адрес: ул. Ушакова, д. 53;224,0;Муниципальная казна
1975;П1300000013273;63:09:0301106:1453;Транзитная теплосеть по техподполью жилого дома (ул.Белорусская, 12);Самарская область, Центральный район, г. Тольятти, ул. Белорусская, д. 12, сооружение 1 (по техподполью здания);44,0;Муниципальная казна
1976;П1300000013272;63:09:0301106:1454;Транзитная теплосеть по техподполью жилого дома (ул.Белорусская, 10);Самарская область, Центральный район, г. Тольятти, ул. Белорусская, д. 10, сооружение 1 (по техподполью здания);56,0;Муниципальная казна
1977;П1300000014367;63:09:0301106:1686;Водопровод к зданию строительного факультета;Самарская область, Центральный район, г. Тольятти, ул. Ушакова, строение 59;26,0;Муниципальная казна
1978;П1300000014364;63:09:0301106:1687;"Водопровод к зданию электротехнического факультета, ""Спорт"", ""НИС""";Самарская область, Центральный район, г. Тольятти, ул. Белорусская, Ушакова;197,0;Муниципальная казна
1979;П1300000014368;63:09:0301106:1688;Канализация к зданию электротехнического факультета, строительного факультета;Самарская область, Центральный район, г. Тольятти, ул. Ушакова;148,0;Муниципальная казна
1980;П1300000014366;63:09:0301106:1689;Водопровод к зданию химико-биологического факультета;Самарская область, Центральный район, г. Тольятти, ул. Белорусская, строение 16-Б;37,0;Муниципальная казна
1981;П1300000014411;63:09:0301106:1690;Участок сети водоснабжения здания Центрального районного суда, расположенного по адресу: Центральный район, ул. Белорусская, д. 16;Самарская область, Центральный район, г. Тольятти, ул. Белорусская;53,0;Муниципальная казна
1982;П1300000011553;63:09:0301106:1696;Водопровод к зданию учебных мастерских;Самарская область, Центральный район, г. Тольятти, восточнее здания, имеющего адрес: ул. Белорусская, 27;274,0;Муниципальная казна
1983;П1300000014483;63:09:0301106:1697;"Теплосеть к зданию ""Б и Д""";Самарская область, Центральный район, г. Тольятти, ул. Белорусская, д. 14-Г;20,0;Муниципальная казна
1984;П1300000014484;63:09:0301106:1698;"Теплосеть к зданию ""Е и УЛК""";Самарская область, Центральный район, г. Тольятти, ул. Белорусская, д. 16-В, ул. Ушакова;103,0;Муниципальная казна
1985;П1300000014485;63:09:0301106:1699;Теплосеть к зданию химико-биологического факультета;Самарская область, Центральный район, г. Тольятти, ул. Белорусская, д. 16-Б;82,0;Муниципальная казна
1986;П1300000014403;63:09:0301109:1611;Сеть водопровода от В1, В3 до здания;Самарская область, Центральный район, г. Тольятти, южнее здания, имеющего адрес: ул.Баныкина, 8, строение 1;128,0;Муниципальная казна
1987;П1300000014389;63:09:0301109:1612;Сеть бытовой канализации Кб, от Кб2 через Кб1-Кб3-Кб4 до Кб5;Самарская область, Центральный район, г. Тольятти, севернее и северо-западнее здания, имеющего адрес: ул. Баныкина, 8, строение 1;135,0;Муниципальная казна
1988;П1300000014404;63:09:0301109:1613;Тепловая сеть от Т1 (сущ.ТК-1) до здания;Самарская область, Центральный район, г. Тольятти, юго-восточнее здания, имеющего адрес: ул.Баныкина, 8, строение 1;78,0;Муниципальная казна
1989;П1300000011204;63:09:0301109:533;"Напорный и самотечный канализационные коллекторы по ул. Ушакова, Республиканской, б-ру Ленина, ул. Ленинградской, Голосова, Новозаводской, Победы, Шлютова, Новопромышленной, Радищева, по территории ОАО ""ВЦМ"" от КНС-5 до КНС-125";Самарская область, Центральный район, г. Тольятти, северо-восточнее здания, имеющего адрес: ул. Баныкина, д. 5А;6996,0;Муниципальная казна
1990;П1300000005701;63:09:0301109:844;"КНС-5 с инженерными сетями (Лит А - 136,7 кв.м.; Лит С- 21,0 кв.м.)";Самарская область, Центральный район, г. Тольятти, ул. Баныкина, д. 5, стр. А;79,0;Муниципальная казна
1991;П1300000010923;63:09:0301111:3897;Сети дождевой канализации по ул. Ленинградской;Самарская область, Центральный район, г. Тольятти, северо-восточнее здания, имеющего адрес: ул. Ленинградская, 53;250,0;Муниципальная казна
1992;П1300000014850;63:09:0301111:4398;Сети бытовой канализации в районе д. №21 по бр. Ленина Центрального района;Самарская область, Центральный район, г. Тольятти, д. № 21 по бр. Ленина Центрального района;55,0;Муниципальная казна
1993;П1300000010955;63:09:0301114:1100;Сети дождевой канализации по б-ру Ленина;Самарская область, Центральный район, г. Тольятти, южнее здания, имеющего адрес: пл. Центральная, 1;634,0;Муниципальная казна
1994;П1300000014529;63:09:0301114:1322;Канализационные сети, расположенные по адресу: Самарская область, г. Тольятти, Центральный район, к дому б-р Ленина, 7а;Самарская область, Центральный район, г. Тольятти, в районе дома № 7а по б-ру Ленина;142,0;Муниципальная казна
1995;П1300000014531;63:09:0301114:1323;Канализационные сети (бытовая), расположенные по адресу: Самарская область, г. Тольятти, Центральный района, к дому б-р Ленина, 19;Самарская область, Центральный район, г. Тольятти, в районе дома № 19 по б-ру Ленина;199,0;Муниципальная казна
1996;П1300000014530;63:09:0301114:1324;Канализационные сети, расположенные по адресу: Самарская область, г. Тольятти, Центральный район, к дому б-р Ленина, 3;Самарская область, Центральный район, г. Тольятти, в районе дома № 3 по б-ру Ленина;179,0;Муниципальная казна
1997;П1300000014812;63:09:0301114:1327;Участок сети теплоснабжения от ТК-28 до наружной стены фундамента многоквартирного дома, расположенного по адресу: Центральный район, бульвар Ленина, д.3;Самарская область, Центральный район, г. Тольятти, б-р Ленина, д. 3;210,0;Муниципальная казна
1998;П1300000012134;63:09:0301115:3893;Ливневая канализация по ул. Голосова;Самарская область, Центральный район, г. Тольятти, севернее, северо-восточнее здания, имеющего адрес: ул. Голосова, 105;691,0;Муниципальная казна
1999;П1300000013333;63:09:0301115:3918;"Тепловые сети от ТК-18 до ул.Баныкина, 32а (сотовая компания ""Мегафон"")";Самарская область, Центральный район, г. Тольятти, севернее здания, имеющего адрес: ул.Баныкина, 32-а;31,0;Муниципальная казна
2000;П1300000013242;63:09:0301115:4084;Тепловая сеть - транзит по жилому дому (ул.Баныкина, 26);Самарская область, Центральный район, г. Тольятти, ул. Баныкина, д. 26, сооружение 1 (по техподполью здания);258,0;Муниципальная казна
2001;П1300000013243;63:09:0301115:4085;Тепловая сеть - транзит по жилому дому (ул.Баныкина, 28);Самарская область, Центральный район, г. Тольятти, ул. Баныкина, д. 28, сооружение 1 (по техподполью здания);365,0;Муниципальная казна
2002;П1300000014908;63:09:0301115:4509;Сеть бытовой канализации от жилых зданий, расположенных по адресу: Центральный район, ул. Баныкина, дома 16-Б, 16-В, 16-Г;Самарская область, Центральный район, г. Тольятти, ул. Баныкина, д. дома 16-Б, 16-В, 16-Г;209,0;Муниципальная казна
2003;П1300000014888;63:09:0301115:4510;Сеть ливневой канализации от жилых зданий, расположенных по адресу: Центральный район, ул. Баныкина, дома 16-Б, 16-В, 16-Г;Самарская область, Центральный район, г. Тольятти, ул. Баныкина, д. дома 16-Б, 16-В, 16-Г;305,0;Муниципальная казна
2004;П1300000014826;63:09:0301115:4520;Сеть водоснабжения от ВК-3, ВК-6 до жилых зданий, расположенных по адресу: Центральный район, ул. Баныкина, дома 16-Б, 16-В, 16-Г;Самарская область, Центральный район, г. Тольятти, ул. Баныкина, дома 16-Б, 16-В, 16-Г;241,0;Муниципальная казна
2005;П1300000011051;63:09:0301136:1220;Самотечный канализационный коллектор по ул. Пугачевской, ул. Шлютова от КК1(4) в районе здания по ул. Кирова 64 до КК-47 на ул. К. Маркса;Самарская область, Центральный район, г. Тольятти, юго-восточнее, восточнее, севернее, северо-западнее здания, имеющего адрес: ул. Кирова, д. 64;1998,0;Муниципальная казна
2006;П1000000000154;63:09:0301136:2736;Автодорога по проезду 2-й Пугачевский;Самарская область, Центральный район, г. Тольятти, от улицы Интернациональной до улицы Пугачевской, южнее объекта, имеющего адрес: ул. Толстого, 7;578,0;Муниципальная казна
2007;П1300000013327;63:09:0301136:2738;"Тепловые сети от ТК-2 (Т156) до ул. Л.Толстого, 7 (ТЦ ""Призма"")";Самарская область, Центральный район, г. Тольятти, юго-западнее здания, имеющего адрес: ул.Толстого, 7;32,0;Муниципальная казна
2008;П1300000012605;63:09:0301136:2739;"Тепловые сети от Т163 до ул. Л. Толстого, 15 (ООО ""Магазин № 41"")";Самарская область, Центральный район, г. Тольятти, юго-восточнее здания, имеющего адрес: ул. Толстого, 15;77,0;Муниципальная казна
2009;П1300000013334;63:09:0301136:2740;Тепловые сети от ТК-1 (Т161) до ул.Л.Толстого,11;Самарская область, Центральный район, г. Тольятти, южнее здания, имеющего адрес: ул.Толстого, 11;16,0;Муниципальная казна
2010;П1300000011695;63:09:0301136:2741;Водопроводные сети Центрального района (частный сектор) по пр. Донской;Самарская область, Центральный район, г. Тольятти, южнее здания, имеющего адрес: ул. Мичурина, 72;535,0;Муниципальная казна
2011;П1300000011694;63:09:0301136:2743;Водопроводные сети Центрального района (частный сектор) по пр. 7-ой Донской;Самарская область, Центральный район, г. Тольятти, восточнее здания, имеющего адрес: пр. Донской, 59;95,0;Муниципальная казна
2012;П1300000011629;63:09:0301136:2744;Водопроводные сети Центрального района (частный сектор) по ул. Интернациональная;Самарская область, Центральный район, г. Тольятти, северо-западнее здания, имеющего адрес: ул. Ларина, 9;397,0;Муниципальная казна
2013;П1300000011628;63:09:0301136:2745;Водопроводные сети Центрального района (частный сектор) по пр. Жилина;Самарская область, Центральный район, г. Тольятти, севернее здания, имеющего адрес: пр. Жилина, 85;388,0;Муниципальная казна
2014;П1300000013622;63:09:0301136:3586;Канализационные сети Центрального района (частный сектор) по 1-ый Пугачевский;Самарская область, Центральный район, г. Тольятти, юго-западнее здания, имеющего адрес: пр.Пугачевский,14 и юго-западнее здания, имеющего адрес: ул.Пугаческая,46;485,0;Муниципальная казна
2015;П1300000013659;63:09:0301136:3589;Канализационные сети Центрального района (частный сектор) по пр. 2-ой Пугачевский;Самарская область, Центральный район, г. Тольятти, юго-западнее здания, имеющего адрес: ул. Крупская, 49 и северо-восточнее здания, имеющего адрес: пр. 2-ой Пугачевский, 45;391,0;Муниципальная казна
2016;П1300000013581;63:09:0301136:3593;Канализационная сеть Центрального района (частный сектор) по пр.Кирпичный;Самарская область, Центральный район, г. Тольятти, северо-западнее здания, имеющего адрес: проезд Кирпичный, 19;123,0;Муниципальная казна
2017;П1300000011738;63:09:0301136:3716;Водопроводные сети Центрального района (частный сектор) по пр. Добролюбова;Самарская область, Центральный район, г. Тольятти;426,0;Муниципальная казна
2018;П1300000014355;63:09:0301136:3977;Сеть теплоснабжения от ТК-6 транзит в тех.подполью здания, расположенного по адресу: Центральный район, ул. Ленина, д. 37-а, до нежилого здания, имеющего адрес: ул. Мичурина, д. 78-а, и от транзита в тех.подполье здания по адресу: ул. Ленина, д. 37-а, до нежилого здания, имеющего адрес: ул. Мичурина, д. 78-б;Самарская область, Центральный район, г. Тольятти;32,0;Муниципальная казна
2019;П1300000011717;63:09:0301136:3984;Водопроводные сети Центрального района (частный сектор) по ул. Маяковского;Самарская область, Центральный район, г. Тольятти, ул. Маяковского;193,0;Муниципальная казна
2020;П1300000011736;63:09:0301136:3985;Водопроводные сети Центрального района (частный сектор) по пр. Кирпичный;Самарская область, Центральный район, г. Тольятти;314,0;Муниципальная казна
2021;П1300000011737;63:09:0301136:3986;Водопроводные сети Центрального района (частный сектор) по пр. Ягодный;Самарская область, Центральный район, г. Тольятти;478,0;Муниципальная казна
2022;П1300000011735;63:09:0301136:3995;Водопроводные сети Центрального района (частный сектор) по пр. 1-ый Пугачевский;Самарская область, Центральный район, г. Тольятти;601,0;Муниципальная казна
2023;П1300000014605;63:09:0301136:4056;Участок сети бытовой канализации от КК-1 до здания, расположенного по адресу: Центральный район, ул. Ленина, д. 35-а;Самарская область, Центральный район, г. Тольятти, ул. Ленина, д. 35А;65,0;Муниципальная казна
2024;П1000000000131;63:09:0301136:4061;Автодорога по проезду 1-й Пугачевский;Самарская область, Центральный район, г. Тольятти, по проезду 1-й Пугачевский;597,0;Муниципальная казна
2025;П1300000011212;63:09:0301137:1265;"Напорные канализационные коллекторы от КНС-7 до очистных сооружений ОАО ""Тольяттикаучук""";Самарская область, Центральный район, г. Тольятти, северо-восточнее здания, имеющего адрес: ул. Толстого, 39;12357,0;Муниципальная казна
2026;П1300000012699;63:09:0301137:2360;Тепловые сети от ТК-1 до ул. Л. Толстого, 39 (УВД);Самарская область, Центральный район, г. Тольятти;52,0;Муниципальная казна
2027;П1300000012701;63:09:0301137:2361;Тепловые сети от ТК-6 до ул. Л. Толстого, 38 (УВД);Самарская область, Центральный район, г. Тольятти, юго-восточнее здания, имеющего адрес: ул. Толстого, 38;71,0;Муниципальная казна
2028;П1300000012703;63:09:0301137:2362;Тепловые сети от ТК-4 до ул. Ломоносова, 57;Самарская область, Центральный район, г. Тольятти;81,0;Муниципальная казна
2029;П1300000011680;63:09:0301137:2372;Водопроводные сети Центрального района (частный сектор) по пер. 9-ый Онежский;Самарская область, Центральный район, г. Тольятти, восточнее здания, имеющего адрес: ул. Минская, 57;137,0;Муниципальная казна
2030;П1300000011703;63:09:0301137:2373;Водопроводные сети Центрального района (частный сектор) по пер. 8-ой Онежский;Самарская область, Центральный район, г. Тольятти, юго-западнее здания, имеющего адрес: ул. Марии Ульяновой, 60;186,0;Муниципальная казна
2031;П1300000011702;63:09:0301137:2374;Водопроводные сети Центрального района (частный сектор) по пер. 7-ой Онежский;Самарская область, Центральный район, г. Тольятти, юго-восточнее здания, имеющего адрес: ул. Минская, 67;381,0;Муниципальная казна
2032;П1300000011862;63:09:0301137:2830;Канализационные сети Центрального района (частный сектор) по ул.Герцена;Самарская область, Центральный район, г. Тольятти, северо-восточнее здания, имеющего адрес: ул. Кирова, 106;136,0;Муниципальная казна
2033;П1300000011713;63:09:0301137:3087;Водопроводные сети Центрального района (частный сектор) по пр. 1-ый Минский;Самарская область, Центральный район, г. Тольятти;445,0;Муниципальная казна
2034;П1300000011724;63:09:0301137:3089;Водопроводные сети Центрального района (частный сектор) по ул. Чкалова;Самарская область, Центральный район, г. Тольятти;272,0;Муниципальная казна
2035;П1300000011860;63:09:0301137:3103;Канализационные сети Центрального района (частный сектор) по пр. 9 Января;Самарская область, Центральный район, г. Тольятти, юго-восточнее здания, имеющего адрес: пр. 9 Января, 33;79,0;Муниципальная казна
2036;П1000000000009;63:09:0301137:3127;Автодорога по 9-му Онежскому переулку;Самарская область, Центральный район, г. Тольятти, пер. Онежский 9-й;117,0;Муниципальная казна
2037;П1000000000005;63:09:0301137:3128;Автодорога по переулку 8-ой Онежский;Самарская область, Центральный район, г. Тольятти, пер. Онежский 8-й;182,0;Муниципальная казна
2038;П1000000000145;63:09:0301137:3131;Автодорога по проезду 2-й Минский;Самарская область, Центральный район, г. Тольятти, проезд Минский 2-й;421,0;Муниципальная казна
2039;П1300000013281;63:09:0301138:1014;Тепловая сеть;Самарская область, Центральный район, г. Тольятти, западнее, юго-западнее здания, имеющего адрес: ул.Лесная, д.52-А;44,0;Муниципальная казна
2040;П1300000012601;63:09:0301138:3178;Тепловые сети от ТК до ул. Ленина, 63;Самарская область, Центральный район, г. Тольятти, северо-восточнее здания, имеющего адрес: ул. Ленина, 63;16,0;Муниципальная казна
2041;П1300000013328;63:09:0301138:3182;Тепловые сети ТК-1 (Т230) до ул.Ленина, 67;Самарская область, Центральный район, г. Тольятти, северо-восточнее здания, имеющего адрес: ул. Ленина, 67;16,0;Муниципальная казна
2042;П1300000012591;63:09:0301138:3183;Тепловые сети от ТК-10 к ул. Ленина, 59, 61, 63, 65 (ГОУ СПО Тольят. техникум произв. технологий и экологии промышленности);Самарская область, Центральный район, г. Тольятти, юго-восточнее здания, имеющего адрес: ул. Ленина, 59;171,0;Муниципальная казна
2043;П1300000011626;63:09:0301138:3185;Водопроводные сети Центрального района (частный сектор) по пр. 2-ой Озерный;Самарская область, Центральный район, г. Тольятти, юго-восточнее здания, имеющего адрес: б-р 50 лет Октября, 17;173,0;Муниципальная казна
2044;П1300000013583;63:09:0301138:3186;Тепловые сети от ТК-1 (Т230) к ул.Шлютова, 92;Самарская область, Центральный район, г. Тольятти, северо-восточнее здания, имеющего адрес: ул. Шлютова, 92;64,0;Муниципальная казна
2045;П1300000013578;63:09:0301138:3738;Канализационные сети Центрального района (частный сектор) по пр.Алтайский;Самарская область, Центральный район, г. Тольятти, севернее здания, имеющего адрес: ул.Алтайская ,8;64,0;Муниципальная казна
2046;П1300000011798;63:09:0301138:3741;Сети дождевой канализации 100 кв. Центрального района;Самарская область, Центральный район, г. Тольятти, северо-восточнее здания, имеющего адрес: ул. Лесная, д. 48;846,0;Муниципальная казна
2047;П1300000013240;63:09:0301138:3765;Участок тепловой сети - транзит по жилому дому (ул.Лесная, 56);Самарская область, Центральный район, г. Тольятти, ул. Лесная, д. 56, сооружение 1;95,0;Муниципальная казна
2048;П1000000000336;63:09:0301138:3769;Автодорога по переулку Чернышевского;Самарская область, Центральный район, г. Тольятти, от улицы Карла Маркса до проезда 2-ой Озёрный, юго-западнее здания, имеющего адрес: проезд 2-ой Озёрный, 12;496,0;Муниципальная казна
2049;П1300000014362;63:09:0301138:4035;Сеть водоснабжения от колодца, расположенного между троллейбусными опорами №№ 109-111, до колодца, расположенного напротив частного жилого дома по адресу: б-р 50 лет Октября, 13Б, далее параллельно б-ру 50 лет Октября до частного дома № 19А;Самарская область, Центральный район, г. Тольятти;82,0;Муниципальная казна
2050;П1300000012333;63:09:0301138:4039;Канализационные сети Центрального района (частный сектор) по бул. 50 лет Октября;Самарская область, Центральный район, г. Тольятти;389,0;Муниципальная казна
2051;П1300000012327;63:09:0301138:4040;Канализационные сети Центрального района (частный сектор) по ул. Клавдии Вавиловой;Самарская область, Центральный район, г. Тольятти, северо-восточнее здания, имеющего адрес: ул. Клавдии Вавиловой, 17;144,0;Муниципальная казна
2052;П1300000012325;63:09:0301138:4041;Канализационные сети Центрального района (частный сектор) по пр. Цветочный;Самарская область, Центральный район, г. Тольятти, юго-восточнее здания, имеющего адрес: пр. Цветочный, 26;12,0;Муниципальная казна
2053;П1300000012329;63:09:0301138:4042;Канализационные сети Центрального района (частный сектор) по пер. Чернышевского;Самарская область, Центральный район, г. Тольятти, юго-восточнее здания, имеющего адрес: пер. Чернышевского, 2-а и северо-восточнее здания, имеющего адрес: ул. К. Маркса, 2;210,0;Муниципальная казна
2054;П1300000012323;63:09:0301138:4043;Канализационные сети Центрального района (частный сектор) по пр. Огородный;Самарская область, Центральный район, г. Тольятти, юго-восточнее здания, имеющего адрес: пр. Огородный, 10;66,0;Муниципальная казна
2055;П1300000011858;63:09:0301138:4046;Канализационные сети Центрального района (частный сектор) по пр.Степной;Самарская область, Центральный район, г. Тольятти, южнее здания, имеющего адрес: пр. Огородный, 8;14,0;Муниципальная казна
2056;П1000000000072;63:09:0301138:4054;Автодорога по проезду Алтайский;Самарская область, Центральный район, г. Тольятти, проезд Алтайский;138,0;Муниципальная казна
2057;П1000000000215;63:09:0301138:4055;Автодорога по улице Клавдии Вавиловой;Самарская область, Центральный район, г. Тольятти, ул. Клавдии Вавиловой;423,0;Муниципальная казна
2058;П1000000000334;63:09:0301138:4056;Автодорога по проезду Цветочный;Самарская область, Центральный район, г. Тольятти, проезд Цветочный;391,0;Муниципальная казна
2059;П1000000000150;63:09:0301138:4062;Автодорога по проезду 2-й Озерный;Самарская область, Центральный район, г. Тольятти, проезд Озерный 2-й;115,0;Муниципальная казна
2060;П1300000014708;63:09:0301138:4067;Участки сетей бытовой канализации (выпуски) от стены дома № 44 по ул. Лесной до первых смотровых колодцев №№ 18,19,20,21;Самарская область, Центральный район, г. Тольятти, ул. Лесная, д. 44;14,0;Муниципальная казна
2061;П1300000012731;63:09:0301139:3945;Тепловые сети от ТК-6А (Т-63) до д. б-р 50 лет Октября, 73а;Самарская область, Центральный район, г. Тольятти, северо-восточнее здания, имеющего адрес: бульвар 50 лет Октября, 73-а;29,0;Муниципальная казна
2062;П1300000011682;63:09:0301139:3954;Водопроводные сети Центрального района (частный сектор) по пр. Шевченко;Самарская область, Центральный район, г. Тольятти, северо-западнее здания, имеющего адрес: пр. Шевченко, 123;752,0;Муниципальная казна
2063;П1300000011686;63:09:0301139:3955;Водопроводные сети Центрального района (частный сектор) по пр. Гражданский;Самарская область, Центральный район, г. Тольятти, северо-западнее здания, имеющего адрес: пр. Гражданский, 63;978,0;Муниципальная казна
2064;П1300000011683;63:09:0301139:3957;Водопроводные сети Центрального района (частный сектор) по пр. Детский;Самарская область, Центральный район, г. Тольятти, юго-восточнее здания, имеющего адрес: ул. Ленина, 72;842,0;Муниципальная казна
2065;П1300000013391;63:09:0301139:4601;Канализационные сети Центрального района (частный сектор) по пр.Гражданский;Самарская область, Центральный район, г. Тольятти, северо-восточнее здания, имеющего адрес:ул.Победы, 15;77,0;Муниципальная казна
2066;П1300000013374;63:09:0301139:4605;Канализационные сети Центрального района (частный сектор) по пр.Сахалинский;Самарская область, Центральный район, г. Тольятти, южнее здания, имеющего адрес: бул. 50 лет Октября, 63;44,0;Муниципальная казна
2067;П1300000013665;63:09:0301139:4623;Канализационные сети Центрального района (частный сектор) по ул.Саратовская;Самарская область, Центральный район, г. Тольятти, юго-восточнее здания, имеющего адрес: ул.Саратовская, д.56;232,0;Муниципальная казна
2068;П1000000000108;63:09:0301139:4694;Автодорога по улице Саратовская;Самарская область, Центральный район, г. Тольятти, от проезда Новгородский до улицы Победы, северо-западнее объекта недвижимости, имеющего адрес: улица Победы, 13;970,0;Муниципальная казна
2069;П1300000011739;63:09:0301139:4728;Водопроводные сети Центрального района (частный сектор) по пр. Запорожский;Самарская область, Центральный район, г. Тольятти;439,0;Муниципальная казна
2070;П1300000012289;63:09:0301139:4734;Канализационные сети Центрального района (частный сектор) по пр. Сызранский;Самарская область, Центральный район, г. Тольятти, юго-восточнее здания, имеющего адрес: улица Октябрьская, д.14-а;279,0;Муниципальная казна
2071;П1300000011743;63:09:0301139:5014;Водопроводные сети Центрального района (частный сектор) по пр. Сахалинский;Самарская область, Центральный район, г. Тольятти;241,0;Муниципальная казна
2072;П1000000000080;63:09:0301139:5025;Автодорога по проезду Книжный;Самарская область, Центральный район, г. Тольятти, проезд Книжный;293,0;Муниципальная казна
2073;П1300000014390;63:09:0301139:5026;Канализационные сети Центрального района (частный сектор) по пр. Детский;Самарская область, Центральный район, г. Тольятти, северно-западнее здания, имеющего адрес: проезд Детский, 31;94,0;Муниципальная казна
2074;П1300000011740;63:09:0301139:5031;Водопроводные сети Центрального района (частный сектор) по пр. Сызранский;Самарская область, Центральный район, г. Тольятти;529,0;Муниципальная казна
2075;П1200000000086;63:09:0301139:5032;Канализационные сети Центрального района (частный сектор) по пр. Книжный;Самарская область, Центральный район, г. Тольятти, северо-западнее здания, имеющего адрес: проезд Книжный, д. 23;189,0;Муниципальная казна
2076;П1300000011833;63:09:0301139:5052;Канализационные сети Центрального района (частный сектор) по пр.Шевченко;Самарская область, Центральный район, г. Тольятти, юго-восточнее здания, имеющего адрес: пр. Шевченко, 68 и юго-восточнее здания, имеющего адрес: пр. Шевченко, 122;160,0;Муниципальная казна
2077;П1000000000089;63:09:0301139:5095;Автодорога по проезду Новгородский;Самарская область, Центральный район, г. Тольятти, проезд Новгородский;113,0;Муниципальная казна
2078;П1300000014909;63:09:0301139:5097;Участок сети бытовой канализации от КК-2 до жилого дома, расположенного по адресу: Центральный район, ул. Ленина, д.76;Самарская область, Центральный район, г. Тольятти, ул. Ленина, д. 76;17,0;Муниципальная казна
2079;П1300000014906;63:09:0301139:5098;Участок сети водоснабжения от ВК в районе жилого дома № 111 на сети водопровода по ул. Шлютова до жилого дома, расположенного по адресу: Центральный район, ул. Ленина, д. 76;Самарская область, Центральный район, г. Тольятти, ул. Ленина, д. 76;43,0;Муниципальная казна
2080;П1000000000205;63:09:0301139:5101;Автодорога по проезду Кавказский;Самарская область, Центральный район, г. Тольятти, проезд Кавказский;318,0;Муниципальная казна
2081;П1300000014902;63:09:0301139:5105;Участок сети водоснабжения от колодца ВК4 между домов № 22 и № 21 по пр. Запорожский до колодца ВК-1 на сети водопровода Ду 100 мм на ул. Октябрьская;Самарская область, Комсомольский район, г. Тольятти, проезд Запорожский;114,0;Муниципальная казна
2082;П1000000000230;63:09:0301139:5117;Автодорога по проезду Детский;Самарская область, Центральный район, г. Тольятти, по проезду Детский;476,0;Муниципальная казна
2083;П1300000012671;63:09:0301140:2068;Тепловые сети от ТК-5 до ул. Победы, 30, 32, 36 (ГОУС ПО Тольят. индустриальный педагогический колледж);Самарская область, Центральный район, г. Тольятти, севернее здания, имеющего адрес: ул. Победы, д. 36;223,0;Муниципальная казна
2084;П1300000014191;63:09:0301140:2844;Сети канализации, Общая длина - 600 п.м.;Самарская область, Центральный район, г. Тольятти, северо-восточнее, севернее, западнее, юго-западнее здания, имеющего адрес: ул. Новопромышленная, 16;600,0;Муниципальная казна
2085;П1300000014188;63:09:0301140:3181;Сети хозпитьевого водопровода;Самарская область, Центральный район, г. Тольятти, расположено северо-восточнее, севернее, северо-западнее здания, имеющего адрес: ул. Новопромышленная, 16;280,0;Муниципальная казна
2086;П1300000014385;63:09:0301140:4486;Участок сети теплоснабжения от ТК-32/1 до здания, расположенного по адресу: Центральный район, ул.Комсомольская, д. 84-А;Самарская область, Центральный район, г. Тольятти;83,0;Муниципальная казна
2087;П1300000014386;63:09:0301140:4487;Участок сети теплоснабжения от ТК-25 до здания, расположенного по адресу: Центральный район, ул.Новозаводская, д. 55-а, и от здания, расположенного по адресу: ул. Новозаводская, д. 55-а до здания, имеющего адрес: ул.Новозаводская, д.55;Самарская область, Центральный район, г. Тольятти;120,0;Муниципальная казна
2088;П1300000011178;63:09:0301140:615;Самотечный коллектор по ул.  Комсомольской от КК-13 в районе дома по ул. Комсомольская, 97 до ул. Победы и по ул. Победы от ул. Комсомольской до ул. Горького;Самарская область, Центральный район, г. Тольятти, южнее, юго-западнее здания, имеющего адрес: ул. Горького, д. 59;1534,0;Муниципальная казна
2089;П1300000014527;63:09:0301141:2727;Участок сети водоснабжения от ВК1 - УГ3 до жилого дома, имеющего адрес:ул. Победы, д. 31;Самарская область, Центральный район, г. Тольятти, ул. Победы, д. 31;106,0;Муниципальная казна
2090;П1300000014515;63:09:0301141:2728;Участок сети бытовой канализации от жилого дома, имеющего адрес: ул. Победы, д. 27, от КК-1 од КК-4;Самарская область, Центральный район, г. Тольятти, ул. Победы, д. 27;96,0;Муниципальная казна
2091;П1300000014526;63:09:0301141:2729;Участок сети водоснабжения от ВК3 через ВК2 – ВК1 до жилого дома,имеющего адрес: ул. Победы, д. 27;Самарская область, Центральный район, г. Тольятти, ул. Победы, д. 27;148,0;Муниципальная казна
2092;П1300000014603;63:09:0301141:2732;Участок сети бытовой канализации от КК-13 до КК-12 в районе дома № 84 по ул. Комсомольская;Самарская область, Центральный район, г. Тольятти, ул. Комсомольская, д. 84;152,0;Муниципальная казна
2093;П1300000014607;63:09:0301141:2733;Участок сети водоснабжения от ВК1 до жилого дома, имеющего адрес: ул. Комсомольская, д. 84;Самарская область, Центральный район, г. Тольятти, ул. Комсомольская, д. 84;93,0;Муниципальная казна
2094;П1300000014606;63:09:0301141:2734;Участок сети водоснабжения от ВК3 до жилого дома, имеющего адрес: ул. Комсомольская, д. 82;Самарская область, Центральный район, г. Тольятти, ул. Комсомольская, д. 82;377,0;Муниципальная казна
2095;П1300000014901;63:09:0301141:2735;Участок сети водоснабжения от ВК2, Уг1-ВК1 до ПГ2, от ВК5-ПГ4 до ПГ2, от ПГ2-ПГ3 до жилого дома, имеющего адрес: ул. Комсомольская, д. 80;Самарская область, Центральный район, г. Тольятти, ул. Октябрьская, д. 80;117,0;Муниципальная казна
2096;П1300000014814;63:09:0301141:2736;Участок сети теплоснабжения от УТ2-УТ4 до жилого дома, имеющего адрес: ул. Победы, д. 27;Самарская область, Центральный район, г. Тольятти, от УТ2-УТ4 до жилого дома, имеющего адрес: ул. Победы, д. 27;180,0;Муниципальная казна
2097;П1300000014820;63:09:0301142:1191;Участок сети теплоснабжения от ТК-30/9 до здания, расположенного по адресу: Центральный район, ул. Горького, д. 43;Самарская область, Центральный район, г. Тольятти, ул. Горького, д. 43;28,0;Муниципальная казна
2098;П1000000000254;63:09:0301143:1210;Автодорога по проезду Охотничий;Самарская область, Центральный район, г. Тольятти, проезд Охотничий;158,0;Муниципальная казна
2099;П1300000011853;63:09:0301143:986;Канализационные сети Центрального района (частный сектор) по пр.Охотничий;Самарская область, Центральный район, г. Тольятти, юго-восточнее здания, имеющего адрес: пр. Охотничий, 3;95,0;Муниципальная казна
2100;П1300000011650;63:09:0301144:1426;Водопроводные сети Центрального района (частный сектор) по пер. Трудовой;Самарская область, Центральный район, г. Тольятти, северо-восточнее здания, имеющего адрес: пр. Трудовой, 3;73,0;Муниципальная казна
2101;П1300000011663;63:09:0301144:1427;Водопроводные сети Центрального района (частный сектор) по пр. Рыночный;Самарская область, Центральный район, г. Тольятти, северо-восточнее здания, имеющего адрес: пр. Хлебный, 1;204,0;Муниципальная казна
2102;П1300000011651;63:09:0301144:1428;Водопроводные сети Центрального района ( частный сектор) по пр. Торговый;Самарская область, Центральный район, г. Тольятти, северо-западнее здания, имеющего адрес: пр. Пожарского, 27;141,0;Муниципальная казна
2103;П1300000012609;63:09:0301144:1429;"Тепловые сети от ТК-1 ул. Комсомольская, 62 от ТК-2 ул. Комсомольская, 64а (ООО ""Центральный рынок"")";Самарская область, Центральный район, г. Тольятти, северо-западнее здания, имеющего адрес: ул. Комсомольская, 103;8,0;Муниципальная казна
2104;П1300000012603;63:09:0301144:1430;Тепловые сети от ТК-7 до ул. Комсомольская, 52 (Сбербанк);Самарская область, Центральный район, г. Тольятти, северо-восточнее здания, имеющего адрес: ул. Комсомольская, 50;56,0;Муниципальная казна
2105;П1300000013469;63:09:0301144:1431;Тепловые сети от ТК-6 (Т161) до ул. К.Маркса,36 (ул.Комсомольская, 50);Самарская область, Центральный район, г. Тольятти;48,0;Муниципальная казна
2106;П1300000011555;63:09:0301144:1450;Обелиск Славы;Самарская область, Центральный район, г. Тольятти, западнее пересечения ул. К. Маркса и Молодежного бульвара;;Муниципальная казна
2107;П1300000012311;63:09:0301144:1878;Канализационные сети Центрального района (частный сектор) по ул. Жигулевская;Самарская область, Центральный район, г. Тольятти, юго-западнее здания, имеющего адрес: улица Жигулевская, д.11;159,0;Муниципальная казна
2108;П1300000011818;63:09:0301144:1879;Канализационные сети Центрального района (частный сектор) по пр.Рыночный;Самарская область, Центральный район, г. Тольятти, северо-западнее здания, имеющего адрес: пр. Рыночный, 17;78,0;Муниципальная казна
2109;П1000000000332;63:09:0301144:1892;Автодорога по проезду Хлебный;Самарская область, Центральный район, г. Тольятти, проезд Хлебный;78,0;Муниципальная казна
2110;П1000000000319;63:09:0301144:1893;Автодорога по переулку Трудовой;Самарская область, Центральный район, г. Тольятти, пер. Трудовой;108,0;Муниципальная казна
2111;П1300000011172;63:09:0301144:718;Самотечный коллектор по ул. Калинина, ул. Шлютова от ул. Горького до КНС-6;Самарская область, Центральный район, г. Тольятти, северо-западнее здания, имеющего адрес: ул. Горького, д. 31;993,0;Муниципальная казна
2112;П1300000011050;63:09:0301145:1099;Напорные коллекторы от КНС-6 по пр. Чернышевского, пр. Огородному, пр. Цветочному, пр. Гражданскому, ул. Саратовской до КК-10 на ул. Новопромышленной и по пр. Чернышевского, ул. Шлютова от КК-20 до КК-67 на ул. Победы;Самарская область, Центральный район, г. Тольятти, северо-восточнее здания, имеющего адрес: ул. Шлютова, д. 2б;5533,0;Муниципальная казна
2113;П1300000011177;63:09:0301145:1104;Самотечные канализационные коллекторы по ул. К. Маркса от КК-100а до КК-8, от КК-1 на ул. Пушкина до КК-96 по ул. К. Маркса, от КК-11 на ул. Горького до КК-12 на ул. К. Маркса, по проезду 1-му Лесному от КК-79 до КК-83;Самарская область, Центральный район, г. Тольятти, юго-восточнее здания, имеющего адрес: ул. Шлютова, д. 2;1962,0;Муниципальная казна
2114;П1300000011617;63:09:0301145:2049;Водопроводные сети Центрального района (частный сектор) по пр. 7-ой Лесной;Самарская область, Центральный район, г. Тольятти, северо-восточнее здания, имеющего адрес: пр-т 7-ой Лесной, 1;109,0;Муниципальная казна
2115;П1300000011618;63:09:0301145:2050;Водопроводные сети Центрального района (частный сектор) по пр. 8-ой Лесной;Самарская область, Центральный район, г. Тольятти, юго-западнее здания, имеющего адрес: пр. Линейный, 4;184,0;Муниципальная казна
2116;П1300000012675;63:09:0301145:2053;Тепловые сети от ТК-6 (Т358) до ул. Горького, 34 (Поволжский гос. университет сервиса);Самарская область, Центральный район, г. Тольятти, восточнее здания, имеющего адрес: ул. Горького, д. 34;25,0;Муниципальная казна
2117;П1300000012677;63:09:0301145:2054;Тепловые сети;Самарская область, Центральный район, г. Тольятти, западнее здания, имеющего адрес: ул. Горького, д. 34а;8,0;Муниципальная казна
2118;П1300000011668;63:09:0301145:2059;Водопроводные сети Центрального района (частный сектор) по пр. 1-ый Лесной;Самарская область, Центральный район, г. Тольятти, юго-западнее здания, имеющего адрес: пр. 2-ой Лесной, 32;249,0;Муниципальная казна
2119;П1300000011670;63:09:0301145:2061;Водопроводные сети Центрального района (частный сектор) по пр. 3-ий Лесной;Самарская область, Центральный район, г. Тольятти, северо-восточнее здания, имеющего адрес: пр. 3-ий Лесной, 1;515,0;Муниципальная казна
2120;П1300000011673;63:09:0301145:2062;Водопроводные сети Центрального района (частный сектор) по пр. 6-ой Лесной;Самарская область, Центральный район, г. Тольятти, северо-восточнее здания, имеющего адрес: пр. 5-ый Лесной, 1-б;345,0;Муниципальная казна
2121;П1300000011671;63:09:0301145:2063;Водопроводные сети Центрального района (частный сектор) по пр. 4-ый Лесной;Самарская область, Центральный район, г. Тольятти, северо-восточнее здания, имеющего адрес: пр. 4-ый Лесной, 1;428,0;Муниципальная казна
2122;П1300000011672;63:09:0301145:2065;Водопроводные сети Центрального района (частный сектор) по пр. 5-ый Лесной;Самарская область, Центральный район, г. Тольятти, северо-восточнее здания, имеющего адрес: пр. 5-ый Лесной, 1;241,0;Муниципальная казна
2123;П1300000011669;63:09:0301145:2066;Водопроводные сети Центрального района (частный сектор) по пр. 2-ой Лесной;Самарская область, Центральный район, г. Тольятти, северо-восточнее здания, имеющего адрес: пр. 2-ой Лесной, 1;460,0;Муниципальная казна
2124;П1300000013579;63:09:0301145:2451;Канализационные сети Центрального района (частный сектор) по пр. Линейный;Самарская область, Центральный район, г. Тольятти, северо-западнее здания, имеющего адрес: пр. Линейный, 10;158,0;Муниципальная казна
2125;П1300000013375;63:09:0301145:2452;Канализационные сети Центрального района (частный сектор) по пр. 8-ой Лесной;Самарская область, Центральный район, г. Тольятти, юго-западнее здания, имеющего адрес: пр. 8-ой Лесной, 12;180,0;Муниципальная казна
2126;П1300000013394;63:09:0301145:2453;Канализационные сети Центрального района (частный сектор) по пр. 7-й Лесной;Самарская область, Центральный район, г. Тольятти, юго-западнее здания, имеющего адрес: пр.Линейный, 8;218,0;Муниципальная казна
2127;П1300000014329;63:09:0301145:2484;Канализационные сети Центрального района (частный сектор) по пр. 5-ый Лесной;Самарская область, Центральный район, г. Тольятти, северо-восточнее здания, имеющего адрес: проезд 5-ый Лесной, 1;91,0;Муниципальная казна
2128;П1300000012343;63:09:0301145:2503;Канализационные сети Центрального района (частный сектор) по ул. Спортивная;Самарская область, Центральный район, г. Тольятти;38,0;Муниципальная казна
2129;П1300000011823;63:09:0301145:2504;Канализационные сети Центрального района (частный сектор) по пр. 2-ой Лесной;Самарская область, Центральный район, г. Тольятти, юго-западнее здания, имеющего адрес: проезд 2-ой Лесной, д.25;273,0;Муниципальная казна
2130;П1300000014408;63:09:0301145:2749;Канализационные сети Центрального района (частный сектор) по пр. 6-ой Лесной;Самарская область, Центральный район, г. Тольятти;339,0;Муниципальная казна
2131;П1300000011822;63:09:0301145:2763;Канализационные сети Центрального района (частный сектор) по пр. 1-ый Лесной;Самарская область, Центральный район, г. Тольятти, юго-западнее здания, имеющего адрес: пр.1-ый Лесной, 36;182,0;Муниципальная казна
2132;П1300000011824;63:09:0301145:2764;Канализационные сети Центрального района (частный сектор) по пр.4-ый Лесной;Самарская область, Центральный район, г. Тольятти, северо-восточнее здания, имеющего адрес: проезд 4-ый Лесной, д.3;212,0;Муниципальная казна
2133;П1000000000004;63:09:0301145:2777;Автодорога по проезду 8-ой Лесной;Самарская область, Центральный район, г. Тольятти, проезд Лесной 8-й;160,0;Муниципальная казна
2134;П1000000000144;63:09:0301145:2783;Автодорога по проезду 2-й Лесной;Самарская область, Центральный район, г. Тольятти, проезд Лесной 2-й;502,0;Муниципальная казна
2135;П1000000000136;63:09:0301145:2784;Автодорога по проезду 6-ой Лесной;Самарская область, Центральный район, г. Тольятти, проезд Лесной 6-й;266,0;Муниципальная казна
2136;П1300000009735;63:09:0301146:1054;Внутриквартальные тепловые сети Центрального района;Самарская область, Центральный район, г. Тольятти, севернее и северо-восточнее здания, имеющего адрес ул. Горького, 1;100,0;Муниципальная казна
2137;П1300000011622;63:09:0301146:2285;Водопроводные сети Центрального района (частный сектор) по ул. Белова;Самарская область, Центральный район, г. Тольятти, юго-западнее здания, имеющего адрес: пер. Кирилла Белова, 16;78,0;Муниципальная казна
2138;П1300000011621;63:09:0301146:2287;Водопроводные сети Центрального района (частный сектор) по пр. Репина;Самарская область, Центральный район, г. Тольятти, юго-восточнее здания, имеющего адрес: пр. Репина, 10;245,0;Муниципальная казна
2139;П1300000011635;63:09:0301146:2290;Водопроводные сети Центрального района (частный сектор) по ул. Блюхера;Самарская область, Центральный район, г. Тольятти, юго-западнее здания, имеющего здания, имеющего адрес: ул. Блюхера, 10;166,0;Муниципальная казна
2140;П1300000013664;63:09:0301146:2645;Канализационные сети Центрального района (частный сектор) по пр.Пионерский;Самарская область, Центральный район, г. Тольятти, юго-западнее здания, имеющего адрес: пр.Пионерский, 30;309,0;Муниципальная казна
2141;П1000000000097;63:09:0301146:2673;Автодорога по проезду Пионерский;Самарская область, Центральный район, г. Тольятти, от улицы Лесной до улицы Карла Маркса, северо-восточнее здания, имеющего адрес: проезд Пионерский, 1;931,0;Муниципальная казна
2142;П1300000011720;63:09:0301146:2955;Водопроводные сети Центрального района (частный сектор) по пр. Докторский;Самарская область, Центральный район, г. Тольятти;251,0;Муниципальная казна
2143;П1300000011716;63:09:0301146:2970;Водопроводные сети Центрального района (частный сектор) по пр. Учительскому;Самарская область, Центральный район, г. Тольятти;302,0;Муниципальная казна
2144;П1300000011715;63:09:0301146:2978;Водопроводные сети Центрального района (частный сектор) по пр. Пионерскому;Самарская область, Центральный район, г. Тольятти, по пр. Пионерскому;522,0;Муниципальная казна
2145;П1300000011816;63:09:0301146:2980;Канализационные сети Центрального района (частный сектор) по ул.Блюхера;Самарская область, Центральный район, г. Тольятти, северо-восточнее здания, имеющего адрес: ул. Блюхера, 3;165,0;Муниципальная казна
2146;П1300000012345;63:09:0301146:2985;Канализационные сети Центрального района (частный сектор) по ул. Комсомольская;Самарская область, Центральный район, г. Тольятти;98,0;Муниципальная казна
2147;П1300000012341;63:09:0301146:2986;Канализационные сети Центрального района (частный сектор) по пр. Коммунальный;Самарская область, Центральный район, г. Тольятти, юго-восточнее здания, имеющего адрес: пр. Учительский, 14;132,0;Муниципальная казна
2148;П1300000012339;63:09:0301146:2987;Канализационные сети Центрального района (частный сектор) по пер. Кирилла Белова;Самарская область, Центральный район, г. Тольятти, юго-западнее здания, имеющего адрес: пер. Кирилла Белова, 16;235,0;Муниципальная казна
2149;П1300000012337;63:09:0301146:2988;Канализационные сети Центрального района (частный сектор) по пр. Учительский;Самарская область, Центральный район, г. Тольятти, северо-восточнее здания, имеющего адрес: пр. Учительский, 12;145,0;Муниципальная казна
2150;П1000000000090;63:09:0301146:3000;Автодорога по проезду Репина;Самарская область, Центральный район, г. Тольятти, проезд Репина;269,0;Муниципальная казна
2151;П1000000000025;63:09:0301146:3003;Автодорога по переулку Кирилла Белова;Самарская область, Центральный район, г. Тольятти, пер. Кирилла Белова;305,0;Муниципальная казна
2152;П1000000000176;63:09:0301146:3009;Автодорога по проезду Докторский;Самарская область, Центральный район, г. Тольятти, проезд Докторский;322,0;Муниципальная казна
2153;П1300000014802;63:09:0301147:1246;Забор;Самарская область, Центральный район, г. Тольятти, ул. Тухачевского, д. 4;181,0;Муниципальная казна
2154;П1300000010658;63:09:0301147:1257;Водоводы по ул. Ленинградской от ул. Ушакова до ул. Жилина и по ул. Советской от ул. Ленинградской до ул. Ставропольской;Самарская область, Центральный район, г. Тольятти, севернее, северо-восточнее здания, имеющего адрес: ул. Советская, д. 40;1579,0;Муниципальная казна
2155;П1300000012721;63:09:0301147:2025;Тепловые сети от ТК-1 до ул. Мира, 4;Самарская область, Центральный район, г. Тольятти, южнее здания, имеющего адрес: ул. Мира, 4;22,0;Муниципальная казна
2156;П1000000000049;63:09:0301147:2028;Автодорога по ул. Дмитрия Ульянова;Самарская область, Центральный район, г. Тольятти, от улицы Комсомольская до улицы Мира, восточнее объекта, имеющего адрес: ул.Мира, 10;403,0;Муниципальная казна
2157;П1300000011647;63:09:0301147:2031;Водопроводные сети Центрального района (частный сектор) по пер. 3-ый Парковый;Самарская область, Центральный район, г. Тольятти, юго-восточнее здания, имеющего адрес: ул. Валентины Ступиной, 82;155,0;Муниципальная казна
2158;П1300000011643;63:09:0301147:2033;Водопроводные сети Центрального района (частный сектор) по пер. 8-ой Парковый;Самарская область, Центральный район, г. Тольятти, юго-восточнее здания, имеющего адрес: ул. Валентины Ступиной, 44;154,0;Муниципальная казна
2159;П1300000011644;63:09:0301147:2034;Водопроводные сети Центрального района (частный сектор) по пер. 6-ой Парковый;Самарская область, Центральный район, г. Тольятти, юго-восточнее здания, имеющего адрес: ул. Валентины Ступиной, 56;154,0;Муниципальная казна
2160;П1300000011642;63:09:0301147:2035;Водопроводные сети Центрального района (частый сектор) по пер. 11-ый Парковый;Самарская область, Центральный район, г. Тольятти, юго-восточнее здания, имеющего адрес: ул. Валентины Ступиной, 20;93,0;Муниципальная казна
2161;П1300000011645;63:09:0301147:2036;Водопроводные сети Центрального района ( частный сектор) по пер. 5-ый Парковый;Самарская область, Центральный район, г. Тольятти, северо-западнее здания, имеющего адрес: ул. Тухачевского, 73;282,0;Муниципальная казна
2162;П1300000011641;63:09:0301147:2037;Водопроводные сети Центрального района (частный сектор) по пер. 12-ый Парковый;Самарская область, Центральный район, г. Тольятти, южнее здания, имеющего адрес: ул. Дмитрия Ульянова, 5;130,0;Муниципальная казна
2163;П1300000011646;63:09:0301147:2038;Водопроводные сети Центрального района (частный сектор) по пер. 4-ый Парковый;Самарская область, Центральный район, г. Тольятти, юго-восточнее здания, имеющего адрес: ул. Валентины Ступиной, 76;145,0;Муниципальная казна
2164;П1300000008751;63:09:0301147:2045;линейно-кабельное сооружение-сети телефонной канализации;Самарская область, Центральный район, г. Тольятти, вдоль и между улиц Индустриальной, Комсомольской, Мира;1172,2;Муниципальная казна
2165;П1300000011681;63:09:0301147:2272;Водопроводные сети Центрального района (частный сектор) по пер. 7-ой Парковый;Самарская область, Центральный район, г. Тольятти, юго-восточнее здания, имеющего адрес: ул. Комсомольская, 4;281,0;Муниципальная казна
2166;П1300000012277;63:09:0301147:2608;Водопроводные сети Центрального района (частный сектор) по ул. Дмитрия Ульянова;Самарская область, Центральный район, г. Тольятти;499,0;Муниципальная казна
2167;П1300000012279;63:09:0301147:2614;Водопроводные сети Центрального района (частный сектор) по пр. Славы;Самарская область, Центральный район, г. Тольятти, северо-западнее здания, имеющего адрес: пр.Свободы, 19;118,0;Муниципальная казна
2168;П1300000012275;63:09:0301147:2617;Водопроводные сети Центрального района (частный сектор) по ул. Мира;Самарская область, Центральный район, г. Тольятти, юго-восточнее здания, имеющего адрес: ул.Мира, 32;105,0;Муниципальная казна
2169;П1300000012347;63:09:0301147:2631;Канализационные сети Центрального района (частный сектор) по ул. Валентины Ступиной;Самарская область, Центральный район, г. Тольятти, северо-восточнее здания, имеющего адрес: пер. 4-ый Парковый, 2 и северо-восточнее здания имеющего адрес: ул. Дмитрия Ульянова, 3;577,0;Муниципальная казна
2170;П1300000013072;63:09:0301147:2637;Канализационные сети Центрального района (частный сектор) по ул. Тухачевского;Самарская область, Центральный район, г. Тольятти, северо-восточнее здания, имеющего адрес: Мира, 10 и северо- восточнее здания имеющего адрес: пер. 3-ий Парковый, 15;366,0;Муниципальная казна
2171;П1300000014586;63:09:0301147:2646;Участок сети бытовой канализации от КК-1 до КК-14 в районе дома № 4 по переулку 2-му Парковому;Самарская область, Центральный район, г. Тольятти, пер. 2-ой Парковый;65,0;Муниципальная казна
2172;П1000000000012;63:09:0301147:2649;Автодорога по 10-му Парковому переулку;Самарская область, Центральный район, г. Тольятти, пер. Парковый 10-й;245,0;Муниципальная казна
2173;П1000000000013;63:09:0301147:2650;Автодорога по 11-му Парковому переулку;Самарская область, Центральный район, г. Тольятти, пер. Парковый 11-й;137,0;Муниципальная казна
2174;П1000000000011;63:09:0301147:2651;Автодорога по 9-му Парковому переулку;Самарская область, Центральный район, г. Тольятти, пер. Парковый 9-й;138,0;Муниципальная казна
2175;П1000000000014;63:09:0301147:2652;Автодорога по 12-му Парковому переулку;Самарская область, Центральный район, г. Тольятти, пер. Парковый 12-й;224,0;Муниципальная казна
2176;П1000000000128;63:09:0301147:2653;Автодорога по переулку 1-й Парковый;Самарская область, Центральный район, г. Тольятти, пер. Парковый 1-й;142,0;Муниципальная казна
2177;П1000000000092;63:09:0301147:2654;Автодорога по  проезду Свободы;Самарская область, Центральный район, г. Тольятти, проезд Свободы;228,0;Муниципальная казна
2178;П1000000000093;63:09:0301147:2655;Автодорога по  проезду Славы;Самарская область, Центральный район, г. Тольятти, проезд Славы;91,0;Муниципальная казна
2179;П1300000014870;63:09:0301147:2656;Сети бытовой канализации в районе д. № 6 - № 8 по ул. Мира Центрального района;Самарская область, Центральный район, г. Тольятти, в районе д. № 6 - № 8 по ул. Мира;106,0;Муниципальная казна
2180;П1000000000163;63:09:0301147:2658;Автодорога по переулку 3-ий Парковый;Самарская область, Центральный район, г. Тольятти, пер. Парковый 3-й;138,0;Муниципальная казна
2181;П1000000000171;63:09:0301147:2659;Автодорога по переулку 4-ый Парковый;Самарская область, Центральный район, г. Тольятти, пер. Парковый 4-й;138,0;Муниципальная казна
2182;П1000000000141;63:09:0301147:2660;Автодорога по переулку 6-ой Парковый;Самарская область, Центральный район, г. Тольятти, пер. Парковый 6-й;138,0;Муниципальная казна
2183;П1300000013274;63:09:0301148:568;"Футбольное поле ""Стадион Труд""";Самарская область, Центральный район, г. Тольятти, пл. Свободы, д. 2, стр. А;;Оперативное управление
2184;П1300000014813;63:09:0301148:782;Участок сети теплоснабжения от ТК-1 до здания, расположенного по адресу: Центральный район, ул. Карла Маркса, д. 37;Самарская область, Центральный район, г. Тольятти, ул. Карла Маркса, д. 37;54,0;Муниципальная казна
2185;П1300000011662;63:09:0301149:1587;Водопроводные сети Центрального района (частный сектор) по пр. Охотничий;Самарская область, Центральный район, г. Тольятти, севернее здания, имеющего адрес: ул. Жигулевская, 17;256,0;Муниципальная казна
2186;П1300000011649;63:09:0301149:1591;Водопроводные сети Центрального района (частный сектор) по пр. Пожарского;Самарская область, Центральный район, г. Тольятти, северо-восточнее здания, имеющего адрес: пр. Пожарского, 6;186,0;Муниципальная казна
2187;П1300000012637;63:09:0301149:1592;Тепловые сети;Самарская область, Центральный район, г. Тольятти, восточнее здания, имеющего адрес: ул. К. Маркса 44а;27,0;Муниципальная казна
2188;П1300000012647;63:09:0301149:1593;"Тепловые сети от ТК-4 до ул. К. Маркса, 46 (сельская связь) (ОАО ""Ростелеком"")";Самарская область, Центральный район, г. Тольятти, северо-западнее здания, имеющего адрес: ул. Карла Маркса, 44;42,0;Муниципальная казна
2189;П1300000013686;63:09:0301149:1821;Канализационные сети Центрального района (частный сектор) по ул. Киевская  (лит.К-К1, К1-К2,К-К9);Самарская область, Центральный район, г. Тольятти, севернее здания, имеющего адрес: пр. Почтовый, 27;81,0;Муниципальная казна
2190;П1300000013237;63:09:0301149:1841;Участок тепловой сети - транзит по жилому дому (бульвар Молодежный, 8);Самарская область, Центральный район, г. Тольятти, б-р Молодежный, д. 8, сооружение 1 (по техподполью здания);17,0;Муниципальная казна
2191;П1300000012313;63:09:0301149:2080;Канализационные сети Центрального района (частный сектор) по пр. Почтовый;Самарская область, Центральный район, г. Тольятти, южнее здания, имеющего адрес: пр. Почтовый, д. 24;33,0;Муниципальная казна
2192;П1300000011817;63:09:0301149:2082;Канализационные сети Центрального района (частный сектор) по пр.Пожарского;Самарская область, Центральный район, г. Тольятти, юго-западнее здания, имеющего адрес: пр.Пожарского,32;218,0;Муниципальная казна
2193;П1300000014585;63:09:0301149:2087;Участок сети бытовой канализации по пр. Пожарского, в районе домов № 5, 6, 7;Самарская область, Центральный район, г. Тольятти, проезд Пожарского;65,0;Муниципальная казна
2194;П1000000000064;63:09:0301149:2088;Автодорога по проезду Пожарского;Самарская область, Центральный район, г. Тольятти, проезд Пожарского;378,0;Муниципальная казна
2195;П1000000000070;63:09:0301149:2089;Автодорога по проезду Почтовый;Самарская область, Центральный район, г. Тольятти, проезд Почтовый;430,0;Муниципальная казна
2196;П1300000012629;63:09:0301150:2376;"Тепловые сети от ТК-2 (Т90) до б-р Молодежный, 30 (ТСЖ  ""Молодежный"")";Самарская область, Центральный район, г. Тольятти, западнее здания, имеющего адрес: бр. Молодежный, 30;7,0;Муниципальная казна
2197;П1300000010947;63:09:0301151:4718;Сети дождевой канализации по ул.Новопромышленной;Самарская область, Центральный район, г. Тольятти, северо-восточнее здания, имеющего адрес: ул. Голосова, 57;1585,0;Муниципальная казна
2198;П1300000010952;63:09:0301151:4719;Сети дождевой канализации по ул.Гагарина, ул. Победы;Самарская область, Центральный район, г. Тольятти, северо-западнее здания, имеющего адрес: ул. Победы, 78;955,0;Муниципальная казна
2199;П1300000012733;63:09:0301151:4732;Тепловые сети от ТК-50 до ул. Новопромышленная, 27;Самарская область, Центральный район, г. Тольятти, западнее здания, имеющего адрес: ул. Новопромышленная, 27;63,0;Муниципальная казна
2200;П1300000014604;63:09:0301151:5382;Сети бытовой канализации в районе д. 58а по ул. Победы Центрального района;Самарская область, Центральный район, г. Тольятти, ул. Победы, д. 58А;113,0;Муниципальная казна
2201;П1300000011206;63:09:0301151:697;Самотечный канализационный коллектор по ул. Комсомольской от ул. Победы до базы НИИЦЕММАШ;Самарская область, Центральный район, г. Тольятти, юго-восточнее здания, имеющего адрес: ул. Победы, д. 36;1973,0;Муниципальная казна
2202;П1300000010656;63:09:0301153:580;Напорный канализационный коллектор по ул. Комсомольской от КНС-САХ;Самарская область, Центральный район, г. Тольятти, северо-восточнее, восточнее здания, имеющего адрес: ул. Мира, д. 168;598,0;Муниципальная казна
2203;П1000000000407;63:09:0301153:581;Кольцевая транспортная развязка улица Комсомольская-улица Мира-улица Индустриальная ;Самарская область, Центральный район, г. Тольятти, восточнее здания, имеющего адрес: улица Мира, 170;;Муниципальная казна
2204;П1300000010149;63:09:0301153:582;Хоккейная площадка;Самарская область, Центральный район, г. Тольятти, восточнее здания, имеющего адрес: улица Мира, 154;;Муниципальная казна
2205;П1300000013809;63:09:0301154:4977;Сеть водопровода;Самарская область, Центральный район, г. Тольятти, ул. Мира, д. 121;92,0;Муниципальная казна
2206;П1300000014361;63:09:0301154:5366;Тепловая сеть;Самарская область, Центральный район, г. Тольятти, ул. Мира, д. 133;132,0;Муниципальная казна
2207;П1300000014412;63:09:0301154:5402;Сети бытовой канализации в районе д. № 68 по ул. Баныкина;Самарская область, Центральный район, г. Тольятти, ул. Баныкина;302,0;Муниципальная казна
2208;П1300000014587;63:09:0301154:5457;Сети бытовой канализации в районе д. № 12 по ул. Карбышева Центрального района;Самарская область, Центральный район, г. Тольятти, в районе дома № 12 по ул. Карбышева;240,0;Муниципальная казна
2209;П1300000014817;63:09:0301154:5472;Участок сети теплоснабжения от ТК-0 (ТК-2а) до здания, расположенного по адресу: Центральный район, ул. Карбышева, д. 12;Самарская область, Центральный район, г. Тольятти, ул. Карбышева, д. 12;24,0;Муниципальная казна
2210;П1300000014469;63:09:0301154:5475;Участок сети теплоснабжения от ЦТП-17 до здания, расположенного по адресу: ул. Мира, 135;Самарская область, Центральный район, г. Тольятти, ул. Мира, д. 135;96,0;Муниципальная казна
2211;П1300000012405;63:09:0301154:589;"Мемориальный комплекс ""Учащимся, погибшим в годы Великой Отечественной Войны"" : - доска с 77 фамилиями; - самолет МИГ-16 (в память об экипаже Носова В.П.)";Самарская область, Центральный район, г. Тольятти, южнее здания, имеющего адрес: улица Мира, 121;;Муниципальная казна
2212;П1300000011052;63:09:0301154:592;Водовод d=800 мм от ул. Громовой по ул. Матросова до ул. Баныкина;Самарская область, Центральный район, г. Тольятти, юго-восточнее здания, имеющего адрес: г. Тольятти, Центральный район, ул. Баныкина, д. 64;3190,0;Муниципальная казна
2213;П1300000010657;63:09:0301154:596;Водоводы по ул. Мира от ул. Победы до ул. Комсомольской, по ул. Голосова от ул. Мира до ул. Комсомольской, по ул. Карбышева от ул. Мира до ул. Комсомольской;Самарская область, Центральный район, г. Тольятти, западнее, северо-западнее здания, имеющего адрес: ул. Мира, д. 127;3266,0;Муниципальная казна
2214;П1300000013332;63:09:0301155:4045;Тепловые сети от II-ТК-6 до д. ул.Мира, 93;Самарская область, Центральный район, г. Тольятти, северо-западнее здания, имеющего адрес: ул. Мира, 93;122,0;Муниципальная казна
2215;П1300000011789;63:09:0301155:4288;Сети дождевой канализации 72кв. Центрального района;Самарская область, Центральный район, г. Тольятти, северо-восточнее здания, имеющего адрес: ул. Голосова, 44;3699,0;Муниципальная казна
2216;П1300000013244;63:09:0301155:4295;Тепловая сеть - транзит по жилому дому (ул.Баныкина, 42);Самарская область, Центральный район, г. Тольятти, ул. Баныкина, д. 42, сооружение 1 (по техподполью здания);264,0;Муниципальная казна
2217;П1300000013252;63:09:0301155:4296;Тепловая сеть - транзит по жилому дому (ул.Мира, 99);Самарская область, Центральный район, г. Тольятти, ул. Мира, д. 99, сооружение 1;180,0;Муниципальная казна
2218;П1300000013245;63:09:0301155:4297;Тепловая сеть - транзит по жилому дому (ул.Голосова, 40);Самарская область, Центральный район, г. Тольятти, ул. Голосова, д. 40, сооружение 1 (по техподполью здания);264,0;Муниципальная казна
2219;П1300000013248;63:09:0301155:4298;Тепловая сеть - транзит по жилому дому (улица Карбышева, 23);Самарская область, Центральный район, г. Тольятти, ул. Карбышева, д. 23, сооружение 1;99,0;Муниципальная казна
2220;П1300000013247;63:09:0301155:4299;Тепловая сеть - транзит по жилому дому (ул.Карбышева, 21);Самарская область, Центральный район, г. Тольятти, ул. Карбышева, д. 21, сооружение 1;130,0;Муниципальная казна
2221;П1000000000406;63:09:0301155:631;Кольцевая транспортная развязка улица Баныкина - улица Голосова;Самарская область, Центральный район, г. Тольятти, юго-западнее здания, имеющего адрес: улица Голосова, 44;;Муниципальная казна
2222;П1300000014819;63:09:0301156:1733;Участок сети теплоснабжения от ТК-43 до здания, расположенного по адресу: Центральный район, ул. Ленинградская, д. 68;Самарская область, Центральный район, г. Тольятти, ул. Ленинградская, д. 68;290,0;Муниципальная казна
2223;П1300000013843;63:09:0301156:646;Насосная станция;Самарская область, Центральный район, г. Тольятти, пл. Центральная;;Оперативное управление
2224;П1300000013842;63:09:0301156:647;Памятник Николаю Угоднику;Самарская область, Центральный район, г. Тольятти, пл. Центральная;;Оперативное управление
2225;П1300000013841;63:09:0301156:648;Звонница;Самарская область, Центральный район, г. Тольятти, пл. Центральная;;Муниципальная казна
2226;П1300000013420;63:09:0301157:3556;Участок водопроводной сети к дому ул.Победы, д.43-а;Самарская область, Центральный район, г. Тольятти, северо-восточнее здания, имеющего адрес: ул. Победы, 43-а;149,0;Муниципальная казна
2227;П1300000013797;63:09:0301157:3557;Электрокабельные линии к дому ул.Победы, 43А;Самарская область, Центральный район, г. Тольятти, юго-западнее здания, имеющего адрес:ул.Победы, 43-а;13,0;Муниципальная казна
2228;П1300000014465;63:09:0301157:3813;Участок канализационных сетей к дому ул. Победы, 43А;Самарская область, Центральный район, г. Тольятти, ул. Победы;93,0;Муниципальная казна
2229;П1300000014448;63:09:0301157:3814;Участок наружных сетей теплоснабжения к дому ул.Победы, 43А;Самарская область, Центральный район, г. Тольятти, ул. Победы, д. 43А;105,0;Муниципальная казна
2230;П1300000011430;63:09:0301158:2237;Сети дождевой канализации по ул. Ленина;Самарская область, Центральный район, г. Тольятти, севернее здания, имеющего адрес: ул.Ленина, 129;416,0;Муниципальная казна
2231;П1300000012673;63:09:0301158:2249;Тепловые сети от ТК-2 (Т266) до ул. Гагарина, 4 (Поволжский гос. университет сервиса);Самарская область, Центральный район, г. Тольятти, севернее здания, имеющего адрес: ул. Гагарина, 4;297,0;Муниципальная казна
2232;П1300000012709;63:09:0301158:2250;Тепловые сети от ТК-10 (Т298) до ул. К. Маркса, 60а (Поволжский гос. университет сервиса);Самарская область, Центральный район, г. Тольятти, южнее здания, имеющего адрес: ул. К. Маркса, 56;5,0;Муниципальная казна
2233;П1300000012661;63:09:0301158:2251;Тепловые сети от ТК-2 (Т329) до ул. Гагарина, 6;Самарская область, Центральный район, г. Тольятти, севернее здания, имеющего адрес: ул. Гагарина, 6;23,0;Муниципальная казна
2234;П1300000007272;63:09:0301158:674;Внутриквартальные тепловые сети Центрального района;Самарская область, Центральный район, г. Тольятти, севернее и юго-восточнее здания, имеющего адрес ул. Гагарина, 2;179,0;Муниципальная казна
2235;П1300000011429;63:09:0301159:1797;Сети дождевой канализации по ул. Жилина;Самарская область, Центральный район, г. Тольятти, южнее здания, имеющего адрес: ул. Жилина, 24;1357,0;Муниципальная казна
2236;П1000000000338;63:09:0301159:1805;Автодорога по ул. Чуковского;Самарская область, Центральный район, г. Тольятти, от улицы Жилина до улицы Карла Маркса, восточнее объекта, имеющего адрес: улица Жилина, 9;173,0;Муниципальная казна
2237;П1300000012595;63:09:0301159:1806;Тепловые сети от ТК-6 (Т251) до пл. Свободы, 9;Самарская область, Центральный район, г. Тольятти, западнее здания, имеющего адрес: ул. К. Маркса, д. 39;69,0;Муниципальная казна
2238;П1300000012399;63:09:0301159:604;Памятник-бюст Никонова Е. А. - Героя Советского Союза;Самарская область, Центральный район, г. Тольятти, на территории лицея № 19, восточнее здания, имеющего адрес: улица Карла Маркса, 59;;Муниципальная казна
2239;П1300000009648;63:09:0301159:614;Самотечные канализационные коллекторы по ул. Садовой от ул. Ставропольской до ул. Лесной;Самарская область, Центральный район, г. Тольятти, северо-западнее здания, имеющего адрес: ул. Жилина, д. 6;2190,0;Муниципальная казна
2240;П1300000011207;63:09:0301159:615;"Самотечные канализационные коллекторы по ул. Гагарина, Ленина, Молодежному б-ру, ул. Жигулевской, Горького, Самарской, Чапаева, Шлютова, Победы, Радищева, по территории ОАО ""ВЦМ""";Самарская область, Центральный район, г. Тольятти, северо-восточнее здания, имеющего адрес: ул. К. Маркса, д. 57;5758,0;Муниципальная казна
2241;П1300000012625;63:09:0301160:2413;Тепловые сети от ТК-10 до ул. Строителей, 9 (ГУВД);Самарская область, Центральный район, г. Тольятти, западнее здания, имеющего адрес: ул. Жилина, 13;47,0;Муниципальная казна
2242;П1300000012651;63:09:0301160:2415;Тепловая сеть от врезки до ул. Советская, 54;Самарская область, Центральный район, г. Тольятти, восточнее здания, имеющего адрес: ул. Советская, 54;11,0;Муниципальная казна
2243;П1300000012655;63:09:0301160:2701;Тепловые сети от ТК-5 (Т70) до ул. Мира, 72 (школа искусств);Самарская область, Центральный район, г. Тольятти, зона 3, в 47 кв.;65,0;Муниципальная казна
2244;П1000000000356;63:09:0301160:2730;Автодорога по улице Строителей;Самарская область, Центральный район, г. Тольятти, от улицы Советской до улицы Жилина, юго-восточнее здания, имеющего адрес: улица Строителей, 4;295,0;Муниципальная казна
2245;П1300000014391;63:09:0301160:3083;Сеть водоснабжения (двухтрубная) здания, расположенного по адресу: Центральный район, ул. Советская, д.74-А;Самарская область, Центральный район, г. Тольятти;108,0;Муниципальная казна
2246;П1300000014449;63:09:0301160:3175;Участок сети теплоснабжения от УТ-1 до жилого дома, расположенного по адресу: Центральный район, ул. Жилина, д.13-А;Самарская область, Центральный район, г. Тольятти, ул. Жилина, д. 13А;5,0;Муниципальная казна
2247;П1200000000020;63:09:0301161:1126;"Тепловые сети от ТК-25 Т131 до ул. Мира, 7 (ГОУ ВПО ""ТГУ"")";Самарская область, Центральный район, г. Тольятти;38,0;Муниципальная казна
2248;П1300000012597;63:09:0301161:1127;"Тепловые сети от Т132  до ул. Мира, 3 (ГОУ ВПО ""ТГУ"")";Самарская область, Центральный район, г. Тольятти, южнее здания, имеющего адрес: ул. Мира, 3;21,0;Муниципальная казна
2249;П1300000012599;63:09:0301161:1129;"Тепловые сети от ТК-6 (Т125) до ул. Ленинградская, 10а (10) (ГОУ ВПО ""ТГУ"")";Самарская область, Центральный район, г. Тольятти, западнее здания, имеющего адрес: ул. Ленинградская, 10;19,0;Муниципальная казна
2250;П1300000014353;63:09:0301161:1600;Водопровод к зданию военной кафедры;Самарская область, Центральный район, г. Тольятти, ул. Мира, строение 15;12,0;Муниципальная казна
2251;П1300000014365;63:09:0301161:1603;Водопровод к зданию гаража-лаборатории;Самарская область, Центральный район, г. Тольятти, ул. Мира, строение 13;44,0;Муниципальная казна
2252;П1300000014370;63:09:0301161:1604;Канализация к зданию гаража-лаборатории;Самарская область, Центральный район, г. Тольятти, ул. Мира, строение 13;29,0;Муниципальная казна
2253;П1300000014369;63:09:0301161:1605;Канализация к зданию военной кафедры;Самарская область, Центральный район, г. Тольятти, ул. Мира;131,0;Муниципальная казна
2254;П1300000013005;63:09:0301162:1046;Универсальная спортивная площадка;Самарская область, Центральный район, г. Тольятти, ул. Жилина, д. 32;;Оперативное управление
2255;П1300000012641;63:09:0301162:997;"Тепловые сети от ТК-8а (Т280) до ул. Жилина, 28а (ОАО ""ВоТГК"")";Самарская область, Центральный район, г. Тольятти, северо-восточнее здания, имеющего адрес: ул. Жилина, 28а;79,0;Муниципальная казна
2256;П1300000012649;63:09:0301162:998;Тепловые сети от ТК-4 (Т264) до ТК-7 (Т287);Самарская область, Центральный район, г. Тольятти, северо-западнее здания, имеющего адрес: ул. Карла Маркса, 77;148,0;Муниципальная казна
2257;П1300000012645;63:09:0301162:999;"Тепловые сети от ТК-7а до ул. Мира, 67а (АТС-48) врезка с южной стороны (ОАО ""Ростелеком"")";Самарская область, Центральный район, г. Тольятти, южнее здания, имеющего адрес: ул. Мира, 67а;5,0;Муниципальная казна
2258;П1300000010786;63:09:0301163:810;Сети дождевой канализации 69 квартал Центрального района;Самарская область, Центральный район, г. Тольятти, южнее, юго-восточнее здания, имеющего адрес: Мира, 71;499,0;Муниципальная казна
2259;П1300000012741;63:09:0301163:812;Тепловые сети от ТК-1Б до ТК-3А;Самарская область, Центральный район, г. Тольятти, севернее здания, имеющего адрес: ул. К. Маркса, 86;55,0;Муниципальная казна
2260;П1300000012739;63:09:0301163:813;Тепловые сети от ТК-1 до ТК-1Б;Самарская область, Центральный район, г. Тольятти, юго-восточнее здания, имеющего адрес: ул. К. Маркса, 82;42,0;Муниципальная казна
2261;П1300000012723;63:09:0301163:814;Тепловые сети от ТК-7 (Т287) до ТК-1;Самарская область, Центральный район, г. Тольятти, восточнее здания, имеющего адрес: ул. К. Маркса, 71;42,0;Муниципальная казна
2262;П1300000012745;63:09:0301163:815;Тепловые сети от ТК-1А до ТК-1;Самарская область, Центральный район, г. Тольятти, юго-восточнее здания, имеющего адрес: ул. К. Маркса, 82;26,0;Муниципальная казна
2263;П1300000012663;63:09:0301163:816;Тепловые сети от ТК-2 до ТК-1А;Самарская область, Центральный район, г. Тольятти, южнее здания, имеющего адрес: ул. Мира, 71;99,0;Муниципальная казна
2264;П1300000012743;63:09:0301163:821;Тепловые сети от ТК-3А до т. А (Т298);Самарская область, Центральный район, г. Тольятти, юго-восточнее здания, имеющего адрес: ул. Карла Маркса, д. 84;49,0;Муниципальная казна
2265;П1300000012711;63:09:0301163:877;Тепловые сети от ТК-2А (Т292) до ТК-2 (290);Самарская область, Центральный район, г. Тольятти, зона 1, в 69 кв., юго-западнее здания, имеющего адрес: ул. Мира, 73;66,0;Муниципальная казна
2266;П1000000000437;63:09:0301163:889;Проезд западнее Центральной площади, рядом со зданием Думы;Самарская область, Центральный район, г. Тольятти, от улицы Мира до улицы Ленинградской, северо-западнее здания имеющего адрес: улица Ленинградская, 57;248,0;Муниципальная казна
2267;П1300000012928;63:09:0301164:3660;"Фонтан на площади у театра ""Колесо""";"Самарская область, Центральный район, г. Тольятти, западнее здания театра ""Колесо"", имеющего адрес: улица Ленинградская, 31";;Оперативное управление
2268;П1200000000034;63:09:0301164:3662;"Водопроводная сеть к фонтану на площади у театра ""Колесо""";Самарская область, Центральный район, г. Тольятти, западнее здания, имеющего адрес: ул. Ленинградская, 31;56,0;Муниципальная казна
2269;П1200000000038;63:09:0301164:3663;"Сети электроснабжения к фонтану на площади у театра ""Колесо""";Самарская область, Центральный район, г. Тольятти, севернее здания, имеющего адрес: ул. Ушакова, 40;59,0;Муниципальная казна
2270;П1300000013241;63:09:0301164:3674;Участок тепловой сети - транзит по жилому дому (ул.Ушакова, 42);Самарская область, Центральный район, г. Тольятти, ул. Ушакова, д. 42, сооружение 1 (по техподполью здания);72,0;Муниципальная казна
2271;П1300000012665;63:09:0301165:532;Тепловые сети от УТ5 до Автозаводского ш., 6;Самарская область, Центральный район, г. Тольятти, Автозаводское шоссе;184,0;Муниципальная казна
2272;П1300000013331;63:09:0301166:3538;"Тепловые сети от ТК-19 (Т212) до ул.Л.Толстого, 22а (ФОК ""Северный"")";Самарская область, Центральный район, г. Тольятти, восточнее здания, имеющего адрес: ул.Толстого, 22-а;14,0;Муниципальная казна
2273;П1300000012997;63:09:0301166:4223;Футбольное поле;Самарская область, Центральный район, г. Тольятти, ул. Толстого, д. 26, стр. А;;Оперативное управление
2274;П1300000013251;63:09:0301166:4312;Тепловая сеть - транзит по жилому дому (ул.Толстого, 26);Самарская область, Центральный район, г. Тольятти, ул. Толстого, д. 26, сооружение 1 (по техподполью здания);120,0;Муниципальная казна
2275;П1300000013250;63:09:0301166:4313;Тепловая сеть - транзит по жилому дому (ул.Толстого, 24);Самарская область, Центральный район, г. Тольятти, ул. Толстого, д. 24, сооружение 1 (по техподполью здания);306,0;Муниципальная казна
2276;П1300000014815;63:09:0301166:5639;Участок сети теплоснабжения от ТК-12Б до здания, расположенного по адресу: Центральный район, ул. Ленина, д. 27;Самарская область, Центральный район, г. Тольятти, ул. Ленина, д. 27;133,0;Муниципальная казна
2277;П1300000014816;63:09:0301166:5640;Участок сети теплоснабжения от Ут-2 до здания, расположенного по адресу: Центральный район, ул. Кудашева, д. 108;Самарская область, Центральный район, г. Тольятти, ул. Александра Кудашева, д. 108;74,0;Муниципальная казна
2278;П1300000014818;63:09:0301166:5641;Участок сети теплоснабжения от УТ-1 до здания, расположенного по адресу:  г. Тольятти, Центральный район, ул. Кудашева, д. 100;Самарская область, Центральный район, г. Тольятти, ул. Александра Кудашева, д. 100;124,0;Муниципальная казна
2279;П1300000010358;63:09:0301167:1561;Водопровод;Самарская область, Центральный район, г. Тольятти, восточнее, юго-восточнее жилого дома, имеющего адрес: Центральный район, ул. Мичурина, 25;159,0;Муниципальная казна
2280;П1300000011707;63:09:0301167:4220;Водопроводные сети Центрального района (частный сектор) по пр. Лунный;Самарская область, Центральный район, г. Тольятти, юго-восточнее здания, имеющего адрес: ул. Мичурина, 22;256,0;Муниципальная казна
2281;П1300000011706;63:09:0301167:4221;Водопроводные сети Центрального района (частый сектор) по ул. Щорса;Самарская область, Центральный район, г. Тольятти, северо-восточнее здания, имеющего адрес: ул. Кирова, 1-з;504,0;Муниципальная казна
2282;П1300000011705;63:09:0301167:4222;Водопроводные сети Центрального района (частный сектор) по пр. Солнечный;Самарская область, Центральный район, г. Тольятти, юго-восточнее здания, имеющего адрес: пр. Солнечный, 9;533,0;Муниципальная казна
2283;П1300000012725;63:09:0301167:4223;Тепловые сети от ТК-2 (Т108) до д. Автозаводское ш., 23;Самарская область, Центральный район, г. Тольятти, западнее здания, имеющего адрес: ш. Автозаводское, 22-а;410,0;Муниципальная казна
2284;П1300000013330;63:09:0301167:4224;Тепловые сети от ТК-4 (Т148) до д. ул.Тимирязева, 74;Самарская область, Центральный район, г. Тольятти, южнее здания, имеющего адрес: ул.Тимирязева, 74;7,0;Муниципальная казна
2285;П1300000013326;63:09:0301167:4225;Тепловые сети от ТК-10а (Т149) до ТК-4 (Т148);Самарская область, Центральный район, г. Тольятти, восточнее здания, имеющего адрес: ул.Тимирязева, 101;72,0;Муниципальная казна
2286;П1300000011704;63:09:0301167:4226;Водопроводные сети Центрального района (частный сектор) по пр. Кавалерийский;Самарская область, Центральный район, г. Тольятти, севернее здания, имеющего адрес: ул. Кирова, 1-б;527,0;Муниципальная казна
2287;П1000000000345;63:09:0301167:4227;Автодорога по ул. Щорса;Самарская область, Центральный район, г. Тольятти, от Автозаводского шоссе до улицы Кирова, юго-восточнее объекта, имеющего адрес: Автозаводское шоссе, 21;485,0;Муниципальная казна
2288;П1300000013668;63:09:0301167:5208;Канализационные сети Центрального района (частный сектор) по пр. Солнечный;Самарская область, Центральный район, г. Тольятти, севернее здания, имеющего адрес:ул. Кирова, 1-д;435,0;Муниципальная казна
2289;П1300000012918;63:09:0301167:5211;1-й пруд-накопитель, расположенный в районе детской многопрофильной больницы;Самарская область, Центральный район, г. Тольятти, восточнее здания, имеющего адрес: улица Лесная, 1;;Муниципальная казна
2290;П1300000012920;63:09:0301167:5212;2-й пруд-накопитель, расположенный в районе детской многопрофильной больницы;Самарская область, Центральный район, г. Тольятти, южнее здания, имеющего адрес: улица Лесная, 1;;Муниципальная казна
2291;П1000000000312;63:09:0301167:5263;Автодорога по улице Тимирязева;Самарская область, Центральный район, г. Тольятти, от объекта недвижимости, имеющего адрес: Автозаводское шоссе, 7, до объекта недвижимости, имеющего адрес: улица Лесная, 1-а, юго-западнее объекта, имеющего адрес: улица Тимирязева, 22;1522,0;Муниципальная казна
2292;П1300000011708;63:09:0301167:5618;Водопроводные сети Центрального района (частный сектор) по пр. Пехотный;Самарская область, Центральный район, г. Тольятти;270,0;Муниципальная казна
2293;П1300000011856;63:09:0301167:5652;Канализационные сети Центрального района (частный сектор) по пр.Лунный;Самарская область, Центральный район, г. Тольятти, северо-восточнее и юго-восточнее здания, имеющего адрес: пр. Лунный, 71;131,0;Муниципальная казна
2294;П1300000012315;63:09:0301167:5654;Канализационные сети Центрального района (частный сектор) по ул. Тимирязева;Самарская область, Центральный район, г. Тольятти;86,0;Муниципальная казна
2295;П1300000011846;63:09:0301167:5655;Канализационные сети Центрального района (частный сектор) по пр.Кавалерийский;Самарская область, Центральный район, г. Тольятти;477,0;Муниципальная казна
2296;П1300000011857;63:09:0301167:5657;Канализационные сети Центрального района (частный сектор) по пр.Пехотный;Самарская область, Центральный район, г. Тольятти, северо-восточнее здания, имеющего адрес: ул. Кирова, 28;187,0;Муниципальная казна
2297;П1300000014505;63:09:0301167:5664;Участок сети водоснабжения (ХВС) от точки А (ВК-1) D 63 мм (ПНД) до здания МКД по адресу: Самарская область, г. Тольятти, Центральный район, Автозаводское шоссе, д.43;Самарская область, Центральный район, г. Тольятти, ш. Автозаводское, д. 43;43,0;Муниципальная казна
2298;П1300000014504;63:09:0301167:5665;Участок сети водоснабжения (ХВС) от точки Б (ВК/ПГ-2) D 89 мм (сталь) до здания МКД по адресу: Самарская область, г. Тольятти, Центральный район, Автозаводское шоссе, д.43;Самарская область, Центральный район, г. Тольятти, ш. Автозаводское, д. 43;17,0;Муниципальная казна
2299;П1000000000115;63:09:0301167:5674;Автодорога по  проезду Пехотный;Самарская область, Центральный район, г. Тольятти, проезд Пехотный;250,0;Муниципальная казна
2300;П1300000014602;63:09:0301167:5676;Водоотводный лоток от ул. Ларина, расположенного в районе здания, имеющего адрес: Центральный район, Автозаводское шоссе, д. 49, до накопительного пруда, расположенного юго-восточнее здания, имеющего адрес: ул. Лесная, д.1;Самарская область, Центральный район, г. Тольятти, ш. Автозаводское, д. 49, ул. Лесная, д. 1;201,0;Муниципальная казна
2301;П1000000000300;63:09:0301167:5683;Автодорога по проезду Солнечный;Самарская область, Центральный район, г. Тольятти, проезд Солнечный;532,0;Муниципальная казна
2302;П1000000000236;63:09:0301167:5684;Автодорога по проезду Лунный;Самарская область, Центральный район, г. Тольятти, проезд Лунный;237,0;Муниципальная казна
2303;П1300000013042;63:09:0301168:1098;Наружный водопровод холодного водоснабжения;Самарская область, Центральный район, г. Тольятти, юго-западнее, южнее, юго-восточнее здания, имеющего адрес: ул. Платановая, 10;1884,0;Муниципальная казна
2304;П1300000009362;63:09:0301168:1125;Канализационные сети;Самарская область, Центральный район, г. Тольятти, северо-западнее, западнее, юго-западнее здания, имеющего адрес: проезд Ольховый, 10;946,4;Муниципальная казна
2305;П1000000000457;63:09:0301168:1315;Автодорога по проезду Ольховый;Самарская область, Центральный район, г. Тольятти, от улицы 40 лет Победы до проезда Светлый, восточнее здания, имеющего адрес: проезд Ольховый, 8;445,0;Муниципальная казна
2306;П1000000000458;63:09:0301168:1316;Автодорога по проезду Янтарный;Самарская область, Центральный район, г. Тольятти, от проезда Ольховый до улицы Земляничной, северо-восточнее здания, имеющего адрес: проезд Янтарный, 4;707,0;Муниципальная казна
2307;П1200000000092;63:09:0301168:1365;Автодорога по проезду Жасминовый Центрального района;Российская Федерация, Самарская область, городской округ Тольятти, г. Тольятти, проезд Жасминовый, от улицы Малахитовой до проезда Янтарный;163,0;Муниципальная казна
2308;П1200000000091;63:09:0301168:1366;Автодорога по проезду Виноградный Центрального района;Российская Федерация, Самарская область, городской округ Тольятти, г. Тольятти, проезд Виноградный, от улицы Малахитовой до проезда Янтарный;181,0;Муниципальная казна
2309;П1200000000093;63:09:0301168:1367;Автодорога по проезду Малиновый Центрального района;Российская Федерация, Самарская область, городской округ Тольятти, г. Тольятти, проезд Малиновый, от улицы Малахитовой до проезда Янтарный;214,0;Муниципальная казна
2310;П1300000014525;63:09:0301168:1696;Водопровод хоз.- питьевого противопожарного назначения;Самарская область, Центральный район, г. Тольятти, в границах территории лесного квартала № 1 Тольяттинского лесничества (Дендропарк);1189,0;Муниципальная казна
2311;П1000000000119;63:09:0301169:1444;Автодорога по проезду 1-ый Волжский;Самарская область, Центральный район, г. Тольятти, от улицы Санаторная до улицы Комзина, западнее объекта, имеющего адрес: улица Комзина, 1;290,0;Муниципальная казна
2312;П1000000000421;63:09:0301169:1445;Автодорога по проезду 4-ый Волжский;Самарская область, Центральный район, г. Тольятти, от улицы Санаторной до улицы Инженерной, западнее объекта недвижимости, имеющего адрес: проезд 4-ый Волжский, 4;186,0;Муниципальная казна
2313;П1000000000139;63:09:0301169:1759;Автодорога по проезду 2-й Волжский;Самарская область, Центральный район, г. Тольятти, проезд Волжский 2-й;149,0;Муниципальная казна
2314;П1000000000158;63:09:0301169:1760;Автодорога по проезду 3-ий Волжский;Самарская область, Центральный район, г. Тольятти, проезд Волжский 3-й;156,0;Муниципальная казна
2315;П1300000007405;63:09:0301169:965;Пожарный водоем;Самарская область, Центральный район, г. Тольятти, северо-восточнее здания, имеющего адрес: ул. Инженерная, 31;;Муниципальная казна
2316;П1300000011210;63:09:0301169:967;"Напорные коллекторы от КНС ""Зона отдыха"" п. Портовый до КК-19 в районе санатория ""Волжские Зори""";Самарская область, Центральный район, г. Тольятти, северо-восточнее здания, имеющего адрес: ул. Комзина, д. 16;1863,0;Муниципальная казна
2317;П1300000011189;63:09:0301169:971;"Самотечный коллектор от КК-6 в р-не санатория ""Волжские Зори"" до КНС-3а п. Портовый";Самарская область, Центральный район, г. Тольятти, севернее, северо-восточнее здания, имеющего адрес: ул. Комзина, д. 12;2318,0;Муниципальная казна
2318;П1300000014282;63:09:0301170:1006;Реконструкция тепловых сетей, расположенных на земельном участке имеющем кадастровый номер 63:09:0301170:20;Самарская область, Центральный район, г. Тольятти, ул. Комзина, д. 2, стр. а;309,0;Муниципальная казна
2319;П1300000010513;63:09:0301170:570;Тепловые сети пос. Портовый (от котельных №№ 5, 14);Самарская область, Центральный район, г. Тольятти, северо-западнее, западнее, юго-западнее, южнее, юго-восточнее здания, имеющего адрес: ул. Специалистов, 18;5723,0;Муниципальная казна
2320;П1300000012705;63:09:0301170:875;Водопроводные сети;Самарская область, Центральный район, г. Тольятти, южнее здания, имеющего адрес: ул. Комзина, д. 2а;148,0;Муниципальная казна
2321;П1300000012707;63:09:0301170:876;Канализационные сети;Самарская область, Центральный район, г. Тольятти, южнее здания, имеющего адрес: ул. Комзина, д. 29;126,0;Муниципальная казна
2322;П1300000009847;63:09:0301171:1306;"Напорный и самотечный канализационные коллекторы по ул. Интернациональной; ул. Толстого от КНС-4 до КНС-7";Самарская область, Центральный район, г. Тольятти, северо-восточнее здания, имеющего адрес: бульвар 50 лет Октября, д. 2;3853,0;Муниципальная казна
2323;П1000000000410;63:09:0301171:1348;Кольцевая транспортная развязка по  бульвару 50 лет Октября-улице Лесной;Самарская область, Центральный район, г. Тольятти, юго-западнее здания, имеющего адрес: б-р 50 лет Октября, 2;;Муниципальная казна
2324;П1300000011625;63:09:0301171:2589;Водопроводные сети Центрального района (частный сектор) по пр. 2-ой Сосновый;Самарская область, Центральный район, г. Тольятти, западнее здания, имеющего адрес: пр. Озерный, 6;76,0;Муниципальная казна
2325;П1300000011624;63:09:0301171:2590;Водопроводные сети Центрального района (частный сектор) по пр. 1-ый Сосновый;Самарская область, Центральный район, г. Тольятти, восточнее здания, имеющего адрес: пр. Сосновый, 87;94,0;Муниципальная казна
2326;П1300000012735;63:09:0301171:2592;Тепловые сети от ТК-13 (Т2) до ул. Ленина, 53, 53а;Самарская область, Центральный район, г. Тольятти, северо-восточнее здания, имеющего адрес: ул. Ленина, 53-а;118,0;Муниципальная казна
2327;П1300000011675;63:09:0301171:2593;Водопроводные сети Центрального района (частный сектор) по пр. Невский;Самарская область, Центральный район, г. Тольятти, восточнее здания, имеющего адрес: пр. Сосновый, 103;341,0;Муниципальная казна
2328;П1300000011679;63:09:0301171:2594;Водопроводные сети Центрального района (частный сектор) по пр. Гастелло;Самарская область, Центральный район, г. Тольятти, восточнее здания, имеющего адрес: ул. Крупской, 103;200,0;Муниципальная казна
2329;П1300000011676;63:09:0301171:2595;Водопроводные сети Центрального района (частный сектор)  по пр. Торновый;Самарская область, Центральный район, г. Тольятти, восточнее здания, имеющего адрес: пр. Сосновый, 93;331,0;Муниципальная казна
2330;П1300000011674;63:09:0301171:2596;Водопроводные сети Центрального района (частный сектор) по пр. Тихий;Самарская область, Центральный район, г. Тольятти, южнее здания, имеющего адрес: шоссе Автозаводское, 22;452,0;Муниципальная казна
2331;П1300000011692;63:09:0301171:2602;Водопроводные сети Центрального района (частный сектор) по пр. 4-ый Донской;Самарская область, Центральный район, г. Тольятти, восточнее здания, имеющего адрес: пр. Донской, 77;94,0;Муниципальная казна
2332;П1300000011690;63:09:0301171:2603;Водопроводные сети Центрального района (частный сектор) по пр. 2-ой Донской;Самарская область, Центральный район, г. Тольятти, восточнее здания, имеющего адрес: пр. Донской, 93;95,0;Муниципальная казна
2333;П1300000011691;63:09:0301171:2604;Водопроводные сети Центрального района (частный сектор) по пр. 3-ий Донской;Самарская область, Центральный район, г. Тольятти, восточнее здания, имеющего адрес: пр. Донской, 83;159,0;Муниципальная казна
2334;П1300000011693;63:09:0301171:2605;Водопроводные сети Центрального района (частный сектор) по пр. 5-ый Донской;Самарская область, Центральный район, г. Тольятти, восточнее здания, имеющего адрес: пр. Донской, 71;96,0;Муниципальная казна
2335;П1300000011631;63:09:0301171:2606;Водопроводные сети Центрального района (частный сектор) по пр. Ключевой;Самарская область, Центральный район, г. Тольятти, южнее здания, имеющего адрес: ул. 2-ой Донской, 14;202,0;Муниципальная казна
2336;П1300000011677;63:09:0301171:2607;Водопроводные сети Центрального района (частный сектор) по пр. Камский;Самарская область, Центральный район, г. Тольятти, восточнее здания, имеющего адрес: ул. Крупской, 85;156,0;Муниципальная казна
2337;П1300000011678;63:09:0301171:2608;Водопроводные сети Центрального района (частный сектор) по пр. Молдавский;Самарская область, Центральный район, г. Тольятти, восточнее здания, имеющего адрес: ул. Крупской, 79;148,0;Муниципальная казна
2338;П1300000011689;63:09:0301171:2610;Водопроводные сети Центрального района (частный сектор) по пр. 1-ый Донской;Самарская область, Центральный район, г. Тольятти, восточнее здания, имеющего адрес: пр. Донской, 99;120,0;Муниципальная казна
2339;П1300000013658;63:09:0301171:2977;Канализационные сети Центрального района (частный сектор) по пр.Декабристов;Самарская область, Центральный район, г. Тольятти, северо-западнее здания, имеющего адрес: бул. 50 лет Октября, 6 и северо-восточнее здания, имеющего адрес: бул. 50 лет Октября, 14;146,0;Муниципальная казна
2340;П1300000013661;63:09:0301171:2978;Канализационные сети Центрального района (частный сектор) по пр.Невский;Самарская область, Центральный район, г. Тольятти, южнее здания, имеющего адрес: пр.Невский, 16;50,0;Муниципальная казна
2341;П1300000013655;63:09:0301171:2979;Канализационные сети Центрального района (частный сектор) по пр.Молдавский;Самарская область, Центральный район, г. Тольятти, восточнее здания, имеющего адрес: ул. Крупской, 79;166,0;Муниципальная казна
2342;П1300000013689;63:09:0301171:2980;Канализационные сети Центрального района (частный сектор) по пр. Торновый;Самарская область, Центральный район, г. Тольятти, восточнее здания, имеющего адрес: пр. Сосновый, 93;396,0;Муниципальная казна
2343;П1300000013704;63:09:0301171:2989;Канализационные сети Центрального района (частный сектор) по пр. Жилина;Самарская область, Центральный район, г. Тольятти, северо-западнее здания, имеющего адрес: ул. Ленина, д. 47;250,0;Муниципальная казна
2344;П1300000011719;63:09:0301171:3287;Водопроводные сети Центрального района (частный сектор) по пр. Полярников;Самарская область, Центральный район, г. Тольятти;100,0;Муниципальная казна
2345;П1000000000121;63:09:0301171:3298;Автодорога по проезду 1-й Донской;Самарская область, Центральный район, г. Тольятти, проезд Донской 1-й;87,0;Муниципальная казна
2346;П1000000000313;63:09:0301171:3305;Автодорога по проезду Тихий;Самарская область, Центральный район, г. Тольятти;418,0;Муниципальная казна
2347;П1300000011884;63:09:0301171:3307;Канализационные сети Центрального района (частный сектор) по пр.Яблоневый;Самарская область, Центральный район, г. Тольятти, южнее здания, имеющего адрес: пр. Яблоневый, 80;113,0;Муниципальная казна
2348;П1300000011877;63:09:0301171:3308;Канализационные сети Центрального района (частный сектор) по ул.Маяковского;Самарская область, Центральный район, г. Тольятти, северо-западнее здания, имеющего адрес: ул. Маяковского, 102;240,0;Муниципальная казна
2349;П1300000012281;63:09:0301171:3315;Канализационные сети Центрального района (частный сектор) по пр. Озерный;Самарская область, Центральный район, г. Тольятти, юго-восточнее здания, имеющего адрес: ул. Кирова, д. 44;277,0;Муниципальная казна
2350;П1000000000079;63:09:0301171:3317;Автодорога по проезду Ключевой;Самарская область, Центральный район, г. Тольятти, проезд Ключевой;190,0;Муниципальная казна
2351;П1000000000132;63:09:0301171:3319;Автодорога по 1-му Сосновому проезду;Самарская область, Центральный район, г. Тольятти, проезд Сосновый 1-й;126,0;Муниципальная казна
2352;П1000000000168;63:09:0301171:3320;Автодорога по проезду 4-ый Донской;Самарская область, Центральный район, г. Тольятти, проезд Донской 4-й;85,0;Муниципальная казна
2353;П1000000000174;63:09:0301171:3325;Автодорога по проезду 5-ый Донской;Самарская область, Центральный район, г. Тольятти, по проезду 5-ый Донской;84,0;Муниципальная казна
2354;П1000000000159;63:09:0301171:3328;Автодорога по проезду 3-ий Донской;Самарская область, Центральный район, г. Тольятти, проезд Донской 3-й;192,0;Муниципальная казна
2355;П1300000010112;63:09:0301172:1455;Водопровод;Самарская область, Центральный район, г. Тольятти, юго-восточнее жилого дома, имеющего адрес: г. Тольятти, Центральный район, пр. Тверской, д. 69;144,0;Муниципальная казна
2356;П1300000011696;63:09:0301172:3227;Водопроводные сети Центрального района (частный сектор) по пер. 1-ый Онежский ;Самарская область, Центральный район, г. Тольятти, юго-восточнее здания, имеющего адрес: пер. 1-ый Онежский, 4;43,0;Муниципальная казна
2357;П1300000011698;63:09:0301172:3229;Водопроводные сети Центрального района (частный сектор) по пер. 3-ий Онежский ;Самарская область, Центральный район, г. Тольятти, западнее здания, имеющего адрес: ул. Марии Ульяновой, 96;211,0;Муниципальная казна
2358;П1300000011697;63:09:0301172:3230;Водопроводные сети Центрального района (частный сектор) по пер. 2-ой Онежский;Самарская область, Центральный район, г. Тольятти, юго-восточнее здания, имеющего адрес: пер. 2-ой Онежский, 2;63,0;Муниципальная казна
2359;П1300000012713;63:09:0301172:3237;"Тепловые сети от Т17 ул. Ларина, 64 до ул. Ленина, 60а (маг. ""Кенгуру"")";Самарская область, Центральный район, г. Тольятти, южнее здания, имеющего адрес: ул. Ларина, 64;91,0;Муниципальная казна
2360;П1300000011699;63:09:0301172:3242;Водопроводные сети Центрального района (частный сектор) по пер. 4-ый Онежский;Самарская область, Центральный район, г. Тольятти, юго-восточнее здания, имеющего адрес: ул. Ленина, 58;215,0;Муниципальная казна
2361;П1300000011700;63:09:0301172:3245;Водопроводные сети Центрального района (частный сектор) по пер. 5-ый Онежский;Самарская область, Центральный район, г. Тольятти, восточнее здания, имеющего адрес: ул. Минская, 85;149,0;Муниципальная казна
2362;П1300000008724;63:09:0301172:3319;Водопроводные сети;Самарская область, Центральный район, г. Тольятти, севернее, северо-западнее здания, имеющего адрес: проезд Бородинский, 44;270,0;Муниципальная казна
2363;П1300000013376;63:09:0301172:3582;Канализационные сети Центрального района (частный сектор) по пер. 3-ий Онежский;Самарская область, Центральный район, г. Тольятти, юго-западнее здания, имеющего адрес: пер. 3-ий Онежский, 6;188,0;Муниципальная казна
2364;П1300000011863;63:09:0301172:3632;Канализационные сети Центрального района (частный сектор) по пер. 1-ый Онежский;Самарская область, Центральный район, г. Тольятти, юго-западнее здания, имеющего адрес: улица Марии Ульяновой, д.108;186,0;Муниципальная казна
2365;П1000000000451;63:09:0301172:3637;"Автодорога от бульвара 50 лет Октября до здания, имеющего адрес: проезд Печорский, 93 (вдоль детского сада ""Березка"")";Самарская область, Центральный район, г. Тольятти, проезд Печорский, от бульвара 50 лет Октября до здания по адресу: проезд Печорский, 93;122,0;Муниципальная казна
2366;П1300000011712;63:09:0301172:3869;Водопроводные сети Центрального района (частный сектор) по пр. Короткий;Самарская область, Центральный район, г. Тольятти;136,0;Муниципальная казна
2367;П1300000011711;63:09:0301172:3870;Водопроводные сети Центрального района (частный сектор) по пр. Веселый;Самарская область, Центральный район, г. Тольятти, проезд Веселый;118,0;Муниципальная казна
2368;П1300000011722;63:09:0301172:3872;Водопроводные сети Центрального района (частный сектор) по пр. Амурский;Самарская область, Центральный район, г. Тольятти;263,0;Муниципальная казна
2369;П1300000011714;63:09:0301172:3877;Водопроводные сети Центрального района (частный сектор) по ул. Минская;Самарская область, Центральный район, г. Тольятти, ул. Минская;119,0;Муниципальная казна
2370;П1000000000127;63:09:0301172:3879;Автодорога по переулку 1-й Онежский;Самарская область, Центральный район, г. Тольятти, пер. Онежский 1-й;114,0;Муниципальная казна
2371;П1300000011865;63:09:0301172:3885;Канализационные сети Центрального района (частный сектор) по ул.Минская;Самарская область, Центральный район, г. Тольятти, южнее здания, имеющего адрес: ул. Ларина, 79;172,0;Муниципальная казна
2372;П1300000011864;63:09:0301172:3891;Канализационные сети Центрального района (частный сектор) по пер. 2-ой Онежский;Самарская область, Центральный район, г. Тольятти, восточнее здания, имеющего адрес: улица Минская, д. 103;100,0;Муниципальная казна
2373;П1000000000084;63:09:0301172:3898;Автодорога по проезду Короткий;Самарская область, Центральный район, г. Тольятти, проезд Короткий;149,0;Муниципальная казна
2374;П1000000000045;63:09:0301172:3900;Автодорога по проезду Веселый;Самарская область, Центральный район, г. Тольятти, проезд Веселый;256,0;Муниципальная казна
2375;П1000000000152;63:09:0301172:3901;Автодорога по  переулку 2-й Онежский;Самарская область, Центральный район, г. Тольятти, пер. Онежский 2-й;112,0;Муниципальная казна
2376;П1000000000129;63:09:0301172:3902;Автодорога по переулку 5-ый Онежский;Самарская область, Центральный район, г. Тольятти, пер. Онежский 5-й;114,0;Муниципальная казна
2377;П1000000000170;63:09:0301172:3905;Автодорога по переулку 4-ый Онежский;Самарская область, Центральный район, г. Тольятти, пер. Онежский 4-й;231,0;Муниципальная казна
2378;П1000000000162;63:09:0301172:3908;Автодорога по переулку 3-ий Онежский;Самарская область, Центральный район, г. Тольятти, по переулку 3-ий Онежский;251,0;Муниципальная казна
2379;П1300000011665;63:09:0301173:3855;Водопроводные сети Центрального района (частный сектор) по пр. Молодогвардейский;Самарская область, Центральный район, г. Тольятти, юго-западнее здания, имеющего адрес: пр. Колхозный, 6;263,0;Муниципальная казна
2380;П1300000011667;63:09:0301173:3856;Водопроводные сети Центрального района (частный сектор) по пр. Профсоюзов;Самарская область, Центральный район, г. Тольятти, северо-восточнее здания, имеющего адрес: пр. Березовый, 5;961,0;Муниципальная казна
2381;П1300000011666;63:09:0301173:3857;Водопроводные сети Центрального района (частный сектор) по пр. Луговой;Самарская область, Центральный район, г. Тольятти, северо-восточнее здания, имеющего адрес: пр. Гвардейский, 5;550,0;Муниципальная казна
2382;П1300000011664;63:09:0301173:3859;Водопроводные сети Центрального района (частный сектор) по пр. Армейский;Самарская область, Центральный район, г. Тольятти, юго-западнее здания, имеющего адрес: пр. Колхозный, 36;263,0;Муниципальная казна
2383;П1300000012627;63:09:0301173:3860;Тепловые сети от ул. К. Маркса, 18 до ул. К. Маркса, 16а (УК № 3);Самарская область, Центральный район, г. Тольятти, юго-восточнее здания, имеющего адрес: ул. К. Маркса, 16а;33,0;Муниципальная казна
2384;П1300000013486;63:09:0301173:4243;Канализационные сети Центрального района (частный сектор) по пр.Зеленый;Самарская область, Центральный район, г. Тольятти, северо-восточнее здания, имеющего адрес: пр. Зеленый, 17;94,0;Муниципальная казна
2385;П1300000013623;63:09:0301173:4244;Канализационные сети Центрального района (частный сектор) по пр.Водников;Самарская область, Центральный район, г. Тольятти, северо-восточнее здания, имеющего адрес: пр.Водников, 25;161,0;Муниципальная казна
2386;П1300000013580;63:09:0301173:4247;Канализационные сети Центрального района (частный сектор) по ул.Гайдара (лит.К-К1, К1-К2);Самарская область, Центральный район, г. Тольятти, юго-восточнее здания, имеющего адрес: ул. Гайдара , 37;70,0;Муниципальная казна
2387;П1300000012297;63:09:0301173:4344;Канализационные сети Центрального района (частный сектор) по пр. Пролетарский;Самарская область, Центральный район, г. Тольятти, юго-западнее здания, имеющего адрес: проезд Пролетарский, 11;174,0;Муниципальная казна
2388;П1300000011746;63:09:0301173:4346;Водопроводные сети Центрального района (частный сектор) по пр. Колхозный;Самарская область, Центральный район, г. Тольятти;556,0;Муниципальная казна
2389;П1300000011747;63:09:0301173:4347;Водопроводные сети Центрального района (частный сектор) по пр. Тургенева;Самарская область, Центральный район, г. Тольятти;380,0;Муниципальная казна
2390;П1300000012307;63:09:0301173:4349;Канализационные сети Центрального района (частный сектор) по пр. Армейский;Самарская область, Центральный район, г. Тольятти, юго-восточнее здания, имеющего адрес: проезд Армейский, д.7-а;310,0;Муниципальная казна
2391;П1300000012331;63:09:0301173:4352;Канализационные сети Центрального района (частный сектор) по ул. Первомайская;Самарская область, Центральный район, г. Тольятти, юго-восточнее здания, имеющего адрес: пр. Молодежный, 28 и севернее здания, имеющего адрес: ул. Первомайская, 98;136,0;Муниципальная казна
2392;П1300000011744;63:09:0301173:4639;Водопроводные сети Центрального района (частный сектор) по пр. Пролетарский;Самарская область, Центральный район, г. Тольятти;210,0;Муниципальная казна
2393;П1300000011750;63:09:0301173:4640;Водопроводные сети Центрального района (частный сектор) по пр. 8 Марта;Самарская область, Центральный район, г. Тольятти;308,0;Муниципальная казна
2394;П1300000011745;63:09:0301173:4641;Водопроводные сети Центрального района (частный сектор) по пр. Зеленый;Самарская область, Центральный район, г. Тольятти;273,0;Муниципальная казна
2395;П1300000011748;63:09:0301173:4642;Водопроводные сети Центрального района (частный сектор) по пр. Водников;Самарская область, Центральный район, г. Тольятти;328,0;Муниципальная казна
2396;П1300000011742;63:09:0301173:4654;Водопроводные сети Центрального района (частный сектор) по пр. Степной;Самарская область, Центральный район, г. Тольятти, проезд Степной;297,0;Муниципальная казна
2397;П1000000000073;63:09:0301173:4657;Автодорога по проезду Армейский;Самарская область, Центральный район, г. Тольятти, проезд Армейский;271,0;Муниципальная казна
2398;П1000000000258;63:09:0301173:4659;Автодорога по проезду Молодогвардейский;Самарская область, Центральный район, г. Тольятти, проезд Молодогвардейский;271,0;Муниципальная казна
2399;П1300000011741;63:09:0301173:4664;Водопроводные сети Центрального района (частный сектор) по ул. Гайдара;Самарская область, Центральный район, г. Тольятти;475,0;Муниципальная казна
2400;П1300000011821;63:09:0301173:4668;Канализационные сети Центрального района (частный сектор) по пр.Профсоюзов;Самарская область, Центральный район, г. Тольятти, юго-восточнее здания, имеющего адрес: пр.Профсоюзов, 18;54,0;Муниципальная казна
2401;П1300000011819;63:09:0301173:4669;Канализационные сети Центрального района (частный сектор) по пр.Молодогвардейский;Самарская область, Центральный район, г. Тольятти, юго-западнее здания, имеющего адрес: пр.Колхозный, 6;249,0;Муниципальная казна
2402;П1300000012299;63:09:0301173:4680;Канализационные сети Центрального района (частный сектор) по пр. Колхозный;Самарская область, Центральный район, г. Тольятти, юго-восточнее здания, имеющего адрес: проезд Колхозный, 6;254,0;Муниципальная казна
2403;П1300000012295;63:09:0301173:4681;Канализационные сети Центрального района (частный сектор) по пр. Рабочий;Самарская область, Центральный район, г. Тольятти, юго-западнее здания, имеющего адрес: пр. Рабочий, д. 52;81,0;Муниципальная казна
2404;П1300000012309;63:09:0301173:4682;Канализационные сети Центрального района (частный сектор) по пр. Кольцевой;Самарская область, Центральный район, г. Тольятти, юго-западнее здания, имеющего адрес: пр. Кольцевой, 24;78,0;Муниципальная казна
2405;П1300000012291;63:09:0301173:4684;Канализационные сети Центрального района (частный сектор) по пр. Тургенева;Самарская область, Центральный район, г. Тольятти, северо-восточнее здания, имеющего адрес: пр. Рабочий, 49;122,0;Муниципальная казна
2406;П1300000011820;63:09:0301173:4685;Канализационные сети Центрального района (частный сектор) по пр.Луговой;Самарская область, Центральный район, г. Тольятти, северо-восточнее здания, имеющего адрес: пр. Луговой, 23;263,0;Муниципальная казна
2407;П1300000012287;63:09:0301173:4686;Канализационные сети Центрального района (частный сектор) по пр. Фурманова;Самарская область, Центральный район, г. Тольятти, юго-западнее здания, имеющего адрес: пр. Фурманова, 20;123,0;Муниципальная казна
2408;П1300000012293;63:09:0301173:4687;Канализационные сети Центрального района (частный сектор) по пр. Молодежный;Самарская область, Центральный район, г. Тольятти, юго-западнее здания, имеющего адрес: ул. Первомайская, 86;331,0;Муниципальная казна
2409;П1300000012283;63:09:0301173:4691;Канализационные сети Центрального района (частный сектор) по ул. Калинина;Самарская область, Центральный район, г. Тольятти, северо-западнее здания, имеющего адрес: ул. Рабочая, 10-а;40,0;Муниципальная казна
2410;П1300000013249;63:09:0301173:4700;Тепловая сеть - транзит по жилому дому (ул.Карла Маркса, 18,20);Самарская область, Центральный район, г. Тольятти, ул. Карла Маркса, д.18,20;210,0;Муниципальная казна
2411;П1000000000047;63:09:0301173:4709;Автодорога по проезду Водников;Самарская область, Центральный район, г. Тольятти, проезд Водников;371,0;Муниципальная казна
2412;П1000000000027;63:09:0301173:4710;Автодорога по проезду Березовый;Самарская область, Центральный район, г. Тольятти, проезд Березовый;117,0;Муниципальная казна
2413;П1000000000002;63:09:0301173:4711;Автодорога по проезду 8 Марта;Самарская область, Центральный район, г. Тольятти, проезд 8 Марта;323,0;Муниципальная казна
2414;П1000000000059;63:09:0301173:4712;Автодорога по проезду Гвардейский;Самарская область, Центральный район, г. Тольятти, проезд Гвардейский;419,0;Муниципальная казна
2415;П1000000000102;63:09:0301173:4714;Автодорога по проезду Пролетарский;Самарская область, Центральный район, г. Тольятти, проезд Пролетарский;293,0;Муниципальная казна
2416;П1000000000320;63:09:0301173:4719;Автодорога по проезду Тургенева;Самарская область, Центральный район, г. Тольятти, проезд Тургенева;492,0;Муниципальная казна
2417;П1000000000331;63:09:0301173:4721;Автодорога по проезду Фурманова;Самарская область, Центральный район, г. Тольятти, проезд Фурманова;202,0;Муниципальная казна
2418;П1000000000292;63:09:0301173:4722;Автодорога по проезду Луговой;Самарская область, Центральный район, г. Тольятти, проезд Луговой;475,0;Муниципальная казна
2419;П1300000014910;63:09:0301173:4724;Участок сети бытовой канализации от КК-2 до КК-1, расположенного в районе жилого дома, имеющего адрес: Центральный район, проезд Молодогвардейский, д. 2;Самарская область, Центральный район, г. Тольятти, проезд Молодогвардейский, д. 2;35,0;Муниципальная казна
2420;П1000000000217;63:09:0301173:4728;Автодорога по Кольцевому проезду;Самарская область, Центральный район, г. Тольятти, проезд Кольцевой;375,0;Муниципальная казна
2421;П1000000000081;63:09:0301173:4730;Автодорога по проезду Колхозный;Самарская область, Центральный район, г. Тольятти, проезд Колхозный;533,0;Муниципальная казна
2422;П1000000000088;63:09:0301173:4731;Автодорога по проезду Молодежный;Самарская область, Центральный район, г. Тольятти, проезд Молодежный;760,0;Муниципальная казна
2423;П1300000011191;63:09:0301174:1101;Самотечные канализационные коллекторы № 40, 41 от ул. Шлютова по пер. Кавказскому, б-ру 50 лет Октября, ул. Ломоносова до КНС-3;Самарская область, Центральный район, г. Тольятти, северо-восточнее жилого дома, имеющего адрес: г. Тольятти, Центральный район, ул. Ленина, д. 78;1975,0;Муниципальная казна
2424;П1300000011684;63:09:0301174:3805;Водопроводные сети Центрального района (частный сектор) по пр. Некрасова;Самарская область, Центральный район, г. Тольятти, северо-западнее здания, имеющего адрес: ул. Победы, 19;620,0;Муниципальная казна
2425;П1300000012719;63:09:0301174:3846;Тепловые сети от ТК-5 (Т174) до ул. Ленина № 90 (ЖСК-6);Самарская область, Центральный район, г. Тольятти, восточнее здания, имеющего адрес: ул. Ленина, 90;54,0;Муниципальная казна
2426;П1300000012659;63:09:0301174:3901;Тепловые сети от ТК-5 до ул. Октябрьская, 55;Самарская область, Центральный район, г. Тольятти, юго-западнее здания, имеющего адрес: ул. Октябрьская, 55;3,0;Муниципальная казна
2427;П1300000011688;63:09:0301174:3952;Водопроводные сети Центрального района (частный сектор) по пр. Кутузова;Самарская область, Центральный район, г. Тольятти, юго-восточнее здания, имеющего адрес: пр. Кутузова, 12;253,0;Муниципальная казна
2428;П1300000011687;63:09:0301174:3953;Водопроводные сети Центрального района (частный сектор) по пр. Крымский;Самарская область, Центральный район, г. Тольятти, юго-восточнее здания, имеющего адрес: ул. Чапаева, 124;182,0;Муниципальная казна
2429;П1300000011685;63:09:0301174:3957;Водопроводные сети Центрального района (частный сектор) по пр. Суворова;Самарская область, Центральный район, г. Тольятти, юго-восточнее здания, имеющего адрес: пр. Кутузова, 7;802,0;Муниципальная казна
2430;П1300000012643;63:09:0301174:3959;"Тепловые сети от ТК-30/10-1 до ул. Самарская, 68 АТС-22 (ОАО ""Ростелеком"")";Самарская область, Центральный район, г. Тольятти, южнее здания, имеющего адрес: ул. Самарская, 68;44,0;Муниципальная казна
2431;П1300000012621;63:09:0301174:3973;Тепловые сети от ТК-4 до д. ул. Горького, 68;Самарская область, Центральный район, г. Тольятти, зона 5, в 16 кв., севернее здания, имеющего адрес: ул. Горького, д. 68;11,0;Муниципальная казна
2432;П1300000013395;63:09:0301174:4658;Канализационные сети Центрального района (частный сектор) по пр.Кутузова;Самарская область, Центральный район, г. Тольятти, западнее здания, имеющего адрес: ул.Чапаева, 124;276,0;Муниципальная казна
2433;П1300000013378;63:09:0301174:4735;Канализационные сети Центрального района (частный сектор) по пр.Ленский;Самарская область, Центральный район, г. Тольятти, юго-восточнее здания, имеющего адрес: ул. Кошеля, 63;14,0;Муниципальная казна
2434;П1300000013235;63:09:0301174:4997;Тепловые сети от жилого дома №19 до жилого дома №21 по ул.Победы;Самарская область, Центральный район, г. Тольятти, ул. Победы, д. 19, стр. а, сооружение 1;84,0;Муниципальная казна
2435;П1300000013236;63:09:0301174:4998;Тепловые сети от жилого дома №23 по ул.Победы;Самарская область, Центральный район, г. Тольятти, ул. Победы, д. 23, стр. а, сооружение 1;88,0;Муниципальная казна
2436;П1300000012301;63:09:0301174:5037;Канализационные сети центрального района (частный сектор) по ул. Самарская;Самарская область, Центральный район, г. Тольятти, северо-восточнее здания, имеющего адрес: проезд Суворова, 30;72,0;Муниципальная казна
2437;П1300000012305;63:09:0301174:5039;Канализационные сети Центрального района (частный сектор) по пр. Котельный;Самарская область, Центральный район, г. Тольятти, северо-восточнее здания, имеющего адрес: проезд Суворова, 56;91,0;Муниципальная казна
2438;П1300000012303;63:09:0301174:5040;Канализационные сети Центрального района (частный сектор) по пр. Строителей;Самарская область, Центральный район, г. Тольятти, северо-восточнее здания, имеющего адрес: проезд Строителей, 13;195,0;Муниципальная казна
2439;П1300000011843;63:09:0301174:5041;Канализационные сети Центрального района (частный сектор) по пр.Суворова;Самарская область, Центральный район, г. Тольятти, юго-западнее южнее, юго-восточнее здания, имеющего адрес: пр. Суворова, д. 2;274,0;Муниципальная казна
2440;П1000000000197;63:09:0301174:5343;Автодорога по проезду Котельный;Самарская область, Центральный район, г. Тольятти;297,0;Муниципальная казна
2441;П1300000011840;63:09:0301174:5360;Канализационные сети Центрального района (частный сектор) по пр.Некрасова;Самарская область, Центральный район, г. Тольятти, юго-восточнее здания, имеющего адрес: пр. Некрасова, д.24;513,0;Муниципальная казна
2442;П1300000014434;63:09:0301174:5363;Участок сети водоснабжения до жилого дома, расположенного по адресу: Центральный район, ул. Чапаева, д. 133;Самарская область, Центральный район, г. Тольятти, ул. Чапаева, д. 133;15,0;Муниципальная казна
2443;П1300000014503;63:09:0301174:5364;Участок сети водоснабжения жилого дома с местоположением: Центральный район, ул. Горького, д. 74;Самарская область, Центральный район, г. Тольятти, ул. Горького, д. 74;22,0;Муниципальная казна
2444;П1300000014501;63:09:0301174:5366;Участок сети водоснабжения до жилого дома ул. Чапаева, д. 135;Самарская область, Центральный район, г. Тольятти, ул. Чапаева, д. 135;6,0;Муниципальная казна
2445;П1300000014488;63:09:0301174:5375;Участок сети теплоснабжения от жилого дома № 135, расположенного по адресу: ул. Чапаева, д. 133;Самарская область, Центральный район, г. Тольятти, ул. Чапаева, д. 135, 133;35,0;Муниципальная казна
2446;П1300000014563;63:09:0301174:5384;Участок сети водоснабжения дома №73 по ул. Кошеля Центрального района;Самарская область, Центральный район, г. Тольятти, ул. Кошеля, д. 73;16,0;Муниципальная казна
2447;П1300000014574;63:09:0301174:5385;Участок сети теплоснабжения от жилого дома №73 по ул. Кошеля до жилого дома №135 по ул. Чапаева;Самарская область, Центральный район, г. Тольятти, от жилого дома №73 по ул. Кошеля до жилого дома №135 по ул. Чапаева;10,0;Муниципальная казна
2448;П1000000000122;63:09:0301174:5386;Автодорога по 1-му Заводскому переулку;Самарская область, Центральный район, г. Тольятти, пер. Заводской 1-й;120,0;Муниципальная казна
2449;П1000000000076;63:09:0301174:5387;Автодорога по проезду Заводской;Самарская область, Центральный район, г. Тольятти, проезд Заводской;211,0;Муниципальная казна
2450;П1300000014905;63:09:0301174:5390;Участок сети водоснабжения жилого дома с местоположением: Центральный район, ул. Горького, д. 76;Самарская область, Центральный район, г. Тольятти, ул. Горького, д. 76;14,0;Муниципальная казна
2451;П1300000014903;63:09:0301174:5391;Внутриквартальные сети водопровода Центрального района от ВК-24 на ул. Кошеля до ВК-38 на ул. Чапаева;Самарская область, Центральный район, г. Тольятти, ВК-24 на ул. Кошеля до ВК-38 на ул. Чапаева;414,0;Муниципальная казна
2452;П1300000014803;63:09:0301174:5392;Тепловые сети , расположенные по адресу: Российская Федерация, Самарская область, г. Тольятти, Центральный район, к дому по ул. Горького, 74;Самарская область, Центральный район, г. Тольятти, к дому по ул. Горького, 74;76,0;Муниципальная казна
2453;П1000000000288;63:09:0301174:5396;Автодорога по проезду Ленский;Самарская область, Центральный район, г. Тольятти, проезд Ленский;130,0;Муниципальная казна
2454;П1000000000306;63:09:0301174:5397;Автодорога по проезду Строителей;Самарская область, Центральный район, г. Тольятти, проезд Строителей;197,0;Муниципальная казна
2455;П1000000000222;63:09:0301174:5400;Автодорога проезд Кутузова;Самарская область, Центральный район, г. Тольятти, проезд Кутузова;436,0;Муниципальная казна
2456;П1300000013335;63:09:0302049:1251;"Тепловые сети от ТК-12/4 до б-р 50 лет Октября, 75а (ГСК-38 ""Вираж"")";Самарская область, Центральный район, г. Тольятти, северо-западнее здания, имеющего адрес: бул. 50 лет Октября, 75-а;104,0;Муниципальная казна
2457;П1300000012611;63:09:0302049:1252;"Тепловые сети от ТК-12/2 до б-р 50 лет Октября, 79 (ЗАО ""Центральная СТО"")";Самарская область, Центральный район, г. Тольятти, северо-восточнее здания, имеющего адрес: бульвар 50 лет Октября, 79, стр. 2;184,0;Муниципальная казна
2458;П1300000012607;63:09:0302049:1253;"Тепловые сети от гл. врезки до здания ул. Новозаводская, 51(МУП ""Спецкомбинат ритуальных услуг"")";Самарская область, Центральный район, г. Тольятти, восточнее здания, имеющего адрес: ул. Новозаводская, 51;2,0;Муниципальная казна
2459;П1300000012639;63:09:0302049:1258;Тепловые сети от ТК-12/2-1 ул. 50 лет Октября, 52;Самарская область, Центральный район, г. Тольятти, юго-восточнее здания, имеющего адрес: ул. 50 лет Октября, 52-б;61,0;Муниципальная казна
2460;П1300000012657;63:09:0302049:1281;Тепловые сети от ТК-3 б-р 50 лет Октября, 77 (ГУСО Ставроп. районная станция по борьбе с болезнями животных);Самарская область, Центральный район, г. Тольятти, юго-западнее здания, имеющего адрес: бульвар 50 лет Октября, 77;311,0;Муниципальная казна
2461;П1300000014373;63:09:0302049:2272;Участок сети теплоснабжения от ТК-23а до тепловой камеры на территории ООО «Производственно-складская база» с местоположением: Центральный район, ул. Победы, д. 10;Самарская область, Центральный район, г. Тольятти;161,0;Муниципальная казна
2462;П1300000008944;63:09:0302049:620;Теплосеть от ТК23/1 до бани ул. Новозаводская;Самарская область, Центральный район, г. Тольятти, северо-западнее здания, имеющего адрес: ул. Новозаводская, 49;153,0;Муниципальная казна
2463;П1300000011431;63:09:0302051:2680;Сети дождевой канализации по ул. Карбышева;Самарская область, Центральный район, г. Тольятти, юго-восточнее здания, имеющего адрес: ул.Комсомольская, 86-и;1013,0;Муниципальная казна
2464;П1000000000286;63:09:0302051:2813;Автодорога по ул. Базовая;Самарская область, Центральный район, г. Тольятти, от улицы Ларина до улицы Комсомольской, западнее объекта, имеющего адрес: ул. Базовая, 24;2120,0;Муниципальная казна
2465;П1300000008971;63:09:0302051:4542;Тепловые сети;Самарская область, Центральный район, г. Тольятти, южнее, юго-восточнее и восточнее здания (Лит А19), имеющего адрес: ул. Базовая, д. 12, строение 19;1237,2;Муниципальная казна
2466;П1000000000425;63:09:0302051:4648;Автодорога от ул. Индустриальной, 2г до ул. Индустриальной, 2а;Самарская область, Центральный район, г. Тольятти, от улицы Индустриальной до улицы Базовой, юго-восточнее объекта недвижимости, имеющего адрес: улица Индустриальная, 1;592,0;Муниципальная казна
2467;П1000000000192;63:09:0302051:4660;Автодорога по улице Индустриальной;Самарская область, Центральный район, г. Тольятти, южнее объекта недвижимости, имеющего адрес: улица Индустриальная, 1, до улицы Комсомольской;605,0;Муниципальная казна
2468;П1000000000484;63:09:0302051:5380;Участок автомобильной дороги от ул. Индустриальной, д. 5, до ул. Ларина, д. 155;Самарская область, Центральный район, г. Тольятти;2058,0;Муниципальная казна
2469;П1300000009369;63:09:0302051:909;Труба ж/б дымовая;Самарская область, Центральный район, г. Тольятти, севернее здания, имеющего адрес: ул. Комсомольская, 96;;Муниципальная казна
2470;П1000000000408;63:09:0302051:910;Кольцевая транспортная развязка улице Баныкина- улице Комсомольская- улице Базовая- улице Матросова;Самарская область, Центральный район, г. Тольятти, южнее здания, имеющего адрес: улица Комсомольская, 94-а;;Муниципальная казна
2471;П1300000011211;63:09:0302051:944;Самотечный канализационный коллектор от КК-16 в районе базы НИИЦЕММАШ до КНС-125;Самарская область, Центральный район, г. Тольятти, юго-восточнее, южнее здания, имеющего адрес: ул. Ларина, д. 161;1551,0;Муниципальная казна
2472;П1300000008946;63:09:0302051:948;Теплосеть лит. Т-Т43 от II маг. ст192 до ул. Базовая, 12 (оптовый рынок);Самарская область, Центральный район, г. Тольятти, северо-восточнее, восточнее, юго-восточнее здания, имеющего адрес: ул. Ларина, 161в;3911,0;Муниципальная казна
2473;П1300000011181;63:09:0302051:999;Напорные и самотечный канализационные коллекторы по ул. Баныкина, Карбышева, Мира от КНС-5 до ул. Комсомольская;Самарская область, Центральный район, г. Тольятти, юго-западнее здания, имеющего адрес: г. Тольятти, Центральный район, ул. Индустриальная, д.9, строен.5;5608,0;Муниципальная казна
2474;П1300000006039;63:09:0302053:755;Площадка с твердым покрытием;Самарская область, Центральный район, г. Тольятти, северо-восточнее здания, имеющего адрес: улица Новозаводская, 5;;Муниципальная казна
2475;П1000000000016;63:09:0303063:535;Автодорога по Автозаводскому  шоссе;Самарская область, Центральный район, г. Тольятти, между Южным шоссе и бульваром 50 лет Октября. северо-западнее кварталов 142-141, 123-124, 122-121;2093,0;Муниципальная казна
2476;П1300000014491;63:09:0303070:2005;Участок сети теплоснабжения от УТ-3 через ТК1-ТК2-ТК3 до здания, расположенного по адресу: Центральный район, ул. Кудашева, д. 96;Самарская область, Центральный район, г. Тольятти, ул. Александра Кудашева, д. 96;204,0;Муниципальная казна
2477;П1300000014810;63:09:0303070:2012;Участок сети теплоснабжения от ТК3 до здания, расположенного по адресу: Центральный район, ул. Калмыцкая, д. 29;Самарская область, Центральный район, г. Тольятти, ул. Калмыцкая, д. 29;34,0;Муниципальная казна
2478;П1000000000461;63:09:0303071:1452;Автодорога от Хрящевского шоссе вдоль СИЗО-4;Самарская область, Центральный район, г. Тольятти, от Хрящевского шоссе, юго-восточнее здания по адресу: Хрящевское шоссе, 3, до территории севернее здания по адресу: Хрящевское шоссе, 5 строение 19;339,0;Муниципальная казна
2479;П1300000014487;63:09:0304060:1470;Участок сети теплоснабжения от ТК 45/6-1 до жилого дома, расположенного по адресу: Центральный район, ул. Баныкина, д. 21;Самарская область, Центральный район, г. Тольятти, ул. Баныкина, д. 21;65,0;Муниципальная казна
2480;П1300000014811;63:09:0304060:1482;Сети теплоснабжения от УТ-2, через УТ-3 до жилых домов, расположенных по адресу: Центральный район, ул. Баныкина, д.21-А и ул. Баныкина, д. 21-Б;Самарская область, Центральный район, г. Тольятти, ул. Баныкина, д. 21-А и ул. Баныкина, д. 21-Б;364,0;Муниципальная казна
2481;П1300000009316;63:09:0304060:549;Скважина № 194-б с подземной камерой;"Самарская область, Центральный район, г. Тольятти, на территории водозабора ""Прибрежный""";;Муниципальная казна
2482;П1300000008692;63:09:0304060:554;Скважина № 192 с наземным павильоном;"Самарская область, Центральный район, г. Тольятти, на территории водозабора ""Прибрежный""";;Муниципальная казна
2483;П1300000009177;63:09:0304060:556;Артскважина № 200-а с насосной;"Самарская область, Центральный район, г. Тольятти, на территории водозабора ""Прибрежный""";;Муниципальная казна
2484;П1300000005575;63:09:0304060:558;Скважина № 195-а с наземным павильоном;"Самарская область, Центральный район, г. Тольятти, на территории водозабора ""Прибрежный""";;Муниципальная казна
2485;П1300000009173;63:09:0304060:559;Артскважина № 191-б с насосной;"Самарская область, Центральный район, г. Тольятти, на территории водозабора ""Прибрежный""";;Муниципальная казна
2486;П1300000005576;63:09:0304060:560;Скважина № 193-б с наземным павильоном;"Самарская область, Центральный район, г. Тольятти, на территории водозабора ""Прибрежный""";;Муниципальная казна
2487;П1300000009314;63:09:0304060:561;Скважина № 192-б с подземной камерой и наземным павильоном;"Самарская область, Центральный район, г. Тольятти, на территории водозабора ""Прибрежный""";;Муниципальная казна
2488;П1300000009306;63:09:0304060:562;Скважина № 195-б;"Самарская область, Центральный район, г. Тольятти, на территории водозабора ""Прибрежный""";;Муниципальная казна
2489;П1300000009174;63:09:0304060:563;Артскважина № 192-а с насосной;"Самарская область, Центральный район, г. Тольятти, на территории водозабора ""Прибрежный""";;Муниципальная казна
2490;П1300000009175;63:09:0304060:564;Артскважина № 193-в с насосной;"Самарская область, Центральный район, г. Тольятти, на территории водозабора ""Прибрежный""";;Муниципальная казна
2491;П1300000009176;63:09:0304060:565;Артскважина № 194-а с насосной;"Самарская область, Центральный район, г. Тольятти, на территории водозабора ""Прибрежный""";;Муниципальная казна
2492;П1300000009074;63:09:0304060:569;"Водоводы в/з ""Прибрежный"", построенные до 1991г. включительно";Самарская область, Центральный район, г. Тольятти, южнее здания, имеющего адрес: ул. Баныкина, 9;16724,0;Муниципальная казна
2493;П1300000008665;63:09:0304060:570;Скважина № 191-а с наземным павильоном;"Самарская область, Центральный район, г. Тольятти, на территории водозабора ""Прибрежный""";;Муниципальная казна
2494;П1300000012727;63:09:0304060:602;Тепловые сети от ТК-45/8 (Т435) до ул. Баныкина, 9;Самарская область, Центральный район, г. Тольятти, северо-восточнее здания, имеющего адрес: ул. Баныкина, 9;166,0;Муниципальная казна
2495;П1300000012729;63:09:0304060:603;"Тепловые сети от ТК-45/7 до ул. Баныкина, 19а (ЗАО ""ТСЗ"")";Самарская область, Центральный район, г. Тольятти, южнее, юго-восточнее здания, имеющего адрес: ул. Баныкина, 19, стр. 1;154,0;Муниципальная казна
2496;П1300000012922;63:09:0304060:650;Пруд-накопитель, расположенный в лесной зоне южнее ул. Баныкина;Самарская область, Центральный район, г. Тольятти, южнее здания, имеющего адрес: улица Баныкина, 40;;Муниципальная казна
2497;П1300000009364;63:09:0304061:1073;Наружный водопровод холодного водоснабжения;Самарская область, Центральный район, г. Тольятти, юго-восточнее, восточнее и северо-восточнее здания, имеющего адрес: проезд Земной, 1;1290,4;Муниципальная казна
2498;П1300000009171;63:09:0304062:583;Асфальто-бетонная площадка;Самарская область, Центральный район, г. Тольятти, восточнее здания, имеющего адрес: ул. Родины, 7;;Хозяйственное ведение
2499;П1300000008023;63:09:0304064:537;Скважина № 609-а с подземной камерой;"Самарская область, Центральный район, г. Тольятти, на территории водозабора ""Портовый""";;Муниципальная казна
2500;П1300000007082;63:09:0304064:538;Наземный павильон списанной скважины № 4;"Самарская область, Центральный район, г. Тольятти, на территории водозабора ""Портовый""";;Муниципальная казна
2501;П1300000008024;63:09:0304064:539;Скважина № 610-б с подземной камерой;"Самарская область, Центральный район, г. Тольятти, на территории водозабора ""Портовый""";;Муниципальная казна
2502;П1300000011193;63:09:0304064:542;"Напорный и самотечный коллекторы от КНС ""Лесное"" п. Портовый до КК-6 в р-не санатория ""Волжские Зори""";Самарская область, Центральный район, г. Тольятти, южнее здания, имеющего адрес: шоссе Лесопарковое, д. 2, стр. 20;2996,0;Муниципальная казна
2503;П1300000010517;63:09:0304064:550;"Тепловые сети санатория ""Лесное""  (от котельной № 3)";Самарская область, Центральный район, г. Тольятти, севернее, северо-западнее здания, имеющего адрес: Лесопарковое шоссе, 2а;2289,0;Муниципальная казна
2504;П1300000010544;63:09:0304064:562;"Водопровод от ВК-5 на пересечении ул. Санаторная и пр.4-ый Волжский до ВК-1 на территории профилактория ""Ставрополь""";Самарская область, Центральный район, г. Тольятти, северо-восточнее здания, имеющего адрес: г. Тольятти, Центральный район, Лесопарковое шоссе, д. 22;1168,0;Муниципальная казна
2505;П1300000010516;63:09:0304064:563;"Тепловая сеть и ГВС от ТК-1 до ООО ""Согласие""";Самарская область, Центральный район, г. Тольятти, северо-восточнее здания, имеющего адрес: Лесопарковое шоссе, 2;20,0;Муниципальная казна
2506;П1300000010545;63:09:0304064:564;"Водовод к главному корпусу санатория ""Лесное"" от ВК-1 на территории в/з ""Портовый"" и от ВК-3 на а/дороге между пос. Портовый и Центральным районом";Самарская область, Центральный район, г. Тольятти, южнее, юго-западнее здания, имеющего адрес: г. Тольятти, Центральный район, Лесопарковое шоссе, д. 2, стр. 12;5029,0;Муниципальная казна
2507;П1300000011213;63:09:0304064:567;"Внутриквартальная сеть самотечной канализации от объектов санатория ""Лесное"" до КНС ""Лесное"" п. Портовый";Самарская область, Центральный район, г. Тольятти, севернее, северо-восточнее, юго-восточнее, южнее здания, имеющего адрес: ул. Санаторная, 91;2132,0;Муниципальная казна
2508;П1300000008026;63:09:0304064:568;Скважина № 4-а с подземной камерой;"Самарская область, Центральный район, г. Тольятти, на территории водозабора ""Портовый""";;Муниципальная казна
2509;П1300000010733;63:09:0304064:569;Резервуар № 2,  V=600 м3;"Самарская область, Центральный район, г. Тольятти, на территории водозабора ""Портовый""";;Муниципальная казна
2510;П1300000012715;63:09:0305001:522;Тепловые сети от ТК-15 до ТК-15/1 в городском парке ул. Гагарина, 1 (Пеликан);Самарская область, Центральный район, г. Тольятти, юго-восточнее здания, имеющего адрес: ул. Гагарина, 3;67,0;Муниципальная казна
2511;П1300000014468;63:09:0305001:738;"Участок сети водоснабжения от точки врезки в колодце ВК-ПГ/32 до здания выставочного павильона в районе монумента ""Слава труду""";Самарская область, Центральный район, г. Тольятти, Парк культуры и отдыха;85,0;Муниципальная казна
2512;П1300000011557;63:09:0305025:1157;Памятник  Татищеву В. Н.;Самарская область, Центральный район, г. Тольятти, Центральный район, зона отдыха, набережная;;Муниципальная казна
2513;П1300000013702;63:09:0305025:2021;Берегоукрепление;Самарская область, Центральный район, г. Тольятти, восточнее здания КНС ''Зона отдыха'', имеющего адрес: Лесопарковое шоссе, 15;;Муниципальная казна
2514;П1000000000491;63:09:0305025:2519;"Автодорога от Комсомольского шоссе до территории базы отдыха ""Волна"", расположенной по адресу: Комсомольское шоссе, д. 68";Самарская область, г. Тольятти, от Комсомольского шоссе, восточнее здания № 28 по Комсомольскому шоссе, д. территории, расположенной южнее здания № 68 по Комсомольскому шоссе;2235,0;Муниципальная казна
2515;П1300000014350;63:09:0305025:2565;Сеть канализации;Самарская область, Центральный район, г. Тольятти, ул. Комзина, д. 8;130,0;Муниципальная казна
2516;П1000000000065;63:09:0305025:2609;"Автодорога от ул.Комзина до ""Парк отель""";"Самарская область, Центральный район, г. Тольятти, автодорога от ул. Комзина до ""Парк отель""";566,0;Муниципальная казна
2517;П1300000014904;63:09:0305025:2612;Водопроводная сеть вдоль Лесопаркового шоссе (Звездный, Юность, Зеленый берег), протяженность 680 м;Самарская область, Центральный район, г. Тольятти, ш. Лесопарковое;680,0;Муниципальная казна
2518;П1300000012406;63:09:0305025:635;Мемориал умершим в годы Великой Отечественной Войны;Самарская область, Центральный район, г. Тольятти, южнее здания, имеющего адрес: улица Комзина, 1-А;;Муниципальная казна
2519;П1300000011201;63:09:0305025:662;"Самотечный канализационный коллектор от п/ф ""Русский бор"" и п/ф ""Сосновый бор"" до КНС-""Зона Отдыха"" п. Портовый";Самарская область, Центральный район, г. Тольятти, северо-восточнее здания, имеющего адрес: шоссе Лесопарковое, д. 15;693,0;Муниципальная казна
2520;П1300000011203;63:09:0305025:684;Напорные и самотечные коллекторы от КНС-3а до КНС-5 Центрального района;Самарская область, Центральный район, г. Тольятти, севернее, северо-западнее здания, имеющего адрес: шоссе Комсомольское, 64;4382,0;Муниципальная казна
2521;П1300000011173;63:09:0305025:688;"Водовод по Лесопарковому шоссе от ВК-1 на 4-м Волжском проезде до базы отдыха ""Юность""";Самарская область, Центральный район, г. Тольятти, юго-восточнее здания, имеющего адрес: г. Тольятти, Центральный район, Лесопарковое шоссе, д. 61;3882,0;Муниципальная казна
2522;П1300000007857;63:09:0306033:1188;Резервуар № 1 V=200 м3;"Самарская область, Центральный район, г. Тольятти, на территории водозабора ""Портовый""";;Муниципальная казна
2523;П1300000009770;63:09:0306033:1530;Пожарный водоем;Самарская область, Центральный район, г. Тольятти, западнее здания, имеющего адрес: ул. Морская, 6;;Муниципальная казна
2524;П1300000009771;63:09:0306033:1531;Пожарный водоем;Самарская область, Центральный район, г. Тольятти, западнее здания, имеющего адрес: ул. Специалистов, 3;;Муниципальная казна
2525;П1000000000266;63:09:0306033:1553;Автодорога по улице Нагорной;Самарская область, Центральный район, г. Тольятти, от Комсомольского шоссе до улицы Набережной, западнее объекта, имеющего адрес: ул.Нагорная, 6;119,0;Муниципальная казна
2526;П1000000000366;63:09:0306033:1554;Автодорога по улице Специалистов;Самарская область, Центральный район, г. Тольятти, от Комсомольского шоссе до улицы Набережной, восточнее объекта, имеющего адрес: улица Специалистов, 3;109,0;Муниципальная казна
2527;П1000000000260;63:09:0306033:1556;Автодорога по улице Морской;Самарская область, Центральный район, г. Тольятти, от Комсомольского шоссе до ул. Набережной, восточнее жилого дома № 3 по ул. Морской;119,0;Муниципальная казна
2528;П1000000000364;63:09:0306033:1671;Автодорога по улице Набережная;Самарская область, Центральный район, г. Тольятти, от улицы Нагорной до улицы Морской, южнее объекта, имеющего адрес: ул. Набережная, 11;367,0;Муниципальная казна
2529;П1300000010661;63:09:0306034:532;Переход № 1 (1-я проходная завода);Самарская область, Центральный район, г. Тольятти, северо-восточнее здания, имеющего адрес: улица Новозаводская, д. 11;;Муниципальная казна
2530;П1300000010662;63:09:0306034:533;Переход № 2 (2-я проходная завода);Самарская область, Центральный район, г. Тольятти, северо-восточнее здания, имеющего адрес: улица Новозаводская, д. 7;;Муниципальная казна
2531;П1300000009149;63:09:0306034:828;Асфальто-бетонная площадка;Самарская область, Центральный район, г. Тольятти, восточнее здания, имеющего адрес: ул. Новозаводская, 5-Г;;Хозяйственное ведение
2532;П1000000000417;63:09:0306036:1155;Автодорога по проезду Тупиковый;Самарская область, Центральный район, г. Тольятти, от объекта, имеющего адрес: проезд Тупиковый, 2 строение 3, до улицы Новозаводской, юго-восточнее объекта, имеющего адрес: проезд Тупиковый, 2, строение 3;739,0;Муниципальная казна
2533;П1300000009021;63:09:0306036:1233;"КНС ""Химпоселок""";Самарская область, Центральный район, г. Тольятти, проезд Тупиковый, д. 36;;Муниципальная казна
2534;П1300000012121;63:09:0306036:1288;Сети дождевой канализации по Тупиковому проезду Центрального района;Самарская область, Центральный район, г. Тольятти, северо-западнее здания, имеющего адрес: ул. Новозаводская, 25;544,0;Муниципальная казна
2535;П1300000009643;63:09:0306036:863;Напорный и самотечный коллекторы от КНС -3 до Новопромышленной по ул. Ломоносова, б-ру 50 лет Октября, ул. Победы, ул. Радищева;Самарская область, Центральный район, г. Тольятти, южнее, юго-восточнее здания, имеющего адрес: ул. Кирова, д. 135;1130,0;Муниципальная казна
2536;П1300000008945;63:09:0306036:865;Теплосеть от грузового автокомбината на СЭС;Самарская область, Центральный район, г. Тольятти, восточнее, севернее, северо-западнее здания, имеющего адрес: проезд Тупиковый, 14;229,0;Муниципальная казна
2537;П1300000011175;63:09:0306036:877;Самотечный канализационный коллектор по ул. Мичурина от КП-16 на ул. Интернациональной до КНС-3;Самарская область, Центральный район, г. Тольятти, северо-западнее здания, имеющего адрес: ул. Кирова, д. 135;2413,0;Муниципальная казна
2538;П1000000000477;63:09:0308008:717;Автодорога (проезд) по периметру кладбища по ул.Баныкина Центрального района, от въезда-выезда с проезжей части ул.Баныкина до въезда-выезда с проезжей части ул.Диагональная;Самарская область, г. Тольятти;499,0;Муниципальная казна
2539;П1300000014388;63:09:0310003:2169;Сеть водоснабжения микрорайона «Тимофеевка-2» по проездам Нежный, Посадский, Веры, Надежды, Любви и ул. Андреянова Центрального района;Самарская область, Центральный район, г. Тольятти;935,0;Муниципальная казна
2540;П1300000014387;63:09:0310003:2170;Водопроводная сеть 8 микрорайона «Северный» Центрального района;Самарская область, Центральный район, г. Тольятти;638,0;Муниципальная казна
2541;П1300000014472;63:09:0310003:2394;Водонапорная башня 8 микрорайона «Северный» Центрального района;"Самарская область, Центральный район, г. Тольятти, Самарская область, г. Тольятти, Центральный район, 8 микрорайон ""Северный""";;Муниципальная казна
2542;П1300000010836;63:32:0000000:10659;"Баскетбольная площадка базы отдыха ""Лесобон""";"Ставропольский район , база отдыха ""Лесобон""";;Оперативное управление
2543;П1300000013434;63:32:1401009:8302;Полигон по захоронению твердых бытовых отходов;Ставропольский район , с. Узюково;;Муниципальная казна
2544;П1300000011420;63:32:1605001:300;Водозаборная скважина № 3 со зданием поста управления (скважина - труба D-273 мм., глубина - 74 м.);"Ставропольский район , Ставропольский лесхоз, Ягодинское лесничество, квартал № 5, оздоровительный лагерь ""Спартак""";;Оперативное управление
2545;П1300000011419;63:32:1605001:304;Водозаборная скважина № 2 со зданием поста управления (скважина - труба D-273 мм., глубина - 74 м.);"Ставропольский район , Ставропольский лесхоз, Ягодинское лесничество, квартал № 5, оздоровительный лагерь ""Спартак""";;Оперативное управление
2546;П1300000011418;63:32:1605001:320;Водозаборная скважина № 1 со зданием поста управления (скважина - труба D-273 мм., глубина - 74 м.);"Ставропольский район , Ставропольский лесхоз, Ягодинское лесничество, квартал № 5, оздоровительный лагерь ""Спартак""";;Оперативное управление
2547;П1300000011416;63:32:1605001:381;Внутренние дорожки и площадки;"Ставропольский район , Ставропольский лесхоз, Ягодинское лесничество, квартал № 5, оздоровительный лагерь ""Спартак""";;Оперативное управление
2548;П1300000010330;63:32:1605001:385;"Танцевальная площадка с эстрадой на 400 мест в составе: основное строение с эстрадой площадь: 102,3 кв.м., Литера А7; танцплощадка площадь: 797,5 кв.м, Литера: Т)";"Ставропольский район , Ставропольский лесхоз, Ягодинское лесничество, квартал № 5, оздоровительный лагерь ""Спартак""";;Оперативное управление
2549;П1300000011415;63:32:1605001:386;Баскетбольная площадка;"Ставропольский район , Ставропольский лесхоз, Ягодинское лесничество, квартал № 5, оздоровительный лагерь ""Спартак""";;Оперативное управление
2550;П1300000011406;63:32:1605001:390;Волейбольная площадка;"Ставропольский район , Ставропольский лесхоз, Ягодинское лесничество, квартал № 3, оздоровительный лагерь ""Электроник""";;Оперативное управление
2551;П1300000011397;63:32:1605001:392;Внутренние дороги и площадки;"Ставропольский район , Ставропольский лесхоз, Ягодинское лесничество, квартал № 3, оздоровительный лагерь ""Электроник""";;Оперативное управление
2552;П1300000011407;63:32:1605001:395;Баскетбольная площадка;"Ставропольский район , Ставропольский лесхоз, Ягодинское лесничество, квартал № 3, оздоровительный лагерь ""Электроник""";;Оперативное управление
2553;П1300000011398;63:32:1605001:400;"Танцевальная площадка с эстрадой и навесом в составе: гримерная -S=9,1 кв.м.; эстрада -S=20,0 кв.м.; танцплощадка -S=340,0 кв.м.";"Ставропольский район , Ставропольский лесхоз, Ягодинское лесничество, квартал № 3, оздоровительный лагерь ""Электроник""";;Оперативное управление
2554;П1300000011408;63:32:1605001:408;Водонапорная башня, высота: 28,0 м., площадь застройки: 21,2 кв.м.;"Ставропольский район , Ставропольский лесхоз, Ягодинское лесничество, квартал № 3, оздоровительный лагерь ""Электроник""";;Оперативное управление
2555;П1300000010768;63:32:1605001:412;Водозаборная скважина № 2 со зданием поста управления в составе: пост управления- площадь 6,9 кв. м., скважина- глубина 100 м., диаметр трубы 273 мм.;"Ставропольский район , Ставропольский лесхоз, Ягодинское лесничество, квартал № 3, оздоровительный лагерь ""Электроник""";;Оперативное управление
2556;П1300000011412;63:32:1605001:413;Водозаборная скважина № 1 со зданием поста управления в составе: пост управления- площадь 6 кв. м., скважина- глубина 100 м., диаметр трубы 273 мм.;"Ставропольский район , Ставропольский лесхоз, Ягодинское лесничество, квартал № 3, оздоровительный лагерь ""Электроник""";;Оперативное управление
2557;П1300000010594;63:32:1605001:421;Водозаборная скважина № 5 со зданием поста управления в составе: здание (ЛитА) площадь 7,2 кв. м., скважина (ЛитСК), глубина 100 м., диаметр трубы 299 мм.;Ставропольский район , Ягодинский лес, скважина № 12-Б-9;;Муниципальная казна
2558;П1300000010592;63:32:1605001:422;Водозаборная скважина № 4 со зданием поста управления в составе: здание (ЛитА1) площадь 12,1 кв. м., скважина (ЛитСК1), глубина 100 м., диаметр трубы 299 мм.;Ставропольский район , Ягодинский лес, скважина № 12-Б-12;;Муниципальная казна
2559;П1300000009659;63:32:1605001:424;Водозаборная скважина № 1 со зданием поста управления в составе: здание (ЛитА) площадь 8,1 кв. м., скважина (ЛитСК1), глубина 100 м., диаметр трубы 273 мм.;Ставропольский район , Ягодинский лес, скважина № 12-Г-1;;Муниципальная казна
2560;П1300000010590;63:32:1605001:425;Водозаборная скважина № 2 со зданием поста управления в составе: здание (ЛитА1) площадь 12,4 кв. м., скважина (ЛитСК2), глубина 110 м., диаметр трубы 299мм.;Ставропольский район , Ягодинский лес, скважина № 12-Г-1;;Муниципальная казна
2561;П1300000010743;63:32:1605001:426;Внутренние дорожки и площадки;"Ставропольский район , Ставропольский лесхоз, Ягодинское лесничество, квартал № 3, оздоровительный лагерь ""Дубрава""";;Оперативное управление
2562;П1300000010738;63:32:1605001:427;Баскетбольная площадка;"Ставропольский район , Ставропольский лесхоз, Ягодинское лесничество, квартал № 3, оздоровительный лагерь ""Дубрава""";;Оперативное управление
2563;П1300000010744;63:32:1605001:428;Площадка для настольного тенниса;"Ставропольский район , Ставропольский лесхоз, Ягодинское лесничество, квартал № 3, оздоровительный лагерь ""Дубрава""";;Оперативное управление
2564;П1300000010737;63:32:1605001:429;Танцевальная площадка;"Ставропольский район , Ставропольский лесхоз, Ягодинское лесничество, квартал № 3, оздоровительный лагерь ""Дубрава""";;Оперативное управление
2565;П1300000010739;63:32:1605001:430;Волейбольная площадка;"Ставропольский район , Ставропольский лесхоз, Ягодинское лесничество, квартал № 3, оздоровительный лагерь ""Дубрава""";;Оперативное управление
2566;П1300000011404;63:32:1605001:432;Площадка для настольного тенниса;"Ставропольский район , Ставропольский лесхоз, Ягодинское лесничество, квартал № 3, оздоровительный лагерь ""Электроник""";;Оперативное управление
2567;П1300000011399;63:32:1605001:433;Спортивная площадка;"Ставропольский район , Ставропольский лесхоз, Ягодинское лесничество, квартал № 3, оздоровительный лагерь ""Электроник""";;Оперативное управление
2568;П1300000009727;63:37:1801005:103;Водозаборная скважина № 2 со зданием поста управления;"Шигонский район , Усольское лесничество Волжского ГЛОХ, кв. 16, о/л ""Звездочка""";;Оперативное управление
2569;П1300000009873;63:37:1801005:104;Линия электропередач воздушные ЛЭП высокого напряжения 2, 36 км., опоры ж/бетонные 47 шт.;"Шигонский район , Усольское лесничество Волжского ГЛОХ, кв. 16, о/л ""Звездочка""";2360,0;Оперативное управление
2570;П1300000009874;63:37:1801005:105;Площадка;"Шигонский район , Усольское лесничество Волжского ГЛОХ, кв. 16, о/л ""Звездочка""";;Оперативное управление
2571;П1300000009869;63:37:1801005:70;Внутренние дорожки;"Шигонский район , Усольское лесничество Волжского ГЛОХ, кв. 16, о/л ""Звездочка""";;Оперативное управление
2572;П1300000009725;63:37:1801005:76;Универсальная площадка;"Шигонский район , Усольское лесничество Волжского ГЛОХ, кв. 16, о/л ""Звездочка""";;Оперативное управление
2573;П1300000009726;63:37:1801005:84;Водозаборная скважина № 1 со зданием поста управления;"Шигонский район , Усольское лесничество Волжского ГЛОХ, кв. 16, о/л ""Звездочка""";;Оперативное управление
2574;П1300000009877;63:37:2001011:10012;"Танцевальная площадка площадь 40,9 кв. м.; бытовое помещение площадь 14,8 кв. м.";"Шигонский район , Усольское лесничество Волжского ГЛОХ, кв. 16, о/л ""Звездочка""";;Оперативное управление
2575;П1300000009875;63:37:2001011:10014;"Освещение: воздушные ЛЭП низкого напряжения 1,3 км.; кабельные ЛЭП низкого напряжения 0,93 км.; опоры: ж/бетонные 37 шт.; металлические 36 шт.; кабели: марки АВВГ4*6, напряжением 380/220 - 0,10 км.;марки АВВГ 4*16 напряжением 380/220 - 0,83 км.";"Шигонский район , Усольское лесничество Волжского ГЛОХ, кв. 16, о/л ""Звездочка""";3160,0;Оперативное управление
2576;П1300000009865;63:37:2001011:10015;Санитарно-гигиенический комплекс № 1;"Шигонский район , Усольское лесничество Волжского ГЛОХ, кв. 16, о/л ""Звездочка""";;Оперативное управление
2577;П1300000009866;63:37:2001011:10024;Внутренние дорожки;"Шигонский район , Усольское лесничество Волжского ГЛОХ, кв. 16, о/л ""Звездочка""";;Оперативное управление
2578;П1300000009872;63:37:2001011:10028;Туалет с выгребной ямой № 1;"Шигонский район , Усольское лесничество Волжского ГЛОХ, кв. 16, о/л ""Звездочка""";;Оперативное управление
2579;П1300000009876;63:37:2001011:10048;"Ограждение: металлическое с металлическими стойками площадь 2654,8 кв.м.; ж/бетонные панели площадь 760,8 кв. м.";"Шигонский район , Усольское лесничество Волжского ГЛОХ, кв. 16, о/л ""Звездочка""";;Оперативное управление
2580;П1300000009863;63:37:2001011:10050;Бассейн;"Шигонский район , Усольское лесничество Волжского ГЛОХ, кв. 16, о/л ""Звездочка""";;Оперативное управление
2581;П1300000009723;63:37:2001011:10054;Летняя эстрада с танцевальной площадкой;"Шигонский район , Усольское лесничество Волжского ГЛОХ, кв. 16, о/л ""Звездочка""";;Оперативное управление
2582;П1300000009870;63:37:2001011:9701;Ограждение спортивной площадки;"Шигонский район , Усольское лесничество Волжского ГЛОХ, кв. 16, о/л ""Звездочка""";;Оперативное управление
2583;П1300000009871;63:37:2001011:9702;Причал;"Шигонский район , Усольское лесничество Волжского ГЛОХ, кв. 16, о/л ""Звездочка""";;Оперативное управление
2584;П1300000009732;63:37:2001011:9956;Погреб с погребицей;"Шигонский район , Усольское лесничество Волжского ГЛОХ, кв. 16, о/л ""Звездочка""";;Оперативное управление
2585;П1300000009734;63:37:2001011:9993;Туалет с выгребной ямой № 2;"Шигонский район , Усольское лесничество Волжского ГЛОХ, кв. 16, о/л ""Звездочка""";;Оперативное управление
2586;П1300000009864;63:37:2001011:9998;Санитарно-гигиенический комплекс № 2;"Шигонский район , Усольское лесничество Волжского ГЛОХ, кв. 16, о/л ""Звездочка""";;Оперативное управление
2587;П1300000014595;63:90:0206060:5655;Участок сети бытовой канализации по ул. Речной от дома №1 по ул. Речной до дома №116 по ул. Никонова;Самарская область, Комсомольский район, г. Тольятти, ул. Речная;655,0;Муниципальная казна
